featurecounts_Percent_Assigned_	featurecounts_Percent_Duplicates	featurecounts_Percent_Assigned_O	featurecounts_Percent_Assigned_M	featurecounts_Percent_Assigned_MO	sra_study_acc	bio_project_acc	Tissue	Tissue_subtype	Disease	Disease_subtype	Treated	biotype_transcribed_unprocessed_pseudogene	biotype_unprocessed_pseudogene	biotype_miRNA	biotype_lncRNA	biotype_protein_coding	biotype_processed_pseudogene	biotype_snRNA	biotype_transcribed_processed_pseudogene	biotype_misc_RNA	biotype_TEC	biotype_transcribed_unitary_pseudogene	biotype_snoRNA	biotype_scaRNA	biotype_rRNA_pseudogene	biotype_unitary_pseudogene	biotype_polymorphic_pseudogene	biotype_pseudogene	biotype_rRNA	biotype_IG_V_pseudogene	biotype_scRNA	biotype_IG_V_gene	biotype_IG_C_gene	biotype_IG_J_gene	biotype_sRNA	biotype_ribozyme	biotype_translated_processed_pseudogene	biotype_vault_RNA	biotype_TR_C_gene	biotype_TR_J_gene	biotype_TR_V_gene	biotype_TR_V_pseudogene	biotype_translated_unprocessed_pseudogene	biotype_TR_D_gene	biotype_IG_C_pseudogene	biotype_TR_J_pseudogene	biotype_IG_J_pseudogene	biotype_IG_D_gene	biotype_IG_pseudogene	biotype_Mt_tRNA	biotype_Mt_rRNA	fastqc_total_sequences_1	fastqc_poor_sequences_1	fastqc_mean_read_quality_1	fastqc_percent_duplication_1	fastqc_total_sequences_2	fastqc_poor_sequences_2	fastqc_mean_read_quality_2	fastqc_percent_duplication_2	markdup_unpaired_reads_examined	markdup_read_pairs_examined	markdup_secondary_or_supplementary_rds	markdup_unmapped_reads	markdup_unpaired_read_duplicates	markdup_read_pair_duplicates	markdup_read_pair_optical_duplicates	markdup_percent_duplication	markdup_estimated_library_size	rseqc_read_distribution_total	rseqc_read_distribution_CDS_Exons	rseqc_read_distribution_5'UTR_Exons	rseqc_read_distribution_3'UTR_Exons	rseqc_read_distribution_Introns	rseqc_read_distribution_TSS_up_1kb	rseqc_read_distribution_TSS_up_5kb	rseqc_read_distribution_TSS_up_10kb	rseqc_read_distribution_TES_down_1kb	rseqc_read_distribution_TES_down_5kb	rseqc_read_distribution_TES_down_10kb	trimgalore_total_sequences_1	trimgalore_num_adapter_containing_sequences_1	trimgalore_percent_adapter_containing_sequences_1	trimgalore_percent_bad_quality_bases_1	trimgalore_num_removed_shorter_20bp_1	trimgalore_percent_removed_shorter_20bp_1	trimgalore_total_sequences_2	trimgalore_num_adapter_containing_sequences_2	trimgalore_percent_adapter_containing_sequences_2	trimgalore_percent_bad_quality_bases_2	trimgalore_num_removed_shorter_20bp_2	trimgalore_percent_removed_shorter_20bp_2	star_nreads_input	star_average_read_length	star_number_uniquely_mapped_reads	star_percent_uniquely_mapped_reads	star_average_mapped_length	star_number_total_splices_unique_reads	star_number_sjdb_annotated_splices_unique_reads	star_number_gt_ag_splices_unique_reads	star_number_gc_ag_splices_unique_reads	star_number_at_ac_splices_unique_reads	star_number_non_canonical_splices_unique_reads	star_percent_mismatch_rate_per_base_unique_reads	star_deletion_rate_per_base_unique_reads	star_average_deletion_length_unique_reads	star_insertion_rate_per_base_unique_reads	star_average_insertion_length_unique_reads	star_number_multimapping_reads	star_percent_multimapping_reads	star_number_unmapped_reads_too_many_loci	star_percent_unmapped_reads_too_many_loci	star_number_unmapped_reads_too_many_mismatches	star_percent_unmapped_reads_too_many_mismatches	star_number_unmapped_reads_too_short	star_percent_unmapped_reads_too_short	star_number_unmapped_reads_other	star_percent_unmapped_reads_other	star_number_chimeric_reads	star_percent_chimeric_reads	has_salmon_quantification	group
SRX1250555	26.17	17.17	28.025	33.055	36.96	SRP034831	GSE53697	Brain	Dorsolateral prefrontal cortex	Healthy	Healthy	0	70256	14057	4694	1083513	16596717	78109	18840	16485	460955	32836	9298	14893	6341	748	275	348	111	35	15	1689	33	11	1	0	9	14	0	102	23	62	50	100	1	25	0	0	0	0	2810	5189377	56422194	0	33.9420011387717	26.6849025919128	56422194	0	33.3571168997788	26.0398179141337	61621	53663947	16597448	0	20673	10629745	0	0.198159	116909834	98889326	35562867	722592	9098087	48871866	77249	273451	457741	210780	765672	1120510	56422194	23205971	41.1	0.9	NA	NA	56422194	23111357	41	1.1	241376	0.43	56180818	245	50539631	89.96	244.26	12602467	12507896	12304986	189770	13410	94301	0.65	0.02	1.4	0.01	1.6	3185937	5.67	32299	0.06	0	0	2364688	4.21	58263	0.1	0	0	FALSE	Healthy
SRX1250556	9.269	41.009	10.018	20.581	25.291	SRP034831	GSE53697	Brain	Dorsolateral prefrontal cortex	Healthy	Healthy	0	56185	11607	1659	436895	6919329	40225	25527	9567	232052	13586	6148	26711	1152	86	230	598	83	15	8	649	11	2	0	0	2	6	0	66	6	46	27	37	0	29	0	0	0	0	5171	20328323	47128264	0	33.678824919161	64.5848263058073	47128264	0	33.1117185644691	65.1620224843949	36575	44518697	58520270	0	19092	30256475	0	0.679571	15041966	35319623	19268760	392152	1549284	11604551	39657	115731	188653	91348	608327	790219	47128264	18985916	40.3	1	NA	NA	47128264	18929348	40.2	1.3	273116	0.58	46855148	243	35266172	75.27	242.72	9844497	9789751	9718670	75476	6127	44224	0.74	0.04	1.09	0	1.5	9289100	19.83	114416	0.24	0	0	2070368	4.42	115092	0.25	0	0	FALSE	Healthy
SRX1250562	30.211	16.336	32.167	35.701	39.762	SRP034831	GSE53697	Brain	Dorsolateral prefrontal cortex	Healthy	Healthy	0	61514	13962	4043	851366	17031140	63668	15498	13377	248802	28118	8817	9511	4487	627	329	410	39	20	11	2454	26	20	1	4	6	8	0	70	23	80	32	224	1	20	3	0	0	0	3323	4855023	54057756	0	32.5949444146368	29.0877651868988	54057756	0	32.6721929411942	30.0421490655127	261406	48082989	12853928	0	100424	8853288	0	0.184667	113996797	89148131	33865189	627527	9800297	40341579	73113	257973	435288	207989	760817	1122207	54057756	19000686	35.1	8.3	NA	NA	54057756	19009220	35.2	8.8	4120811	7.62	49936945	194	45717321	91.55	193.75	10271793	10214340	10017570	196540	10595	47088	0.21	0.02	1.38	0.01	1.43	2627074	5.26	28743	0.06	0	0	1501674	3.01	62133	0.12	0	0	FALSE	Healthy
SRX1250557	24.571	18.1	26.355	28.245	31.052	SRP034831	GSE53697	Brain	Dorsolateral prefrontal cortex	Healthy	Healthy	0	61514	14454	3709	887233	12137501	69428	7857	13112	146909	27942	8851	6801	2430	676	317	413	74	24	15	2237	37	11	0	0	8	7	0	53	23	57	35	96	1	37	0	1	0	0	3621	5791848	45245692	0	33.7726028369729	25.7997245390742	45245692	0	33.2745471104741	25.2671803520522	56622	42843087	12785053	0	16382	8906625	0	0.207943	88203264	77572812	27449497	548106	6021954	39497136	68201	242186	404760	173192	681780	988452	45245692	18521641	40.9	1	NA	NA	45245692	18372315	40.6	1.3	232024	0.51	45013668	244	40563379	90.11	244.05	9231299	9171348	9083342	81508	8922	57527	0.66	0.02	1.31	0.01	1.57	2336330	5.19	24312	0.05	0	0	2031233	4.51	58414	0.13	0	0	FALSE	Healthy
SRX1250560	30.26	16.376	32.333	37.445	42.648	SRP034831	GSE53697	Brain	Dorsolateral prefrontal cortex	Healthy	Healthy	0	73722	14161	5517	1096529	21619733	68563	40471	15163	471916	29990	10109	18466	6737	676	320	376	84	32	15	3884	60	58	1	2	10	3	0	192	62	108	30	211	0	34	3	0	1	0	2627	5862749	65167698	0	32.7397761541308	31.2890412497233	65167698	0	32.8675342038321	32.3316403070078	271476	58572747	21616539	0	116124	11298233	0	0.193435	131601378	108793835	44569786	876243	12218876	46646850	80686	258584	419744	217983	790475	1129559	65167698	22868697	35.1	7.8	NA	NA	65167698	22939512	35.2	8.2	4553071	6.99	60614627	193	55078097	90.87	193.84	13941951	13859600	13725055	123448	17146	76302	0.22	0.02	1.35	0.01	1.44	3766126	6.21	44635	0.07	0	0	1649586	2.72	76183	0.13	0	0	FALSE	Healthy
SRX1250559	17.667	29.772	18.939	23.799	26.753	SRP034831	GSE53697	Brain	Dorsolateral prefrontal cortex	Healthy	Healthy	0	66620	14107	3704	896135	12804941	65511	15582	14593	240638	28723	10286	14261	3117	532	385	406	64	21	9	955	36	15	1	4	15	9	0	79	24	23	35	24	0	24	0	0	0	0	5487	13915308	57798717	0	33.1060181145543	23.6042932327604	57798717	0	32.4940081109413	32.4439308278093	72247	53724470	33285862	0	28029	20946444	0	0.389885	49494693	75269534	28123576	561185	6226956	36546573	61490	205752	338376	179264	828976	1129970	57798717	22958085	39.7	1.3	NA	NA	57798717	22983971	39.8	1.6	428947	0.74	57369770	244	48316728	84.22	243.72	10812306	10751215	10669877	81669	7355	53405	0.72	0.03	1.15	0.01	1.46	5479989	9.55	83592	0.15	0	0	3387523	5.9	101938	0.18	0	0	FALSE	Healthy
SRX1250565	28.713	15.241	30.778	33.119	36.717	SRP034831	GSE53697	Brain	Dorsolateral prefrontal cortex	Neurodegenarative disease	Alzheimer’s disease	0	77380	15347	5207	1123677	18214826	82401	17081	17381	325607	35603	11432	9579	4630	744	380	342	92	28	15	2065	60	21	3	0	11	14	0	58	18	52	33	69	1	46	0	0	2	0	1665	4770327	57067356	0	33.9417122811858	24.644281746713	57067356	0	33.3881846567414	24.3687134519479	64085	54414304	14838955	0	20762	9414157	0	0.173098	138542958	104206685	39531837	803362	9794194	49341879	83785	280910	465305	225998	850040	1218195	57067356	23251183	40.7	0.9	NA	NA	57067356	23186229	40.6	1.1	235386	0.41	56831970	245	51565754	90.73	244.3	13829057	13745450	13420882	301368	13664	93143	0.65	0.02	1.41	0.01	1.56	2912635	5.12	23488	0.04	0	0	2273755	4	56338	0.1	0	0	FALSE	Neurodegenerative
SRX1250563	31.943	13.848	34.183	35.188	38.375	SRP034831	GSE53697	Brain	Dorsolateral prefrontal cortex	Neurodegenarative disease	Alzheimer’s disease	0	60290	19329	4288	904501	15990719	65300	12627	13232	154951	27870	9447	6578	3350	711	327	378	54	33	13	772	23	15	1	0	11	9	0	77	22	74	23	77	0	15	1	0	0	0	2689	3835608	47073246	0	33.9885235660188	23.2354986678235	47073246	0	33.4284376947364	22.8783638680521	53306	44841886	8135810	0	16857	6764079	0	0.150941	133281000	88491768	33910517	649759	9351396	40536623	68556	239972	398865	189505	677498	987541	47073246	19443848	41.3	0.9	NA	NA	47073246	19428044	41.3	1.1	200985	0.43	46872261	245	43066395	91.88	244.3	11734015	11672582	11505499	162143	12347	54026	0.68	0.02	1.43	0.01	1.57	1828797	3.9	17749	0.04	0	0	1915154	4.09	44166	0.09	0	0	FALSE	Neurodegenerative
SRX1250567	20.049	20.689	21.534	24.486	27.456	SRP034831	GSE53697	Brain	Dorsolateral prefrontal cortex	Neurodegenarative disease	Alzheimer’s disease	0	81801	18690	4279	1402566	14813100	91888	6790	19913	310835	38962	13547	8353	2324	812	603	599	134	45	16	4658	45	19	1	0	16	8	0	68	37	59	32	52	1	55	1	0	0	0	7720	7887316	60069811	0	33.1098169927653	15.4803763652254	60069811	0	32.610007412875	24.3380971114165	80222	56293200	32169596	0	29213	14964151	0	0.265895	86144194	93867388	32960276	752328	6739682	48210001	101639	330297	533778	247329	1032441	1436559	60069811	23228258	38.7	1.2	NA	NA	60069811	23195991	38.6	1.5	390460	0.65	59679351	244	51334359	86.02	244.19	11709654	11647994	11391104	250935	8891	58724	0.72	0.02	1.26	0.01	1.67	5039063	8.44	54518	0.09	0	0	3177514	5.32	73897	0.12	0	0	FALSE	Neurodegenerative
SRX1250561	29.246	16.856	31.205	37.863	44.09	SRP034831	GSE53697	Brain	Dorsolateral prefrontal cortex	Healthy	Healthy	0	85494	18168	5673	1242586	25429857	83409	35535	17432	565135	37105	12696	19334	8426	738	408	450	85	28	24	2565	36	48	0	1	18	10	0	174	36	93	66	301	1	17	1	0	1	0	3760	6807449	78467819	0	31.8037020119038	31.397078148245	78467819	0	31.8344825411804	33.6373650894007	373297	69207384	27968144	0	167064	13930149	0	0.201944	147977894	126797114	50814279	985426	14621291	54990259	99106	324318	526968	253605	910974	1316766	78467819	27251235	34.7	9.5	NA	NA	78467819	27306949	34.8	10.1	6760848	8.62	71706971	192	64756344	90.31	192.79	16099457	16020980	15726218	273996	16880	82363	0.25	0.02	1.39	0.01	1.45	4824337	6.73	55473	0.08	0	0	1971436	2.75	99381	0.14	0	0	FALSE	Healthy
SRX1250566	26.144	16.874	28.033	30.889	34.375	SRP034831	GSE53697	Brain	Dorsolateral prefrontal cortex	Neurodegenarative disease	Alzheimer’s disease	0	86892	20240	6029	1264178	20261984	98532	27844	20431	361620	40556	12518	15360	6623	883	467	589	96	29	10	1785	29	13	2	4	11	11	0	108	35	81	39	72	1	52	0	0	0	0	2244	6798388	68807768	0	33.0187971799928	10.3760638679866	68807768	0	32.6115317096174	19.7422969219342	94492	64219421	22983002	0	33377	12759837	0	0.198805	139403910	118632605	43884132	928399	10763451	57165411	100027	345818	575273	266664	1052938	1507380	68807768	28281616	41.1	1.3	NA	NA	68807768	28030786	40.7	1.5	451759	0.66	68356009	244	60166816	88.02	243.55	15391593	15288405	14998442	278982	15459	98710	0.73	0.02	1.35	0.01	1.54	4147097	6.07	40341	0.06	0	0	3926578	5.74	75177	0.11	0	0	FALSE	Neurodegenerative
SRX1250568	25.485	22.011	27.33	31.399	35.319	SRP034831	GSE53697	Brain	Dorsolateral prefrontal cortex	Neurodegenarative disease	Alzheimer’s disease	0	90450	20797	5519	1324593	21572509	96635	24202	19708	477980	38105	13196	16202	7451	869	448	638	103	46	17	1095	45	13	0	1	12	27	0	164	43	104	57	164	0	29	2	0	1	0	3030	10851205	75143169	0	33.0933090005826	14.2359300290054	75143169	0	32.5013857214353	23.2239054608236	95114	70149615	23482730	0	37094	18010882	0	0.25684	112061132	121140829	46949668	931856	11418134	56042482	103418	357834	589810	251439	966800	1402145	75143169	29697930	39.5	1.2	NA	NA	75143169	29654959	39.5	1.5	482206	0.64	74660963	245	65348944	87.53	244.12	17555461	17439215	17281156	149151	20584	104570	0.73	0.02	1.27	0.01	1.6	4895785	6.56	40136	0.05	0	0	4296620	5.75	79478	0.11	0	0	FALSE	Neurodegenerative
SRX1250558	27.851	21.799	29.907	33.756	37.805	SRP034831	GSE53697	Brain	Dorsolateral prefrontal cortex	Healthy	Healthy	0	87280	18918	5196	1108807	20528061	86526	17923	19468	504907	33835	12387	12449	5219	749	442	517	91	40	14	4913	59	76	1	0	11	12	0	137	35	102	52	123	0	46	2	0	0	0	10594	8428399	63507474	0	33.2209683698016	14.7031357396838	63507474	0	32.6694832957771	24.4440297960133	75458	59666305	19479078	0	29233	15118907	0	0.253476	96869752	105931271	46417332	972103	9099673	44635107	93359	297753	484109	212210	815156	1182014	63507474	25115258	39.5	1.1	NA	NA	63507474	25098978	39.5	1.4	362199	0.57	63145275	244	55931890	88.58	244.1	17504917	17422674	17136423	277704	17921	72869	0.71	0.02	1.27	0.01	1.64	3809873	6.03	25845	0.04	0	0	3312918	5.25	64749	0.1	0	0	FALSE	Healthy
SRX1250564	28.673	17.365	30.653	32.417	35.531	SRP034831	GSE53697	Brain	Dorsolateral prefrontal cortex	Neurodegenarative disease	Alzheimer’s disease	0	61999	18224	4435	871130	14564546	65312	16700	12769	188339	26866	9151	9102	3881	670	336	299	53	32	26	983	24	5	1	0	14	11	0	56	12	54	27	100	0	21	0	0	0	0	2767	4712276	47279827	0	33.913141433449	25.0952787903145	47279827	0	33.3067257204643	24.7396404156148	65230	44805284	8840532	0	21484	8538507	0	0.19067	102091662	83642097	30546728	604135	8292547	40258679	68772	240621	400062	171479	621545	915602	47279827	19243641	40.7	1	NA	NA	47279827	19199015	40.6	1.2	249110	0.53	47030717	245	42840564	91.09	244.26	10816991	10743963	10565524	162941	22976	65550	0.71	0.02	1.4	0.01	1.58	2029950	4.32	17945	0.04	0	0	2089680	4.44	52578	0.11	0	0	FALSE	Neurodegenerative
SRX1250571	25.693	17.172	27.5	31.136	35.116	SRP034831	GSE53697	Brain	Dorsolateral prefrontal cortex	Neurodegenarative disease	Alzheimer’s disease	0	54026	11460	2852	778267	12160913	56624	8733	12115	172713	23982	7744	8488	3131	514	277	341	62	24	12	887	42	40	1	0	5	4	0	54	22	36	30	32	0	25	0	0	1	0	1548	5269972	46224674	0	31.69639232069	26.3729420493955	46224674	0	31.9697540105962	28.2831862240228	226399	40751956	13343136	0	80454	8107979	0	0.199393	88323146	73365576	26076541	499988	6376388	36962292	57133	200377	338132	149813	582566	841667	46224674	16341618	35.4	9.7	NA	NA	46224674	16421470	35.5	9.8	3918661	8.48	42306013	192	38521930	91.06	192.37	7707473	7642251	7445176	197835	7457	57005	0.26	0.02	1.34	0.01	1.39	2456425	5.81	39499	0.09	0	0	1226101	2.9	62058	0.15	0	0	FALSE	Neurodegenerative
SRX1250570	29.664	15.115	31.63	35	39.358	SRP034831	GSE53697	Brain	Dorsolateral prefrontal cortex	Neurodegenarative disease	Alzheimer’s disease	0	95150	20185	6223	1378921	25399152	98077	23160	21323	310373	41613	13090	13208	5785	923	478	490	80	52	18	3341	56	10	1	0	13	9	0	116	38	91	56	65	0	30	0	0	2	0	6046	6957968	81993529	0	31.8093517233537	28.0460623470199	81993529	0	31.9051694433106	30.3093984267738	388006	72550241	19758087	0	162777	12364349	0	0.171089	187910498	136595881	51136298	999396	14095048	64152201	107137	367121	611013	287045	1022734	1491846	81993529	28572300	34.8	9.5	NA	NA	81993529	28641827	34.9	10	7054885	8.6	74938644	193	69273666	92.44	192.88	15583534	15495896	15340305	139524	16042	87663	0.25	0.02	1.38	0.01	1.42	3664581	4.89	35556	0.05	0	0	1876064	2.5	88777	0.12	0	0	FALSE	Neurodegenerative
SRX1250569	25.125	18.936	26.867	33.642	39.577	SRP034831	GSE53697	Brain	Dorsolateral prefrontal cortex	Neurodegenarative disease	Alzheimer’s disease	0	71537	15710	4729	1013067	17896332	74020	36086	14830	437546	31718	10128	21697	6371	640	387	420	95	29	22	2288	34	49	1	0	9	3	0	93	28	77	33	121	0	24	0	0	0	0	4189	7876500	63058147	0	32.5603642777515	32.6637504268116	63058147	0	32.7149396730608	33.6668653915913	279485	56588823	27559495	0	111944	13277201	0	0.235035	100883380	98656864	38131343	766014	9384662	45715462	85606	284877	465423	193922	785854	1141982	63058147	21960901	34.8	8.1	NA	NA	63058147	22014326	34.9	8.4	4401133	6.98	58657014	193	52498309	89.5	193.47	11917994	11821137	11725886	95565	11922	84621	0.24	0.02	1.3	0.01	1.41	4369999	7.45	57994	0.1	0	0	1596019	2.72	134693	0.23	0	0	FALSE	Neurodegenerative
SRX185220	7.467	31.853	8.03	19.244	20.148	SRP015668	GSE40710	Brain	NA	Healthy	Healthy	0	90	1052	1	7142	68283	756	9	100	9	60	24	3	0	0	1	0	0	0	0	0	0	0	0	0	0	0	0	0	0	0	0	0	0	0	0	0	0	0	18	32969	1576658	0	7.63823733491981	18.2297272061525	NA	NA	NA	NA	233475	0	207678	0	140524	0	0	0.60188	NA	99384	31327	517	10735	41993	290	981	1671	707	1898	2868	1576658	81055	5.1	80.1	1155142	73.3	NA	NA	NA	NA	NA	NA	421516	46	167677	39.78	62.69	8045	6654	6665	252	127	1001	2.81	0.01	1.44	0	1.29	65798	15.61	4407	1.05	0	0	21413	5.08	162221	38.49	0	0	FALSE	Healthy
SRX185221	8.773	42.071	9.571	17.322	18.633	SRP015668	GSE40710	Brain	NA	Healthy	Healthy	0	1133	11701	8	54297	623202	13958	66	2116	51	644	279	39	0	12	3	8	0	0	0	0	0	2	0	0	0	0	0	18	0	0	0	1	0	0	0	0	0	0	140	53253	6773973	0	8.71405953345253	23.373649927385	NA	NA	NA	NA	1517813	0	751902	0	954892	0	0	0.629124	NA	599783	157970	1675	89984	274744	1264	5047	8717	3965	10523	15691	6773973	566446	8.4	75.6	4745429	70.1	NA	NA	NA	NA	NA	NA	2028544	59	1212986	59.8	66.22	90317	79973	75809	5219	891	8398	2.36	0.01	1.45	0	1.39	304827	15.03	15212	0.75	0	0	93238	4.6	402281	19.83	0	0	FALSE	Healthy
SRX185222	10.552	26.741	11.429	20.404	21.639	SRP015668	GSE40710	Brain	NA	Healthy	Healthy	0	60	222	1	8403	58334	744	10	118	8	57	15	2	0	1	0	1	0	0	0	0	0	0	0	0	0	0	0	0	0	0	0	0	0	0	0	0	0	0	4	13988	1015408	0	8.16799060082253	12.3732940317384	NA	NA	NA	NA	172649	0	130681	0	81117	0	0	0.469838	NA	98270	30712	478	10535	42343	314	957	1684	672	1799	2768	1015408	60191	5.9	78.2	715662	70.5	NA	NA	NA	NA	NA	NA	299746	49	132108	44.07	65.2	7351	6028	5424	887	61	979	2.9	0.01	1.6	0	1.3	40541	13.53	3121	1.04	0	0	15755	5.26	108221	36.1	0	0	FALSE	Healthy
SRX185224	9.309	34.834	10.117	18.452	20.009	SRP015668	GSE40710	Brain	NA	Healthy	Healthy	0	250	8458	4	19504	166125	2873	25	450	20	142	59	2	1	2	1	0	0	0	0	0	0	0	0	0	0	0	0	0	0	1	0	0	0	0	0	0	0	0	61	26089	2555187	0	8.25503182350255	16.5984068793204	NA	NA	NA	NA	467398	0	304310	0	268819	0	0	0.575139	NA	212373	61736	818	28858	90678	525	2080	3599	1550	3994	5864	2555187	166223	6.5	77.6	1841514	72.1	NA	NA	NA	NA	NA	NA	713673	53	353392	49.52	64.29	28316	24489	23802	1419	39	3056	2.67	0.01	1.52	0	1.39	114006	15.97	6603	0.93	0	0	41408	5.8	198264	27.78	0	0	FALSE	Healthy
SRX185223	7.374	42.918	8.071	17.026	18.247	SRP015668	GSE40710	Brain	NA	Healthy	Healthy	0	905	21711	5	45480	553466	10352	54	1911	53	550	165	23	0	9	3	4	0	0	0	0	0	0	0	0	0	0	0	5	0	0	0	1	0	0	0	0	0	0	171	56432	6547178	0	8.89517208788275	27.4230276942136	NA	NA	NA	NA	1422934	0	805056	0	956213	0	0	0.672001	NA	493779	119919	1442	81218	224149	1135	4421	7614	3691	9606	14066	6547178	535994	8.2	75.1	4485500	68.5	NA	NA	NA	NA	NA	NA	2061678	56	1092100	52.97	64.45	82042	72588	67099	7083	262	7598	2.32	0.01	1.47	0	1.36	330834	16.05	15065	0.73	0	0	104659	5.08	519020	25.17	0	0	FALSE	Healthy
SRX185226	11.055	30.427	11.98	20.78	22.111	SRP015668	GSE40710	Brain	NA	Healthy	Healthy	0	184	642	2	10098	126275	1590	9	248	11	138	47	6	0	2	2	0	0	0	0	0	0	0	0	0	0	0	0	1	0	0	0	0	0	0	0	0	0	0	23	27517	1850834	0	8.03481889785902	16.8584161339469	NA	NA	NA	NA	345639	0	234642	0	176565	0	0	0.510836	NA	180757	55198	720	25508	75441	437	1605	2768	1293	3239	4772	1850834	122055	6.6	78.5	1309195	70.7	NA	NA	NA	NA	NA	NA	541639	51	264744	48.88	64.56	12931	10580	10269	818	44	1800	2.74	0.01	1.57	0	1.29	80895	14.94	5571	1.03	0	0	26474	4.89	163955	30.27	0	0	FALSE	Healthy
SRX185228	10.971	33.274	11.876	19.729	21.041	SRP015668	GSE40710	Brain	NA	Healthy	Healthy	0	372	487	1	16789	220208	2993	23	519	18	210	66	9	0	3	0	1	0	0	0	0	0	0	0	0	0	0	0	3	0	0	0	0	0	0	0	0	0	0	39	50432	2960271	0	8.1434220042692	19.7507940449995	NA	NA	NA	NA	573666	0	356370	0	309464	0	0	0.53945	NA	283725	88215	1009	40996	118339	597	2282	3957	1953	5049	7281	2960271	203457	6.9	77.9	2079923	70.3	NA	NA	NA	NA	NA	NA	880348	52	451673	51.31	64.89	25381	21783	20590	1931	103	2757	2.81	0.01	1.52	0	1.37	121993	13.86	8695	0.99	0	0	39153	4.45	258834	29.4	0	0	FALSE	Healthy
SRX185227	9.995	28.898	10.84	18.682	19.928	SRP015668	GSE40710	Brain	NA	Healthy	Healthy	0	198	387	0	8975	117784	1902	12	276	17	130	34	7	0	1	0	5	0	0	0	0	0	0	0	0	0	0	0	1	0	0	0	0	0	0	0	0	0	0	19	20382	2268460	0	7.58594729464042	15.2247967446814	NA	NA	NA	NA	338251	0	267257	0	174980	0	0	0.517308	NA	173328	48880	729	26134	73662	415	1544	2730	1375	3312	4790	2268460	124705	5.5	80.2	1659940	73.2	NA	NA	NA	NA	NA	NA	608520	46	251714	41.36	61.96	10525	8133	8042	577	115	1791	2.66	0.01	1.45	0	1.31	86537	14.22	6341	1.04	0	0	29329	4.82	234599	38.55	0	0	FALSE	Healthy
SRX185229	9.838	44.316	10.72	23.332	24.584	SRP015668	GSE40710	Brain	NA	Healthy	Healthy	0	741	838	6	61597	606611	1809	55	230	37	414	218	14	0	5	0	5	0	0	0	1	0	1	0	0	0	0	0	17	0	0	0	1	0	0	0	0	0	0	283	67303	8443325	0	5.30503587153165	13.5531531536734	NA	NA	NA	NA	1303781	0	530843	0	813032	0	0	0.623596	NA	510162	140813	1649	83305	232347	734	3023	5303	2433	7647	11247	8443325	464990	5.5	86.8	7093703	84	NA	NA	NA	NA	NA	NA	1349622	55	1049777	77.78	56.22	35789	35176	35037	451	12	289	0.62	0.01	1.44	0	1.44	254004	18.82	6127	0.45	0	0	19357	1.43	20357	1.51	0	0	FALSE	Healthy
SRX185230	10.021	29.441	10.783	19.376	20.631	SRP015668	GSE40710	Brain	NA	Healthy	Healthy	0	104	824	0	8665	82637	924	4	129	9	74	33	6	0	1	0	2	0	0	0	0	0	1	0	0	0	0	0	1	0	0	0	0	0	0	0	0	0	0	13	20143	1265996	0	8.40925958691813	14.2907930205267	NA	NA	NA	NA	235529	0	171019	0	119696	0	0	0.508201	NA	124442	38567	592	13474	54114	364	1226	2087	729	2134	3240	1265996	82664	6.5	77.2	893655	70.6	NA	NA	NA	NA	NA	NA	372341	51	180747	48.54	65.51	11299	9615	8447	1570	47	1235	2.94	0.01	1.63	0	1.29	54782	14.71	4210	1.13	0	0	21067	5.66	111535	29.96	0	0	FALSE	Healthy
SRX185231	9.758	31.994	10.574	19.336	20.576	SRP015668	GSE40710	Brain	NA	Healthy	Healthy	0	210	723	3	13955	141923	1963	23	277	21	180	44	16	0	1	0	2	0	0	0	0	0	0	0	0	0	0	0	2	0	0	0	0	0	0	0	0	0	0	52	42345	2277916	0	8.03125356685672	18.5174074551329	NA	NA	NA	NA	429258	0	284132	0	228247	0	0	0.531725	NA	213307	59255	837	28011	96708	462	1821	3195	1465	3867	5741	2277916	144576	6.3	78.3	1618696	71.1	NA	NA	NA	NA	NA	NA	659220	52	328840	49.88	64.44	13563	10927	10572	923	112	1956	2.76	0.01	1.55	0	1.37	100418	15.23	6522	0.99	0	0	32874	4.99	190566	28.91	0	0	FALSE	Healthy
SRX185232	10.72	43.01	11.675	25.186	26.515	SRP015668	GSE40710	Brain	NA	Healthy	Healthy	0	469	748	8	38437	454990	724	22	142	22	231	128	21	1	1	2	2	0	0	0	0	0	0	0	0	0	0	0	5	0	0	0	1	0	0	0	0	0	0	275	49504	5538302	0	5.55541951305653	14.1033002077309	NA	NA	NA	NA	920327	0	413037	0	573483	0	0	0.62313	NA	362934	115476	1355	63887	146715	553	2004	3471	1773	5211	7456	5538302	327109	5.9	85.8	4576966	82.6	NA	NA	NA	NA	NA	NA	961336	54	729331	75.87	55.66	27055	26524	26329	442	13	271	0.65	0.01	1.49	0	1.32	190996	19.87	6248	0.65	0	0	14669	1.53	20092	2.09	0	0	FALSE	Healthy
SRX185234	8.712	28.925	9.394	18.482	19.556	SRP015668	GSE40710	Brain	NA	Healthy	Healthy	0	224	1673	4	15690	138112	1738	19	279	26	153	46	10	0	4	1	1	0	0	1	0	0	0	0	0	0	0	0	1	0	0	0	0	0	0	0	0	0	0	37	38096	3100486	0	7.53087806234248	15.6472254671155	NA	NA	NA	NA	442332	0	353144	0	230094	0	0	0.520184	NA	226716	63634	866	24686	105739	548	2088	3606	1420	3965	6080	3100486	154439	5	80.5	2276576	73.4	NA	NA	NA	NA	NA	NA	823910	45	334509	40.6	63.19	18985	16102	14298	2337	209	2141	2.87	0.01	1.51	0	1.4	107823	13.09	8347	1.01	0	0	32299	3.92	340932	41.38	0	0	FALSE	Healthy
SRX185235	7.074	37.6	7.716	16.623	17.772	SRP015668	GSE40710	Brain	NA	Healthy	Healthy	0	648	3296	6	45256	394047	7027	41	1245	67	487	178	28	0	5	1	2	0	0	0	0	0	2	0	0	0	0	0	8	0	0	0	0	0	0	0	0	0	0	123	49566	7213323	0	7.5916310693421	23.0097656427312	NA	NA	NA	NA	1170565	0	791394	0	737697	0	0	0.630206	NA	458573	109596	1256	62429	222300	974	4137	7161	3170	8410	12659	7213323	427456	5.9	80	5216176	72.3	NA	NA	NA	NA	NA	NA	1997147	49	870657	43.6	62.73	52473	44285	41359	4029	538	6547	2.58	0.01	1.45	0	1.41	299908	15.02	16235	0.81	0	0	94514	4.73	715833	35.84	0	0	FALSE	Healthy
SRX185233	6.594	50.753	7.185	26.055	27.024	SRP015668	GSE40710	Brain	NA	Healthy	Healthy	0	572	1460	8	53328	681625	973	36	137	25	385	176	17	1	1	1	4	0	0	0	0	0	2	0	0	0	0	0	6	0	1	0	0	0	0	0	0	0	0	523	134947	10701329	0	5.06603030333896	18.1298588635011	NA	NA	NA	NA	1568768	0	727470	0	1165408	0	0	0.742881	NA	418607	119704	1411	69673	183116	703	2716	4678	2185	6554	9521	10701329	519222	4.9	87.5	9069475	84.8	NA	NA	NA	NA	NA	NA	1631854	53	1119494	68.6	54.61	24562	23805	23814	437	12	299	0.71	0.01	1.42	0	1.3	449274	27.53	4584	0.28	0	0	28775	1.76	29727	1.82	0	0	FALSE	Healthy
SRX185236	5.615	41.076	6.109	16.324	17.613	SRP015668	GSE40710	Brain	NA	Neurodegenarative disease	Parkinson’s disease	0	704	24876	5	53400	425856	5336	52	852	54	427	126	25	1	6	1	8	0	0	1	0	0	0	0	0	0	0	0	5	0	1	0	1	0	0	0	0	0	0	135	119361	4123381	0	13.6669070842593	28.8717325847173	NA	NA	NA	NA	1488920	0	959098	0	1005559	0	0	0.675361	NA	510033	112189	1478	58709	265575	1193	4850	8480	2974	9217	14081	4123381	524323	12.7	59.5	2038269	49.4	NA	NA	NA	NA	NA	NA	2085112	57	1087837	52.17	65.1	90124	80476	72208	9565	582	7769	2.69	0.01	1.27	0	1.31	401083	19.24	20147	0.97	0	0	107153	5.14	468892	22.49	0	0	FALSE	Neurodegenerative
SRX185237	6.744	39.829	7.346	18.239	19.557	SRP015668	GSE40710	Brain	NA	Neurodegenarative disease	Parkinson’s disease	0	442	4347	3	37907	313031	4588	31	675	36	296	76	15	0	5	2	3	1	0	0	0	0	0	0	0	0	1	0	3	0	0	0	0	0	0	0	0	0	0	77	63717	2538195	0	14.1911744369522	27.0962242248768	NA	NA	NA	NA	989110	0	629446	0	644662	0	0	0.65176	NA	363845	89139	1118	46526	177363	848	3361	5793	2350	6489	9800	2538195	347855	13.7	57.6	1164624	45.9	NA	NA	NA	NA	NA	NA	1373571	58	711746	51.82	65.46	36945	30790	27194	4910	68	4773	2.69	0.01	1.35	0	1.36	277364	20.19	12467	0.91	0	0	76003	5.53	295991	21.55	0	0	FALSE	Neurodegenerative
SRX185241	6.339	40.489	6.937	17.313	18.592	SRP015668	GSE40710	Brain	NA	Neurodegenarative disease	Parkinson’s disease	0	552	23372	6	26175	379445	5428	34	1061	56	400	144	27	0	12	1	3	0	0	0	1	0	0	0	0	0	0	0	0	1	0	0	0	0	0	0	0	0	0	88	65933	3911424	0	12.7914887263564	25.8501638442365	NA	NA	NA	NA	1171196	0	803761	0	799636	0	0	0.682752	NA	394315	96489	1229	58258	180993	1002	3836	6577	2899	7696	11445	3911424	439679	11.2	62.9	1870095	47.8	NA	NA	NA	NA	NA	NA	2041329	50	835780	40.94	62.52	70644	62130	56717	6469	701	6757	2.68	0.01	1.33	0	1.33	335416	16.43	18360	0.9	0	0	113671	5.57	738102	36.16	0	0	FALSE	Neurodegenerative
SRX185242	7.031	35.214	7.628	15.528	16.582	SRP015668	GSE40710	Brain	NA	Neurodegenarative disease	Parkinson’s disease	0	757	17731	9	43493	370268	5237	62	852	66	572	167	32	0	4	0	3	1	0	0	0	0	0	0	0	0	0	0	3	0	0	0	0	0	0	0	0	0	0	138	96948	4346682	0	12.7955682058177	19.8986090236426	NA	NA	NA	NA	1329182	0	859806	0	770835	0	0	0.579932	NA	590710	131636	1662	60662	315409	1348	5459	9607	3254	10135	15665	4346682	496189	11.4	62.9	2130243	49	NA	NA	NA	NA	NA	NA	2216439	50	1008110	45.48	64.62	70904	61385	58484	4067	207	8146	3.13	0.01	1.3	0	1.4	321072	14.49	19668	0.89	0	0	104365	4.71	763224	34.43	0	0	FALSE	Neurodegenerative
SRX185239	6.029	41.674	6.562	14.504	15.654	SRP015668	GSE40710	Brain	NA	Neurodegenarative disease	Parkinson’s disease	0	1543	35214	27	127851	802187	17150	127	2246	123	805	341	50	2	18	8	10	1	0	0	0	0	0	0	0	0	0	0	5	0	0	1	1	0	0	0	0	0	0	180	178334	8153897	0	12.9674001278162	24.157759759502	NA	NA	NA	NA	2598337	0	1531733	0	1721182	0	0	0.662417	NA	929972	204480	2551	105939	495771	2092	8257	14356	5271	15779	24195	8153897	986196	12.1	62.2	4327322	53.1	NA	NA	NA	NA	NA	NA	3826575	55	2008013	52.48	66.12	168608	150530	128147	24834	1037	14590	2.79	0.01	1.38	0	1.37	590324	15.43	35272	0.92	0	0	187455	4.9	1005511	26.28	0	0	FALSE	Neurodegenerative
SRX185238	5.055	41.734	5.518	17.894	19.254	SRP015668	GSE40710	Brain	NA	Neurodegenarative disease	Parkinson’s disease	0	370	28307	0	29316	310274	5115	40	582	44	290	77	19	0	2	0	3	0	0	0	0	0	0	0	0	0	0	0	0	0	2	0	0	0	0	0	0	0	0	111	66398	3456365	0	12.8146778479703	29.3401073751617	NA	NA	NA	NA	1076706	0	760121	0	766583	0	0	0.711971	NA	326985	74929	1035	40049	161547	862	3346	5801	2278	6337	9642	3456365	369156	10.7	62.7	1734319	50.2	NA	NA	NA	NA	NA	NA	1722046	52	732594	42.54	61.87	66829	59522	57410	3596	128	5695	2.66	0.01	1.34	0	1.3	344112	19.98	16083	0.93	0	0	100480	5.83	528777	30.71	0	0	FALSE	Neurodegenerative
SRX185247	5.279	39.685	5.723	16.104	17.362	SRP015668	GSE40710	Brain	NA	Neurodegenarative disease	Parkinson’s disease	0	628	25743	11	56648	388412	8978	50	603	59	385	167	33	4	8	1	2	1	0	1	0	0	0	0	0	0	0	0	1	0	0	0	0	0	0	0	0	0	0	107	98591	4408181	0	12.876902286907	25.6559927381711	NA	NA	NA	NA	1407570	0	933786	0	929173	0	0	0.660126	NA	504863	110019	1555	45587	277041	1196	4667	8236	2609	8615	13503	4408181	499153	11.3	62.2	2339734	53.1	NA	NA	NA	NA	NA	NA	2068447	55	1013959	49.02	65.31	89591	80838	72309	9612	739	6931	2.84	0.01	1.34	0	1.37	393611	19.03	18340	0.89	0	0	110842	5.36	531695	25.71	0	0	FALSE	Neurodegenerative
SRX185243	5.276	42.316	5.727	16.389	17.731	SRP015668	GSE40710	Brain	NA	Neurodegenarative disease	Parkinson’s disease	0	948	35750	6	51501	502337	11221	55	961	82	479	154	34	0	7	1	3	0	0	1	1	0	0	0	0	0	0	0	1	0	0	0	0	0	0	0	0	0	0	176	141568	5852848	0	12.4748373783157	28.1131322835506	NA	NA	NA	NA	1772818	0	1145111	0	1234756	0	0	0.696493	NA	570468	131586	1730	61779	298306	1279	5109	9064	3282	9639	14919	5852848	635048	10.9	63.8	3237106	55.3	NA	NA	NA	NA	NA	NA	2615742	54	1283422	49.07	63.66	138733	128494	119867	9702	931	8233	2.8	0.01	1.25	0	1.36	489396	18.71	24081	0.92	0	0	129251	4.94	689592	26.36	0	0	FALSE	Neurodegenerative
SRX185246	7.648	40.823	8.357	18.576	19.788	SRP015668	GSE40710	Brain	NA	Neurodegenarative disease	Parkinson’s disease	0	688	20177	2	30091	417294	8079	39	1302	56	413	159	20	0	8	1	7	1	0	0	0	0	0	0	0	0	0	0	3	0	0	0	2	0	0	0	0	0	0	90	58252	3339488	0	13.6667728705718	25.8988895966625	NA	NA	NA	NA	1162278	0	697593	0	759256	0	0	0.653248	NA	428858	111336	1185	65098	194149	996	3948	6851	3046	7856	11563	3339488	437460	13.1	59.8	1522467	45.6	NA	NA	NA	NA	NA	NA	1817021	53	860575	47.36	64.54	62829	54683	51337	4706	164	6622	2.65	0.01	1.41	0	1.34	301703	16.6	14955	0.82	0	0	101366	5.58	538422	29.63	0	0	FALSE	Neurodegenerative
SRX185244	9.943	42.786	10.884	26.41	27.763	SRP015668	GSE40710	Brain	NA	Neurodegenarative disease	Parkinson’s disease	0	385	485	3	27070	407928	645	30	122	28	263	122	9	0	5	0	3	1	0	0	1	0	6	0	0	0	0	0	13	0	0	0	0	0	0	0	0	0	0	120	39484	3788249	0	6.84127152148658	9.90198322011086	NA	NA	NA	NA	849735	0	410779	0	539329	0	0	0.634703	NA	323347	99661	1135	57742	130963	494	2020	3466	1649	4696	6937	3788249	313668	8.3	80.4	2881398	76.1	NA	NA	NA	NA	NA	NA	906851	53	637713	70.32	54.91	18884	18297	18359	274	11	240	0.86	0.01	1.45	0	1.39	212022	23.38	5819	0.64	0	0	19764	2.18	31533	3.48	0	0	FALSE	Neurodegenerative
SRX185248	5.891	43.788	6.452	19.014	20.171	SRP015668	GSE40710	Brain	NA	Neurodegenarative disease	Parkinson’s disease	0	581	29708	6	29981	399122	6005	54	933	42	326	110	17	0	6	2	5	0	0	0	0	0	1	0	0	0	0	0	5	0	0	0	1	0	0	0	0	0	0	113	73505	3561492	0	13.3364123799801	28.4565395815389	NA	NA	NA	NA	1227107	0	754576	0	867744	0	0	0.707146	NA	379169	90755	1128	53431	180761	853	3455	6132	2686	7180	10802	3561492	442249	12.4	60.6	1864627	52.4	NA	NA	NA	NA	NA	NA	1696865	58	869759	51.26	64.17	83324	76033	66583	10709	363	5669	2.4	0.01	1.34	0	1.33	357348	21.06	14787	0.87	0	0	92807	5.47	362164	21.34	0	0	FALSE	Neurodegenerative
SRX185245	6.042	44.12	6.597	16.19	17.387	SRP015668	GSE40710	Brain	NA	Neurodegenarative disease	Parkinson’s disease	0	1487	32233	7	72446	770762	12900	91	2150	117	787	253	48	0	10	1	7	1	0	0	0	0	1	0	0	0	0	0	13	0	0	0	0	0	0	0	0	0	0	120	107422	5984896	0	13.9876601030327	28.1481842796102	NA	NA	NA	NA	2214655	0	1271647	0	1538153	0	0	0.694534	NA	716450	160052	1836	98965	356614	1710	6680	11521	4952	14036	21037	5984896	832074	13.9	58.3	2631562	44	NA	NA	NA	NA	NA	NA	3353334	55	1665563	49.67	64.86	129395	114429	104969	11590	849	11987	2.71	0.01	1.4	0	1.34	549092	16.37	26425	0.79	0	0	200114	5.97	912140	27.2	0	0	FALSE	Neurodegenerative
SRX185249	6.28	42.949	6.846	15.803	17.166	SRP015668	GSE40710	Brain	NA	Neurodegenarative disease	Parkinson’s disease	0	1539	54521	13	75898	845923	14767	130	1986	101	902	281	63	1	17	2	7	0	0	0	0	0	1	0	0	0	0	0	8	0	0	0	1	0	0	0	0	0	0	196	119431	6126804	0	14.5439047829831	29.3149375245876	NA	NA	NA	NA	2485951	0	1402341	0	1670003	0	0	0.671776	NA	863751	192524	2345	109938	447921	1753	7074	12588	5042	14764	22398	6126804	913600	14.9	56.5	2782642	45.4	NA	NA	NA	NA	NA	NA	3344162	59	1895168	56.67	66.71	169259	153336	146059	9544	582	13074	2.66	0.01	1.33	0	1.4	590783	17.67	28718	0.86	0	0	154256	4.61	675237	20.19	0	0	FALSE	Neurodegenerative
SRX185251	7.613	14.958	8.64	13.858	15.483	SRP015668	GSE40710	Brain	NA	Neurodegenarative disease	Parkinson’s disease	0	0	0	0	5	162	1	0	0	0	0	0	0	0	0	0	0	0	0	0	0	0	0	0	0	0	0	0	0	0	0	0	0	0	0	0	0	0	0	0	27	4659	0	8.7005795235029	9.59433354797167	NA	NA	NA	NA	654	0	515	0	176	0	0	0.269113	NA	500	106	1	27	230	3	14	20	7	20	24	4659	712	15.3	76.6	3570	76.6	NA	NA	NA	NA	NA	NA	1089	52	512	47.02	69.04	17	12	14	0	0	3	1.42	0.01	1.5	0	0	142	13.04	20	1.84	0	0	110	10.1	305	28.01	0	0	FALSE	Neurodegenerative
SRX185252	6.978	38.337	7.59	16.67	18.042	SRP015668	GSE40710	Brain	NA	Neurodegenarative disease	Parkinson’s disease	0	653	21966	1	48065	390606	12655	91	962	51	412	139	25	0	11	4	9	0	0	0	0	0	1	0	0	0	0	0	1	0	0	0	0	0	0	0	0	0	0	108	77551	3408711	0	14.0828072547071	25.1000176136941	NA	NA	NA	NA	1291807	0	791648	0	798744	0	0	0.618315	NA	521376	120553	1574	60492	269903	1197	4707	8155	2998	8922	13555	3408711	458607	13.5	58.2	1592122	46.7	NA	NA	NA	NA	NA	NA	1816589	57	969958	53.39	66.23	82894	74684	72891	3140	233	6630	2.79	0.01	1.4	0	1.4	321849	17.72	16128	0.89	0	0	84445	4.65	424209	23.35	0	0	FALSE	Neurodegenerative
SRX185225	8.071	41.275	8.785	15.503	16.81	SRP015668	GSE40710	Brain	NA	Healthy	Healthy	0	1313	22170	13	69092	705773	18477	76	2849	65	758	268	39	1	15	5	12	0	0	0	0	0	0	0	0	0	0	0	12	0	0	0	0	0	0	0	0	0	0	119	75702	9198124	0	8.36949393158866	23.2670650041517	NA	NA	NA	NA	1797426	0	966795	0	1140922	0	0	0.634753	NA	697811	172226	1927	103624	331651	1496	5735	10084	4689	12516	18583	9198124	686277	7.5	77	6716576	73	NA	NA	NA	NA	NA	NA	2481548	57	1441250	58.08	65.68	115846	103835	98369	6974	759	9744	2.44	0.01	1.47	0	1.43	356176	14.35	19935	0.8	0	0	106845	4.31	557342	22.46	0	0	FALSE	Healthy
SRX185240	8.938	43.445	9.689	24.854	25.949	SRP015668	GSE40710	Brain	NA	Neurodegenarative disease	Parkinson’s disease	0	627	1122	3	57646	486156	848	64	183	42	397	167	12	1	3	1	4	0	0	0	0	0	0	0	0	0	0	0	3	0	0	0	1	0	0	0	0	0	0	151	102103	4654818	0	7.95901988004687	13.4157310570844	NA	NA	NA	NA	1250686	0	516340	0	767690	0	0	0.613815	NA	501795	130679	1568	67135	253254	730	2906	5086	2043	6698	10165	4654818	439105	9.4	76.4	3348336	71.9	NA	NA	NA	NA	NA	NA	1306482	55	958356	73.35	56.98	25777	25014	24978	476	15	308	0.79	0.01	1.42	0	1.36	292330	22.38	4254	0.33	0	0	24723	1.89	26819	2.05	0	0	FALSE	Neurodegenerative
SRX2581844	0.173	48.931	0.186	27.367	28.07	SRP032279	GSE51799	Blood	NA	Neurodegenarative disease	Huntington disease	0	13832	11863	99	73018	5679168	27574	243	8035	356	2034	2139	58	0	9	13	64	0	0	12	0	32	1002	3	0	0	0	0	1892	1	893	11	0	0	6	0	0	0	0	80	15605	22418580	0	36.3489046139408	96.2810264015518	NA	NA	NA	NA	21762589	0	21477043	0	21157733	0	0	0.972207	NA	638303	86709	2353	45129	327859	3368	13187	22871	4800	17099	28100	22418580	86868	0.4	0.8	219233	1	NA	NA	NA	NA	NA	NA	22199347	24	8108703	36.53	18.72	715900	541726	597782	117982	71	65	0.88	0	1	0	1.01	13653886	61.51	66272	0.3	0	0	369042	1.66	1444	0.01	0	0	FALSE	Neurodegenerative
SRX2581792	0.164	49.56	0.177	28.313	29.012	SRP032279	GSE51799	Blood	NA	Healthy	Healthy	0	15151	5168	110	72507	6648552	51653	235	12530	261	2673	2021	55	3	3	16	66	3	0	10	0	92	2364	14	0	0	0	0	4458	2	1352	5	0	0	11	0	0	0	0	127	25103	24874093	0	36.5084390011728	96.6533807444836	NA	NA	NA	NA	24380812	0	23609827	0	23784234	0	0	0.975531	NA	627666	89359	2320	48502	320895	3037	12196	21460	4762	16787	27333	24874093	38947	0.2	0.7	198672	0.8	NA	NA	NA	NA	NA	NA	24675421	24	9050390	36.68	18.65	742064	546990	586230	154815	959	60	0.82	0	1	0	1	15330422	62.13	63325	0.26	0	0	230114	0.93	1170	0	0	0	FALSE	Healthy
SRX2581843	0.183	49.667	0.197	26.857	27.575	SRP032279	GSE51799	Blood	NA	Neurodegenarative disease	Huntington disease	0	3416	24740	77	64309	6142500	32782	228	6333	236	2001	1639	44	2	7	10	83	0	0	86	0	50	1361	3	0	0	0	0	2765	0	714	11	0	0	12	0	0	0	0	31	11519	22225307	0	35.4946088258758	95.5539816608346	NA	NA	NA	NA	21128796	0	20042990	0	20448975	0	0	0.967825	NA	717217	88733	2518	46215	371946	3728	15106	26506	5460	19471	32283	22225307	104649	0.5	1.5	373103	1.7	NA	NA	NA	NA	NA	NA	21852204	24	8393092	38.41	18.61	762095	598024	564720	196606	559	210	0.85	0	1	0	1	12735704	58.28	55310	0.25	0	0	666004	3.05	2094	0.01	0	0	FALSE	Neurodegenerative
SRX2581845	0.143	50.076	0.154	28.86	29.448	SRP032279	GSE51799	Blood	NA	Neurodegenarative disease	Huntington disease	0	4205	31791	87	74064	7466429	16159	373	11151	293	2580	1898	56	0	5	14	69	2	0	9	0	27	869	2	0	0	0	0	2746	1	1129	11	0	0	4	0	0	0	0	93	26010	27687232	0	36.2090420234135	96.9030648208896	NA	NA	NA	NA	27057624	0	25774017	0	26456056	0	0	0.977767	NA	634532	87434	2370	45876	326756	3165	12652	22185	4751	16795	27508	27687232	67703	0.2	0.7	232244	0.8	NA	NA	NA	NA	NA	NA	27454988	24	9932725	36.18	18.54	754373	581952	592007	161076	1205	85	0.76	0	1.21	0	1	17124899	62.37	68280	0.25	0	0	327749	1.19	1335	0	0	0	FALSE	Neurodegenerative
SRX386343	13.751	23.159	14.95	36.96	49.374	SRP033464	GSE52946	Spinal cord	NA	Neurodegenarative disease	Amyotrophic lateral sclerosis	0	6801	1988	951	108281	2983743	10381	24755	1628	148339	3208	1404	81400	9425	31	58	178	10	9	5	376	27	18	0	0	0	9	1	24	10	27	8	5	0	4	0	0	1	0	1056	31755	13901992	0	36.2791438809632	65.7073392144397	13901992	0	30.9321138294426	43.7487823734427	221132	8509771	17968432	0	142567	3996225	0	0.47185	5919343	10033380	5170061	114887	1066889	3182589	10764	26163	39655	18281	135994	173469	13901992	4505263	32.4	0.3	NA	NA	13901992	4542936	32.7	11.4	442017	3.18	13459975	93	5990463	44.51	91.88	1137496	1130644	1123048	8063	936	5449	0.99	0.01	1.48	0.01	1.08	2740440	20.36	344569	2.56	0	0	4258083	31.64	126420	0.94	0	0	FALSE	Neurodegenerative
SRX386342	6.803	18.875	7.392	26.839	33.093	SRP033464	GSE52946	Spinal cord	NA	Neurodegenarative disease	Amyotrophic lateral sclerosis	0	4690	1658	1315	117379	1776057	7751	21752	1196	66875	2739	1151	61836	6682	126	32	85	3	154	0	99	2	6	2	0	0	4	1	16	2	10	2	3	0	3	0	0	1	0	2890	61914	15885130	0	36.447233418927	79.0930098301687	15885130	0	30.6645209702407	56.4792798048909	167842	6870317	27533854	0	118025	3837092	0	0.560249	3542678	6652623	2987367	66897	610103	2433300	8740	20988	31358	17537	193850	251419	15885130	4536426	28.6	0.3	NA	NA	15885130	4119759	25.9	12.1	578290	3.64	15306840	93	4010100	26.2	91.85	596928	590331	582628	8290	671	5339	1.03	0.01	1.45	0.02	1.08	3028059	19.78	576440	3.77	0	0	7369536	48.15	322705	2.11	0	0	FALSE	Neurodegenerative
SRX386341	10.489	20.998	11.45	30.098	38.167	SRP033464	GSE52946	Spinal cord	NA	Neurodegenarative disease	Amyotrophic lateral sclerosis	0	3874	1407	1024	57332	1630240	5736	16779	878	61711	1707	860	53393	7079	67	44	93	1	7	0	138	11	11	0	0	0	3	0	30	5	39	6	2	0	1	0	0	0	0	1561	40602	12184168	0	36.3547993592997	77.3040798655735	12184168	0	30.7387340686701	54.579409966428	133059	5071279	14895649	0	89454	2588706	0	0.51256	3072151	5541689	2907755	58480	529368	1678641	6471	15563	23273	11720	131929	160339	12184168	3634432	29.8	0.3	NA	NA	12184168	3020976	24.8	12.1	509803	4.18	11674365	93	3302839	28.29	91.51	588430	584060	573901	10328	614	3587	1.02	0.01	1.45	0.01	1.08	1901499	16.29	429736	3.68	0	0	5840796	50.03	199495	1.71	0	0	FALSE	Neurodegenerative
SRX386344	20.2	20.239	21.345	36.618	40.328	SRP033464	GSE52946	Spinal cord	NA	Neurodegenarative disease	Amyotrophic lateral sclerosis	0	130387	131758	10484	249109	10743520	448966	16976	32942	94647	8863	16461	56776	5767	390	1217	14333	71	37	5192	324	14128	1489	201	1	3	227	16	1098	1437	11421	1096	510	37	408	18	0	258	4	3525	45966	41359179	0	37.261981868644	54.0385183537165	41359179	0	30.8785093630606	32.9796410383172	995193	23106903	30517180	0	479393	7567931	0	0.330769	27058310	32395970	13166294	193366	978949	13618790	94384	325052	573530	113694	476369	764623	41359179	13809280	33.4	0.2	NA	NA	41359179	12978901	31.4	10.9	1245681	3.01	40113498	94	20026485	49.92	89.85	676825	656148	634505	28525	497	13298	1	0.01	1.42	0.01	1.07	4075611	10.16	467626	1.17	0	0	15128262	37.71	415514	1.04	0	0	FALSE	Neurodegenerative
SRX386345	11.405	22.319	12.377	38.868	47.218	SRP033464	GSE52946	Spinal cord	NA	Neurodegenarative disease	Amyotrophic lateral sclerosis	0	7052	1794	3296	156590	2882365	10280	36343	1576	105136	3024	1479	127870	10579	91	48	106	4	9	5	279	12	26	0	0	1	5	0	21	4	23	4	3	0	5	0	0	0	0	2243	38032	15537956	0	36.2771965630486	68.9848657278049	15537956	0	30.9868015458404	47.8125001905592	234778	9058777	23280702	0	157504	4565723	0	0.506145	5608132	9941630	5021756	104089	1055617	3228178	10966	26829	41092	21240	147141	193642	15537956	4741122	30.5	0.3	NA	NA	15537956	4865197	31.3	11.4	550771	3.54	14987185	94	6120930	40.84	91.92	1023480	1017576	1005341	12401	1005	4733	1.02	0.01	1.42	0.01	1.08	3172625	21.17	858794	5.73	0	0	4709909	31.43	124927	0.83	0	0	FALSE	Neurodegenerative
SRX386346	3.636	20.524	3.988	24.344	36.872	SRP033464	GSE52946	Spinal cord	NA	Neurodegenarative disease	Amyotrophic lateral sclerosis	0	3530	1166	1229	58884	1584931	4389	54890	786	77625	1551	1017	81258	7901	48	31	69	1	13	1	63	5	3	2	0	0	2	0	5	3	5	0	0	0	1	0	0	1	0	1710	18684	15774883	0	35.3104421123123	83.3735115170853	15774883	0	30.7606563547888	60.4880012793208	142454	7960984	42450187	0	112993	5945418	0	0.747231	2058629	4525072	2308054	69444	441510	1244261	7732	16433	23651	12073	197314	228172	15774883	5383591	34.1	0.6	NA	NA	15774883	5800994	36.8	12.3	645075	4.09	15129808	92	3373899	22.3	90.99	993939	979900	976558	5196	368	11817	1	0.01	1.43	0.02	1.1	4729539	31.26	615271	4.07	0	0	5958492	39.38	452607	2.99	0	0	FALSE	Neurodegenerative
SRX386347	8.733	20.076	9.434	26.278	28.375	SRP033464	GSE52946	Spinal cord	NA	Neurodegenarative disease	Amyotrophic lateral sclerosis	0	2672	1966	1088	46887	1412367	4523	14090	622	28203	1101	534	40231	4120	39	10	50	3	5	1	123	2	6	1	0	0	3	0	15	2	16	1	6	0	1	0	0	0	0	5352	61769	14543728	0	36.6698266771766	85.9258426879826	14543728	0	30.3137167444276	64.1371369308193	130597	4184305	15505993	0	99885	2339758	0	0.562335	2152771	4095498	2149285	35480	523117	1097800	4131	10140	14818	8732	123852	146355	14543728	3584527	24.6	0.2	NA	NA	14543728	3127821	21.5	13.3	705527	4.85	13838201	93	2643768	19.1	91.44	405371	402540	395270	7366	354	2381	1.01	0.01	1.39	0.01	1.08	1671134	12.08	489387	3.54	0	0	8640092	62.44	393820	2.85	0	0	FALSE	Neurodegenerative
SRX386348	25.614	5.795	27.264	41.751	45.133	SRP033464	GSE52946	Spinal cord	NA	Neurodegenarative disease	Amyotrophic lateral sclerosis	0	468	553	39	950	40343	1732	34	127	167	36	67	241	18	5	5	49	0	0	18	1	60	6	1	0	0	4	0	4	6	51	2	3	1	0	0	0	0	0	8	152	134983	0	37.490713645422	14.8614979135002	134983	0	30.9243460287592	6.08014224841632	3754	88469	156427	0	342	9637	0	0.10856	376020	164510	75233	889	4433	63967	466	1453	2527	534	3046	4300	134983	50153	37.2	0.2	NA	NA	134983	46234	34.3	10.6	4109	3.04	130874	94	73841	56.42	89.49	1875	1784	1802	16	1	56	0.99	0.01	1.45	0.01	1.09	18382	14.05	1930	1.47	0	0	36294	27.73	427	0.33	0	0	FALSE	Neurodegenerative
SRX386350	3.965	15.855	4.304	23.002	28.43	SRP033464	GSE52946	Spinal cord	NA	Neurodegenarative disease	Amyotrophic lateral sclerosis	0	2102	686	989	57670	836992	3747	61166	519	16421	900	462	51962	5882	2325	13	39	0	1142	9	12	18	5	2	0	0	3	36	8	3	20	4	2	0	1	0	0	0	0	2223	164057	16858558	0	35.868869923513	87.0906234774221	16858558	0	30.9985501132422	65.6661871737663	87489	4775984	29903712	0	59437	3099573	0	0.649267	1804259	3755502	1691200	27340	353705	1241513	5885	16589	21807	7728	151762	212035	16858558	5517468	32.7	0.4	NA	NA	16858558	4845649	28.7	11.6	535203	3.17	16323355	93	2324617	14.24	91.74	300748	297068	294328	2746	708	2966	1.06	0.01	1.3	0.02	1.08	2538856	15.55	754411	4.62	0	0	9507720	58.25	1197751	7.34	0	0	FALSE	Neurodegenerative
SRX386351	4.146	14.403	4.51	23.283	24.989	SRP033464	GSE52946	Spinal cord	NA	Healthy	Healthy	0	1846	716	983	33914	846378	2658	6627	396	27351	755	370	28179	2281	631	15	25	1	776	0	51	1	5	0	0	0	0	0	10	7	1	2	2	0	0	0	0	0	0	1495	36888	9368759	0	36.5755255311829	83.9902772722695	9368759	0	31.692930194917	62.9352218940077	38030	3791193	25703764	0	27220	2382031	0	0.628743	1540700	3096896	1506953	24658	291496	886170	4755	10200	13992	5241	145204	198597	9368759	2709880	28.9	0.3	NA	NA	9368759	2383620	25.4	9	325541	3.47	9043218	95	1658215	18.34	93.97	294848	292813	290068	2867	241	1672	0.96	0.01	1.4	0	1.22	2171008	24.01	257511	2.85	0	0	4710729	52.09	245755	2.72	0	0	FALSE	Healthy
SRX386349	8.081	23.425	8.84	37.21	46.175	SRP033464	GSE52946	Spinal cord	NA	Neurodegenarative disease	Amyotrophic lateral sclerosis	0	7738	1934	2230	140125	3235540	11487	186403	1675	172709	3355	1531	185699	18880	1093	65	201	5	235	2	85	187	407	8	0	2	7	1	56	14	67	17	13	0	0	0	0	1	0	2909	45520	21830851	0	36.1857708616123	77.0517134187305	21830851	0	30.971842920828	54.775405957644	325884	11502909	36439232	0	255536	6896624	0	0.602133	5162376	10306512	5535835	111086	908191	3089087	13148	31225	46509	19149	190997	257053	21830851	6793378	31.1	0.3	NA	NA	21830851	6532459	29.9	11.4	768768	3.52	21062083	93	7517393	35.69	91.83	1312299	1302661	1285465	17440	1448	7946	1.01	0.01	1.45	0.02	1.08	4311400	20.47	2074271	9.85	0	0	6914184	32.83	244835	1.16	0	0	FALSE	Neurodegenerative
SRX386352	3.385	13.677	3.694	24.742	29.551	SRP033464	GSE52946	Spinal cord	NA	Healthy	Healthy	0	819	375	747	31883	396498	1537	12665	206	7839	355	154	14696	1804	950	3	17	1	706	0	7	1	2	0	0	0	1	0	4	0	2	0	0	0	0	0	0	0	0	932	81104	10502459	0	36.2814059069405	89.5664088531772	10502459	0	31.806503695944	69.8448235491941	19279	2458277	18448353	0	12884	1591038	0	0.647299	934577	1949135	897197	14700	154286	600952	2528	8362	10181	3518	106434	148146	10502459	3301219	31.4	0.3	NA	NA	10502459	2838965	27	8.8	278198	2.65	10224261	95	950187	9.29	94.03	161606	158662	157181	1862	114	2449	1.02	0.01	1.21	0	1.21	1527369	14.94	318162	3.11	0	0	6785297	66.36	643246	6.29	0	0	FALSE	Healthy
SRX386353	1.648	13.053	1.794	12.527	15.103	SRP033464	GSE52946	Spinal cord	NA	Healthy	Healthy	0	1830	953	1492	37761	756594	3447	10389	427	14677	893	375	27782	2687	1769	17	30	3	998	0	49	6	1	0	0	0	0	0	7	2	4	1	2	0	0	0	0	0	0	3106	192075	34511252	0	36.417463817308	94.5618104341493	34511252	0	31.5400631944619	77.4250855242698	35970	5876703	56382040	0	27124	4427626	0	0.753422	1476678	3342375	1317965	23151	211398	1117626	5710	19313	23688	6446	262871	377782	34511252	11166034	32.4	0.3	NA	NA	34511252	8627728	25	9.3	1016017	2.94	33495235	95	1865215	5.57	93.7	376097	367058	357585	10437	219	7856	1.08	0.01	1.2	0	1.21	4047458	12.08	844307	2.52	0	0	23868448	71.26	2869807	8.57	0	0	FALSE	Healthy
SRX386354	8.109	17.962	8.754	20.968	22.822	SRP033464	GSE52946	Spinal cord	NA	Healthy	Healthy	0	2629	2076	741	49518	1031418	4175	6482	610	20781	1364	624	42378	2681	29	18	26	2	6	0	146	2	3	0	0	0	1	0	10	1	12	3	0	0	0	0	0	0	0	6415	76636	12309697	0	36.9760621240312	83.24932484369	12309697	0	31.4622001662592	64.4189606431616	48513	3789467	14153459	0	31489	1934140	0	0.511281	2296139	4022288	1774411	31770	433794	1489574	3888	11399	17660	9650	117763	140029	12309697	3230388	26.2	0.2	NA	NA	12309697	2527244	20.5	9.4	435683	3.54	11874014	95	2331969	19.64	93.9	299918	297349	292332	5200	248	2138	0.98	0.01	1.42	0	1.26	1506011	12.68	200876	1.69	0	0	7466487	62.88	368671	3.1	0	0	FALSE	Healthy
SRX386356	3.346	13.116	3.605	22.537	26.955	SRP033464	GSE52946	Spinal cord	NA	Healthy	Healthy	0	1406	664	745	52883	608005	2301	12837	365	9154	668	280	15337	1737	2421	7	13	5	1306	0	14	1	1	1	0	0	0	0	2	2	1	2	3	0	0	0	0	0	0	2789	156692	15067669	0	36.2809340980347	89.1869857794595	15067669	0	31.8235760289133	69.6135644949459	25131	3482133	26742384	0	15881	2200474	0	0.631933	1397261	2862904	1195469	18162	260548	1002964	3537	12301	15681	5106	137654	195831	15067669	4907383	32.6	0.3	NA	NA	15067669	4136294	27.5	8.7	434689	2.88	14632980	94	1528993	10.45	93.76	286603	281898	279376	3092	171	3964	1.03	0.01	1.23	0	1.21	1978271	13.52	490007	3.35	0	0	9639163	65.87	996546	6.81	0	0	FALSE	Healthy
SRX386355	3.381	13.367	3.67	28.06	32.92	SRP033464	GSE52946	Spinal cord	NA	Healthy	Healthy	0	1257	609	536	28576	510530	1893	5971	287	9697	497	273	12215	1571	652	11	23	0	2383	0	19	1	1	0	0	0	1	0	10	4	2	1	1	0	0	0	0	0	0	1405	92560	10945321	0	36.2989496607729	88.5712288164741	10945321	0	31.730135644263	67.8553672941672	23287	2819097	21852989	0	15471	1827955	0	0.648484	1067170	2230770	1036687	15954	199757	659217	3128	9825	12182	4139	111248	157059	10945321	3496513	31.9	0.3	NA	NA	10945321	2836094	25.9	8.9	350042	3.2	10595279	95	1122528	10.59	93.76	218579	215415	212338	3141	405	2695	1.01	0.01	1.41	0	1.21	1719856	16.23	285037	2.69	0	0	6758643	63.79	709215	6.69	0	0	FALSE	Healthy
SRX386357	3.833	13.823	4.144	18.297	21.085	SRP033464	GSE52946	Spinal cord	NA	Healthy	Healthy	0	1320	548	795	37876	613987	2389	16352	301	9770	598	289	18449	1795	1835	9	18	0	4203	0	28	1	3	1	0	0	0	0	1	1	1	1	3	0	0	0	0	0	0	2052	163531	15148007	0	36.2567613680136	89.7065273816817	15148007	0	31.7805606374489	69.9983445547681	25402	3245577	23012270	0	16391	2029019	0	0.625243	1333500	2734344	1232340	19697	244316	868122	3925	12520	15390	4864	134675	192710	15148007	4715594	31.1	0.3	NA	NA	15148007	4093978	27	8.9	468695	3.09	14679312	95	1515745	10.33	93.82	271930	268077	266667	1795	203	3265	1.04	0.01	1.2	0	1.23	1755234	11.96	426379	2.9	0	0	9927790	67.63	1054164	7.18	0	0	FALSE	Healthy
SRX386359	5.855	13.375	6.337	23.014	26.309	SRP033464	GSE52946	Spinal cord	NA	Healthy	Healthy	0	1766	819	617	33496	723528	2545	14940	408	12095	851	344	21775	2184	1794	10	15	0	1413	1	22	1	4	0	0	0	3	0	8	3	2	0	2	0	0	0	0	0	0	1563	110498	11278976	0	36.3129231767139	83.8969234743618	11278976	0	31.8408916731448	62.6437657963552	25603	3003371	17127375	0	14169	1538540	0	0.512446	1808414	3266205	1445805	24739	303586	1122662	3709	13147	17229	6145	129291	183345	11278976	3811542	33.8	0.3	NA	NA	11278976	3263032	28.9	8.6	336325	2.98	10942651	95	1661402	15.18	93.69	269718	265369	262499	3197	271	3751	0.99	0.01	1.21	0	1.24	1367572	12.5	378195	3.46	0	0	6814043	62.27	721439	6.59	0	0	FALSE	Healthy
SRX386358	2.982	13.767	3.198	21.848	25.249	SRP033464	GSE52946	Spinal cord	NA	Healthy	Healthy	0	1213	886	917	34604	607870	2048	5464	306	8807	672	275	12852	1115	2562	6	12	1	923	0	19	0	2	0	0	0	2	0	4	3	2	2	1	0	0	0	0	0	0	5579	306514	15481456	0	36.3164168150593	90.4229994518203	15481456	0	31.8731183940322	70.8092186530207	29506	3581277	28310634	0	21526	2427549	0	0.678057	1218125	2551927	1060386	14938	288581	842269	3149	11644	15023	5168	109863	167925	15481456	5355640	34.6	0.3	NA	NA	15481456	4438400	28.7	8.5	496636	3.21	14984820	94	1581180	10.55	93.7	225014	220703	217209	3908	199	3698	1.05	0.01	1.21	0	1.22	2029603	13.54	611640	4.08	0	0	9765455	65.17	996942	6.65	0	0	FALSE	Healthy
SRX386360	1.226	12.9	1.316	13.752	16.489	SRP033464	GSE52946	Spinal cord	NA	Healthy	Healthy	0	1667	897	1172	53970	918262	3102	2592	407	27518	682	368	5968	745	6000	2	4	1	2091	0	17	5	7	0	0	0	5	0	3	4	2	4	0	0	0	0	0	0	0	4365	500457	37297315	0	36.3339788936549	95.685997057036	37297315	0	31.7688628256484	80.0820493912348	54992	6929487	75800824	0	48336	5746966	0	0.829546	1185960	2750781	1265257	16672	251915	654561	5198	19967	23536	5430	182721	282969	37297315	11997170	32.2	0.3	NA	NA	37297315	9687058	26	8.9	1200274	3.22	36097041	95	2072068	5.74	93.44	441199	434868	427915	7924	303	5057	1.08	0.01	1.15	0	1.25	4912411	13.61	1450184	4.02	0	0	24881714	68.93	2780664	7.7	0	0	FALSE	Healthy
SRX700846	12.376	10.867	13.332	19.625	21.967	SRP047122	GSE61405	Blood	NA	Neurodegenarative disease	Huntington disease	0	2978	2414	189	29535	1575842	2783	224	535	2785	731	667	1225	238	20	23	113	2	21	7	0	488	1780	8	0	0	0	0	1320	74	399	31	0	1	7	0	1	1	0	908	134910	8377199	0	26.6306938631874	66.8073172883819	8377199	0	24.0648264413917	57.1971642270178	11268	3506451	16623230	0	5862	1280842	0	0.36553	3541161	5089590	3294639	67600	572040	789834	4848	10504	13881	11322	135941	189652	8377199	1931351	23.1	12.6	NA	NA	8377199	2012636	24	22.3	1541943	18.41	6835256	94	2165049	31.67	95.53	592557	590243	584537	5615	465	1940	0.23	0.01	1.26	0	1.29	1352670	19.79	24858	0.36	0	0	696904	10.2	2595775	37.98	0	0	FALSE	Neurodegenerative
SRX834766	15.048	70.212	16.275	21.208	22.894	SRP051844	GSE64810	Brain	Prefrontal cortex	Healthy	Healthy	0	88188	183691	2081	802636	37162811	22381	1378	14558	2223	22742	18924	681	36	189	217	957	67	11	0	9859	76	334	1	0	0	2	0	395	26	53	3	221	0	3	0	0	0	0	37601	3131518	51976340	0	34.9593452520897	81.216469569615	51976340	0	33.645950465154	76.4458693457165	141039	48331104	11953608	0	124536	38112448	0	0.788707	10313778	24061792	14403403	97503	7077460	1783454	12420	39061	57159	52968	190008	250379	51976340	19683251	37.9	2.7	NA	NA	51976340	18293387	35.2	6.2	2867976	5.52	49108364	197	45707861	93.08	196.95	10834946	10804912	10666611	100313	8908	59114	0.22	0.01	1.5	0.02	1.31	2764282	5.63	6202	0.01	0	0	611005	1.24	19014	0.04	0	0	FALSE	Healthy
SRX966665	28.151	35.072	30.531	34.447	37.33	SRP056477	GSE67196	Brain	Cerebellum	Healthy	Healthy	0	114035	60041	1744	933578	41613439	27217	1516	23821	9480	31542	19929	1083	70	224	546	877	35	18	12	81	31	45	1	0	0	2	0	602	26	33	48	32	0	10	0	0	0	0	10525	1231833	56070390	0	35.5608799760444	71.3025275055828	56070390	0	34.9740754790541	70.4337144370542	59736	55216659	45286684	0	43536	27286830	0	0.494304	35335536	69638665	45786784	711628	15284040	5798372	42793	104329	144166	159920	571559	777077	56070390	25522236	45.5	1.4	NA	NA	56070390	25382297	45.3	2.8	544419	0.97	55525971	192	50442669	90.85	192.69	23101688	23068542	22841977	199412	24541	35758	0.15	0.01	1.6	0.01	1.49	4833726	8.71	8585	0.02	0	0	206037	0.37	34954	0.06	0	0	FALSE	Healthy
SRX834737	43.862	24.57	47.872	49.281	53.943	SRP051844	GSE64810	Brain	Prefrontal cortex	Healthy	Healthy	0	72948	26346	1599	608911	25794284	21694	874	15398	1719	20637	21051	722	29	153	316	975	64	4	1	2294	8	17	0	0	0	9	0	84	2	63	5	7	0	2	0	0	0	0	4339	572594	34642046	0	36.1257699097796	53.9563252483147	34642046	0	35.6166459971793	52.9802923657941	113002	33710341	15136017	0	72650	10099641	0	0.300175	44348168	57778351	37057819	471224	12638033	5875274	35730	95556	138097	94672	466265	652339	34642046	11939266	34.5	1.6	NA	NA	34642046	11863090	34.2	2.5	294314	0.85	34347732	197	31957250	93.04	196.88	12830346	12800718	12666468	129542	10622	23714	0.17	0.01	1.64	0.01	1.31	1866093	5.43	10170	0.03	0	0	492086	1.43	22133	0.06	0	0	FALSE	Healthy
SRX966630	25.592	20.177	27.866	33.022	35.61	SRP056477	GSE67196	Brain	Frontal cortex	Neurodegenarative disease	Amyotrophic lateral sclerosis	0	32795	62460	620	357889	27723908	11827	488	7132	4957	10667	6641	387	56	81	101	146	49	6	3	402	4	61	0	0	1	1	0	199	22	17	3	139	0	7	0	0	0	0	24997	2721119	42709135	0	35.1227095327498	71.0636026587964	42709135	0	33.8497449784455	67.361663919967	63733	40535456	75455596	0	43698	15762968	0	0.389102	37483967	60572756	39502272	555883	15348899	3357610	28967	65856	89436	99886	529808	783357	42709135	16618715	38.9	1.5	NA	NA	42709135	15658206	36.7	6	1840316	4.31	40868819	195	33654318	82.35	195.82	11798076	11779413	11649808	118802	9588	19878	0.16	0.01	1.37	0.01	1.48	6944871	16.99	9445	0.02	0	0	246212	0.6	13973	0.03	0	0	FALSE	Neurodegenerative
SRX834785	50.153	30.622	53.957	55.038	59.339	SRP051844	GSE64810	Brain	Prefrontal cortex	Neurodegenarative disease	Huntington disease	0	66103	22865	896	521104	22662402	17047	802	11536	1112	15159	12356	512	11	132	214	568	46	19	6	1462	9	30	2	0	0	1	0	229	8	60	12	90	0	5	0	0	0	0	5334	504593	31647195	0	34.8662460290715	53.8060302246191	31647195	0	34.1583261012548	51.1909851748534	98953	27809066	4422541	0	63762	9160997	0	0.329984	32314374	46753346	30797956	379787	10801433	3696747	27388	74996	105111	81877	260159	345698	31647195	12585766	39.8	4.5	NA	NA	31647195	12161046	38.4	6.6	3221668	10.18	28425527	197	26942556	94.78	197.38	12082688	12058957	11949639	99938	11410	21701	0.15	0.01	1.67	0.02	1.31	965463	3.4	3134	0.01	0	0	503692	1.77	10682	0.04	0	0	FALSE	Neurodegenerative
SRX680606	39.858	19.155	43.044	49.391	53.723	SRP045500	GSE60424	Blood	NA	Neurodegenarative disease	Multiple sclerosis	1	25281	20464	475	180195	15992550	18067	281	3282	789	4754	4734	218	11	37	114	716	34	1	83	0	7454	38540	59	0	0	5	0	23073	334	5782	87	0	26	182	0	10	4	0	2481	221860	21817104	0	37.1046306145857	56.8899680538202	21817104	0	36.346716411124	55.3144183499245	19091	20305376	18267999	0	13437	5630153	0	0.277474	29477794	33916477	24234413	304631	6376388	2019346	14374	29134	43044	73443	340661	461232	21817104	7102148	32.6	1.6	NA	NA	21817104	6963826	31.9	3	778859	3.57	21038245	98	18080602	85.94	98.12	5856611	5848341	5799037	46954	3861	6759	0.19	0.01	1.38	0	1.21	2243865	10.67	12333	0.06	0	0	607950	2.89	93495	0.44	0	0	FALSE	Neurodegenerative
SRX970049	4.2	56.213	4.518	14.14	17.858	SRP056604	GSE67333	Brain	Hippocampus	Neurodegenarative disease	Alzheimer’s disease	0	204856	34613	24420	3835571	65634659	207485	114909	50818	243153	96158	41687	879455	42900	1864	1534	1945	216	171	17	30	86	44	0	3	14	8	0	151	49	150	77	69	0	169	3	0	0	0	17656	4795098	178521597	0	33.8518158898164	77.1280966306797	NA	NA	NA	NA	157963015	0	68110955	0	127083941	0	0	0.804517	NA	34577769	10740886	289484	2206584	19032328	53645	176981	282321	115502	419250	627683	178521597	68719472	38.5	4.6	250993	0.1	NA	NA	NA	NA	NA	NA	178270604	94	139921431	78.49	91.74	27403903	27286386	27005400	247007	24546	126950	0.29	0.02	1.67	0.01	1.46	18041584	10.12	244889	0.14	0	0	18612732	10.44	1449968	0.81	0	0	FALSE	Neurodegenerative
SRX834779	51.036	30.326	54.769	56.265	60.468	SRP051844	GSE64810	Brain	Prefrontal cortex	Healthy	Healthy	0	73542	35758	984	663726	30816788	17495	879	13587	1230	20100	13409	619	17	154	265	371	76	9	10	1664	19	44	0	0	0	4	0	261	25	52	10	266	1	10	0	0	0	0	9581	839417	38599489	0	36.2457030713541	53.2423517731956	38599489	0	35.5693240913112	52.6550015506759	80100	37506838	6205737	0	53617	12287058	0	0.32796	43907019	63065909	40872302	554326	15942067	4294024	38377	99604	135502	117874	369177	479963	38599489	13617793	35.3	1.2	NA	NA	38599489	13405902	34.7	2.7	576422	1.49	38023067	198	36106977	94.96	197.79	15242807	15216567	15072776	133051	14466	22514	0.16	0.01	1.62	0.01	1.35	1479961	3.89	3146	0.01	0	0	422142	1.11	10841	0.03	0	0	FALSE	Healthy
SRX834786	36.125	47.444	38.957	41.511	44.892	SRP051844	GSE64810	Brain	Prefrontal cortex	Neurodegenarative disease	Huntington disease	0	96116	39206	1011	554886	27826089	17401	890	10601	1605	19750	12873	515	16	129	189	539	58	6	8	2497	28	156	6	0	0	1	0	128	22	17	1	88	0	2	0	0	0	0	19194	1264480	35528058	0	35.9705320791809	62.775794545279	35528058	0	35.7798858018077	61.9301170557763	132393	34452584	6253024	0	96709	17798300	0	0.517013	20445366	40648769	25763422	265381	10840775	2804706	19840	56121	80969	81080	264115	351950	35528058	11843872	33.3	1.7	NA	NA	35528058	11847201	33.3	2.4	337331	0.95	35190727	197	33093154	94.04	197.4	11844936	11824365	11694119	119989	9675	21153	0.16	0.01	1.58	0.02	1.31	1491823	4.24	4824	0.01	0	0	587301	1.67	13625	0.04	0	0	FALSE	Neurodegenerative
SRX966634	31.416	17.476	34.019	40.13	43.082	SRP056477	GSE67196	Brain	Frontal cortex	Neurodegenarative disease	Amyotrophic lateral sclerosis	0	42965	45794	636	491480	33472798	15217	484	10309	6329	14652	8581	371	37	66	192	147	57	6	4	163	54	151	0	0	2	0	0	942	111	52	13	311	0	3	0	0	0	0	14444	1803668	46591566	0	35.1573941086247	69.0117784644151	46591566	0	34.494481833901	66.2509229330403	56701	45372046	73849384	0	39390	14354178	0	0.316602	55614900	78056564	52291733	710566	19840039	3193846	34697	76178	102876	142169	587619	822625	46591566	17479355	37.5	1.4	NA	NA	46591566	17186803	36.9	3.7	786224	1.69	45805342	196	38827295	84.77	196.15	17605993	17581819	17393751	174273	17186	20783	0.15	0.01	1.52	0.01	1.51	6601452	14.41	12900	0.03	0	0	342978	0.75	20717	0.05	0	0	FALSE	Neurodegenerative
SRX834796	56.203	25.603	60.404	61.535	66.284	SRP051844	GSE64810	Brain	Prefrontal cortex	Neurodegenarative disease	Huntington disease	0	87203	34366	1084	669763	31114447	18901	935	13560	1191	20778	15093	719	20	152	232	527	60	9	8	1744	27	111	5	0	0	1	0	365	24	24	4	160	0	16	0	0	0	0	13739	969886	39164689	0	36.237557688764	50.7649272445637	39164689	0	35.5611010724482	50.1135616729855	82421	38070188	4610830	0	52995	10306601	0	0.271129	56947175	69316349	44959978	543962	17296389	5064942	37456	101082	140868	132736	375440	481290	39164689	13769414	35.2	1.1	NA	NA	39164689	13534700	34.6	2.7	533673	1.36	38631016	198	36777369	95.2	197.71	15700180	15670353	15522878	136833	14389	26080	0.15	0.01	1.67	0.01	1.39	1375240	3.56	4076	0.01	0	0	464901	1.2	9430	0.02	0	0	FALSE	Neurodegenerative
SRX966641	39.351	15.098	42.417	47.265	50.68	SRP056477	GSE67196	Brain	Cerebellum	Neurodegenarative disease	Amyotrophic lateral sclerosis	0	57041	21124	730	600927	37980562	18709	584	13674	6599	17895	11001	372	42	69	328	192	48	7	3	186	11	22	1	0	0	1	0	719	45	34	22	17	0	2	0	0	0	0	5836	643550	48931471	0	35.7402661571323	64.9085486215374	48931471	0	35.1144033867283	64.5163247540023	44800	48154457	59534673	0	30896	11741650	0	0.24404	81939224	94663360	66818691	1140564	20839454	3710311	49360	99251	128362	167474	607292	836625	48931471	18332787	37.5	1.3	NA	NA	48931471	18547076	37.9	2.7	513233	1.05	48418238	196	42693398	88.18	196.53	24832199	24805781	24576579	203162	23604	28854	0.13	0.01	1.66	0.01	1.49	5505859	11.37	5811	0.01	0	0	191121	0.39	22049	0.05	0	0	FALSE	Neurodegenerative
SRX834762	39.543	43.963	42.596	44.301	47.778	SRP051844	GSE64810	Brain	Prefrontal cortex	Healthy	Healthy	0	56752	37298	688	509606	23749822	14018	575	10235	784	15508	10657	373	6	69	175	255	77	4	8	935	8	14	0	0	0	4	0	258	29	28	0	491	0	2	0	0	0	0	4560	629082	30509549	0	35.4986472923608	60.6961007486783	30509549	0	34.8174613135055	58.0438506140021	108867	28458650	5433718	0	78299	13677574	0	0.481068	19067609	36819167	23887670	289400	9863730	1955516	21075	53947	72889	66624	209606	273993	30509549	10938901	35.9	2.9	NA	NA	30509549	10515135	34.5	4.8	1286557	4.22	29222992	197	27574754	94.36	197.32	11796370	11778603	11653718	115080	11450	16122	0.15	0.01	1.68	0.02	1.32	992763	3.4	2785	0.01	0	0	645600	2.21	7090	0.02	0	0	FALSE	Healthy
SRX902287	27.599	30.002	30.013	46.631	56.915	SRP055874	GSE66573	Blood	NA	Healthy	Healthy	0	34862	18184	945	242774	19585945	16030	447	4712	881	7894	9307	398	21	79	303	780	31	6	102	0	12598	40948	388	0	0	1	0	19485	834	7415	138	4	60	45	7	38	50	0	3447	89975	29054134	0	35.6506288915718	70.5750468278733	29054134	0	34.447964995274	68.5492413165384	33480	28287308	29661795	0	22929	12924870	0	0.457049	20551112	39996429	28897568	384809	6456262	3321188	15203	40891	63416	75847	252506	338810	29054134	11908000	41	1.1	NA	NA	29054134	11175097	38.5	4	594816	2.05	28459318	194	22711978	79.81	193.93	14045528	14027733	13921859	90008	9642	24019	0.21	0.01	1.71	0.01	1.34	5608810	19.71	6895	0.02	0	0	101767	0.36	29868	0.1	0	0	FALSE	Healthy
SRX966629	8.11	50.652	8.774	14.994	15.865	SRP056477	GSE67196	Brain	Cerebellum	Neurodegenarative disease	Amyotrophic lateral sclerosis	0	21513	110551	640	291487	24870092	10138	496	5668	2747	8286	4706	594	55	72	71	95	18	1	0	373	14	29	0	0	0	0	0	186	9	12	3	24	0	0	0	0	0	0	58781	5732290	39546055	0	35.5793252449581	89.1228256741011	39546055	0	35.289315811653	87.4079576660638	37851	38741943	49227265	0	32422	32080694	0	0.828075	6681510	15782420	10450412	100128	3377302	1236504	6643	17127	24410	25514	162640	255353	39546055	14688737	37.1	1.4	NA	NA	39546055	14654722	37.1	2.9	579662	1.47	38966393	197	33418627	85.76	197.32	7569584	7561412	7486150	65913	5020	12501	0.18	0.01	1.17	0	1.45	5361167	13.76	3138	0.01	0	0	177613	0.46	5848	0.02	0	0	FALSE	Neurodegenerative
SRX680542	36.523	16.884	39.371	46.819	50.814	SRP045500	GSE60424	Blood	NA	Neurodegenarative disease	Multiple sclerosis	0	27623	16290	651	235126	15743775	18042	238	6412	625	6315	7038	215	21	35	140	669	41	4	40	0	3835	19918	29	0	1	3	0	23007	523	6736	94	0	40	115	4	12	12	0	3619	355880	22131940	0	37.6298157775595	55.1328900868727	22131940	0	37.3506635206855	54.211220348862	12688	20837509	24191035	0	8219	5554938	0	0.2667	31774443	35231328	24891239	333271	6366505	2455980	17092	35304	54776	77470	385799	531963	22131940	7071467	32	0.8	NA	NA	22131940	7035852	31.8	1.2	310981	1.41	21820959	98	18179884	83.31	98.31	5763508	5755550	5707262	45053	4360	6833	0.15	0.01	1.4	0	1.21	2670313	12.24	12942	0.06	0	0	693262	3.18	264558	1.21	0	0	FALSE	Neurodegenerative
SRX966637	25.696	20.192	27.821	34.742	37.284	SRP056477	GSE67196	Brain	Cerebellum	Neurodegenarative disease	Amyotrophic lateral sclerosis	0	50092	30491	1045	525644	22801404	19905	1098	11911	5426	16246	9739	580	86	181	230	211	57	14	6	247	10	18	0	0	3	1	0	624	38	31	12	18	0	9	0	0	0	0	10157	894893	34683702	0	35.6872598547871	62.8170480997145	34683702	0	34.8702878660415	61.1415849941462	44111	33878814	56959672	0	25537	12576229	0	0.371347	33455232	52594275	33218592	459861	11384284	5802959	29711	83190	120511	109585	449805	650855	34683702	13499225	38.9	1.3	NA	NA	34683702	13372299	38.6	3.3	551876	1.59	34131826	195	28744749	84.22	195.98	12549310	12530434	12413212	106725	11701	17672	0.15	0.01	1.57	0.01	1.49	5178176	15.17	7425	0.02	0	0	183329	0.54	18147	0.05	0	0	FALSE	Neurodegenerative
SRX834752	46.879	26.209	50.844	52.871	57.438	SRP051844	GSE64810	Brain	Prefrontal cortex	Healthy	Healthy	0	57972	44170	910	524768	23873806	14763	673	10167	1062	16341	10710	544	19	111	297	552	55	11	7	271	19	22	1	0	0	3	0	147	7	47	5	151	0	5	0	0	0	0	11290	722478	31494911	0	36.1128319111618	51.014641398759	31494911	0	35.831808097505	49.9949773072212	72894	30261620	10460092	0	44809	9277720	0	0.306954	38643667	52439241	34879475	515973	11529670	4084522	35298	88972	121589	90719	388904	528463	31494911	11597713	36.8	1.7	NA	NA	31494911	11353857	36	2.4	708288	2.25	30786623	197	28616799	92.95	197.2	12369048	12342550	12199716	132840	12904	23588	0.15	0.01	1.6	0.01	1.33	1717715	5.58	5824	0.02	0	0	430994	1.4	15291	0.05	0	0	FALSE	Healthy
SRX1304783	13.677	38.578	14.864	21.994	25.611	SRP064478	PRJNA297335	Spinal cord	NA	Neurodegenarative disease	Amyotrophic lateral sclerosis	0	41566	11703	1986	756501	13351435	42314	4323	8171	304824	17619	8125	11788	6002	387	268	354	82	13	3	564	179	897	2	1	6	16	0	97	36	50	23	14	1	20	1	2	0	0	10663	18287410	58733563	0	33.39410074611	64.6714631253077	58733563	0	32.1712413564966	60.2146491126777	88176	54680375	52221930	0	56855	31153823	0	0.569805	27149641	57479068	28270118	577888	4892785	21486224	45232	136309	222944	92456	471617	631697	58733563	41987387	71.5	0.5	NA	NA	58733563	42560097	72.5	1.6	381344	0.65	58352219	258	46426668	79.56	256.58	15424663	15371046	14835388	536898	8494	43883	0.57	0.04	1.1	0	1.5	8341883	14.3	59553	0.1	0	0	3381564	5.8	142551	0.24	0	0	FALSE	Neurodegenerative
SRX834739	44.026	30.048	47.774	51.992	56.341	SRP051844	GSE64810	Brain	Prefrontal cortex	Healthy	Healthy	0	69820	103519	1075	626956	34977994	20998	846	13597	1273	19904	15542	566	18	115	326	555	79	8	12	652	15	44	0	0	0	1	0	285	26	29	7	339	0	8	1	0	0	0	24625	2109654	46851342	0	36.0379381448668	58.3890315967665	46851342	0	35.6521510312341	57.6153674310369	99143	45284760	15937098	0	63989	15969813	0	0.352973	48003424	74339388	51346372	852052	15138722	5182299	51416	117692	157880	115441	478280	649319	46851342	16907615	36.1	1.6	NA	NA	46851342	16168544	34.5	2.5	838649	1.79	46012693	197	42072953	91.44	197.08	17890721	17850308	17658328	177437	14272	40684	0.15	0.01	1.52	0.01	1.3	3310950	7.2	6416	0.01	0	0	603036	1.31	19338	0.04	0	0	FALSE	Healthy
SRX966632	30.597	16.256	33.262	39.303	42.444	SRP056477	GSE67196	Brain	Frontal cortex	Neurodegenarative disease	Amyotrophic lateral sclerosis	0	35424	53590	396	401323	32167481	12364	372	8840	5858	12671	7089	245	40	31	96	127	28	5	4	344	3	45	0	0	0	2	0	346	48	25	3	466	0	3	0	0	1	0	13190	1253422	44455919	0	35.00418952086	69.3794458901017	44455919	0	34.0826573847231	66.3292629098726	58466	43026218	77599013	0	42376	13270049	0	0.3087	54520153	74981155	51208550	757742	18869719	2242164	39094	79589	100232	120554	549584	777512	44455919	17306649	38.9	1.6	NA	NA	44455919	16620864	37.4	4.6	1134093	2.55	43321826	195	36222093	83.61	195.25	16526309	16502078	16322166	168499	14795	20849	0.17	0.01	1.55	0.01	1.48	6862591	15.84	4307	0.01	0	0	212350	0.49	20485	0.05	0	0	FALSE	Neurodegenerative
SRX680543	34.981	17.001	37.688	45.028	48.944	SRP045500	GSE60424	Blood	NA	Neurodegenarative disease	Multiple sclerosis	1	23591	16506	520	187311	13263658	13399	209	4662	615	5265	5327	204	18	60	124	797	21	0	24	0	2381	12194	25	0	0	6	0	15323	348	4152	65	1	19	70	2	10	4	0	3456	329672	18748609	0	37.9851639126935	55.1549036404561	18748609	0	37.7390693357571	53.6954413934108	10337	17648867	22182753	0	6652	4881745	0	0.276711	25699307	29366497	20775421	292291	5262369	2004014	13664	27615	42327	61045	351004	488095	18748609	6073391	32.4	0.3	NA	NA	18748609	6034636	32.2	0.8	236940	1.26	18511669	98	15284386	82.57	98.36	4666202	4659390	4621419	35967	3117	5699	0.15	0.01	1.39	0.01	1.19	2374818	12.83	14447	0.08	0	0	648724	3.5	189294	1.02	0	0	FALSE	Neurodegenerative
SRX902288	13.601	31.792	14.784	32.73	42.197	SRP055874	GSE66573	Blood	NA	Healthy	Healthy	0	34983	18830	875	271609	18127600	18655	624	4968	1898	9140	9107	467	41	82	231	782	25	3	85	0	6408	23866	228	0	0	4	0	16664	792	6645	145	0	31	31	8	22	38	0	5232	139949	31409766	0	35.4893836203683	76.3275496302062	31409766	0	34.5457122794229	73.87982311661	33151	30524921	59733247	0	23979	19187747	0	0.628644	12392596	28891112	19583229	270787	4645814	3373442	13434	37800	58076	59814	294216	420594	31409766	14986081	47.7	1.3	NA	NA	31409766	14108120	44.9	3.9	704536	2.24	30705230	190	21861436	71.2	191.11	11990211	11972006	11867804	93829	8047	20531	0.2	0.02	1.43	0.01	1.34	8696636	28.32	7363	0.02	0	0	88838	0.29	50957	0.17	0	0	FALSE	Healthy
SRX834791	38.099	46.919	41.036	44.058	47.549	SRP051844	GSE64810	Brain	Prefrontal cortex	Neurodegenarative disease	Huntington disease	0	107822	111449	1202	941929	48876806	36913	1131	21556	1557	26763	18846	1676	10	178	365	615	126	7	21	8598	181	923	4	0	0	12	0	693	49	87	25	1045	0	10	0	0	0	0	20128	2427851	62111065	0	34.6457077333966	64.7368982403012	62111065	0	32.7475245191819	61.7148916137685	178249	59989632	8862467	0	143586	30170303	0	0.503374	37274502	74989139	50660359	634779	17519336	4551275	48145	124357	168781	139074	408949	523972	62111065	21356093	34.4	1.9	NA	NA	62111065	20734345	33.4	5.3	1374697	2.21	60736368	196	57395278	94.5	195.51	23369397	23330027	22972179	298658	21635	76925	0.38	0.01	1.62	0.01	1.44	2772603	4.56	6193	0.01	0	0	534663	0.88	27631	0.05	0	0	FALSE	Neurodegenerative
SRX834797	53.551	31.046	57.538	58.455	62.927	SRP051844	GSE64810	Brain	Prefrontal cortex	Neurodegenarative disease	Huntington disease	0	80959	32933	1142	687964	34945456	18820	821	14785	1032	22679	14821	1132	25	124	282	402	64	5	11	1998	11	34	2	2	2	4	0	400	25	39	5	945	0	4	0	0	0	0	12099	1157863	43012945	0	36.1070301277906	56.9001613441787	43012945	0	35.29893891246	55.8872225174767	97762	41679906	4629717	0	70005	13620224	0	0.327238	48953424	69535234	44019101	474490	19931057	3686716	33315	89696	124283	141327	392920	498521	43012945	15295147	35.6	1.3	NA	NA	43012945	15009027	34.9	3.1	752131	1.75	42260814	198	40405788	95.61	197.54	16176099	16150413	15989899	144368	18661	23171	0.18	0.01	1.59	0.02	1.33	1371880	3.25	2945	0.01	0	0	468872	1.11	11329	0.03	0	0	FALSE	Neurodegenerative
SRX834793	50.6	32.239	54.297	56.143	60.351	SRP051844	GSE64810	Brain	Prefrontal cortex	Neurodegenarative disease	Huntington disease	0	88379	42372	1157	678951	34248815	19160	1015	13205	1382	22296	14208	579	17	151	277	381	47	13	12	1368	28	55	1	0	0	3	0	267	34	44	9	518	0	12	0	0	0	0	15288	1056805	42795852	0	36.4266648786429	54.6888496591349	42795852	0	35.8209908988376	54.06223865932	90938	41656753	5662839	0	62361	14310975	0	0.343918	45756489	68028447	43491359	470078	18016006	4506101	32470	92046	130975	140243	421259	547443	42795852	15128455	35.4	1	NA	NA	42795852	14924092	34.9	2.3	474505	1.11	42321347	198	40107160	94.77	197.87	16342847	16311253	16130356	167857	15660	28974	0.17	0.01	1.65	0.01	1.39	1640531	3.88	3596	0.01	0	0	557820	1.32	12240	0.03	0	0	FALSE	Neurodegenerative
SRX1304788	26.053	36.879	28.336	30.367	34.63	SRP064478	PRJNA297335	Spinal cord	NA	Neurodegenarative disease	Amyotrophic lateral sclerosis	0	57164	16411	2274	972743	24496704	54555	3926	11795	260027	22003	11443	6789	4706	532	311	1021	84	17	8	113	52	190	1	1	1	16	0	173	24	75	33	10	0	22	1	2	0	0	4718	10327848	61091937	0	33.3060348864041	56.8310247591763	61091937	0	32.3433172040363	52.7364017348246	100253	57275183	19782361	0	65219	24747389	0	0.43227	45359720	81532560	44229525	861008	8755448	24956232	57503	167413	268187	129313	501500	702827	61091937	45914146	75.2	0.5	NA	NA	61091937	45881473	75.1	1.5	400820	0.66	60691117	252	53834927	88.7	250.37	24440695	24381707	24148230	227693	15690	49082	0.55	0.03	1.16	0.01	1.52	3540509	5.83	17546	0.03	0	0	3226838	5.32	71297	0.12	0	0	FALSE	Neurodegenerative
SRX700841	19.337	15.004	20.678	31.626	34.874	SRP047122	GSE61405	Blood	NA	Neurodegenarative disease	Huntington disease	0	18167	14243	439	166011	9170709	23009	584	4207	2756	4174	3986	1438	769	64	129	622	19	4	28	0	1838	7948	44	0	0	17	0	8488	343	2477	101	2	16	36	3	2	9	0	6578	756951	22893487	0	25.0975629007499	46.7645593082029	22893487	0	22.8306949483056	37.5078411252452	128310	16204415	45164323	0	81632	5767465	0	0.357025	16961752	23722921	15740969	238807	3621430	3226754	17212	38807	55034	58911	262691	363956	22893487	6060205	26.5	16.6	NA	NA	22893487	6851697	29.9	24.3	5403982	23.6	17489505	93	12061648	68.97	93.76	3050717	3042750	3009495	32055	2462	6705	0.33	0.01	1.27	0	1.26	4271077	24.42	19802	0.11	0	0	852352	4.87	284626	1.63	0	0	FALSE	Neurodegenerative
SRX834767	26.149	57.905	28.21	31.806	34.358	SRP051844	GSE64810	Brain	Prefrontal cortex	Healthy	Healthy	0	88552	56399	1632	793623	35632244	20422	1171	16207	1782	24488	17998	2462	10	114	237	1028	63	4	8	5286	10	113	0	0	0	2	0	511	36	47	7	137	0	1	0	0	0	0	27016	2487304	47696550	0	35.1636248743358	71.3659951621628	47696550	0	34.0540704306706	67.8544768870194	116515	45462968	9853727	0	96070	29154120	0	0.641506	17652583	38816633	23332120	196193	11342632	2872285	20547	62144	91276	81994	288447	381764	47696550	17139670	35.9	2.1	NA	NA	47696550	16390617	34.4	4.9	1514258	3.17	46182292	197	43353229	93.87	196.78	12038995	12009929	11876169	97033	10966	54827	0.2	0.01	1.6	0.01	1.31	2226254	4.82	5483	0.01	0	0	583490	1.26	13836	0.03	0	0	FALSE	Healthy
SRX700847	17.911	13.439	19.148	28.083	31.108	SRP047122	GSE61405	Blood	NA	Neurodegenarative disease	Huntington disease	0	4409	3767	206	53307	2257518	4548	713	816	1950	1315	1125	3388	664	17	30	137	11	24	19	0	863	2534	19	0	0	1	0	1820	94	585	36	1	1	37	1	0	0	0	3313	490615	15267307	0	24.6210801289317	61.1840886178337	15267307	0	21.5868815633301	49.2653419152281	41597	4723421	13450729	0	20626	1526549	0	0.323944	5629505	7181644	4275641	81829	950570	1421466	7292	17588	23586	19536	145607	204146	15267307	3162249	20.7	17.5	NA	NA	15267307	3338341	21.9	30.8	4202501	27.53	11064806	90	3595022	32.49	92.08	734973	732272	726250	5893	678	2152	0.31	0.01	1.24	0	1.25	1169996	10.57	45244	0.41	0	0	1610157	14.55	4644387	41.97	0	0	FALSE	Neurodegenerative
SRX966663	18.908	45.357	20.678	24.765	26.973	SRP056477	GSE67196	Brain	Cerebellum	Healthy	Healthy	0	89770	75689	1543	873387	40966508	25361	1440	18455	7823	31397	16150	946	39	166	287	536	87	30	2	381	17	131	0	0	0	2	0	1538	34	86	3	15	0	0	0	0	0	0	30215	1956513	56172682	0	35.3585677287049	79.2894404545846	56172682	0	34.7989538580337	77.8441176290555	67570	55267739	47955384	0	54802	35922744	0	0.650075	20805568	46465257	28724366	314761	11939165	3944281	27436	75938	107491	109150	433583	605299	56172682	24686875	43.9	1.6	NA	NA	56172682	23992512	42.7	3.1	549649	0.98	55623033	193	50118981	90.1	193.42	17661976	17636973	17466240	150724	16943	28069	0.17	0.01	1.53	0.01	1.49	5216328	9.38	8847	0.02	0	0	230788	0.41	48089	0.09	0	0	FALSE	Healthy
SRX680660	15.497	35.571	16.715	27.026	29.49	SRP045500	GSE60424	Blood	NA	Neurodegenarative disease	Multiple sclerosis	0	52126	28333	1033	443015	28257774	35533	448	7638	3423	10668	14922	727	57	42	246	989	38	2	323	0	16660	70385	137	0	0	9	0	40957	790	11927	247	8	61	592	1	70	20	0	8702	777786	42962769	0	35.9553973813932	72.8674157179772	42962769	0	34.88453733045	70.5931655043626	32648	38802957	62591444	0	26577	24924068	0	0.642396	15010582	32009209	22779727	315956	5735918	1980704	16663	31879	45920	70415	381945	538010	42962769	14133976	32.9	3	NA	NA	42962769	13423542	31.2	5.4	2531489	5.89	40431280	98	32466264	80.3	97.97	10667677	10654633	10565689	82467	7445	12076	0.18	0.01	1.36	0	1.26	6369341	15.75	36935	0.09	0	0	1067141	2.64	491599	1.22	0	0	FALSE	Neurodegenerative
SRX966625	21.973	42.145	23.854	28.821	32.107	SRP056477	GSE67196	Brain	Cerebellum	Neurodegenarative disease	Amyotrophic lateral sclerosis	0	42070	53835	606	415342	33307239	18416	499	12172	5082	10809	6797	390	36	52	111	222	34	8	0	319	42	75	1	0	0	0	0	1084	50	34	8	32	0	3	0	0	0	0	21479	2784847	44696564	0	35.3555222499877	79.7501651472136	44696564	0	34.8208367873647	78.7222227839783	40632	44044351	39918688	0	33547	26960247	0	0.612214	18932974	44037305	32029289	474566	8847261	1755600	17302	33869	44983	62006	261668	379907	44696564	15807104	35.4	1.7	NA	NA	44696564	16071661	36	3.1	410611	0.92	44285953	196	39237427	88.6	196.71	20173957	20154947	19991444	149202	13301	20010	0.15	0.01	1.32	0.01	1.74	4847556	10.95	2853	0.01	0	0	162980	0.37	35137	0.08	0	0	FALSE	Neurodegenerative
SRX834765	19.334	55.894	21.017	24.989	27.306	SRP051844	GSE64810	Brain	Prefrontal cortex	Healthy	Healthy	0	158018	52753	2846	1351430	63699379	41376	2267	27326	5361	43692	30961	1115	71	230	269	1143	121	5	0	11714	69	444	5	0	0	13	0	687	39	60	0	380	0	2	0	0	4	0	26262	2384908	83522440	0	34.7665432427501	76.5586483911681	83522440	0	33.3321225888516	72.6342580399143	297103	79064474	40296058	0	264879	55367489	0	0.700641	24703395	56842524	34035665	240406	17389574	3471600	27288	81571	117205	129112	513805	669482	83522440	29868694	35.8	2.4	NA	NA	83522440	28145104	33.7	6.1	3122862	3.74	80399578	196	74803473	93.04	195.9	24044730	23986735	23695851	243195	30433	75251	0.21	0.01	1.55	0.02	1.34	4558104	5.67	40602	0.05	0	0	962465	1.2	34934	0.04	0	0	FALSE	Healthy
SRX834731	39.236	33.646	42.718	46.4	50.516	SRP051844	GSE64810	Brain	Prefrontal cortex	Healthy	Healthy	0	105842	129033	1753	889317	44161632	25037	1212	18838	2247	28813	20243	759	26	215	403	1008	125	12	12	3463	20	53	1	0	1	1	0	373	32	53	11	170	0	8	0	0	0	0	33830	3479257	60054217	0	35.1459020438148	61.966387055637	60054217	0	34.3341591482243	60.6117595789972	149968	58642064	23026737	0	106686	23553739	0	0.402048	51757093	85678036	54862645	673414	20622454	7003019	55374	147645	209449	163034	680927	931115	60054217	20400812	34	2.2	NA	NA	60054217	19992118	33.3	3.7	638223	1.06	59415994	196	54605715	91.9	195.75	18275753	18229471	17989160	190409	16049	80135	0.21	0.01	1.42	0.01	1.31	4186317	7.05	15029	0.03	0	0	581908	0.98	27025	0.05	0	0	FALSE	Healthy
SRX834759	39.667	46.16	42.706	44.019	47.544	SRP051844	GSE64810	Brain	Prefrontal cortex	Healthy	Healthy	0	63821	30847	588	533962	25195333	13874	566	10538	740	13672	10692	361	7	62	205	463	35	6	8	1895	12	7	0	0	0	1	0	217	26	48	3	802	0	13	0	0	0	0	4902	744609	31150377	0	35.9288160140084	60.4028509379255	31150377	0	35.655585452465	59.0566336933824	97833	29915178	4220095	0	71834	14758339	0	0.493733	19198258	38161242	25565953	311797	9574901	1896694	23635	59740	79798	66868	201690	261390	31150377	10450394	33.5	1.8	NA	NA	31150377	10351917	33.2	2.7	418613	1.34	30731764	197	29031178	94.47	197.5	12835602	12818084	12683095	124020	12773	15714	0.14	0.01	1.67	0.02	1.31	981833	3.19	2708	0.01	0	0	706833	2.3	9212	0.03	0	0	FALSE	Healthy
SRX700849	17.824	12.418	19.096	29.897	33.149	SRP047122	GSE61405	Blood	NA	Neurodegenarative disease	Huntington disease	0	9204	7784	339	102519	4995418	8737	524	1679	2218	2486	2285	1687	410	29	62	327	5	14	18	0	795	3236	15	0	1	2	0	3095	148	925	59	0	3	19	1	1	2	0	3320	354492	15182552	0	25.47435095233	47.689416386824	15182552	0	20.7827714998111	21.0679078922785	75315	9265548	30067411	0	39403	2993009	0	0.323836	11050234	14132851	9054869	155983	2059289	2227610	12558	26130	36974	34582	188036	268147	15182552	3499780	23.1	16.2	NA	NA	15182552	3149568	20.7	33.7	4351913	28.66	10830639	90	6761481	62.43	91.2	1612626	1607817	1590606	16830	1228	3962	0.33	0.01	1.37	0	1.27	2579382	23.82	26937	0.25	0	0	676623	6.25	786216	7.26	0	0	FALSE	Neurodegenerative
SRX966626	27.915	31.794	30.306	34.434	37.62	SRP056477	GSE67196	Brain	Frontal cortex	Neurodegenarative disease	Amyotrophic lateral sclerosis	0	29250	73256	462	313504	25942200	11388	443	6804	4771	9612	5921	460	34	74	118	152	28	5	2	241	25	72	0	0	0	0	0	236	22	7	3	58	0	7	0	0	0	0	24517	3714071	37467261	0	35.0997529016065	73.3967022057766	37467261	0	34.7686556537987	71.2152475477766	34077	36782361	37572281	0	23273	17656271	0	0.480114	24694181	47708402	32970946	491263	10523290	2483629	22083	49484	67819	74485	360331	525539	37467261	15346528	41	1.4	NA	NA	37467261	15300424	40.8	3.1	476756	1.27	36990505	194	32488158	87.83	194.75	12333942	12315946	12140007	167801	9411	16723	0.18	0.01	1.26	0.01	1.53	4328280	11.7	5622	0.02	0	0	147169	0.4	21276	0.06	0	0	FALSE	Neurodegenerative
SRX1304796	18.974	44.51	20.713	24.06	28.3	SRP064478	PRJNA297335	Spinal cord	NA	Healthy	Healthy	0	45772	18622	2095	777144	18602436	45064	4847	9963	395038	18515	7934	14938	6620	365	206	601	66	15	7	406	83	289	0	2	3	19	0	257	55	116	32	23	1	37	0	0	0	0	8069	17247448	61238667	0	33.347077786654	64.2647448919511	61238667	0	32.2735211561676	59.7251639046204	75912	57709345	26787111	0	50370	31637678	0	0.5483	30802217	65097752	34749060	709520	6359119	20978572	51441	145322	231327	105221	421422	591878	61238667	45764585	74.7	0.5	NA	NA	61238667	46179314	75.4	1.4	297595	0.49	60941072	255	53007140	86.98	252.96	22122372	22069572	20986576	1073206	12750	49840	0.61	0.04	1.09	0	1.53	4778117	7.84	17304	0.03	0	0	3057220	5.02	81291	0.13	0	0	FALSE	Healthy
SRX966640	30.617	13.892	33.034	41.029	44.674	SRP056477	GSE67196	Brain	Frontal cortex	Neurodegenarative disease	Amyotrophic lateral sclerosis	0	25405	24170	229	315484	22671476	8693	231	5889	3721	8370	5061	202	37	24	76	52	16	7	4	182	3	3	0	0	0	1	0	263	26	21	11	188	0	1	0	0	0	0	7844	983106	31271651	0	34.6519504838424	64.9940449133305	31271651	0	34.3390033995966	64.3219418447776	30812	30668905	61504631	0	20749	8517048	0	0.277908	44434991	57029397	40290001	670614	13051993	1618662	27737	54097	67041	85727	386628	565728	31271651	12041168	38.5	1.7	NA	NA	31271651	12110005	38.7	3.4	412458	1.32	30859193	195	25544776	82.78	195.25	13424851	13408500	13274605	122337	12460	15449	0.15	0.01	1.51	0.01	1.52	5154941	16.7	3008	0.01	0	0	145980	0.47	10488	0.03	0	0	FALSE	Neurodegenerative
SRX966644	35.293	16.53	38.261	43.532	46.912	SRP056477	GSE67196	Brain	Frontal cortex	Neurodegenarative disease	Amyotrophic lateral sclerosis	0	28688	26031	317	331531	24504601	9599	584	7696	4594	9807	5742	650	41	42	79	78	18	7	4	195	5	18	0	0	0	0	0	221	21	20	12	95	0	0	0	0	0	0	9573	1075734	33197246	0	34.6228812474384	65.3500189898465	33197246	0	33.8509880910001	63.4197070732791	43199	32056751	45518506	0	30426	9038990	0	0.282253	45563325	58389704	40112107	589237	14312227	1945502	28116	56616	72469	91525	404241	587244	33197246	13394996	40.3	1.8	NA	NA	33197246	13172827	39.7	4.7	845503	2.55	32351743	194	27906188	86.26	194.27	13667875	13647629	13511118	126531	12250	17976	0.15	0.01	1.56	0.01	1.45	4193762	12.96	2826	0.01	0	0	237750	0.73	11217	0.03	0	0	FALSE	Neurodegenerative
SRX966648	41.395	17.871	44.835	48.633	52.648	SRP056477	GSE67196	Brain	Frontal cortex	Neurodegenarative disease	Amyotrophic lateral sclerosis	0	29406	40046	278	323857	26115207	10078	287	7003	5001	9020	5595	257	13	33	111	60	26	4	2	212	25	143	4	0	1	2	0	203	12	18	1	185	0	4	0	0	2	0	7039	1153255	33496410	0	35.1849033374024	64.8085357372242	33496410	0	34.6882713998306	64.0991928031645	34769	32694658	32873451	0	23790	8763619	0	0.268266	49517154	60954944	42641788	660139	14629989	1669641	27071	52330	67377	96967	393590	556275	33496410	13800511	41.2	1.3	NA	NA	33496410	13645091	40.7	3.5	611308	1.82	32885102	194	29452958	89.56	194.7	14393579	14376005	14238618	124428	12754	17779	0.13	0.01	1.52	0.01	1.49	3276469	9.96	2028	0.01	0	0	144835	0.44	8812	0.03	0	0	FALSE	Neurodegenerative
SRX834788	38.225	48.968	41.11	42.092	45.376	SRP051844	GSE64810	Brain	Prefrontal cortex	Neurodegenarative disease	Huntington disease	0	63916	25091	832	548545	26087334	15224	734	11728	1136	16770	11675	471	9	81	205	352	37	12	15	674	13	15	0	0	0	2	0	306	30	25	4	260	0	5	0	0	0	0	7281	693307	32670910	0	35.8829502147323	61.7429033835484	32670910	0	35.4667040189575	59.9729095446838	125398	31149487	3354150	0	89698	16048868	0	0.515623	18571125	37595466	24362256	275949	9912320	2245954	20713	54888	75664	72018	211787	270613	32670910	11439969	35	2.2	NA	NA	32670910	11181154	34.2	3.5	801242	2.45	31869668	197	30374061	95.31	197.52	12911414	12893333	12766019	113442	12167	19786	0.15	0.01	1.66	0.01	1.32	900824	2.83	2921	0.01	0	0	578705	1.82	13157	0.04	0	0	FALSE	Neurodegenerative
SRX1114577	60.246	33.619	60.358	61.109	61.225	SRP061397	GSE71191	Brain	Prefrontal cortex	Neurodegenarative disease	Alzheimer’s disease	0	0	0	0	162	118236	0	0	0	3	0	0	0	0	0	0	0	0	0	0	0	0	0	0	0	0	0	0	0	0	0	0	0	0	0	0	0	0	0	0	0	126930	0	36.1285117781454	71.8821397620736	126930	0	35.8520759473726	70.585362010557	3	126871	2250	0	3	43049	0	0.339321	141706	205463	188362	252	2270	14002	0	0	0	65	66	69	126930	38318	30.2	0.1	NA	NA	126930	38042	30	0.1	18	0.01	126912	196	126273	99.5	195.7	45161	45116	44952	177	4	28	0.14	0	1.36	0.02	2.56	601	0.47	28	0.02	0	0	10	0.01	0	0	0	0	FALSE	Neurodegenerative
SRX834792	11.486	79.733	12.419	15.288	16.723	SRP051844	GSE64810	Brain	Prefrontal cortex	Neurodegenarative disease	Huntington disease	0	126772	83065	1736	1074199	54103566	43390	1638	22366	2153	34153	25801	5015	21	139	443	1076	156	3	5	18201	44	147	9	0	0	8	0	615	17	62	5	554	0	8	0	0	0	0	30897	1825657	68382311	0	34.5869460597785	82.2809601859044	68382311	0	32.6532202311794	78.6255330919406	189791	65461402	8735085	0	179918	55657420	0	0.850374	9816451	24657684	17032617	201463	5405402	1479152	14589	37870	52600	41688	129324	168514	68382311	23488642	34.3	2	NA	NA	68382311	22742027	33.3	5.5	1802404	2.64	66579907	196	63434640	95.28	195.53	26538070	26504368	26215411	227594	24482	70583	0.38	0.01	1.64	0.01	1.56	2216553	3.33	8776	0.01	0	0	879159	1.32	40779	0.06	0	0	FALSE	Neurodegenerative
SRX834790	37.309	47.629	40.177	42.214	45.545	SRP051844	GSE64810	Brain	Prefrontal cortex	Neurodegenarative disease	Huntington disease	0	75568	56454	884	602492	28869434	19196	1016	13663	791	16475	12700	593	10	130	297	578	24	2	23	328	20	49	8	1	0	6	0	427	57	47	3	183	0	2	0	0	0	0	15499	705259	35660344	0	34.8001263812822	62.0897929839592	35660344	0	34.8174054069697	60.8988654780894	129438	34542216	5546134	0	97095	17740722	0	0.514038	20706547	42220341	28011736	319888	10536306	2347286	29345	76918	103199	79134	245055	316527	35660344	12081002	33.9	2.7	NA	NA	35660344	11825667	33.2	3.3	421672	1.18	35238672	196	33393375	94.76	195.86	14614671	14592250	14450258	129692	14031	20690	0.18	0.01	1.63	0.01	1.31	1278279	3.63	3704	0.01	0	0	551710	1.57	11604	0.03	0	0	FALSE	Neurodegenerative
SRX966656	35.075	15.755	37.878	43.745	46.91	SRP056477	GSE67196	Brain	Frontal cortex	Neurodegenarative disease	Amyotrophic lateral sclerosis	0	29668	27726	324	359193	25127277	9591	273	7648	4198	9696	5687	289	21	24	130	82	28	6	6	278	6	10	0	0	0	1	0	210	16	14	5	608	0	0	0	0	0	0	6356	813994	33143005	0	35.2556263682186	65.5635101729451	33143005	0	34.9632354398764	65.1670725158368	31908	32540172	49056486	0	21866	8975021	0	0.276014	47553756	60604243	42665088	686262	14069607	1734093	31775	61857	76941	92186	399540	580325	33143005	12796040	38.6	1.3	NA	NA	33143005	12798141	38.6	2.8	376902	1.14	32766103	195	28091103	85.73	195.99	14754342	14736507	14589872	134354	12910	17206	0.14	0.01	1.6	0.01	1.51	4480977	13.68	3384	0.01	0	0	181335	0.55	9304	0.03	0	0	FALSE	Neurodegenerative
SRX1304784	24.762	33.313	26.868	32.879	40.653	SRP064478	PRJNA297335	Spinal cord	NA	Neurodegenarative disease	Amyotrophic lateral sclerosis	0	68696	17639	4118	1068983	25148788	70808	8210	14463	503615	27487	12588	20225	9772	517	441	740	44	15	7	572	34	50	1	4	11	29	0	141	35	44	41	85	0	12	2	0	1	0	7381	14816016	78396564	0	32.5179396127616	50.7545805595236	78396564	0	30.8760689690431	48.3845576021206	242579	70625416	32498287	0	149394	28883665	0	0.409325	60711035	104025190	53191443	819660	12223398	33974115	70806	236682	388134	176000	672153	959435	78396564	52238143	66.6	1.1	NA	NA	78396564	51444477	65.6	2.1	643342	0.82	77753222	263	63961175	82.26	259.77	27381255	27308841	27038728	268706	18421	55400	0.78	0.03	1.18	0.01	1.42	6906820	8.88	26970	0.03	0	0	6769610	8.71	88647	0.11	0	0	FALSE	Neurodegenerative
SRX1304792	16.395	42.055	17.843	20.42	24.856	SRP064478	PRJNA297335	Spinal cord	NA	Healthy	Healthy	0	40718	13273	2444	777671	15337146	47357	5511	8233	448723	16078	7802	21792	6283	340	166	1094	67	364	7	103	28	93	0	1	6	19	0	41	21	41	10	25	0	64	0	0	0	0	4234	15760311	56079411	0	33.2962400942478	63.4182547356922	56079411	0	32.2324247842047	59.5925030297541	63423	52686992	34182507	0	39418	29340401	0	0.55692	27316410	57420903	29237870	634810	5040986	20757257	36721	101598	161908	75078	342389	463008	56079411	42186146	75.2	0.5	NA	NA	56079411	42519051	75.8	1.5	252233	0.45	55827178	252	47965864	85.92	250.59	17688585	17634647	17402943	217059	10766	57817	0.53	0.05	1.09	0	1.5	4784551	8.57	26928	0.05	0	0	2961984	5.31	87851	0.16	0	0	FALSE	Healthy
SRX966669	12.907	33.005	14.16	20.016	21.544	SRP056477	GSE67196	Brain	Cerebellum	Healthy	Healthy	0	45905	51864	1008	499939	26061909	15378	885	13140	6640	16564	9040	823	89	61	169	221	27	11	5	481	4	57	0	0	0	0	0	619	29	4	0	12	0	2	0	0	0	0	26310	3156975	42097505	0	35.469594480718	81.3422489449002	42097505	0	34.4191581425075	78.363003712468	56516	40750848	82430168	0	44648	27030148	0	0.663391	14621400	32551830	19735579	193619	8821124	2518807	16399	44857	63687	77673	381039	547798	42097505	16320511	38.8	1.4	NA	NA	42097505	15837751	37.6	4.3	1065124	2.53	41032381	195	33384582	81.36	195.98	10216019	10199478	10106038	76655	7395	25931	0.15	0.01	1.35	0.01	1.54	7422782	18.09	6465	0.02	0	0	193852	0.47	24700	0.06	0	0	FALSE	Healthy
SRX834794	37.942	44.054	41.032	44.187	47.807	SRP051844	GSE64810	Brain	Prefrontal cortex	Neurodegenarative disease	Huntington disease	0	83902	43975	1464	613036	29383747	18405	969	15385	1363	21850	15252	780	23	123	158	572	51	3	5	2776	13	27	0	0	0	4	0	270	20	38	5	57	0	5	0	0	1	0	22761	2026764	39246657	0	36.2353639954608	61.7684208654648	39246657	0	35.5391660492255	60.4264777437673	79581	37930940	7049863	0	55751	18244430	0	0.481221	25381515	47524857	29298877	263531	12851871	3887070	23916	72571	106933	98377	314573	417611	39246657	14109994	36	1.3	NA	NA	39246657	13756858	35.1	2.9	810437	2.06	38436220	198	36154315	94.06	198	11453712	11428169	11317101	103269	8994	24348	0.17	0.01	1.49	0.01	1.34	1856206	4.83	3755	0.01	0	0	410012	1.07	11932	0.03	0	0	FALSE	Neurodegenerative
SRX1304790	21.88	35.298	23.767	29.009	37.395	SRP064478	PRJNA297335	Spinal cord	NA	Healthy	Healthy	0	71461	14960	4518	1119670	23699191	79533	12692	15857	649722	29554	12951	22012	10738	619	381	699	65	38	11	550	70	119	9	3	13	37	0	145	48	129	52	75	1	20	5	0	0	0	11227	15142769	80875842	0	32.7344702884206	51.7085144748833	80875842	0	30.9463649478914	48.8615557758801	224823	72886813	32619571	0	140506	31436211	0	0.4316	57881146	101686257	49006771	754569	10322029	37886189	67632	233506	387968	162941	620465	902832	80875842	57748135	71.4	0.5	NA	NA	80875842	56991967	70.5	2.1	671110	0.83	80204732	259	66137490	82.46	256.4	27071886	26984835	26388924	590896	18351	73715	0.73	0.03	1.18	0.01	1.45	6974146	8.7	27750	0.03	0	0	6973193	8.69	92153	0.11	0	0	FALSE	Healthy
SRX834751	14.717	46.137	16.111	22.192	24.474	SRP051844	GSE64810	Brain	Prefrontal cortex	Healthy	Healthy	0	66022	109704	1207	626613	30130548	18162	990	11465	3117	18230	16670	568	49	166	242	786	46	10	4	1003	12	27	0	0	0	0	0	259	11	31	8	154	0	0	0	0	0	0	31413	3165014	47246718	0	35.0205002810989	76.9529901979529	47246718	0	34.0925483331985	73.4482729653149	99896	43088682	45039555	0	76044	30247209	0	0.702044	13375031	30530398	19090929	186468	7109949	2681407	18961	52693	74771	56801	468901	648035	47246718	19103304	40.4	3.4	NA	NA	47246718	17853078	37.8	5.8	3349737	7.09	43896981	196	38436331	87.56	196.39	11037585	11008415	10864169	126286	8757	38373	0.2	0.01	1.37	0.01	1.3	4752247	10.83	77564	0.18	0	0	589532	1.34	41307	0.09	0	0	FALSE	Healthy
SRX966638	25.842	15.037	28.055	35.54	38.911	SRP056477	GSE67196	Brain	Frontal cortex	Neurodegenarative disease	Amyotrophic lateral sclerosis	0	22295	23340	267	256802	19081283	7692	215	5559	3614	7183	4398	252	44	22	90	84	37	4	1	289	4	15	0	0	1	1	0	323	27	19	4	154	0	1	0	0	0	0	7326	1087888	27873030	0	34.5807282164874	65.9891429830769	27873030	0	34.1014144856157	64.8816618086915	30415	27221409	63935098	0	20556	8885439	0	0.326609	32019578	46128913	31315968	427919	11562968	1530536	20825	43257	55448	74752	369754	544990	27873030	10458190	37.5	1.8	NA	NA	27873030	10364613	37.2	3.9	480715	1.72	27392315	195	21900351	79.95	195.54	10243145	10226258	10131180	84062	8981	18922	0.15	0.01	1.47	0.01	1.47	5351473	19.54	2522	0.01	0	0	127267	0.46	10702	0.04	0	0	FALSE	Neurodegenerative
SRX834773	35.233	49.099	38.101	41.3	44.63	SRP051844	GSE64810	Brain	Prefrontal cortex	Healthy	Healthy	0	88639	68516	1359	788205	37546046	19651	1193	14377	1357	24955	16353	1040	15	140	252	573	63	7	11	3613	33	68	0	0	0	4	0	325	32	35	9	331	0	1	0	0	0	0	57597	2308711	49973492	0	35.7508918328141	66.6032305116033	49973492	0	34.6582922202035	64.5512043001193	106893	47295072	7740628	0	81941	25095302	0	0.530878	26778667	53195409	32439660	305265	15411634	3720718	31229	88874	125412	114560	349887	454494	49973492	18294798	36.6	2	NA	NA	49973492	17648899	35.3	4.4	1995656	3.99	47977836	198	45122971	94.05	197.51	13139626	13113501	12973543	119248	11262	35573	0.21	0.01	1.49	0.01	1.34	2278994	4.75	4861	0.01	0	0	557364	1.16	13646	0.03	0	0	FALSE	Healthy
SRX834798	20.929	67.191	22.608	26.395	28.563	SRP051844	GSE64810	Brain	Prefrontal cortex	Neurodegenarative disease	Huntington disease	0	86311	98573	1148	779498	38863713	25860	1128	14650	1401	22198	17527	814	22	152	215	671	132	7	13	23273	53	310	0	0	0	1	0	592	12	27	0	188	0	4	0	0	0	0	49812	2514929	50998717	0	34.8061735160906	76.283177589703	50998717	0	33.5561914234038	72.8917766539902	151676	48934228	7321864	0	128366	35319129	0	0.72196	14046179	33585007	22455798	247797	7719135	2456537	21580	56834	78219	54932	161910	213136	50998717	17801482	34.9	2	NA	NA	50998717	17074840	33.5	5.2	1461895	2.87	49536822	196	46803535	94.48	196.2	16398348	16366316	16212515	128718	13927	43188	0.19	0.01	1.54	0.01	1.52	2282369	4.61	5282	0.01	0	0	422996	0.85	22640	0.05	0	0	FALSE	Neurodegenerative
SRX902279	20.901	21.228	22.558	39.337	44.818	SRP055874	GSE66573	Blood	NA	Healthy	Healthy	0	60738	33830	2044	431101	28632909	35162	1289	7797	3199	16057	13768	673	57	221	672	1873	66	18	111	0	11083	46188	428	0	0	0	0	30227	1643	10084	225	6	82	306	7	71	57	0	4492	82796	46620640	0	34.8023876978094	62.4287803948255	46620640	0	34.1092176769774	60.3141629105526	143231	45360173	90474610	0	102753	19169284	0	0.423066	37143392	66752738	44770675	808418	9955321	8323351	34828	87736	148787	140808	1071024	1416227	46620640	13623271	29.2	2.5	NA	NA	46620640	13552125	29.1	4	434686	0.93	46185954	195	34971928	75.72	195.82	19348092	19308526	19134007	147391	16078	50616	0.23	0.01	1.71	0.01	1.34	10531476	22.8	123750	0.27	0	0	453655	0.98	105145	0.23	0	0	FALSE	Healthy
SRX834732	45.52	18.384	49.683	51.97	56.842	SRP051844	GSE64810	Brain	Prefrontal cortex	Healthy	Healthy	0	40694	24143	853	309978	13055007	10920	452	7300	1220	11830	10341	307	13	114	165	461	37	6	3	249	32	87	0	0	0	0	0	86	4	17	4	33	0	0	0	0	1	0	5763	620235	19210002	0	35.4687650735278	45.8879259770123	19210002	0	34.6387645873228	43.6970925128377	61689	17668148	9635374	0	31729	4114333	0	0.233358	31784415	32915910	21244980	278061	6782023	3487539	21131	56523	82156	57615	306799	426938	19210002	7468075	38.9	3.1	NA	NA	19210002	7010154	36.5	5	1113726	5.8	18096276	196	16539830	91.4	196.55	6155928	6141219	6076935	62319	4894	11780	0.16	0.01	1.53	0.01	1.33	1190007	6.58	4453	0.02	0	0	351694	1.94	10292	0.06	0	0	FALSE	Healthy
SRX1304785	23.404	39.172	25.465	29.903	35.429	SRP064478	PRJNA297335	Spinal cord	NA	Neurodegenarative disease	Amyotrophic lateral sclerosis	0	57810	13867	2498	778233	21793580	54979	5957	11717	397940	20934	9613	17531	7690	457	285	926	69	19	6	398	71	342	1	0	5	38	0	331	47	164	59	77	0	28	6	0	0	0	7881	14305917	64766445	0	33.1279091974247	59.9399925701378	64766445	0	29.8301536235314	52.5326993760779	114004	59615789	24629369	0	75998	28152475	0	0.472418	41098302	79378506	43654926	863187	7967143	24052891	62569	180951	289278	126508	506320	709767	64766445	46687544	72.1	0.9	NA	NA	64766445	45393040	70.1	2.1	532794	0.82	64233651	256	54757077	85.25	253.47	25600957	25548189	24660699	880785	16211	43262	0.67	0.03	1.12	0	1.53	4972716	7.74	26877	0.04	0	0	4408908	6.86	68073	0.11	0	0	FALSE	Neurodegenerative
SRX966672	31.022	23.441	33.661	38.073	41.114	SRP056477	GSE67196	Brain	Frontal cortex	Healthy	Healthy	0	35302	49412	463	391249	31222750	11076	395	8072	6138	11267	6822	326	29	41	129	109	34	7	6	793	53	274	1	0	1	1	0	155	4	15	4	67	0	3	0	0	0	0	14944	2261427	42402353	0	35.1139341724739	71.9067598067079	42402353	0	34.8627773086083	71.5208897776139	43359	41552317	54775013	0	32208	16139322	0	0.388594	38489187	64464664	44924361	700423	15293658	2028698	31459	62124	78974	96640	438589	633936	42402353	17065771	40.2	1.4	NA	NA	42402353	16958476	40	3	550833	1.3	41851520	195	36262095	86.64	195.11	16900339	16877504	16673511	151566	52118	23144	0.14	0.01	1.41	0.01	1.48	5333581	12.74	5294	0.01	0	0	229978	0.55	20572	0.05	0	0	FALSE	Healthy
SRX834768	37.003	23.055	39.85	43.584	47.067	SRP051844	GSE64810	Brain	Prefrontal cortex	Healthy	Healthy	0	69125	31930	1171	676589	31625500	18159	968	14002	2914	21402	13536	1440	40	115	238	491	67	11	13	1516	19	47	0	2	0	1	0	288	37	56	4	284	0	3	0	0	0	0	18728	958734	41886700	0	36.1716335495515	55.9737604652052	41886700	0	35.4832466630219	55.3627233118213	85792	40629859	36525987	0	57576	13541566	0	0.333647	46483577	66507391	41207118	463962	17818421	4987739	39622	105975	145733	132013	604829	802235	41886700	14610328	34.9	1.2	NA	NA	41886700	14348710	34.3	2.7	620971	1.48	41265729	198	37371794	90.56	197.8	14521395	14492483	14342104	140175	14199	24917	0.17	0.01	1.66	0.01	1.38	3343857	8.1	54382	0.13	0	0	476128	1.15	19568	0.05	0	0	FALSE	Healthy
SRX970048	4.048	55.557	4.351	12.927	16.39	SRP056604	GSE67333	Brain	Hippocampus	Neurodegenarative disease	Alzheimer’s disease	0	169737	32317	23418	2948177	63551895	192541	165058	42791	307467	82581	31419	853673	44115	1568	1125	1827	170	1760	22	90	52	78	0	0	5	12	0	196	71	179	102	70	0	105	1	0	6	0	19555	6747053	180318237	0	33.4919680143057	77.3546109612214	NA	NA	NA	NA	153694421	0	70308898	0	124448979	0	0	0.809717	NA	32972305	10518915	269459	2047042	18133374	44448	152330	247044	87937	320521	482822	180318237	73296535	40.6	5.4	274621	0.2	NA	NA	NA	NA	NA	NA	180043616	93	136292016	75.7	91.4	27667415	27542327	27250702	265994	24326	126393	0.35	0.02	1.68	0.01	1.44	17402405	9.67	338315	0.19	0	0	24270098	13.48	1740782	0.97	0	0	FALSE	Neurodegenerative
SRX680674	32.871	22.691	35.322	43.675	47.323	SRP045500	GSE60424	Blood	NA	Neurodegenarative disease	Amyotrophic lateral sclerosis	0	40509	19586	827	314527	20268949	26682	369	6430	973	8205	11160	488	35	75	173	1223	30	2	84	0	5158	27041	110	0	0	2	0	22435	577	6653	173	2	30	85	2	33	9	0	3495	457922	28874809	0	36.0710949464635	55.8794814430324	28874809	0	35.4062806787744	54.7647435816525	25074	26797309	29734155	0	17877	9443648	0	0.352579	28432832	39828864	27816167	399221	7399694	2928079	19884	41488	61548	88513	410801	551211	28874809	9307395	32.2	2.9	NA	NA	28874809	9166445	31.7	4.1	1310343	4.54	27564466	98	23507173	85.28	97.95	7200622	7190617	7130550	56156	5451	8465	0.18	0.01	1.38	0	1.27	3315210	12.03	14873	0.05	0	0	633418	2.3	93792	0.34	0	0	FALSE	Neurodegenerative
SRX1304782	20.715	31.897	22.43	26.228	32.117	SRP064478	PRJNA297335	Spinal cord	NA	Neurodegenarative disease	Amyotrophic lateral sclerosis	0	68073	14512	4142	1220752	19205648	73809	8192	14419	430210	28950	13104	21342	8818	668	357	1685	103	38	11	1115	66	161	2	0	6	27	0	136	56	94	36	46	0	22	2	0	0	0	7884	14570252	71751242	0	32.6981839143635	48.2450758412709	71751242	0	30.7683201776493	46.0271551716452	200309	64407576	35281613	0	112516	26134802	0	0.406014	56006372	92013831	41212252	734128	8984603	37320446	67682	223139	366317	178863	820265	1129191	71751242	46604181	65	0.6	NA	NA	71751242	46013155	64.1	2.2	545608	0.76	71205634	263	58707944	82.45	259.61	20363705	20295520	19662751	597824	37357	65773	0.79	0.03	1.17	0.01	1.4	5899941	8.29	29956	0.04	0	0	6473126	9.09	94667	0.13	0	0	FALSE	Neurodegenerative
SRX680541	39.26	16.615	42.21	49.359	53.466	SRP045500	GSE60424	Blood	NA	Healthy	Healthy	0	26700	17263	970	221504	15819338	19787	287	5349	594	5965	6215	261	16	46	140	649	39	1	160	0	7593	49992	154	0	0	3	0	13471	404	3350	71	1	13	97	0	41	38	0	3386	457586	21878596	0	37.8802328997711	54.7879091009579	21878596	0	37.6303454298438	53.8240087300695	11594	20789831	21191194	0	7472	5209650	0	0.250696	34216352	35788133	25124471	337326	6603129	2524071	17355	36309	60620	80446	384364	520138	21878596	7031410	32.1	0.3	NA	NA	21878596	6991670	32	0.8	169387	0.77	21709209	98	18410388	84.8	98.35	5556873	5548721	5502068	44105	3897	6803	0.15	0.01	1.38	0.01	1.21	2391037	11.01	14407	0.07	0	0	732446	3.37	160931	0.74	0	0	FALSE	Healthy
SRX966673	26.923	22.094	29.296	35.197	37.973	SRP056477	GSE67196	Brain	Frontal cortex	Healthy	Healthy	0	25965	196575	415	301221	23655757	20239	378	6538	4417	8736	5279	241	29	44	76	88	32	5	5	1060	41	152	1	0	0	0	0	138	11	10	2	93	0	0	0	0	0	0	18119	1884465	36386942	0	34.8734304190773	71.8596433391599	36386942	0	32.8454496395987	65.5048639166262	72968	33545588	54917835	0	53584	13443455	0	0.401114	29703851	49658852	33369414	503288	12202556	2130853	24677	50882	66896	76374	410017	620816	36386942	15283313	42	1.9	NA	NA	36386942	14007259	38.5	8.6	2493764	6.85	33893178	193	28158017	83.08	194.13	10895054	10874099	10754108	113966	8346	18634	0.23	0.01	1.34	0.01	1.56	5460539	16.11	6840	0.02	0	0	257136	0.76	10646	0.03	0	0	FALSE	Healthy
SRX1304794	17.869	49.909	19.522	23.164	28.767	SRP064478	PRJNA297335	Spinal cord	NA	Healthy	Healthy	0	45649	11155	2478	592189	16783551	44637	6544	9922	354275	15072	8723	18886	9093	312	234	797	50	13	5	209	60	223	2	1	4	24	0	218	39	82	23	26	1	23	0	1	0	0	11458	21030358	60243905	0	33.4945766048864	67.9843676562918	60243905	0	32.4039580601556	64.2977784273148	81637	56981722	24080308	0	57390	34439944	0	0.604474	25152029	57951555	33606111	578719	5333578	16415749	46713	135329	212749	85857	355820	500728	60243905	44381473	73.7	0.4	NA	NA	60243905	45345367	75.3	1.4	314299	0.52	59929606	255	52589199	87.75	254.05	22894513	22842713	22704093	137125	13226	40069	0.51	0.05	1.06	0	1.51	4474160	7.47	24426	0.04	0	0	2772118	4.63	69703	0.12	0	0	FALSE	Healthy
SRX834742	47.68	20.557	51.775	53.986	58.758	SRP051844	GSE64810	Brain	Prefrontal cortex	Healthy	Healthy	0	52457	42645	875	469548	22277597	15511	676	10010	1583	15453	10610	439	17	100	201	324	76	6	19	1020	7	40	0	0	0	2	0	173	22	36	3	142	0	8	0	1	1	0	10388	965023	30020489	0	36.0815570992198	50.9917708925594	30020489	0	35.4530182036675	49.4895487466399	82455	28630165	13643591	0	50889	7255499	0	0.253945	46474942	52854588	34742051	424660	12062398	4061704	30055	78555	110575	92008	448502	616398	30020489	10868729	36.2	2	NA	NA	30020489	10660958	35.5	3.2	827016	2.75	29193473	197	26913083	92.19	197.12	10878633	10853121	10738553	105495	10191	24394	0.16	0.01	1.58	0.01	1.31	1799537	6.16	6987	0.02	0	0	457900	1.57	15966	0.05	0	0	FALSE	Healthy
SRX834757	40.938	44.653	43.874	44.657	48.014	SRP051844	GSE64810	Brain	Prefrontal cortex	Healthy	Healthy	0	79617	38826	1065	679700	27717205	17979	969	12757	1272	20482	14065	495	14	145	303	455	87	6	9	1010	8	6	0	0	0	2	0	181	12	36	28	645	0	5	0	0	0	0	4735	601654	35497176	0	35.6583850782947	57.5137220959623	35497176	0	35.1580562634053	55.6544589416932	131484	33799810	3714653	0	92961	15890327	0	0.470591	23468730	44728355	28850889	373211	11020529	3485466	29409	79183	108746	83422	245968	317238	35497176	12288172	34.6	2.4	NA	NA	35497176	11981140	33.8	3.8	795841	2.24	34701335	197	32981275	95.04	197.15	14338407	14316308	14179631	123305	13746	21725	0.16	0.01	1.63	0.02	1.3	950019	2.74	3750	0.01	0	0	755437	2.18	10854	0.03	0	0	FALSE	Healthy
SRX834760	29.063	59.074	31.328	32.748	35.424	SRP051844	GSE64810	Brain	Prefrontal cortex	Healthy	Healthy	0	66899	40362	937	586020	25087873	15408	728	11571	945	17929	11830	477	10	94	184	490	59	0	11	954	11	24	0	0	0	0	0	376	15	36	8	283	0	0	0	0	0	0	8168	700527	31980686	0	35.7746023959586	67.8421633957394	31980686	0	35.330561295652	66.1746171783192	130094	30288964	3713797	0	97695	18972249	0	0.626642	12392352	27631174	17390080	190573	7657977	1754460	16763	44698	61670	54217	167438	218101	31980686	11187384	35	2.3	NA	NA	31980686	10997827	34.4	3.6	916997	2.87	31063689	197	29517739	95.02	197.28	11095170	11077222	10971870	92503	10675	20122	0.16	0.01	1.62	0.02	1.32	901319	2.9	2847	0.01	0	0	631176	2.03	10608	0.03	0	0	FALSE	Healthy
SRX966622	15.836	23.489	17.296	24.001	25.691	SRP056477	GSE67196	Brain	Frontal cortex	Neurodegenarative disease	Amyotrophic lateral sclerosis	0	22922	69433	635	269587	20307384	8849	380	4656	4199	8679	4921	467	67	67	108	133	32	4	3	319	5	42	1	0	0	2	0	162	8	4	2	34	0	2	0	0	0	0	34497	2994703	34434015	0	35.1472428643596	76.0183320124226	34434015	0	34.786806272809	74.5831511572624	34189	33629615	86376441	0	22527	18030860	0	0.536223	18690445	37221124	23400000	285434	9470758	2629641	20011	49791	68285	64858	427394	631894	34434015	13211372	38.4	1.3	NA	NA	34434015	12901202	37.5	3.3	568779	1.65	33865236	195	25883725	76.43	196.18	6992864	6978128	6894503	76469	7543	14349	0.17	0.01	1.3	0.01	1.43	7780079	22.97	6259	0.02	0	0	183105	0.54	12068	0.04	0	0	FALSE	Neurodegenerative
SRX834776	48.03	34.644	51.589	53.278	57.308	SRP051844	GSE64810	Brain	Prefrontal cortex	Healthy	Healthy	0	76288	42403	982	696441	32751151	19159	1017	13804	1169	19805	12611	687	23	142	262	391	79	9	9	1228	7	27	1	0	0	3	0	300	23	41	18	620	0	12	0	0	3	0	12573	1066625	41458992	0	36.1281885242169	56.2806244816335	41458992	0	35.4227519810419	55.1776539046215	95691	40090546	5677976	0	65167	14842132	0	0.370586	39738323	62667883	39959202	540422	16263624	4520384	38153	100373	136781	121691	358922	466998	41458992	14786231	35.7	1.3	NA	NA	41458992	14539471	35.1	2.9	732360	1.77	40726632	198	38628307	94.85	197.75	15440415	15412902	15258547	141572	15974	24322	0.18	0.01	1.63	0.01	1.36	1557930	3.83	3406	0.01	0	0	522238	1.28	14751	0.04	0	0	FALSE	Healthy
SRX966623	24.925	27.552	26.951	33.234	36.709	SRP056477	GSE67196	Brain	Cerebellum	Neurodegenarative disease	Amyotrophic lateral sclerosis	0	97309	29084	1694	801811	37294860	29347	1608	18790	11465	25218	17234	1146	105	205	490	397	86	22	7	352	30	76	0	0	0	0	0	1040	75	24	23	31	0	4	3	0	0	0	9990	966824	54199916	0	35.7151925659811	71.07799564614	54199916	0	34.4666740811923	68.5090084563875	80693	52296708	70556997	0	57087	24097085	0	0.460966	37493297	71581733	48534974	785571	13919424	6344123	42617	100731	138926	138452	543758	763307	54199916	19005134	35.1	1.5	NA	NA	54199916	18976349	35	4.5	1379204	2.54	52820712	196	45219429	85.61	196.97	23750645	23720003	23502932	197035	19536	31142	0.15	0.01	1.62	0.01	1.52	7157972	13.55	9645	0.02	0	0	384481	0.73	49185	0.09	0	0	FALSE	Neurodegenerative
SRX834771	14.182	72.386	15.408	20.431	22.106	SRP051844	GSE64810	Brain	Prefrontal cortex	Healthy	Healthy	0	111800	161515	1612	995691	53179683	41153	1473	20937	1882	27413	21819	898	35	152	243	803	61	3	9	26929	6	45	0	0	0	15	0	448	4	77	6	94	0	10	0	0	0	0	70255	5202357	72543846	0	34.337101371769	79.3529591546454	72543846	0	32.1746895112233	74.7691124522814	215111	68516373	15346245	0	197758	55121755	0	0.804685	13478157	32661666	21656250	174939	8013713	1983973	18683	51687	72702	63291	220619	287126	72543846	25932912	35.7	2.5	NA	NA	72543846	24428064	33.7	6.8	3190555	4.4	69353291	196	64914426	93.6	195.5	19433781	19394525	19206261	141710	16504	69306	0.38	0.01	1.47	0.01	1.53	3817058	5.5	8766	0.01	0	0	580056	0.84	32985	0.05	0	0	FALSE	Healthy
SRX966666	41.291	15.557	44.916	47.936	51.912	SRP056477	GSE67196	Brain	Frontal cortex	Healthy	Healthy	0	30136	22281	329	320329	22009784	10411	328	6931	6938	9725	6170	209	19	32	137	121	30	1	5	320	3	10	0	0	0	0	0	353	57	22	4	152	0	0	0	0	0	0	4306	702538	29839439	0	34.9470923699336	61.4480858682389	29839439	0	33.5886022857199	57.2433247103916	48113	27948481	30175144	0	31754	6671691	0	0.239076	48796563	54429710	38069017	755781	12330412	1972883	31903	58045	74772	89783	364155	525292	29839439	12289534	41.2	1.9	NA	NA	29839439	11533617	38.7	6.7	1511693	5.07	28327746	194	25068731	88.5	194.93	13191909	13174431	13042691	117381	11250	20587	0.13	0.01	1.59	0.01	1.5	2927863	10.34	2095	0.01	0	0	321836	1.14	7221	0.03	0	0	FALSE	Healthy
SRX834778	44.988	40.551	48.395	49.594	53.437	SRP051844	GSE64810	Brain	Prefrontal cortex	Healthy	Healthy	0	73728	32883	1026	668588	32827316	18074	885	13532	1084	21000	13837	576	21	138	204	506	44	10	12	1817	10	9	0	0	1	4	0	314	21	41	15	587	0	6	0	0	0	0	15893	836053	40348180	0	36.3420747354651	58.8739630934202	40348180	0	35.7013186716229	57.8597555280821	84543	39443040	4276395	0	59661	16837608	0	0.427183	31813234	56272833	36379623	446446	14739897	3561192	31325	82807	113575	106104	299893	381747	40348180	14144034	35.1	1	NA	NA	40348180	13954445	34.6	2.3	395917	0.98	39952263	198	38168441	95.54	198	15810124	15783051	15621297	147439	15311	26077	0.15	0.01	1.6	0.01	1.37	1359142	3.4	3052	0.01	0	0	411144	1.03	10484	0.03	0	0	FALSE	Healthy
SRX834799	26.589	59.618	28.855	32.022	34.786	SRP051844	GSE64810	Brain	Prefrontal cortex	Neurodegenarative disease	Huntington disease	0	99226	58302	1677	883878	48487161	29455	1226	17578	1501	27987	21265	977	27	141	165	487	92	2	4	5267	79	593	5	0	0	7	0	428	18	11	1	282	3	3	0	0	0	0	27945	2267395	61454561	0	34.8233935801771	72.6207356508463	61454561	0	33.6912611091632	69.4247409573806	205183	58740861	10655222	0	177293	38148890	0	0.649818	22155165	50174332	31466005	259294	14801330	2537003	22956	64291	89353	104521	314369	403108	61454561	21907972	35.6	2.2	NA	NA	61454561	20898456	34	5.2	1832361	2.98	59622200	196	56306374	94.44	196.09	19763807	19732476	19513538	164112	15735	70422	0.2	0.01	1.51	0.02	1.34	2639670	4.43	5693	0.01	0	0	657438	1.1	13025	0.02	0	0	FALSE	Neurodegenerative
SRX966642	36.238	15.404	39.119	45.058	48.506	SRP056477	GSE67196	Brain	Cerebellum	Neurodegenarative disease	Amyotrophic lateral sclerosis	0	63058	45437	563	667342	49198508	19721	502	15157	11436	18117	12189	330	29	56	290	184	47	5	11	296	7	20	3	0	0	1	0	442	63	32	17	651	0	2	0	0	0	0	11655	1622648	65999560	0	34.5885211658987	69.696636878155	65999560	0	33.4991599337935	67.3523687383989	89762	63226648	92659396	0	68813	16823736	0	0.266441	96636384	119996359	85162371	1655513	27333923	3228008	73970	134537	166617	184615	736275	1016159	65999560	25418180	38.5	1.8	NA	NA	65999560	24865368	37.7	5.7	2364514	3.58	63635046	194	55028692	86.48	194.86	29435750	29401686	29105720	273685	26467	29878	0.15	0.01	1.59	0.01	1.49	8287718	13.02	5106	0.01	0	0	292092	0.46	21438	0.03	0	0	FALSE	Neurodegenerative
SRX680627	46.301	30.657	49.948	57.02	61.701	SRP045500	GSE60424	Blood	NA	Neurodegenarative disease	Amyotrophic lateral sclerosis	0	23952	13565	297	185362	15634297	17132	169	4857	242	4776	6843	221	13	14	86	685	17	0	82	0	4539	24506	70	0	0	11	0	19488	357	5590	107	1	30	125	0	4	14	0	4235	388576	20967454	0	36.6489620055921	58.5814792819158	20967454	0	35.1422902847432	40.4846259620024	16055	18922832	5772311	0	11399	6680528	0	0.353192	20028773	28497583	21119493	287954	5290927	1252463	12385	23649	33424	60895	167077	200411	20967454	7257262	34.6	2.3	NA	NA	20967454	6814646	32.5	4.4	1297484	6.19	19669970	98	17603522	89.49	97.8	5981770	5975860	5925885	45792	4777	5316	0.19	0	1.37	0	1.28	1335365	6.79	5047	0.03	0	0	715464	3.64	10572	0.05	0	0	FALSE	Neurodegenerative
SRX834747	42.56	25.182	46.317	49.933	54.444	SRP051844	GSE64810	Brain	Prefrontal cortex	Healthy	Healthy	0	87485	169818	1405	744746	40680236	26598	1084	17223	2539	21548	19416	777	29	181	291	693	66	8	3	453	18	87	0	0	1	3	0	295	24	39	4	276	1	7	0	0	0	0	13187	2195809	54243840	0	35.7135016436889	56.7486827717853	54243840	0	35.3797516363148	56.0076618346825	105629	53040548	28037038	0	68798	16847058	0	0.317958	64676528	91323358	62253478	910190	18677491	7068861	53838	131463	182173	143437	654852	891760	54243840	19530660	36	1.5	NA	NA	54243840	19028131	35.1	2.2	416367	0.77	53827473	197	49234533	91.47	196.56	21519636	21476059	21265407	186143	18618	49468	0.18	0.01	1.5	0.01	1.31	3911644	7.27	21159	0.04	0	0	624845	1.16	35292	0.07	0	0	FALSE	Healthy
SRX1304787	20.468	36.947	22.236	26.431	31.638	SRP064478	PRJNA297335	Spinal cord	NA	Neurodegenarative disease	Amyotrophic lateral sclerosis	0	54018	14723	2773	922237	18217774	57472	4513	12656	403046	23425	9110	14118	6836	454	332	1103	59	26	13	411	86	420	2	4	6	24	0	204	61	78	42	14	2	17	3	0	0	0	6559	14265506	61859461	0	33.3753609653986	57.2671782841376	61859461	0	31.7877115353462	51.4035805971182	93422	58025725	26688397	0	56732	26351745	0	0.454262	42561350	76904207	36592029	750942	7017115	29310245	65292	205342	336040	140578	552768	793433	61859461	44430625	71.8	0.5	NA	NA	61859461	44664201	72.2	1.5	376836	0.61	61482625	258	52727226	85.76	256.29	18173046	18122683	17590454	530624	11244	40724	0.56	0.04	1.12	0	1.51	5391921	8.77	20183	0.03	0	0	3277980	5.33	65315	0.11	0	0	FALSE	Neurodegenerative
SRX834763	22.569	65.401	24.462	26.626	28.956	SRP051844	GSE64810	Brain	Prefrontal cortex	Healthy	Healthy	0	70538	46134	1329	634302	28062284	16990	857	13052	1027	20332	13697	407	17	91	201	638	84	2	2	2240	10	34	0	0	0	5	0	378	27	20	4	241	0	1	0	0	0	0	17972	2105283	37446325	0	34.4668398567817	73.0197482973622	37446325	0	34.3699868812227	71.1577442306589	160408	35239288	5371918	0	131713	24782559	0	0.703533	10883956	24912477	15353190	122237	7281802	1511457	13784	40115	58438	53635	172130	226548	37446325	13310300	35.5	3.6	NA	NA	37446325	12974313	34.6	4.4	1407631	3.76	36038694	196	34149125	94.76	195.72	9929806	9905919	9785883	104144	9137	30642	0.19	0.01	1.52	0.02	1.31	1250571	3.47	7408	0.02	0	0	616324	1.71	15266	0.04	0	0	FALSE	Healthy
SRX834745	57.368	16.388	62.296	62.782	68.289	SRP051844	GSE64810	Brain	Prefrontal cortex	Healthy	Healthy	0	65976	39836	1106	584254	28098351	20491	804	13225	1172	19347	16140	627	14	127	320	800	84	12	10	297	19	15	0	1	0	3	0	209	13	51	12	114	0	8	0	0	0	0	6462	697127	36119409	0	36.148179833175	46.0477420728657	36119409	0	35.9065040349913	45.3350450276338	75267	35191649	9136731	0	43552	6485515	0	0.184713	83347007	72431698	49004995	808923	15090989	5770417	50442	119821	164974	116957	452413	612381	36119409	13241757	36.7	1.4	NA	NA	36119409	12972376	35.9	1.9	366211	1.01	35753198	197	33670394	94.17	196.93	15794123	15761877	15614094	139075	13922	27032	0.15	0.01	1.59	0.01	1.32	1596522	4.47	6908	0.02	0	0	458079	1.28	21295	0.06	0	0	FALSE	Healthy
SRX834782	11.321	78.626	12.365	14.836	16.247	SRP051844	GSE64810	Brain	Prefrontal cortex	Neurodegenarative disease	Huntington disease	0	80496	24264	1443	638233	30228045	21098	1023	12049	1400	19817	15273	553	24	138	161	490	39	0	11	6960	9	85	0	0	0	0	0	249	5	19	0	215	0	7	0	0	0	0	32163	1502660	38692959	0	35.6268426252952	85.410283597398	38692959	0	35.2584797404613	83.7845155310891	178147	37035480	6050042	0	158471	31486927	0	0.850277	5555625	13231607	8081890	49361	4028586	722363	6191	19323	29013	29234	94578	124854	38692959	13221149	34.2	2.2	NA	NA	38692959	13026889	33.7	3.3	710731	1.84	37982228	197	35973819	94.71	196.71	11196932	11177660	11058030	72690	8207	58005	0.16	0.01	1.52	0.02	1.35	1239808	3.26	6358	0.02	0	0	747534	1.97	14709	0.04	0	0	FALSE	Neurodegenerative
SRX966631	19.008	31.407	20.829	25.707	27.874	SRP056477	GSE67196	Brain	Cerebellum	Neurodegenarative disease	Amyotrophic lateral sclerosis	0	70784	70236	1613	757405	34177007	28407	1773	15754	6406	28357	15134	1145	70	268	430	523	38	12	3	497	10	48	0	0	4	8	0	890	15	68	6	9	0	8	0	0	0	0	33248	1954826	51834486	0	35.1416553643457	74.4254156388953	51834486	0	34.4943749225178	72.9794879550008	77359	50734438	75647790	0	54058	27786920	0	0.547809	27127645	54222027	31559397	318866	13678551	6495666	37196	115421	172876	136723	576707	825343	51834486	18886403	36.4	2	NA	NA	51834486	18091560	34.9	3.8	725630	1.4	51108856	195	43655891	85.42	196.03	13265772	13240663	13105658	111347	10564	38203	0.19	0.01	1.52	0.01	1.51	7155906	14	8276	0.02	0	0	255202	0.5	33581	0.07	0	0	FALSE	Neurodegenerative
SRX834783	28.579	59.18	30.699	32.673	35.164	SRP051844	GSE64810	Brain	Prefrontal cortex	Neurodegenarative disease	Huntington disease	0	97772	46447	1197	694827	32964835	20595	1046	15801	1652	22733	17064	573	13	181	298	597	76	9	8	1606	30	43	4	0	0	4	0	304	32	24	4	613	0	4	0	0	0	0	15588	1163416	41183397	0	35.9433182260317	68.6280340384065	41183397	0	35.6045179808747	67.5714738972617	119057	40106803	5205696	0	94462	25254730	0	0.62993	16220527	36425820	23022084	256171	9805629	2475262	19952	54584	77187	74947	231562	303006	41183397	13950435	33.9	1.6	NA	NA	41183397	13828154	33.6	2.4	396018	0.96	40787379	197	38876019	95.31	197.35	14024177	13999160	13859065	120793	13140	31179	0.15	0.01	1.62	0.02	1.3	1349841	3.31	5260	0.01	0	0	544767	1.34	11492	0.03	0	0	FALSE	Neurodegenerative
SRX966653	24.334	26.854	26.329	32.536	35.535	SRP056477	GSE67196	Brain	Cerebellum	Neurodegenarative disease	Amyotrophic lateral sclerosis	0	73915	39583	1402	768018	34785210	27723	1338	17465	8454	24530	16190	857	82	204	384	342	75	16	5	423	84	331	4	0	1	2	0	953	69	51	19	23	0	8	0	0	0	0	16534	1156714	50593755	0	35.5824077497312	70.0757269926065	50593755	0	34.4266079281919	67.5222699804748	73079	48941521	70357687	0	50737	22561130	0	0.461155	35063164	65532587	42076258	570866	14883181	5981526	35291	97176	137894	141982	547496	767886	50593755	19123989	37.8	1.3	NA	NA	50593755	18787592	37.1	4.3	1280260	2.53	49313495	196	42566666	86.32	196.32	19153941	19130491	18960183	151712	16281	25765	0.15	0.01	1.58	0.01	1.53	6447934	13.08	8780	0.02	0	0	259981	0.53	30134	0.06	0	0	FALSE	Neurodegenerative
SRX834761	33.19	53.226	35.785	37.31	40.323	SRP051844	GSE64810	Brain	Prefrontal cortex	Healthy	Healthy	0	55047	21740	798	502006	24639752	13181	484	9362	642	15697	10569	378	7	75	167	387	82	5	4	1011	9	13	0	0	0	0	0	286	31	19	2	442	0	0	0	0	0	0	5305	636463	30144066	0	35.8124178735543	66.5441644923849	30144066	0	35.5076356985153	65.3583982124239	119850	29098923	4601826	0	91324	16688332	0	0.573891	14266105	30570342	19503257	199110	8719333	1476746	15657	41949	57426	58046	181031	233266	30144066	10226642	33.9	1.9	NA	NA	30144066	10078694	33.4	2.8	380021	1.26	29764045	197	28296899	95.07	197.14	11254133	11238389	11134772	92137	10538	16686	0.14	0.01	1.66	0.02	1.34	921874	3.1	2722	0.01	0	0	532595	1.79	9955	0.03	0	0	FALSE	Healthy
SRX700843	21.082	14.945	22.552	33.077	36.6	SRP047122	GSE61405	Blood	NA	Neurodegenarative disease	Huntington disease	0	20062	14793	562	207015	10134770	20154	889	4186	2999	5313	4647	2058	683	111	128	776	23	5	88	0	6747	21917	130	0	2	6	0	8780	421	2853	100	0	9	101	10	13	11	0	9922	849122	24784811	0	25.5580385503041	44.4748591723876	24784811	0	23.63549453736	39.1305762713076	110161	17980123	44191249	0	66392	5947029	0	0.331586	20781220	27320757	17730905	258738	4107468	4212963	19121	44966	63625	66297	288031	412310	24784811	6580011	26.5	15.6	NA	NA	24784811	7468377	30.1	21.5	5069637	20.45	19715174	94	13695308	69.47	95.24	3440354	3429692	3387346	41234	2762	9012	0.33	0.01	1.26	0	1.26	4394976	22.29	24556	0.12	0	0	979573	4.97	620761	3.15	0	0	FALSE	Neurodegenerative
SRX834735	42.94	14.547	46.576	49.783	54.089	SRP051844	GSE64810	Brain	Prefrontal cortex	Healthy	Healthy	0	57023	38883	955	509702	23349460	15479	808	11214	2594	16859	13021	495	38	127	243	437	81	15	10	452	19	15	0	2	0	2	0	214	15	28	6	235	0	10	0	0	0	0	7248	936791	31803919	0	36.2729118068751	47.8132592079596	31803919	0	36.0689775684563	47.4076812092208	70688	31067060	27406360	0	41185	6482769	0	0.209095	63678058	61009161	39676008	578455	13622914	5085392	39998	100395	139398	108585	612577	848977	31803919	11207581	35.2	1.4	NA	NA	31803919	11142684	35	1.9	195833	0.62	31608086	197	28429543	89.94	197.11	11974517	11947175	11816750	124513	10219	23035	0.15	0.01	1.61	0.01	1.31	2708205	8.57	29461	0.09	0	0	416392	1.32	24485	0.08	0	0	FALSE	Healthy
SRX680667	43.703	9.454	47.07	55.525	60.085	SRP045500	GSE60424	Blood	NA	Neurodegenarative disease	Multiple sclerosis	1	5975	3668	100	45943	3435428	3686	35	828	159	1071	1469	71	3	8	28	213	4	0	23	0	1935	7323	17	0	0	0	0	4594	110	1359	28	0	5	77	0	3	1	0	979	80932	4747498	0	36.6625110742543	37.5835701116967	4747498	0	35.9680956158381	36.711193474285	3651	4455233	4889265	0	1894	650904	0	0.146251	13722969	8804755	6363954	84175	1558676	461695	3715	6750	9282	18442	115010	161840	4747498	1552001	32.7	2.1	NA	NA	4747498	1523861	32.1	3.4	178940	3.77	4568558	98	3888926	85.12	98.1	1273601	1271988	1262304	9055	886	1356	0.18	0.01	1.35	0	1.26	569958	12.48	1000	0.02	0	0	106556	2.33	2118	0.05	0	0	FALSE	Neurodegenerative
SRX834764	54.029	29.003	57.935	58.242	62.626	SRP051844	GSE64810	Brain	Prefrontal cortex	Healthy	Healthy	0	89095	26969	1291	820681	34121595	21555	1219	14774	1340	24577	16558	677	35	197	398	508	120	12	11	1599	39	118	1	0	0	3	0	346	34	47	9	960	0	16	0	0	0	0	7177	691404	42655035	0	36.1460219643472	52.5345106639801	42655035	0	35.4186217406691	51.6300789894318	98730	41446348	4206271	0	67030	12593314	0	0.304292	53544656	71449290	44985629	574545	18762070	5583973	42772	114606	157698	141766	401447	512671	42655035	15027763	35.2	1.2	NA	NA	42655035	14807895	34.7	2.8	571680	1.34	42083355	198	40322609	95.82	197.5	16711905	16683312	16520977	148818	16336	25774	0.18	0.01	1.67	0.01	1.37	1222469	2.9	3823	0.01	0	0	522091	1.24	12363	0.03	0	0	FALSE	Healthy
SRX902276	19.402	28.639	20.939	37.331	42.799	SRP055874	GSE66573	Blood	NA	Healthy	Healthy	0	59467	27292	1930	444524	28589124	29471	1181	8671	3190	15878	14416	645	57	224	582	1785	72	13	93	0	6152	27633	306	0	0	2	0	23256	1672	7458	288	20	76	53	6	59	32	0	3522	78397	44357457	0	34.8560071647029	64.0401872899995	44357457	0	34.2576433991696	61.8951905274702	129652	43354193	70512720	0	99290	22460880	0	0.518448	25600791	53071968	35358373	643775	8516451	6359413	26574	65867	107444	106671	826315	1081428	44357457	13382294	30.2	2.4	NA	NA	44357457	13300591	30	3.7	371796	0.84	43985661	195	34868779	79.27	195.85	18670399	18633423	18479013	132204	15575	43607	0.22	0.01	1.73	0.01	1.33	8615066	19.59	67527	0.15	0	0	356417	0.81	77872	0.18	0	0	FALSE	Healthy
SRX834784	26.653	60.439	29.018	30.907	33.728	SRP051844	GSE64810	Brain	Prefrontal cortex	Neurodegenarative disease	Huntington disease	0	74819	32258	1284	604615	30845780	17871	856	11712	1292	16866	14059	351	7	73	200	669	58	12	0	4468	20	257	2	2	0	1	0	507	6	19	3	167	0	0	0	0	2	0	8959	973444	38561838	0	35.5101921490361	72.3582859312869	38561838	0	34.8242289695839	69.3104777620582	128891	36563681	5932808	0	109297	23863556	0	0.653001	13632974	30972234	19870109	144908	8793257	1447917	14540	41119	58102	60580	196650	251793	38561838	13350391	34.6	2.4	NA	NA	38561838	12779291	33.1	4.4	1264750	3.28	37297088	197	35451065	95.05	197.15	12811512	12792827	12693880	85106	10720	21806	0.16	0.01	1.64	0.02	1.31	1241507	3.33	3819	0.01	0	0	581974	1.56	18723	0.05	0	0	FALSE	Neurodegenerative
SRX834775	42.025	44.664	45.056	45.935	49.345	SRP051844	GSE64810	Brain	Prefrontal cortex	Healthy	Healthy	0	75986	27470	854	691073	32938346	17640	732	14288	1028	19083	13870	478	19	136	233	401	63	7	13	1253	9	36	0	0	0	1	0	316	24	35	12	752	0	5	0	0	0	0	6139	689700	40051861	0	36.1947177935128	60.1684649355149	40051861	0	35.4900574282928	59.464470540756	83600	38974719	4332246	0	62405	18351385	0	0.471149	26995229	51820687	33833663	428707	13603140	2906597	28710	73696	99671	98101	282846	356066	40051861	14150366	35.3	1.2	NA	NA	40051861	13936062	34.8	2.7	528539	1.32	39523322	198	37920904	95.95	197.72	16841582	16817655	16658970	143211	16646	22755	0.17	0.01	1.64	0.01	1.34	1137415	2.88	2514	0.01	0	0	454739	1.15	7750	0.02	0	0	FALSE	Healthy
SRX966661	38.899	23.799	42.115	45.65	49.264	SRP056477	GSE67196	Brain	Cerebellum	Healthy	Healthy	0	65484	27690	673	664497	37437319	20038	783	18319	7588	20637	12432	559	42	56	347	277	48	8	5	167	6	35	0	0	0	2	0	1216	58	44	44	17	0	2	3	0	0	0	5821	643268	47088190	0	35.4320417285098	67.1528940419429	47088190	0	34.7737234325635	66.3438887876765	47244	46443037	39012908	0	34002	15673925	0	0.337681	52251377	78626623	53794956	804619	18792852	3337859	40172	88331	117742	159159	550689	737781	47088190	19485341	41.4	1.6	NA	NA	47088190	19444216	41.3	3	412228	0.88	46675962	194	42500195	91.05	194.45	22724573	22697932	22493575	183837	20912	26249	0.14	0.01	1.62	0.01	1.49	3990086	8.55	4038	0.01	0	0	154479	0.33	27164	0.06	0	0	FALSE	Healthy
SRX834755	37.808	30.963	41.321	44.987	49.044	SRP051844	GSE64810	Brain	Prefrontal cortex	Healthy	Healthy	0	44548	79556	694	363594	23285634	13064	641	7982	1055	10611	9002	346	16	91	137	400	40	6	3	3670	3	53	1	0	0	0	0	186	11	20	4	124	1	1	0	0	0	0	20404	2309448	32007528	0	35.9838307413181	60.8893338549539	32007528	0	35.4370002581893	59.6757937227915	80813	31099741	17142542	0	53554	12258303	0	0.394509	28206280	46225159	30713967	343964	10948181	2813406	24797	61469	86331	77459	427875	587197	32007528	11571971	36.2	1.6	NA	NA	32007528	11430242	35.7	2.7	425453	1.33	31582075	197	28574820	90.48	196.7	9687830	9658445	9566808	79263	8787	32972	0.17	0.01	1.37	0.01	1.31	2605734	8.25	6416	0.02	0	0	381064	1.21	14041	0.04	0	0	FALSE	Healthy
SRX700835	22.38	13.957	23.926	32.877	37.323	SRP047122	GSE61405	Blood	NA	Healthy	Healthy	0	14899	7882	729	154892	6310888	14718	752	2889	6249	4064	3660	2398	1376	116	94	451	12	93	40	0	1907	7056	44	0	0	8	0	7212	314	2396	86	0	3	7	5	4	6	0	4105	688510	23445579	0	30.4245707474317	48.4322040597775	23445579	0	30.6725614667055	54.8486228855298	47546	11586114	25591779	0	25842	3385902	0	0.292752	15736309	18497457	11085673	172716	2838706	3510502	12966	36467	51003	51523	286589	382468	23445579	5851139	25	13.9	NA	NA	23445579	6702771	28.6	15.6	4145722	17.68	19299857	98	9171131	47.52	98.64	2130211	2122954	2101861	20486	1576	6288	0.45	0.01	1.24	0	1.28	2462529	12.76	71920	0.37	0	0	3116305	16.15	4477972	23.2	0	0	FALSE	Healthy
SRX970050	3.602	56.524	3.874	11.629	15.652	SRP056604	GSE67333	Brain	Hippocampus	Neurodegenarative disease	Alzheimer’s disease	0	193079	34822	33955	3613634	64802442	220428	191826	44745	176844	90937	35362	1506338	45222	2178	1290	2092	213	188	33	44	63	28	5	0	15	23	0	269	87	329	134	167	0	161	0	1	9	0	12197	3439967	188604801	0	33.2324411137339	75.269137567897	NA	NA	NA	NA	166067842	0	73921776	0	135650864	0	0	0.81684	NA	33808723	9882962	253470	1929094	19629467	43698	156286	257664	90613	331438	499009	188604801	72012636	38.2	5.2	291397	0.2	NA	NA	NA	NA	NA	NA	188313404	93	147915001	78.55	91.04	27628855	27514468	27237816	250544	24864	115631	0.33	0.02	1.69	0.01	1.51	18152841	9.64	420431	0.22	0	0	19631917	10.43	2193214	1.16	0	0	FALSE	Neurodegenerative
SRX700839	22.386	14.488	24.013	33.293	36.581	SRP047122	GSE61405	Blood	NA	Healthy	Healthy	0	24278	14813	598	231860	10572629	26051	754	5527	3860	5786	4783	1505	919	89	174	861	24	9	64	0	2995	10811	44	0	0	10	0	15644	540	4587	196	0	10	43	2	6	10	0	6581	732822	24757692	0	26.3912642987884	44.3103437490101	24757692	0	24.3034484797694	38.0822694476133	112926	18181166	42469918	0	67237	5667283	0	0.31259	22721652	28497719	18630809	254437	4325952	4251339	20543	47867	67889	71095	301741	429938	24757692	6757327	27.3	12.9	NA	NA	24757692	7519092	30.4	19.3	4463556	18.03	20294136	95	14081502	69.39	95.98	3730208	3719801	3679948	38552	2881	8827	0.32	0.01	1.3	0	1.29	4212590	20.76	38288	0.19	0	0	1124060	5.54	837696	4.13	0	0	FALSE	Healthy
SRX680634	46.353	32.113	49.769	56.513	61.095	SRP045500	GSE60424	Blood	NA	Healthy	Healthy	0	25711	13595	433	187343	16199851	15735	148	5863	211	4523	6432	156	14	39	107	713	34	5	86	0	4308	20831	97	0	0	5	0	13841	363	4725	122	1	16	75	1	32	18	0	2693	289503	20839150	0	36.3415976659317	54.7137810887071	20839150	0	35.5906387256678	24.3503086184143	20330	19372455	5363518	0	14721	7075244	0	0.36541	19568665	28712554	21413832	365662	5163400	1264331	13695	24559	35252	58117	146613	173438	20839150	6801829	32.6	2.7	NA	NA	20839150	6750218	32.4	3.2	877915	4.21	19961235	98	18116249	90.76	97.73	6172762	6165051	6110537	50887	4720	6618	0.21	0	1.38	0	1.22	1276536	6.4	5926	0.03	0	0	551443	2.76	11081	0.06	0	0	FALSE	Healthy
SRX966633	22.679	26.259	24.569	31.641	34.211	SRP056477	GSE67196	Brain	Cerebellum	Neurodegenarative disease	Amyotrophic lateral sclerosis	0	51019	36914	927	586450	35453167	21473	731	14111	6849	17174	9944	533	69	98	282	187	34	6	4	267	16	70	2	0	0	2	0	926	49	15	12	9	0	6	0	0	0	0	13226	1393550	49276759	0	35.2755829781744	73.6492759595759	49276759	0	34.5078900582727	72.1084263184627	55578	48383739	82882877	0	42281	23561768	0	0.487134	31725713	62494438	41651381	541642	15472371	3101872	27160	63339	86829	125377	492774	688577	49276759	17596375	35.7	1.9	NA	NA	49276759	17392427	35.3	3.6	614869	1.25	48661890	195	41128718	84.52	196.32	19880484	19857433	19673670	160238	18298	28278	0.14	0.01	1.55	0.01	1.52	7310599	15.02	8641	0.02	0	0	188405	0.39	25527	0.05	0	0	FALSE	Neurodegenerative
SRX834795	41.349	41.537	44.501	48.049	51.912	SRP051844	GSE64810	Brain	Prefrontal cortex	Neurodegenarative disease	Huntington disease	0	82056	59270	1123	610074	32380525	20801	977	12558	1369	18513	17141	4988	15	162	238	1256	46	3	54	1767	9384	40332	160	0	0	7	0	538	56	97	13	97	0	65	0	1	3	0	21416	1644592	43206327	0	35.8673525060346	59.6758073933369	43206327	0	34.8593723090602	58.0677154320563	89905	40690749	6499460	0	62025	18228854	0	0.448252	30487703	56103707	36888157	408377	13333544	4369825	27628	77452	107055	97624	266929	342793	43206327	16140439	37.4	2	NA	NA	43206327	15497507	35.9	4.4	1900346	4.4	41305981	198	38801606	93.94	197.71	15611766	15574601	15437661	123887	13900	36318	0.18	0.01	1.56	0.01	1.34	1979048	4.79	4828	0.01	0	0	497835	1.21	22664	0.05	0	0	FALSE	Neurodegenerative
SRX966659	27.702	28.376	30.187	34.766	37.585	SRP056477	GSE67196	Brain	Cerebellum	Healthy	Healthy	0	64602	41563	799	660960	35154549	19011	817	18035	6787	21219	12220	752	77	97	289	277	41	14	4	204	4	37	1	0	0	0	0	901	35	30	17	4	0	2	0	0	0	0	11342	1676701	47325384	0	35.3274426468468	72.5799177682448	47325384	0	34.6848033604968	71.3520590366512	48883	46639498	56591719	0	36395	21243564	0	0.455636	34051417	63217203	41257086	514076	16606674	3048475	32674	78206	105088	138172	528519	722087	47325384	18496944	39.1	1.6	NA	NA	47325384	18215807	38.5	3.1	416910	0.88	46908474	195	41257228	87.95	195.38	18531331	18509542	18347383	139766	19040	25142	0.16	0.01	1.49	0.01	1.52	5431153	11.58	6146	0.01	0	0	184954	0.39	28993	0.06	0	0	FALSE	Healthy
SRX902277	3.306	28.48	3.638	25.396	30.702	SRP055874	GSE66573	Blood	NA	Neurodegenarative disease	Multiple sclerosis	0	37130	32249	1182	224979	22477934	32787	768	3779	2896	7339	5820	328	81	124	246	949	42	18	108	0	15215	68751	335	0	2	0	0	19638	583	4581	59	0	40	115	6	30	22	0	7891	168903	47346999	0	34.225416905515	87.1435129049258	47346999	0	33.4919519608835	84.7339976327973	129075	45393212	177282347	0	117724	38115512	0	0.839777	7292134	18669690	12133463	166473	1987225	2506468	7774	19216	48496	36248	895281	1146495	47346999	12424397	26.2	3.2	NA	NA	47346999	12336609	26.1	4.9	551764	1.17	46795235	194	26560322	56.76	195.64	16893586	16851309	16742510	89203	7965	53908	0.24	0.01	1.75	0.01	1.36	18961965	40.52	343296	0.73	0	0	613731	1.31	315921	0.68	0	0	FALSE	Neurodegenerative
SRX834734	52.428	22.239	56.677	57.931	62.805	SRP051844	GSE64810	Brain	Prefrontal cortex	Healthy	Healthy	0	124945	86590	2374	1117745	59650504	34522	1508	23365	2210	38035	24416	1257	58	223	488	994	113	10	20	3118	74	290	1	0	0	3	0	452	24	100	23	210	0	20	0	0	0	0	14858	1536084	75330958	0	36.034281775628	57.1234140785657	75330958	0	35.715527751552	56.3403061853121	147466	73876181	21295819	0	101348	18731034	0	0.253979	119849698	139707903	94312332	1608309	29910645	10736230	87345	204142	278462	215292	835653	1131599	75330958	25453105	33.8	1.3	NA	NA	75330958	24849712	33	2	462792	0.61	74868166	198	70471001	94.13	197.56	33284653	33224093	32889500	313435	29879	51839	0.15	0.01	1.62	0.01	1.28	3552646	4.75	16522	0.02	0	0	794641	1.06	33356	0.04	0	0	FALSE	Healthy
SRX834736	53.186	19.693	57.569	59.326	64.353	SRP051844	GSE64810	Brain	Prefrontal cortex	Healthy	Healthy	0	68918	42582	1145	518377	25220973	17222	854	11902	1211	18133	13653	557	24	126	212	517	62	4	16	686	268	981	3	0	0	4	0	211	12	37	5	191	1	10	0	0	0	0	10202	1204029	33065729	0	36.2798984108289	48.0142767961993	33065729	0	36.0349560718894	47.0613015731518	81731	32300308	10072721	0	49155	7320647	0	0.227117	60026466	62625914	42098991	620000	13334967	4959290	38478	95687	134083	104373	437467	600743	33065729	11454886	34.6	1.4	NA	NA	33065729	11382249	34.4	2	242349	0.73	32823380	197	30646496	93.37	197.44	13368167	13328546	13190213	120700	12271	44983	0.15	0.01	1.6	0.01	1.31	1735543	5.29	5975	0.02	0	0	420744	1.28	14622	0.04	0	0	FALSE	Healthy
SRX834787	14.986	58.464	16.056	20.81	22.456	SRP051844	GSE64810	Brain	Prefrontal cortex	Neurodegenarative disease	Huntington disease	0	70484	39440	1050	484961	23487104	16653	896	10870	3118	18043	12940	501	28	198	261	388	73	11	21	1582	25	61	0	0	0	3	0	149	6	16	9	220	0	2	0	0	2	0	15299	1245583	33084631	0	35.6129566021153	75.3840558073892	33084631	0	34.9780083386754	72.7573384150211	110064	30710894	17726062	0	83745	23122192	0	0.752913	7734594	18361052	11430796	137097	4427666	1636558	10609	30413	45231	36866	206736	283811	33084631	11921088	36	2.7	NA	NA	33084631	11495350	34.7	4.6	1519540	4.59	31565091	197	28758840	91.11	197.6	10051251	10036010	9933021	91498	8379	18353	0.17	0.01	1.62	0.02	1.3	2062118	6.53	11949	0.04	0	0	716899	2.27	15285	0.05	0	0	FALSE	Neurodegenerative
SRX680641	50.346	26.683	54.354	61.934	67.338	SRP045500	GSE60424	Blood	NA	Neurodegenarative disease	Amyotrophic lateral sclerosis	0	31497	15963	591	219892	19517650	22339	151	8389	264	5931	7554	203	12	19	75	610	27	3	171	0	22509	98280	147	1	0	14	0	32503	600	10411	174	0	38	270	1	29	33	0	3078	248479	25010913	0	36.501770926955	55.4714717774245	25010913	0	35.6438649400764	36.3019673303888	24604	23327667	6938099	0	17939	7140152	0	0.306304	29852568	37892953	28443505	397747	7092779	1346060	15923	29499	39405	76038	184268	217859	25010913	8062711	32.2	2.6	NA	NA	25010913	8014845	32	3.2	966889	3.87	24044024	98	21628354	89.95	97.7	7800354	7791175	7729158	57178	5757	8261	0.2	0	1.39	0	1.21	1723917	7.17	4734	0.02	0	0	675551	2.81	11468	0.05	0	0	FALSE	Neurodegenerative
SRX966647	25.083	34.264	27.283	31.316	33.882	SRP056477	GSE67196	Brain	Cerebellum	Neurodegenarative disease	Amyotrophic lateral sclerosis	0	65226	49748	1236	606131	30715504	24075	1287	14210	7768	21838	11977	817	51	174	312	390	42	25	7	172	37	146	0	0	5	5	0	679	35	30	7	41	0	11	0	0	0	0	14892	1456831	43032909	0	35.5533702822647	71.3660569392367	43032909	0	35.0941578455688	70.6405437858696	52579	42340845	41612346	0	37002	21619840	0	0.510734	25636901	50418725	31376849	382856	12058617	4943189	26747	75016	109427	116515	454020	645754	43032909	16872113	39.2	1.4	NA	NA	43032909	16610098	38.6	2.6	378973	0.88	42653936	195	38132867	89.4	195.94	14776646	14755974	14619844	123925	12048	20829	0.15	0.01	1.54	0.01	1.49	4260557	9.99	5617	0.01	0	0	232383	0.54	22512	0.05	0	0	FALSE	Neurodegenerative
SRX1304786	24.823	32.587	26.91	31.155	37.853	SRP064478	PRJNA297335	Spinal cord	NA	Neurodegenarative disease	Amyotrophic lateral sclerosis	0	64879	14665	5173	1312024	27484238	85914	10835	15039	489201	28581	11154	30772	12455	810	390	1581	69	18	3	629	16	23	1	13	6	39	0	221	73	125	34	73	1	7	2	0	0	0	8566	15381130	86159146	0	32.7040003855191	49.855102574849	86159146	0	30.6354280600692	47.6092989617149	349036	77043574	32315810	0	218358	30284866	0	0.393613	70150228	115503531	57433729	979883	12513279	40444987	79630	252884	415798	177066	685853	981598	86159146	61663674	71.6	0.5	NA	NA	86159146	60550943	70.3	2.7	917934	1.07	85241212	255	70656128	82.89	251.89	29263503	29169054	28957394	202678	22057	81374	0.79	0.03	1.22	0.01	1.39	6736482	7.9	37317	0.04	0	0	7709123	9.04	102162	0.12	0	0	FALSE	Neurodegenerative
SRX1304793	17.526	44.152	19.115	28.619	34.866	SRP064478	PRJNA297335	Spinal cord	NA	Healthy	Healthy	0	45526	14756	1877	601523	17529704	44150	3407	9689	160581	15660	8870	7614	4612	324	230	600	46	9	6	221	165	905	3	3	7	12	0	213	55	133	28	47	0	31	0	1	0	0	15563	20632388	63210261	0	33.3571183798782	66.6387725942977	63210261	0	32.1762695458574	62.6063162894392	120084	58746966	37825817	0	87016	34265443	0	0.583416	27866069	62887880	36620387	650908	6058917	17490948	42875	124244	199543	89075	378784	528195	63210261	46555999	73.7	0.4	NA	NA	63210261	47225518	74.7	1.8	501308	0.79	62708953	254	51767900	82.55	252.59	22334812	22282893	22008836	274245	12413	39318	0.55	0.04	1.08	0	1.54	7099150	11.32	21687	0.03	0	0	3687657	5.88	132559	0.21	0	0	FALSE	Healthy
SRX966628	25.207	31.129	27.507	31.137	33.905	SRP056477	GSE67196	Brain	Frontal cortex	Neurodegenarative disease	Amyotrophic lateral sclerosis	0	27832	83942	443	284590	25871676	9005	355	6424	4181	8909	5360	332	31	36	113	153	33	4	2	184	14	105	0	0	0	0	0	181	18	23	1	55	0	8	0	0	0	0	24362	4364365	38387295	0	34.9417677385187	75.2667811893736	38387295	0	34.5107048308561	72.5151591744862	35457	37580932	45944615	0	24967	18837383	0	0.501344	23483091	45880239	30821370	398997	11238481	2147550	19957	44867	61046	73110	389027	560680	38387295	16097952	41.9	1.5	NA	NA	38387295	15833470	41.2	3.6	596211	1.55	37791084	193	32781505	86.74	194.25	10412755	10396221	10229355	149888	9191	24321	0.18	0.01	1.25	0.01	1.5	4834884	12.79	2820	0.01	0	0	151910	0.4	19965	0.05	0	0	FALSE	Neurodegenerative
SRX834774	58.869	25.108	63.221	63.68	68.499	SRP051844	GSE64810	Brain	Prefrontal cortex	Healthy	Healthy	0	76440	68288	866	707936	35618903	18305	759	14449	908	20255	12665	649	13	93	286	272	53	6	5	1586	13	9	0	0	0	3	0	317	27	47	9	1027	0	5	0	0	0	0	7952	809551	42945058	0	36.2899716656571	54.2878974484235	42945058	0	35.59879290418	53.4218366766314	81598	41950333	4616605	0	56439	11077281	0	0.264473	64729697	78040698	51664322	682506	20351504	3802333	43646	109923	147039	148505	415502	523547	42945058	14980222	34.9	1	NA	NA	42945058	14775101	34.4	2.5	462533	1.08	42482525	198	40655714	95.7	197.88	18425510	18396772	18222132	160660	18868	23850	0.16	0.01	1.61	0.01	1.39	1376217	3.24	2680	0.01	0	0	438349	1.03	9565	0.02	0	0	FALSE	Healthy
SRX966643	31.314	26.89	34.029	37.88	40.967	SRP056477	GSE67196	Brain	Cerebellum	Neurodegenarative disease	Amyotrophic lateral sclerosis	0	42838	33676	714	410838	21065689	14385	722	10597	4305	13487	8939	592	42	121	206	172	25	7	1	160	6	20	0	0	0	0	0	528	21	22	15	15	0	3	0	0	0	0	12981	1010315	29048492	0	35.7031638681967	65.0694472755767	29048492	0	35.249377179373	64.3330649333447	31630	28565463	28273110	0	19837	11472354	0	0.401741	25215006	42424235	27718763	355241	9637814	3447393	22282	59163	84368	86285	341205	486742	29048492	11555197	39.8	1.3	NA	NA	29048492	11470305	39.5	2.5	256608	0.88	28791884	195	25669786	89.16	195.99	11142215	11126320	11034911	82754	9882	14668	0.14	0.01	1.54	0.01	1.46	2927307	10.17	3536	0.01	0	0	176273	0.61	14982	0.05	0	0	FALSE	Neurodegenerative
SRX902280	22.269	35.002	24.219	44.137	53.22	SRP055874	GSE66573	Blood	NA	Neurodegenarative disease	Multiple sclerosis	0	39258	25648	986	268001	24990022	21182	561	5172	1575	9241	7863	429	33	85	307	1070	51	0	130	0	17801	54118	443	0	0	0	0	20387	730	7037	147	0	73	111	3	25	36	0	6042	182814	37759649	0	35.7835895667356	76.851270889705	37759649	0	34.7711836251444	75.3893361200294	48155	36763631	42336279	0	36168	20260367	0	0.551229	19434277	43080897	31233058	366052	7130866	3338924	14790	38180	61453	82506	279540	375330	37759649	12964995	34.3	1.3	NA	NA	37759649	12012444	31.8	3.9	799587	2.12	36960062	196	28678926	77.59	196.79	17581268	17561416	17419769	109428	11420	40651	0.19	0.01	1.58	0.01	1.35	8132860	22	6475	0.02	0	0	87822	0.24	53979	0.15	0	0	FALSE	Neurodegenerative
SRX966667	19.199	39.304	20.911	25.939	28.035	SRP056477	GSE67196	Brain	Cerebellum	Healthy	Healthy	0	64679	107022	1149	681125	38829234	25883	1290	16482	6470	24226	12215	929	63	153	256	362	51	21	3	505	17	23	0	0	0	1	0	349	9	29	14	8	0	5	0	0	0	0	35980	2195689	54098710	0	35.4615801744626	78.1890180837449	54098710	0	34.9561912659285	77.0281736206497	57103	53226916	60227201	0	43538	32737629	0	0.615137	22649197	49903592	31755126	371115	12179087	4037167	26520	70702	101102	107109	430450	609875	54098710	21502530	39.7	1.4	NA	NA	54098710	21042666	38.9	2.9	606141	1.12	53492569	195	47072366	88	195.7	17015175	16994704	16828946	145483	13797	26949	0.14	0.01	1.45	0.01	1.51	6211653	11.61	7234	0.01	0	0	179187	0.33	22129	0.04	0	0	FALSE	Healthy
SRX680599	34.692	14.305	37.333	45.301	48.929	SRP045500	GSE60424	Blood	NA	Neurodegenarative disease	Multiple sclerosis	0	16935	10230	344	132256	10502975	13008	154	2659	723	3501	3715	176	12	32	78	332	16	2	65	0	5158	25576	44	0	0	6	0	16175	300	4551	115	0	32	105	0	9	13	0	1528	132879	15389899	0	37.3359141603203	53.1225669584716	15389899	0	35.986932662781	49.3107970799478	11806	13925034	20091803	0	7585	3423719	0	0.246036	23456285	24323547	17372000	249088	4327223	1483689	11856	22666	33068	51092	304918	427740	15389899	5243929	34.1	1.3	NA	NA	15389899	4976056	32.3	4.1	877706	5.7	14512193	98	11891802	81.94	98.16	3971927	3966746	3935468	29134	2807	4518	0.19	0.01	1.4	0	1.21	2045038	14.09	10492	0.07	0	0	429845	2.96	135016	0.93	0	0	FALSE	Neurodegenerative
SRX834746	58.767	11.633	63.465	64.002	69.489	SRP051844	GSE64810	Brain	Prefrontal cortex	Healthy	Healthy	0	132134	41650	2200	951996	31228766	32046	1927	23452	2354	35234	26232	984	41	341	573	718	108	33	8	741	28	59	1	2	1	1	0	389	15	63	41	22	0	14	0	0	0	0	4011	464133	42990049	0	36.1493105532399	40.0536827188358	42990049	0	35.7139984883478	39.1824772102785	104844	41816690	8649466	0	56196	5324411	0	0.127839	149952628	90781655	58132277	878932	17089721	11886588	71075	198058	284026	201684	709244	961405	42990049	14964211	34.8	1.5	NA	NA	42990049	14828007	34.5	2.4	431375	1	42558674	197	40281706	94.65	197.04	17805167	17764669	17593606	159969	16243	35349	0.18	0.01	1.69	0.01	1.32	1639828	3.85	10583	0.02	0	0	595067	1.4	31490	0.07	0	0	FALSE	Healthy
SRX966654	24.747	20.85	26.832	33.432	36.447	SRP056477	GSE67196	Brain	Frontal cortex	Neurodegenarative disease	Amyotrophic lateral sclerosis	0	23503	49932	424	267285	21196038	7914	256	5131	4467	8401	5265	182	31	38	102	78	38	3	1	441	10	29	0	0	0	2	0	226	10	30	4	216	0	3	0	0	0	0	23449	1840950	31049578	0	35.1727107853124	70.4111303132968	31049578	0	34.8793373616865	69.7003445982778	29620	30451111	58884251	0	19765	12475391	0	0.409811	26109218	44339219	29515739	390833	11266816	1867591	20359	44867	58747	71595	367053	548872	31049578	11524985	37.1	1.3	NA	NA	31049578	11354054	36.6	3	428080	1.38	30621498	196	25099914	81.97	196.77	9335682	9319348	9229146	78983	7576	19977	0.14	0.01	1.4	0.01	1.5	5380817	17.57	2138	0.01	0	0	128209	0.42	10420	0.03	0	0	FALSE	Neurodegenerative
SRX966627	18.077	45.793	19.608	23.947	26.257	SRP056477	GSE67196	Brain	Cerebellum	Neurodegenarative disease	Amyotrophic lateral sclerosis	0	59880	71030	937	583999	39216486	22603	876	15241	6699	18664	9039	903	41	102	156	270	34	6	3	303	16	39	0	0	0	0	0	1436	65	11	6	14	0	4	0	0	0	0	30582	3126650	53437288	0	35.3823517578212	81.0851672859491	53437288	0	34.8601938406754	79.9217800068297	55974	52623126	48969301	0	46742	35292046	0	0.670744	18380588	43196212	29166261	391568	9874633	2622463	18716	42822	60346	76856	323442	465147	53437288	19385819	36.3	1.7	NA	NA	53437288	19254656	36	3.1	504507	0.94	52932781	196	47242962	89.25	196.57	20076322	20055759	19863238	160818	22736	29530	0.16	0.01	1.41	0.01	1.61	5436138	10.27	11301	0.02	0	0	215522	0.41	26858	0.05	0	0	FALSE	Neurodegenerative
SRX834741	53.549	20.135	58.155	59.479	64.745	SRP051844	GSE64810	Brain	Prefrontal cortex	Healthy	Healthy	0	82428	76568	1247	692520	34779075	22390	850	15342	1825	20386	17329	694	18	148	284	769	68	9	16	291	21	136	0	0	0	3	0	333	18	55	7	146	1	12	0	0	0	0	9262	1312036	44739080	0	35.3661113952276	50.4946805576385	44739080	0	35.0189006568754	49.4916834854592	93402	43745933	13150314	0	58219	10093897	0	0.231158	79570651	85024736	57907256	920692	18058426	6010409	52146	126454	177767	142280	568171	769405	44739080	16256710	36.3	1.8	NA	NA	44739080	15813688	35.3	2.6	344513	0.77	44394567	196	41563537	93.62	195.79	19268927	19232093	19036384	183774	16496	32273	0.18	0.01	1.6	0.01	1.32	2275798	5.13	6473	0.01	0	0	523542	1.18	25217	0.06	0	0	FALSE	Healthy
SRX700848	13.695	12.843	14.648	24.385	26.587	SRP047122	GSE61405	Blood	NA	Neurodegenarative disease	Huntington disease	0	8565	6056	502	85701	4449195	8144	798	1731	2404	2076	2351	2704	569	35	69	271	4	36	24	0	1359	4906	33	0	0	0	0	3449	168	1228	44	1	8	26	1	7	8	0	3424	539314	14746690	0	23.8793034911563	29.4680879338065	14746690	0	22.8834722232582	28.9110256286972	49268	9303485	38480863	0	27114	3649276	0	0.392666	8497121	12796376	8380109	167261	1674963	1927864	12395	25281	33713	29730	195813	291956	14746690	3102040	21	19.5	NA	NA	14746690	3415313	23.2	25.9	3485017	23.63	11261673	90	6170834	54.8	91.82	1533788	1529773	1507382	20212	2812	3382	0.31	0.01	1.26	0	1.26	3181919	28.25	34819	0.31	0	0	748472	6.65	1125629	10	0	0	FALSE	Neurodegenerative
SRX700844	20.757	13.266	22.286	31.039	33.653	SRP047122	GSE61405	Blood	NA	Neurodegenarative disease	Huntington disease	0	21558	14277	634	234867	10043408	24189	1235	5096	4011	5986	5535	2198	885	117	142	657	25	16	68	0	3044	14890	112	0	0	10	0	9366	397	2467	157	4	5	43	4	20	9	0	5966	636768	24434964	0	25.2228160434368	37.7645485968691	24434964	0	24.2930081255696	38.8538535872296	129284	18068940	45504452	0	72395	5367856	0	0.298014	24030785	28578784	17314074	242997	4476623	5409510	20190	51941	76826	81628	337971	466866	24434964	6586584	27	16.1	NA	NA	24434964	7366919	30.1	19.1	4911449	20.1	19523515	95	14072238	72.08	96.02	3416924	3406979	3349712	56166	2681	8365	0.34	0.01	1.3	0	1.26	4125986	21.13	39516	0.2	0	0	917928	4.7	367847	1.88	0	0	FALSE	Neurodegenerative
SRX834769	23.648	65.503	25.432	27.276	29.466	SRP051844	GSE64810	Brain	Prefrontal cortex	Healthy	Healthy	0	116240	44168	1840	1077874	43729894	33632	1703	21694	2184	29912	27306	1297	34	229	429	1163	94	18	10	3331	12	68	3	0	4	12	0	2140	60	100	19	172	0	0	0	0	0	0	11721	1090430	57857251	0	34.9938884064851	72.7809415912298	57857251	0	33.5330225765479	67.7716704367316	140816	53821546	5886094	0	118940	37160156	0	0.690634	17462195	41126092	26039557	307708	10428997	3404240	26707	74892	105534	77003	222013	291741	57857251	21965325	38	2.7	NA	NA	57857251	20172020	34.9	6.6	3141384	5.43	54715867	197	52335562	95.65	196.9	20961311	20931929	20734108	174689	18861	33653	0.18	0.01	1.6	0.01	1.34	1626800	2.97	5189	0.01	0	0	728345	1.33	19971	0.04	0	0	FALSE	Healthy
SRX700852	13.398	10.894	14.38	23.36	25.952	SRP047122	GSE61405	Blood	NA	Healthy	Healthy	0	5970	5168	262	61566	2758058	5858	218	1166	2490	1678	1334	761	259	33	50	174	11	24	20	0	600	2755	11	0	2	5	0	2876	124	979	33	0	2	11	5	3	5	0	1396	147258	9897714	0	19.2692951119824	21.5226731118016	9897714	0	25.16483402127	45.0115877497879	46248	5924787	25772705	0	23613	2034436	0	0.344027	6512194	8757355	5516041	91188	1082788	1523554	7955	17509	24473	22489	174353	261104	9897714	1716101	17.3	33.8	NA	NA	9897714	2330246	23.5	18.6	2963382	29.94	6934332	89	3781896	54.54	91.35	929141	926086	916287	9640	814	2400	0.55	0.01	1.3	0	1.28	2189139	31.57	15173	0.22	0	0	581170	8.38	366954	5.29	0	0	FALSE	Healthy
SRX966649	33.91	27.413	36.712	40.68	43.879	SRP056477	GSE67196	Brain	Cerebellum	Neurodegenarative disease	Amyotrophic lateral sclerosis	0	48937	22715	636	457954	24454895	15720	581	10928	4254	13930	8524	329	21	79	212	311	27	4	3	85	8	9	0	0	1	0	0	743	70	30	10	17	0	1	0	0	0	0	6624	765050	32050107	0	35.6131376722081	65.8059563187554	32050107	0	34.9333425002294	65.0685210386825	34583	31412762	28292732	0	23691	12475907	0	0.397319	28180362	48575486	33767347	515466	10353880	2701929	24608	55869	76502	92153	339209	474564	32050107	12559394	39.2	1.4	NA	NA	32050107	12641865	39.4	3	404484	1.26	31645623	195	28542290	90.19	195.73	15485629	15467605	15330622	123383	13670	17954	0.14	0.01	1.57	0.01	1.51	2905055	9.18	3026	0.01	0	0	184043	0.58	11209	0.04	0	0	FALSE	Neurodegenerative
SRX700842	15.398	13.665	16.461	27.701	30.384	SRP047122	GSE61405	Blood	NA	Neurodegenarative disease	Huntington disease	0	13509	11801	412	156083	7470094	15795	803	2994	2922	3521	2967	1900	628	68	95	563	18	11	30	1	1358	6415	30	0	0	11	0	6491	212	1875	80	0	2	29	1	0	5	0	3942	725168	24800435	0	25.4382126361896	49.7847679445386	24800435	0	19.6162579406369	36.8916441780584	172247	14734913	52147221	0	101754	5514889	0	0.375531	14384256	20771207	13045931	161343	3203329	3448027	15903	38029	54872	55945	272249	385547	24800435	6489353	26.2	15.1	NA	NA	24800435	6925241	27.9	36.7	8182383	32.99	16618052	90	10371534	62.41	91.31	2389133	2382686	2353846	28070	1731	5486	0.35	0.01	1.35	0	1.25	4535626	27.29	30908	0.19	0	0	1004145	6.04	675839	4.07	0	0	FALSE	Neurodegenerative
SRX966624	24.314	25.342	26.427	31.103	33.749	SRP056477	GSE67196	Brain	Frontal cortex	Neurodegenarative disease	Amyotrophic lateral sclerosis	0	28384	49677	572	331643	26396427	10048	352	6314	5446	9110	5528	377	65	48	120	117	40	3	3	419	5	116	0	0	0	5	0	206	12	26	5	201	0	1	0	0	0	0	17434	2903776	38294073	0	35.292457869394	73.2348562382011	38294073	0	35.0908032164664	72.479252502739	34671	37646387	61820143	0	24631	17359070	0	0.461223	26959227	50744100	34595773	515640	12017378	2262175	23442	48462	64137	74280	406762	594335	38294073	14799750	38.6	1.3	NA	NA	38294073	14704556	38.4	2.6	408507	1.07	37885566	196	31966143	84.38	196.26	13284325	13260121	13111842	135938	12087	24458	0.16	0.01	1.37	0.01	1.47	5714915	15.08	5023	0.01	0	0	186561	0.49	12924	0.03	0	0	FALSE	Neurodegenerative
SRX902289	36.531	21.822	39.588	51.064	59.455	SRP055874	GSE66573	Blood	NA	Healthy	Healthy	0	45456	22405	1172	342754	20758680	21979	872	6927	1815	12130	10329	651	40	121	477	1073	38	7	97	0	10056	34095	322	0	0	3	0	27177	1552	10143	257	2	82	71	3	36	32	0	4079	78153	30250774	0	35.7586602246938	61.4885990204832	30250774	0	34.6250314785334	59.4561235034871	42438	29562716	24382693	0	25591	9096122	0	0.307901	37575316	52230590	35466060	463289	8789436	6138428	23577	66872	103982	112101	372275	501141	30250774	12177668	40.3	1.1	NA	NA	30250774	11601388	38.4	3.7	508321	1.68	29742453	194	25464607	85.62	194.7	13679671	13660956	13541922	102566	11787	23396	0.19	0.01	1.58	0.01	1.36	4140547	13.92	6638	0.02	0	0	103806	0.35	26855	0.09	0	0	FALSE	Healthy
SRX834733	53.019	18.414	57.55	59.198	64.325	SRP051844	GSE64810	Brain	Prefrontal cortex	Healthy	Healthy	0	68576	51733	1283	632980	28934253	18808	998	12613	1580	21068	14968	559	33	147	363	636	79	4	13	4860	19	32	0	1	0	2	0	301	29	33	11	138	0	19	0	0	0	0	11617	1207048	37925203	0	36.1847154779897	49.6216001988436	37925203	0	35.9057029437654	48.9475782133661	79947	37235618	12451945	0	47601	7972169	0	0.21451	74044285	72916035	47897214	661493	16298723	6063199	46955	120855	170564	133420	534845	731896	37925203	13079787	34.5	1.4	NA	NA	37925203	12995484	34.3	2	213374	0.56	37711829	197	35216052	93.38	197.24	14871576	14834677	14666973	146793	13782	44028	0.16	0.01	1.62	0.01	1.33	2099513	5.57	6794	0.02	0	0	370584	0.98	18886	0.05	0	0	FALSE	Healthy
SRX966645	20.619	40.207	22.543	26.394	28.649	SRP056477	GSE67196	Brain	Cerebellum	Neurodegenarative disease	Amyotrophic lateral sclerosis	0	55650	87481	1025	583624	28526066	19577	1086	11781	5286	17856	12671	826	65	149	200	298	37	4	7	423	4	30	0	0	1	0	0	1001	26	28	3	11	0	0	0	0	0	0	36391	2338791	40651822	0	35.6648711341893	76.1304452964022	40651822	0	35.4081357534233	75.4503180637106	43905	40139673	39389313	0	32331	24044793	0	0.599103	18046668	38796644	24270311	263572	9438472	3531138	22898	65268	94274	83482	348371	493744	40651822	16289643	40.1	1.3	NA	NA	40651822	16071884	39.5	2.2	258760	0.64	40393062	195	35964863	89.04	196	12314910	12297554	12196688	86553	10054	21615	0.17	0.01	1.45	0.01	1.54	4218715	10.44	4838	0.01	0	0	183524	0.45	21122	0.05	0	0	FALSE	Neurodegenerative
SRX834744	51.214	20.334	55.691	57.076	62.182	SRP051844	GSE64810	Brain	Prefrontal cortex	Healthy	Healthy	0	55013	53462	801	496820	25536674	15735	604	9976	992	15411	11513	405	12	127	235	373	74	3	7	471	85	303	0	0	0	0	0	348	26	53	3	170	0	11	0	0	0	0	9843	1345393	33879104	0	35.9560996654457	50.2835129009485	33879104	0	35.487603922465	48.9517510326204	71775	32545254	12265496	0	42908	7837504	0	0.241212	56221417	62299022	42550698	681303	13241875	4220946	40847	94322	127853	99990	457334	616058	33879104	12544686	37	1.8	NA	NA	33879104	12165007	35.9	2.7	767195	2.26	33111909	197	30743351	92.85	197.02	13654956	13626491	13488681	126572	15156	24547	0.15	0.01	1.53	0.01	1.3	1873678	5.66	5665	0.02	0	0	475909	1.44	13306	0.04	0	0	FALSE	Healthy
SRX970047	3.073	53.163	3.309	14.577	18.96	SRP056604	GSE67333	Brain	Hippocampus	Neurodegenarative disease	Alzheimer’s disease	0	167687	30562	23772	2965650	70944249	167620	304068	41731	666730	70216	30732	1858369	46844	1549	916	2324	161	401	35	38	214	244	2	6	0	5	0	473	121	130	127	264	0	65	0	0	0	0	22180	5035681	187514717	0	33.3910888658409	83.0512000637546	NA	NA	NA	NA	156878999	0	97849976	0	135420690	0	0	0.863217	NA	24612132	9142127	225457	1818920	11988594	33677	110797	177188	67025	239961	356098	187514717	75881191	40.5	5.6	266908	0.1	NA	NA	NA	NA	NA	NA	187247809	93	134341845	71.75	90.43	32016709	31908570	31603607	274169	27479	111454	0.27	0.02	1.68	0	1.42	22537154	12.04	748577	0.4	0	0	27379322	14.62	2240911	1.2	0	0	FALSE	Neurodegenerative
SRX970053	3.257	56.061	3.504	12.023	15.684	SRP056604	GSE67333	Brain	Hippocampus	Healthy	Healthy	0	145207	26133	22739	2524389	63022057	141249	139060	35630	225495	62470	27368	1170479	40614	1188	774	1412	93	123	40	82	50	12	3	0	8	2	0	129	47	115	49	60	0	49	2	0	0	0	16213	6048071	164772379	0	33.7797258301405	82.595667122492	NA	NA	NA	NA	139291338	0	73567228	0	119331299	0	0	0.856703	NA	22755968	8048117	201295	1639480	11570699	29418	96497	154902	59287	210736	314077	164772379	64853892	39.4	5.1	278226	0.2	NA	NA	NA	NA	NA	NA	164494153	93	122070068	74.21	91.22	28138607	28036435	27751742	250582	26486	109797	0.24	0.02	1.68	0.01	1.45	17221270	10.47	382261	0.23	0	0	22738991	13.82	2081563	1.27	0	0	FALSE	Healthy
SRX966671	25.821	26.239	27.917	34.033	36.658	SRP056477	GSE67196	Brain	Cerebellum	Healthy	Healthy	0	77422	25746	1441	800746	35283069	26260	1391	15918	7536	24706	14723	876	95	200	363	432	68	3	11	245	59	236	1	0	1	0	0	686	25	45	25	61	1	5	0	0	0	0	8903	936041	50038325	0	35.4993157744589	69.3763590181667	50038325	0	34.6683171948701	68.0586861582664	60163	48966632	67399355	0	41470	21667311	0	0.442643	37394629	68755204	45716777	749224	14399392	5926073	44340	107400	148077	131552	512790	733006	50038325	18916076	37.8	1.4	NA	NA	50038325	18928160	37.8	3.3	672772	1.34	49365553	195	42703221	86.5	195.97	21513635	21483679	21298458	169695	18474	27008	0.15	0.01	1.59	0.01	1.51	6323574	12.81	7228	0.01	0	0	301643	0.61	29887	0.06	0	0	FALSE	Healthy
SRX1114575	52.537	41.908	52.636	53.279	53.408	SRP061397	GSE71191	Brain	Prefrontal cortex	Healthy	Healthy	0	0	0	0	313	251913	0	0	0	1	0	0	0	0	0	0	0	0	0	0	0	0	0	0	0	0	0	0	0	0	0	0	0	0	0	0	0	0	0	0	0	269422	0	36.1064204111023	77.9472351923748	269422	0	35.8462931757614	76.5505415296449	12	269270	4186	0	10	113732	0	0.422381	220672	402307	370627	467	4219	25875	0	0	2	86	92	92	269422	82413	30.6	0.1	NA	NA	269422	81205	30.1	0.1	58	0.02	269364	196	268016	99.5	195.66	126517	126418	125013	1427	3	74	0.13	0	1.48	0.03	2.6	1266	0.47	56	0.02	0	0	26	0.01	0	0	0	0	FALSE	Healthy
SRX1304791	17.314	36.183	18.774	25.114	32.417	SRP064478	PRJNA297335	Spinal cord	NA	Healthy	Healthy	0	54310	13974	3460	1165062	19171972	65831	6672	11256	386402	25471	9398	15375	5204	596	255	475	91	24	3	624	32	72	0	7	7	14	0	238	52	65	46	48	1	6	0	0	0	0	11242	17265151	75351862	0	32.7306515796517	55.3690546214459	75351862	0	30.6686923410068	52.0360952588534	287018	67122926	46565005	0	184035	32652965	0	0.486795	44089521	82963318	38332173	685914	8102252	32664956	56054	177254	291770	144863	652378	909764	75351862	53761042	71.3	0.6	NA	NA	75351862	52618720	69.8	2.7	888309	1.18	74463553	258	59504276	79.91	255.3	21493502	21436358	21197694	234324	12455	49029	0.75	0.03	1.15	0.01	1.46	7905668	10.62	33180	0.04	0	0	6884293	9.25	136136	0.18	0	0	FALSE	Healthy
SRX834748	46.319	30.445	50.121	51.664	56.007	SRP051844	GSE64810	Brain	Prefrontal cortex	Healthy	Healthy	0	72710	55282	803	661808	33394435	19133	751	13803	1127	19837	13176	440	17	123	381	518	55	5	9	3576	15	14	0	0	0	1	0	253	18	66	11	919	0	14	0	0	0	0	5670	944799	41848192	0	36.0120929955588	56.373261955819	41848192	0	35.7333360064874	55.8686305681733	89868	40984737	12031552	0	61308	14277833	0	0.348735	44175119	68004170	46658977	815133	14749730	4117534	50190	111977	150279	110814	445790	601619	41848192	14439525	34.5	1.4	NA	NA	41848192	14109644	33.7	2	306910	0.73	41541282	197	39074462	94.06	197.45	19000712	18967567	18766025	178887	24569	31231	0.14	0.01	1.61	0.01	1.36	2000143	4.81	7427	0.02	0	0	441105	1.06	18145	0.04	0	0	FALSE	Healthy
SRX966621	19.853	31.049	21.494	27.859	29.8	SRP056477	GSE67196	Brain	Cerebellum	Neurodegenarative disease	Amyotrophic lateral sclerosis	0	76970	34984	1691	847069	33175023	27771	1500	17903	7437	27643	14316	877	125	204	343	387	114	28	9	198	21	40	0	0	2	2	0	728	48	32	14	8	0	0	0	0	0	0	15945	1063778	49990019	0	35.6975458240974	73.4560209690014	49990019	0	34.1149131789688	69.6301874229318	82664	47737784	71970634	0	59776	25964996	0	0.544064	25851290	53877143	34278749	456079	11898124	5443862	31339	87293	123914	123470	485489	691098	49990019	17965632	35.9	1.5	NA	NA	49990019	17348276	34.7	5.6	1825858	3.65	48164161	196	41261097	85.67	196.81	18416237	18392595	18231333	141601	17574	25729	0.16	0.01	1.61	0.01	1.5	6559351	13.62	11944	0.02	0	0	304801	0.63	26968	0.06	0	0	FALSE	Neurodegenerative
SRX700834	19.247	16.407	20.597	30.174	32.486	SRP047122	GSE61405	Blood	NA	Neurodegenarative disease	Huntington disease	0	21809	19219	434	185065	10637935	25297	917	4776	3456	4676	5149	2648	768	84	95	805	9	4	52	0	3216	10937	74	0	0	13	0	11274	396	3354	131	1	7	22	3	2	11	0	16342	1396493	27206447	0	24.1502213060015	42.704755117749	27206447	0	22.9046270172654	37.3079048056754	140051	19012398	50928194	0	92741	7238862	0	0.381777	18117059	26818712	17779742	242589	4372855	3474317	18518	43198	60174	68357	280617	387672	27206447	7119055	26.2	19.2	NA	NA	27206447	8343764	30.7	23.5	6638754	24.4	20567693	94	14412111	70.07	95.18	3597475	3587989	3539129	46958	3253	8135	0.36	0.01	1.21	0	1.26	4740338	23.05	28756	0.14	0	0	962013	4.68	424475	2.06	0	0	FALSE	Neurodegenerative
SRX966651	28.592	22.308	30.931	35.927	38.754	SRP056477	GSE67196	Brain	Cerebellum	Neurodegenarative disease	Amyotrophic lateral sclerosis	0	59974	29315	1395	597521	21881166	24419	1544	13790	8357	20577	10597	949	67	253	303	354	50	19	8	98	11	11	0	0	3	0	0	475	31	23	33	6	0	7	0	0	0	0	6754	684597	33816897	0	35.585434997185	58.8500913804259	33816897	0	34.9831438407847	57.9892723303823	47860	33184096	39104161	0	26443	11749925	0	0.354226	34982135	51819177	30519792	429562	10771580	8259170	31359	91682	137028	126232	482671	694654	33816897	13281563	39.3	1.4	NA	NA	33816897	13096358	38.7	2.8	344146	1.02	33472751	195	29461536	88.02	195.75	11435487	11415834	11313810	92984	10573	18120	0.16	0.01	1.6	0.01	1.52	3770420	11.26	7434	0.02	0	0	212699	0.64	20662	0.06	0	0	FALSE	Neurodegenerative
SRX902282	14.639	40.942	16.014	31.921	40.543	SRP055874	GSE66573	Blood	NA	Neurodegenarative disease	Multiple sclerosis	0	32705	33719	700	253786	22581417	16383	549	4099	1311	7755	7754	353	42	103	213	867	28	3	69	0	7705	22130	124	0	0	4	0	16378	562	5728	125	0	26	52	0	11	3	0	4113	98215	33921873	0	35.62082214623	81.8795797616602	33921873	0	34.9126228672574	80.7558430710959	34455	33250170	43932151	0	28111	22594523	0	0.679602	11238918	27517915	19651905	265943	4457156	2304666	10442	28153	51783	56053	226897	315729	33921873	14998131	44.2	1.2	NA	NA	33921873	14184216	41.8	3.1	507693	1.5	33414180	193	26175934	78.34	193.06	15302514	15284736	15164661	103761	10043	24049	0.2	0.01	1.59	0.01	1.35	7108691	21.27	8216	0.02	0	0	83689	0.25	37650	0.11	0	0	FALSE	Neurodegenerative
SRX1304795	17.482	41.638	19.066	25.302	29.699	SRP064478	PRJNA297335	Spinal cord	NA	Healthy	Healthy	0	54005	17613	1925	647839	20875452	44487	4944	11055	341052	17107	9876	10762	5368	324	290	764	40	14	10	321	764	2171	8	2	8	22	0	262	53	87	57	10	0	101	1	0	0	0	15307	17506112	64248956	0	33.5411597038246	67.8363983372233	64248956	0	32.4626547550438	63.6733723927202	99601	60444943	47136868	0	73400	34961940	0	0.57854	29147005	66289607	39844844	684089	6535410	16662601	47805	136122	213632	95430	565273	805143	64248956	45794194	71.3	0.4	NA	NA	64248956	46463036	72.3	1.5	461226	0.72	63787730	259	53486709	83.85	257.34	26414852	26363482	26007223	317801	47490	42338	0.49	0.04	1.08	0	1.51	7057835	11.06	28544	0.04	0	0	3142994	4.93	71648	0.11	0	0	FALSE	Healthy
SRX966636	14.963	34.337	16.355	22.222	23.98	SRP056477	GSE67196	Brain	Frontal cortex	Neurodegenarative disease	Amyotrophic lateral sclerosis	0	19196	95699	573	230039	21021586	7969	807	4454	5033	7265	4248	1204	109	54	88	71	29	7	11	458	3	77	2	0	0	0	0	132	12	13	4	44	0	4	0	0	0	0	43727	5833269	36495822	0	35.1874996814704	81.0534366954404	36495822	0	35.0468182083966	79.6505727073669	32810	35714052	61339733	0	23260	22784501	0	0.638003	14029894	30160924	18492297	183849	7952119	2321178	13921	36902	52853	55591	364590	537813	36495822	14608423	40	1.3	NA	NA	36495822	14475694	39.7	3	551291	1.51	35944531	195	29438841	81.9	196.02	5707435	5693588	5620441	66772	4528	15694	0.16	0.02	1.18	0.01	1.44	6308021	17.55	9062	0.03	0	0	177567	0.49	11040	0.03	0	0	FALSE	Neurodegenerative
SRX1304789	23.62	33.802	25.644	30.391	38.585	SRP064478	PRJNA297335	Spinal cord	NA	Healthy	Healthy	0	83626	29023	5028	1085075	27214300	82543	12534	16973	483894	29799	15036	21708	10531	557	397	992	57	17	6	598	333	834	5	0	11	24	0	393	75	168	58	89	0	28	1	0	0	0	11889	14924017	85201841	0	32.7135220704914	52.1151391415748	85201841	0	30.736245628777	48.7336956963264	461435	75430795	36322879	0	300689	31518799	0	0.418563	62816822	109317022	55680020	924937	11867780	36682066	78138	249614	405910	194078	754298	1067820	85201841	60394539	70.9	0.5	NA	NA	85201841	58896504	69.1	3	1248877	1.47	83952964	259	68911252	82.08	256.11	30085671	30011836	29728184	280368	19646	57473	0.83	0.03	1.21	0.01	1.48	6980978	8.32	34070	0.04	0	0	7905058	9.42	121606	0.14	0	0	FALSE	Healthy
SRX834789	26.773	58.336	28.852	32.635	35.23	SRP051844	GSE64810	Brain	Prefrontal cortex	Neurodegenarative disease	Huntington disease	0	84553	61610	1191	604921	30228609	17738	912	12215	1320	21603	15013	543	18	107	194	389	66	10	3	2180	79	447	1	0	1	5	0	189	16	25	3	127	0	5	0	0	0	0	33566	2135986	41555179	0	35.3478325529533	71.4692015107395	41555179	0	34.4318994510889	67.5797380573228	148215	38340567	7327996	0	114338	24481366	0	0.63878	15032310	33381232	20930515	201476	9061396	2312488	17318	49987	73077	70262	231653	310091	41555179	15285744	36.8	3.1	NA	NA	41555179	14292879	34.4	5.7	2248369	5.41	39306810	197	36603471	93.12	197.29	10986195	10964074	10835643	114260	9950	26342	0.17	0.01	1.51	0.02	1.3	1885311	4.8	4138	0.01	0	0	797906	2.03	15984	0.04	0	0	FALSE	Neurodegenerative
SRX902283	21.977	33.02	24.035	42.328	52.429	SRP055874	GSE66573	Blood	NA	Neurodegenarative disease	Multiple sclerosis	0	31850	20588	787	203538	19556009	15663	419	3870	1207	6735	6777	370	33	75	213	1056	32	4	104	0	11389	36361	263	0	0	1	0	18053	643	5815	139	3	26	85	2	18	22	0	5137	127265	29810955	0	35.5915597470796	75.2065671718262	29810955	0	34.4989432240597	73.1803074637356	33701	29017182	36383951	0	24724	15576532	0	0.536918	16092235	35268100	26167795	336317	5172047	2761630	12698	31807	50395	59616	215548	300041	29810955	11915165	40	1.2	NA	NA	29810955	11007952	36.9	3.9	610156	2.05	29200799	194	22558481	77.25	194.39	14269933	14251497	14128013	94497	9853	37570	0.21	0.01	1.61	0.01	1.39	6492402	22.23	5057	0.02	0	0	112259	0.38	32600	0.11	0	0	FALSE	Neurodegenerative
SRX902284	8.525	29.261	9.389	29.274	38.39	SRP055874	GSE66573	Blood	NA	Healthy	Healthy	0	27152	22198	755	211947	16165748	17957	715	3435	3612	7074	5147	515	107	103	249	925	61	17	58	0	4267	19872	115	1	2	1	0	23072	739	6480	104	8	38	52	2	9	19	0	4019	97881	31670329	0	35.221659553963	81.5664493622652	31670329	0	34.0942447424528	79.0235284604218	35726	30650704	85730456	0	27028	21497194	0	0.701393	9536883	23146837	15546603	181476	3351883	3032467	10184	29262	45962	48042	313793	452669	31670329	13470007	42.5	1.4	NA	NA	31670329	12264644	38.7	4.4	782492	2.47	30887837	193	19648767	63.61	193.2	10769113	10753687	10666978	71316	6279	24540	0.24	0.01	1.54	0.01	1.37	11037663	35.73	13096	0.04	0	0	109133	0.35	79178	0.26	0	0	FALSE	Healthy
SRX902278	5.087	25.849	5.591	38.649	46.068	SRP055874	GSE66573	Blood	NA	Neurodegenarative disease	Multiple sclerosis	0	23570	17025	804	165158	20079318	21381	537	2282	2590	4986	4556	205	33	130	184	496	37	26	113	0	16053	63724	246	0	1	0	0	15326	573	3411	60	0	49	230	1	18	20	0	5466	143384	47240396	0	34.5518793068542	84.7036896629661	47240396	0	33.759898435229	82.7096401923271	118366	45202351	178116082	0	100801	34660599	0	0.766898	10698179	27234578	18384910	238584	3145212	3272155	11156	28557	60505	50238	969283	1271775	47240396	12540664	26.5	2.6	NA	NA	47240396	12445423	26.3	4.2	491749	1.04	46748647	195	22847769	48.87	196.18	16411185	16366372	16294105	72618	5037	39425	0.22	0.01	1.76	0.01	1.33	22472948	48.07	417650	0.89	0	0	503944	1.08	506336	1.08	0	0	FALSE	Neurodegenerative
SRX834738	45.265	24.623	49.224	51.28	55.822	SRP051844	GSE64810	Brain	Prefrontal cortex	Healthy	Healthy	0	56511	53317	1077	513734	22408070	13871	740	10417	952	16562	11794	467	12	104	263	667	55	5	6	961	39	171	0	0	0	1	0	263	14	36	1	48	0	9	0	0	0	0	12155	1505914	30271388	0	36.3054560299647	53.4103010550829	30271388	0	36.0653540234098	52.7673570988842	76931	29549738	12683490	0	48047	8809811	0	0.298559	39120561	49893898	31314784	334862	12439730	4229232	31157	84882	121108	94318	448553	619797	30271388	10591520	35	1.4	NA	NA	30271388	10539844	34.8	1.9	238265	0.79	30033123	197	27754803	92.41	197.42	8907566	8882148	8775618	87016	8043	36889	0.16	0.01	1.5	0.01	1.33	1871866	6.23	7233	0.02	0	0	382346	1.27	16875	0.06	0	0	FALSE	Healthy
SRX902286	17.114	37.512	18.749	36.989	47.056	SRP055874	GSE66573	Blood	NA	Healthy	Healthy	0	30639	21442	792	219176	19256530	15223	479	3859	904	7155	6210	403	18	72	240	944	29	5	166	0	9741	34038	220	2	0	0	0	24483	865	8859	147	7	55	112	3	45	35	0	3753	96531	29761885	0	35.5626100631731	78.1687671504666	29761885	0	34.6795668016324	76.7234737326798	30212	29110509	38780255	0	22739	18183634	0	0.624708	11982342	28385475	20573435	266525	4377054	2404210	10787	29029	47968	52881	205276	289701	29761885	12628909	42.4	1.1	NA	NA	29761885	11833717	39.8	3.4	487379	1.64	29274506	193	22221218	75.91	193.59	13514991	13499132	13377398	103543	8456	25594	0.24	0.01	1.62	0.01	1.36	6919503	23.64	6201	0.02	0	0	87660	0.3	39924	0.14	0	0	FALSE	Healthy
SRX966668	24.235	30.487	26.465	31.39	33.94	SRP056477	GSE67196	Brain	Frontal cortex	Healthy	Healthy	0	28826	83009	350	321131	26997624	10650	288	7168	4129	9721	5568	286	25	18	63	84	30	8	4	674	5	55	0	0	1	0	0	174	15	7	8	37	0	4	0	0	0	0	27271	2058823	37546743	0	35.1177678181034	75.4330667238135	37546743	0	34.7130982306508	73.8112474550005	40838	36449263	49159053	0	30873	18589463	0	0.510147	22114523	44299384	29955112	423903	11186637	1536379	21949	45680	59102	71756	348819	500937	37546743	15082303	40.2	1.4	NA	NA	37546743	14637194	39	3.7	821582	2.19	36725161	195	31510105	85.8	195.65	11920756	11895498	11775708	108349	9743	26956	0.13	0.01	1.41	0.01	1.51	4979996	13.56	2092	0.01	0	0	221102	0.6	11866	0.03	0	0	FALSE	Healthy
SRX966650	41.017	15.996	44.414	48.211	51.972	SRP056477	GSE67196	Brain	Frontal cortex	Neurodegenarative disease	Amyotrophic lateral sclerosis	0	32986	40186	303	329536	28034042	11826	246	7328	4501	9484	6201	218	20	22	139	137	24	8	2	210	8	10	0	0	0	1	0	395	39	32	5	315	0	1	0	0	0	0	7870	1321872	36716326	0	35.2368769958084	64.504338271987	36716326	0	34.4882021692475	63.4544444176186	45384	35493782	39763042	0	31432	8834218	0	0.249178	58902297	69095977	49808672	881154	15114886	1809284	33737	61149	77045	96183	413841	591495	36716326	14318945	39	1.3	NA	NA	36716326	14122543	38.5	4.2	930544	2.53	35785782	195	31663995	88.48	195.72	16784923	16763497	16599481	147318	15985	22139	0.14	0.01	1.5	0.01	1.5	3875171	10.83	1860	0.01	0	0	235915	0.66	8841	0.02	0	0	FALSE	Neurodegenerative
SRX834740	56.106	16.739	60.799	61.367	66.662	SRP051844	GSE64810	Brain	Prefrontal cortex	Healthy	Healthy	0	113356	42222	1965	1003362	45910818	34662	1290	23851	2666	35468	31038	1025	57	220	550	1192	103	28	22	491	41	22	1	0	0	6	0	251	29	55	18	167	0	6	0	0	0	0	4935	871653	59163558	0	35.3511823105703	50.2099901701791	59163558	0	34.8900536881166	49.2056479268286	123955	57765389	15998185	0	79732	10950633	0	0.190057	132424265	118039393	78848297	1338483	24505499	10508830	83944	200472	273417	188007	706714	952710	59163558	20905649	35.3	1.9	NA	NA	59163558	20196773	34.1	2.9	556283	0.94	58607275	196	55415226	94.55	195.9	26672183	26622877	26334107	271070	24131	42875	0.17	0.01	1.67	0.01	1.31	2474118	4.22	12083	0.02	0	0	675510	1.15	30338	0.05	0	0	FALSE	Healthy
SRX700838	19.962	15.156	21.336	32.101	35.025	SRP047122	GSE61405	Blood	NA	Healthy	Healthy	0	22257	15576	526	196557	10197486	21529	834	4959	3363	4697	5460	1834	1016	98	114	953	15	8	51	1	2585	10353	82	1	0	15	0	9839	513	2879	166	4	10	19	3	7	6	0	9421	995903	25173469	0	24.9348642413964	42.5232641397131	25173469	0	24.0377482737878	38.2582132951091	125639	18103486	47854770	0	78562	6319958	0	0.350057	19457067	26866324	17804794	267205	3929355	3869074	19789	46592	65782	65481	285513	403132	25173469	6592078	26.2	16.6	NA	NA	25173469	7689415	30.5	19.9	5271861	20.94	19901608	94	13711754	68.9	95.39	3540532	3531617	3497175	33061	2674	7622	0.33	0.01	1.25	0	1.29	4517371	22.7	24375	0.12	0	0	1027870	5.16	620238	3.12	0	0	FALSE	Healthy
SRX834777	32.155	56.149	34.876	36.336	39.597	SRP051844	GSE64810	Brain	Prefrontal cortex	Healthy	Healthy	0	106537	100065	1529	961804	49556583	32758	1117	19078	1363	28065	19687	5313	13	101	294	633	73	2	12	6752	4	44	0	0	0	12	0	718	26	48	1	783	0	0	0	0	1	0	12183	1618286	61559199	0	34.7744262721807	70.5198418198542	61559199	0	33.627201338341	68.048281273576	175209	58820732	7011757	0	148848	34950479	0	0.594566	26885883	58603614	37133903	342843	17404512	2550251	28875	76004	103959	115577	327166	409099	61559199	21968509	35.7	2.3	NA	NA	61559199	21125417	34.3	5.4	1894470	3.08	59664729	196	57099207	95.7	195.75	21129953	21100780	20882098	192485	19194	36176	0.29	0.01	1.61	0.01	1.31	1896734	3.18	4645	0.01	0	0	641724	1.08	22419	0.04	0	0	FALSE	Healthy
SRX966658	20.704	25.667	22.668	27.327	29.621	SRP056477	GSE67196	Brain	Frontal cortex	Healthy	Healthy	0	18007	73336	346	220421	21767973	8307	257	4864	3995	6772	3871	194	33	24	71	57	18	202	0	1177	10	50	0	0	1	2	0	152	7	8	2	85	0	1	0	0	0	0	27761	4053912	36077571	0	34.8623813948007	77.1677375103204	36077571	0	33.5039949335835	72.0767958724109	49930	33876449	64975394	0	37591	17011497	0	0.502348	21103193	40775737	26869675	333947	10648049	1586675	17302	36730	47521	62632	410249	612345	36077571	14472053	40.1	1.7	NA	NA	36077571	13628084	37.8	6.9	1882730	5.22	34194841	195	27752793	81.16	195.34	7971728	7956280	7872676	77342	7740	13970	0.12	0.01	1.25	0.01	1.43	6173586	18.05	48197	0.14	0	0	213852	0.63	6413	0.02	0	0	FALSE	Healthy
SRX834743	49.006	20.102	53.004	55.303	59.925	SRP051844	GSE64810	Brain	Prefrontal cortex	Healthy	Healthy	0	112412	77825	1730	1104171	46862180	32095	1470	20688	3093	34040	21946	903	55	292	538	928	92	21	13	5493	37	12	0	0	1	2	0	302	31	51	27	543	0	25	0	0	0	0	10842	1645043	61873035	0	35.2422627078177	53.6777973709681	61873035	0	34.6069663141625	52.6527054154472	150713	60569779	25482607	0	99335	14671236	0	0.242738	103899254	114652487	74546265	1163764	25392896	10289512	83528	212548	296603	214870	847241	1154187	61873035	21199225	34.3	2.1	NA	NA	61873035	20884442	33.8	3.4	522263	0.84	61350772	196	57140086	93.14	195.73	24856681	24804866	24530481	249010	22644	54546	0.19	0.01	1.62	0.01	1.32	3580406	5.84	22011	0.04	0	0	578342	0.94	29927	0.05	0	0	FALSE	Healthy
SRX834781	16.945	72.107	18.223	21.825	23.504	SRP051844	GSE64810	Brain	Prefrontal cortex	Neurodegenarative disease	Huntington disease	0	72647	62020	1062	505475	26015544	15397	796	11329	985	16200	14041	497	13	52	164	721	30	15	0	2998	85	245	1	0	0	9	0	179	14	29	3	93	0	8	0	2	0	0	41830	1895842	35507644	0	35.2975419039348	78.1721015567821	35507644	0	34.4177078321502	74.2583483861967	123423	32900563	4970106	0	96818	25512464	0	0.775458	7480079	17925498	11727831	115080	4351419	1298263	9767	27801	39030	34115	106761	141563	35507644	12963107	36.5	3.2	NA	NA	35507644	12142586	34.2	5.7	1812974	5.11	33694670	197	31585065	93.74	197.29	9848671	9833719	9713787	102304	7640	24940	0.15	0.01	1.48	0.02	1.29	1438921	4.27	3545	0.01	0	0	656675	1.95	10464	0.03	0	0	FALSE	Neurodegenerative
SRX970052	3.169	45.24	3.402	11.674	13.745	SRP056604	GSE67333	Brain	Hippocampus	Healthy	Healthy	0	112152	19473	21140	2131589	45197035	124654	26041	29281	150389	54133	23899	822084	31696	1566	634	1109	127	565	20	132	49	30	4	0	11	1	0	56	25	58	28	47	0	45	0	0	0	0	11634	5129371	173894719	0	31.6982818092365	83.9948153717205	NA	NA	NA	NA	109015501	0	92226430	0	91042010	0	0	0.835129	NA	20457274	7242562	182918	1577286	10267196	27104	89533	141449	58217	212453	313953	173894719	72071178	41.4	8.7	1081785	0.6	NA	NA	NA	NA	NA	NA	172812934	90	91289018	52.83	89.37	19395674	19296982	19026731	256417	15684	96842	0.25	0.02	1.65	0.01	1.43	17726483	10.26	1779045	1.03	0	0	53641841	31.04	8376547	4.85	0	0	FALSE	Healthy
SRX966652	20.875	33.214	22.768	27.662	29.866	SRP056477	GSE67196	Brain	Frontal cortex	Neurodegenarative disease	Amyotrophic lateral sclerosis	0	16531	84155	360	191095	17250864	6403	298	4118	3188	6135	3702	254	39	31	69	94	16	6	2	292	2	19	0	0	0	0	0	136	3	7	4	60	0	2	0	0	0	0	22930	3181389	27044838	0	35.1918914064118	75.9072408097355	27044838	0	34.9101578275307	74.3836147909476	28252	26289221	35372164	0	18757	14598089	0	0.555346	13703176	27602444	17354524	186640	7210516	1882334	12486	31995	45103	49469	282403	422364	27044838	10859526	40.2	1.3	NA	NA	27044838	10595693	39.2	3.5	559469	2.07	26485369	195	22411379	84.62	196.06	5068870	5058627	4995208	59337	3694	10631	0.14	0.01	1.21	0.01	1.46	3906094	14.75	1795	0.01	0	0	160895	0.61	5206	0.02	0	0	FALSE	Neurodegenerative
SRX834753	57.534	17.977	62.365	62.617	67.993	SRP051844	GSE64810	Brain	Prefrontal cortex	Healthy	Healthy	0	52850	33302	774	460223	21936064	14084	623	9245	862	15346	11052	428	16	92	225	537	44	8	4	695	13	16	0	0	0	3	0	210	26	38	7	444	0	5	0	0	0	0	4553	637598	27905342	0	36.5438256947362	46.0357044010347	27905342	0	36.3741151425415	45.4703539937871	61052	27248893	6484057	0	35865	5457201	0	0.200706	58605971	54563597	36444842	520856	12299639	3985840	34428	85950	119379	90337	350816	476062	27905342	9715134	34.8	1.1	NA	NA	27905342	9563652	34.3	1.5	208762	0.75	27696580	198	26156892	94.44	197.99	11578427	11555432	11447349	102264	10330	18484	0.15	0.01	1.61	0.01	1.32	1153053	4.16	4145	0.01	0	0	367683	1.33	14807	0.05	0	0	FALSE	Healthy
SRX970051	2.05	51.435	2.2	11.48	14.964	SRP056604	GSE67333	Brain	Hippocampus	Healthy	Healthy	0	116499	21632	69961	2331691	55169997	120580	27699	29955	255040	53786	23764	1879389	135570	1253	687	1075	65	405	20	35	54	104	0	0	10	13	0	272	63	149	27	62	0	36	0	0	0	0	25403	10373365	177108169	0	32.8504826731058	87.8414100747033	NA	NA	NA	NA	136240418	0	105610482	0	124394828	0	0	0.913054	NA	14007510	6103256	126537	1096160	5861417	17822	61657	96687	35406	135480	201960	177108169	70461861	39.8	6.6	355542	0.2	NA	NA	NA	NA	NA	NA	176752627	92	113360534	64.14	91.48	25472375	25356128	25046427	259190	23352	143406	0.29	0.02	1.67	0	1.42	22879884	12.94	691981	0.39	0	0	34637900	19.6	5182328	2.93	0	0	FALSE	Healthy
SRX902281	14.821	46.897	16.083	32.552	39.386	SRP055874	GSE66573	Blood	NA	Neurodegenarative disease	Multiple sclerosis	0	49763	37470	1201	361324	28725174	27033	776	6405	2026	12024	10561	586	35	91	389	1131	63	5	174	0	7407	23535	208	0	0	0	0	34967	1517	11986	261	3	114	45	9	13	21	0	7991	252933	42549517	0	35.7699972011433	83.2153609240616	42549517	0	34.8665584617565	81.4420338313977	58521	41324282	42260381	0	48668	29271524	0	0.708424	12513143	31265177	22429393	283070	4990034	2739205	11405	31132	51575	60122	220452	304054	42549517	14900822	35	1.6	NA	NA	42549517	13865171	32.6	4	1039950	2.44	41509567	196	33601887	80.95	196.69	19701241	19679838	19529909	129610	14157	27565	0.18	0.01	1.59	0.01	1.36	7780916	18.74	10661	0.03	0	0	78437	0.19	37666	0.09	0	0	FALSE	Neurodegenerative
SRX966670	14.5	26.086	15.853	22.633	24.355	SRP056477	GSE67196	Brain	Frontal cortex	Healthy	Healthy	0	24868	83995	486	301846	26491834	8819	362	7058	5654	9738	5485	426	92	30	101	126	37	15	2	1524	6	37	2	0	0	0	0	172	11	11	3	183	0	4	0	0	0	0	36771	4744837	45174455	0	34.9223913603385	81.2938033848007	45174455	0	34.4513258433334	79.4259680590219	55530	43825899	110947188	0	43619	25877964	0	0.590595	20286758	42681335	26848600	306426	11893660	2028837	19965	44540	59358	76503	495485	724882	45174455	18979734	42	1.5	NA	NA	45174455	18526401	41	3.9	975277	2.16	44199178	193	33893503	76.68	194.06	9013212	8989478	8817301	161495	8141	26275	0.15	0.01	1.3	0.01	1.52	9987926	22.6	16559	0.04	0	0	279193	0.63	21997	0.05	0	0	FALSE	Healthy
SRX700845	16.422	12.122	17.685	28.309	31.239	SRP047122	GSE61405	Blood	NA	Neurodegenarative disease	Huntington disease	0	7520	6199	265	62378	3648587	7059	280	1295	1883	1710	1490	703	238	31	60	382	6	2	15	0	892	3484	19	0	1	5	0	3308	134	1039	46	0	5	21	1	1	5	0	2005	219290	10950060	0	19.4247115540919	15.4792633416223	10950060	0	24.3882065486399	40.4807092634737	59085	7032698	24798827	0	32433	2335541	0	0.333004	8084560	10657050	7135912	113025	1317561	1583452	9143	18781	25451	23389	149343	224987	10950060	2128157	19.4	33.8	NA	NA	10950060	2681314	24.5	21	3428920	31.31	7521140	88	4806677	63.91	89.95	1265482	1261958	1250801	10912	888	2881	0.48	0.01	1.32	0	1.29	2285106	30.38	17504	0.23	0	0	329460	4.38	82393	1.1	0	0	FALSE	Neurodegenerative
SRX834756	16.148	74.154	17.56	19.74	21.536	SRP051844	GSE64810	Brain	Prefrontal cortex	Healthy	Healthy	0	62274	23470	954	604888	29225018	15780	820	11255	914	17490	12163	397	20	93	151	518	34	1	2	2893	23	7	0	0	0	9	0	389	29	32	5	491	0	0	0	0	0	0	8770	886776	36641585	0	35.2976608408179	80.8373481657624	36641585	0	35.1316582784287	78.597343893689	158047	34682185	4815996	0	131147	27496000	0	0.792883	7246667	17518123	11079840	88470	5155121	779508	9037	25678	36612	34956	105702	136118	36641585	12665966	34.6	3	NA	NA	36641585	12371258	33.8	3.9	1086410	2.96	35555175	196	33789179	95.03	196.54	12452622	12436984	12324516	96754	11545	19807	0.16	0.01	1.59	0.02	1.32	1051053	2.96	4309	0.01	0	0	693084	1.95	17550	0.05	0	0	FALSE	Healthy
SRX700840	21.927	15.844	23.462	31.608	34.495	SRP047122	GSE61405	Blood	NA	Healthy	Healthy	0	19063	16485	429	178184	9005943	22174	883	4298	3572	4229	3741	2095	817	78	121	558	13	22	46	0	2329	10743	59	0	0	9	0	8927	340	2426	162	2	5	29	4	9	8	0	13385	1024602	25155131	0	25.4685056102471	49.132227044777	25155131	0	23.5408477896617	42.7014911905051	122774	15651035	36080183	0	75617	5289778	0	0.339068	17573750	23534466	15406379	216846	3612921	3428302	16890	40338	55475	59430	261036	370546	25155131	6603915	26.3	15.5	NA	NA	25155131	7663815	30.5	21.7	5228105	20.78	19927026	94	12300970	61.73	95.19	2992109	2984493	2910979	72509	2233	6388	0.28	0.01	1.23	0	1.27	3472839	17.43	47255	0.24	0	0	1588196	7.97	2517766	12.63	0	0	FALSE	Healthy
SRX966664	25.569	27.941	27.954	32.166	34.803	SRP056477	GSE67196	Brain	Frontal cortex	Healthy	Healthy	0	21272	56226	275	239131	20075516	5950	257	4513	2727	7980	3913	199	10	9	34	78	32	4	2	381	2	33	0	0	0	1	0	212	7	2	5	232	0	0	0	0	0	0	26433	1768424	28128574	0	34.9875393256693	74.4423137841185	28128574	0	34.7359854431298	73.3453378902889	27350	27494898	38412409	0	20296	13037302	0	0.474305	18829733	34996452	22740548	260771	9769639	1184138	15630	34555	44619	61045	313661	466600	28128574	11085929	39.4	1.4	NA	NA	28128574	10682161	38	3.5	501382	1.78	27627192	195	23607993	85.45	195.92	7683553	7669382	7592070	71009	6860	13614	0.16	0.01	1.4	0.01	1.46	3914255	14.17	1361	0	0	0	98141	0.36	5442	0.02	0	0	FALSE	Healthy
SRX834749	53.283	19.837	57.913	58.734	63.977	SRP051844	GSE64810	Brain	Prefrontal cortex	Healthy	Healthy	0	58252	72510	986	515503	24596343	15839	696	11341	1080	17346	14800	433	18	112	318	720	64	9	7	1097	23	10	0	0	0	4	0	156	12	24	8	73	0	5	0	0	0	0	7523	908511	31715019	0	36.1959815316522	49.1571281176372	31715019	0	35.9340544301739	48.4427402545871	82205	31004265	9800281	0	50526	7089293	0	0.229166	57011456	59577116	39745631	521036	13414461	4374872	36745	93321	128844	96512	413256	566275	31715019	10908619	34.4	1.5	NA	NA	31715019	10821916	34.1	2	222238	0.7	31492781	197	29553023	93.84	197.32	12598289	12571431	12440899	121768	13813	21809	0.17	0.01	1.62	0.01	1.32	1533447	4.87	5976	0.02	0	0	384467	1.22	15868	0.05	0	0	FALSE	Healthy
SRX834758	22.464	68.181	24.308	25.944	28.17	SRP051844	GSE64810	Brain	Prefrontal cortex	Healthy	Healthy	0	69313	27819	929	610355	28213394	15061	789	11105	874	18194	14890	403	6	89	265	440	86	1	5	2416	14	7	8	0	0	0	0	294	44	26	5	432	0	3	0	0	0	0	7855	856819	34752856	0	35.7820662278807	74.7462163869745	34752856	0	35.4074698206099	73.307237336223	150067	33522640	3555057	0	119278	24055561	0	0.717764	9785327	23191455	14777807	140325	6650202	1141359	12125	33183	45453	45325	129960	165845	34752856	11830134	34	2	NA	NA	34752856	11712128	33.7	3	522245	1.5	34230611	197	32724809	95.6	197.13	12396766	12380865	12260224	107264	11296	17982	0.16	0.01	1.61	0.02	1.31	947898	2.77	3230	0.01	0	0	541493	1.58	13181	0.04	0	0	FALSE	Healthy
SRX966639	32.999	17.587	35.769	41.56	44.735	SRP056477	GSE67196	Brain	Cerebellum	Neurodegenarative disease	Amyotrophic lateral sclerosis	0	49943	25107	810	484197	25529376	16245	777	10625	5198	15431	9872	449	38	106	237	179	33	6	3	179	14	7	0	0	1	2	0	653	33	28	16	8	0	2	0	0	0	0	8755	595352	35218816	0	35.6844856170065	62.3802536560267	35218816	0	34.9755954601086	61.1558980141316	39121	34478815	48443930	0	24284	10307332	0	0.299129	45486823	61124643	41035533	582911	13702516	4091404	32325	80046	110087	120783	464209	656123	35218816	13642754	38.7	1.3	NA	NA	35218816	13590697	38.6	3	480450	1.36	34738366	195	30022212	86.42	196.03	15078425	15058282	14924529	120920	13060	19916	0.15	0.01	1.62	0.01	1.52	4495724	12.94	4278	0.01	0	0	198801	0.57	17351	0.05	0	0	FALSE	Neurodegenerative
SRX966657	10.746	44.513	11.794	16.016	17.284	SRP056477	GSE67196	Brain	Cerebellum	Healthy	Healthy	0	56985	132611	1479	642238	34237364	21240	1412	12620	5307	21676	13041	1015	79	115	165	474	38	8	9	775	3	44	0	0	0	0	0	400	25	16	10	8	0	3	0	0	0	0	72691	6794165	55933240	0	35.2335260034999	85.0366584938749	55933240	0	34.9529812147482	83.7808189450836	66178	55102031	75958270	0	52578	41414685	0	0.751626	13956586	31017979	17196912	133315	8645537	3635965	16963	56349	85579	82717	414494	587405	55933240	22893763	40.9	1.7	NA	NA	55933240	22552705	40.3	2.9	533748	0.95	55399492	194	47423983	85.6	195.29	8161167	8144411	8048252	79126	4772	29017	0.15	0.02	1.25	0.01	1.46	7744226	13.98	7020	0.01	0	0	205288	0.37	18975	0.03	0	0	FALSE	Healthy
SRX966660	37.385	19.572	40.593	44.913	48.504	SRP056477	GSE67196	Brain	Frontal cortex	Healthy	Healthy	0	32962	46112	316	364529	25863041	9703	670	7963	5802	11113	6131	1089	60	30	88	125	35	6	1	306	10	30	1	0	0	0	0	234	30	27	2	365	0	4	0	0	0	0	11059	1438061	34120227	0	35.1099714840701	67.2788014496846	34120227	0	34.9173333166863	66.561360422893	33184	33456511	37418422	0	22660	10194492	0	0.304896	43064359	58347431	39424578	557122	14912492	2010181	28480	59459	76349	99988	424580	592703	34120227	13617936	39.9	1.4	NA	NA	34120227	13395938	39.3	3	461006	1.35	33659221	195	29772480	88.45	195.57	12934631	12916919	12788772	119010	11274	15575	0.15	0.01	1.53	0.01	1.52	3717215	11.04	3852	0.01	0	0	154009	0.46	11665	0.03	0	0	FALSE	Healthy
SRX700851	18.386	12.605	19.686	29.964	34.076	SRP047122	GSE61405	Blood	NA	Healthy	Healthy	0	3810	2978	203	45453	1629898	4256	193	853	2310	1061	684	930	469	14	27	111	5	49	11	0	376	1851	17	1	0	2	0	1616	96	396	27	0	1	12	0	2	3	0	1698	318475	12068987	0	26.4151807438354	68.6383231027888	12068987	0	23.9303626725259	58.5521103599015	27276	3427067	9171285	0	12763	1001974	0	0.293067	4651957	5509187	3112183	59294	659275	1196623	6031	14286	19410	15279	174530	241702	12068987	2619736	21.7	13.3	NA	NA	12068987	2803354	23.2	22.7	2338192	19.37	9730795	93	2616943	26.89	96.02	519364	516196	512360	3976	393	2635	0.26	0.01	1.16	0	1.29	837400	8.61	75442	0.78	0	0	1488872	15.3	4712138	48.43	0	0	FALSE	Healthy
SRX700850	16.728	13.083	17.913	26.719	29.595	SRP047122	GSE61405	Blood	NA	Neurodegenarative disease	Huntington disease	0	11722	10173	430	131279	5951972	10345	1330	2349	3047	3222	3135	3314	654	55	96	417	7	4	24	0	1744	6038	66	0	0	1	0	3607	251	1167	45	0	4	24	2	5	3	0	8101	684718	17771391	0	25.3583048732651	46.1074824978585	17771391	0	22.1932734471939	36.3558696159859	81495	11738644	38708358	0	43349	4041201	0	0.344914	12857486	17284146	10785521	184965	2548793	3019579	14429	32397	45799	45908	223266	317028	17771391	4097527	23.1	15.7	NA	NA	17771391	3978945	22.4	28.3	4331174	24.37	13440217	91	8512946	63.34	92.47	1919907	1913967	1893090	20445	1448	4924	0.3	0.01	1.3	0	1.26	3307193	24.61	34318	0.26	0	0	687758	5.12	898002	6.68	0	0	FALSE	Neurodegenerative
SRX680613	54.646	20.306	58.377	64.313	69.091	SRP045500	GSE60424	Blood	NA	Healthy	Healthy	0	37707	10830	873	263166	15154533	18961	391	4642	714	8007	9164	274	20	82	281	667	34	4	116	0	6063	27811	331	0	0	8	0	17470	774	6645	214	0	33	56	3	69	43	0	2559	223860	20596601	0	36.2594852422494	43.1475268694932	20596601	0	35.4567145326552	18.2266708713197	20275	19099588	4596757	0	12414	4337418	0	0.227299	35410004	34124094	24349372	439871	5504443	3105496	20589	46098	66206	71010	179927	220391	20596601	6845178	33.2	2.8	NA	NA	20596601	6772272	32.9	3.3	928298	4.51	19668303	98	17990881	91.47	97.69	5697083	5688296	5641860	43387	4557	7279	0.19	0	1.41	0	1.24	1128982	5.74	8105	0.04	0	0	525199	2.67	15136	0.08	0	0	FALSE	Healthy
SRX966662	32.067	17.527	34.675	38.993	41.87	SRP056477	GSE67196	Brain	Frontal cortex	Healthy	Healthy	0	26889	27864	329	343796	24225364	9504	339	7309	4888	10167	5720	522	51	46	116	80	22	9	2	268	1	8	0	0	0	0	0	281	32	15	15	305	0	1	0	0	0	0	5561	894513	32725933	0	35.169545234967	65.9692896271611	32725933	0	34.9213929821344	65.4824615971986	31462	32098833	50689468	0	21174	10053212	0	0.313372	39867200	56020027	38243521	610145	13548570	2187172	28593	57451	73238	90360	419240	613609	32725933	12444317	38	1.4	NA	NA	32725933	12329227	37.7	3	444366	1.36	32281567	196	27512676	85.23	196.35	13642303	13625188	13493516	121227	13551	14009	0.12	0.01	1.58	0.01	1.5	4617619	14.3	3260	0.01	0	0	139068	0.43	8944	0.03	0	0	FALSE	Healthy
SRX970054	4.423	53.61	4.762	14.094	18.921	SRP056604	GSE67333	Brain	Hippocampus	Healthy	Healthy	0	158558	29117	20227	2683097	63500160	158109	203597	36226	280870	69975	29872	1035331	34993	1467	1123	1871	139	138	21	195	65	64	0	2	5	4	0	263	73	136	60	118	0	88	3	2	0	0	22894	5230645	170053030	0	33.3167033071978	76.1364377902044	NA	NA	NA	NA	142071218	0	69103714	0	113211609	0	0	0.796865	NA	32518048	10697472	295770	2149798	17452072	47756	151202	240868	87318	310920	466578	170053030	71982876	42.3	6.1	206202	0.1	NA	NA	NA	NA	NA	NA	169846828	92	124803559	73.48	89.95	28169791	28044030	27753884	254036	26208	135663	0.26	0.02	1.69	0.01	1.46	17267659	10.17	366672	0.22	0	0	26016597	15.32	1392341	0.82	0	0	FALSE	Healthy
SRX966635	14.056	40.316	15.344	20.397	21.998	SRP056477	GSE67196	Brain	Cerebellum	Neurodegenarative disease	Amyotrophic lateral sclerosis	0	55475	69909	1486	533488	22777799	18930	1416	10576	6586	20098	10969	1238	95	149	251	381	78	9	0	357	3	28	0	0	0	0	0	327	16	9	7	16	0	5	0	0	0	0	40696	3101983	37025931	0	35.5464740643524	79.0469689693685	37025931	0	35.1309000440799	77.3424831041208	54399	36305294	47836151	0	39795	24264681	0	0.668398	12788642	27522469	15281645	150274	6736392	4103346	19102	61691	92669	73049	331145	491026	37025931	13594268	36.7	1.6	NA	NA	37025931	13242202	35.8	2.9	394260	1.06	36631671	196	31537818	86.09	196.86	6735256	6721238	6653941	59739	5118	16458	0.17	0.01	1.33	0.01	1.55	4821875	13.16	5864	0.02	0	0	252737	0.69	13377	0.04	0	0	FALSE	Neurodegenerative
SRX834750	35.206	36.226	38.387	41.533	45.423	SRP051844	GSE64810	Brain	Prefrontal cortex	Healthy	Healthy	0	66505	71523	788	541185	27264510	14741	618	10213	1450	15559	11771	436	15	99	247	535	38	10	8	395	11	10	1	0	0	0	0	333	31	30	10	210	0	1	0	0	0	0	9147	1954514	36566968	0	35.6657701015846	61.4037298187249	36566968	0	35.2246912842213	60.0311405204707	76067	35402103	17356869	0	52176	15946472	0	0.450691	26300968	48504920	32726896	425481	10799967	3093635	31527	77433	105504	80645	418886	572710	36566968	13169680	36	1.7	NA	NA	36566968	12757365	34.9	2.8	634417	1.73	35932551	197	33080541	92.06	196.93	13144374	13116883	12958427	146807	11467	27673	0.16	0.01	1.47	0.01	1.31	2397629	6.67	11992	0.03	0	0	423697	1.18	18692	0.05	0	0	FALSE	Healthy
SRX680620	58.407	14.032	62.416	67.997	73.148	SRP045500	GSE60424	Blood	NA	Healthy	Healthy	0	31404	12535	708	235367	14211157	14592	322	4947	622	7080	9466	298	14	75	187	914	38	3	90	0	4436	19955	115	0	0	12	0	13935	799	4340	143	2	19	71	7	35	28	0	2659	206931	19237380	0	36.5646394675366	40.576351657687	19237380	0	35.3919861228504	26.9654881863071	18187	17859368	5014575	0	10827	2849959	0	0.1598	49831622	34546167	24565961	433888	5628252	3179794	19556	42021	62262	67226	191649	237999	19237380	6368637	33.1	2.3	NA	NA	19237380	6248651	32.5	3.4	839044	4.36	18398336	98	16803376	91.33	97.52	5075939	5067946	5024397	40918	4214	6410	0.22	0	1.41	0	1.2	1074179	5.84	8500	0.05	0	0	498086	2.71	14195	0.08	0	0	FALSE	Healthy
SRX834770	20.638	69.141	22.37	24.563	26.776	SRP051844	GSE64810	Brain	Prefrontal cortex	Healthy	Healthy	0	98043	107608	1400	978738	47771388	26250	1273	18609	1615	27384	17188	9251	10	132	255	636	76	7	20	4080	22	17	2	0	2	3	0	664	31	63	2	559	0	0	0	0	0	0	13645	1838325	64229551	0	34.4025238631981	78.9089546710804	64229551	0	32.2957229764848	71.2568747238285	163084	57276698	7311299	0	145575	42102810	0	0.735301	15566753	36727958	22524553	187596	11272626	1806531	21556	61863	88671	80352	232912	301050	64229551	25838769	40.2	3.9	NA	NA	64229551	22293038	34.7	9.8	6050689	9.42	58178862	197	55571575	95.52	196.58	18674970	18648232	18449636	174802	16639	33893	0.18	0.01	1.53	0.02	1.34	1868207	3.21	6292	0.01	0	0	704090	1.21	28698	0.05	0	0	FALSE	Healthy
SRX834780	17.018	72.146	18.622	20.96	22.968	SRP051844	GSE64810	Brain	Prefrontal cortex	Neurodegenarative disease	Huntington disease	0	67453	25084	1343	598160	29426315	17748	717	11012	935	15409	12023	571	13	88	101	593	50	4	6	5735	25	204	7	0	0	0	0	310	31	10	7	122	0	0	0	0	0	0	12836	996583	37317695	0	35.1959162268731	80.7409672054798	37317695	0	34.9632084457521	78.2895885782215	197947	35060582	5508771	0	169635	27263291	0	0.777829	7890021	18683945	11499910	66010	5802349	849681	8151	25251	37235	40966	128773	166185	37317695	12810911	34.3	3.2	NA	NA	37317695	12471672	33.4	4.2	1225023	3.28	36092672	196	34118951	94.53	196.17	11231081	11211037	11110390	80924	8849	30918	0.16	0.01	1.58	0.02	1.34	1139578	3.16	5913	0.02	0	0	811522	2.25	16708	0.05	0	0	FALSE	Neurodegenerative
SRX1114576	46.357	48.915	46.473	46.928	47.055	SRP061397	GSE71191	Brain	Prefrontal cortex	Neurodegenarative disease	Huntington disease	0	0	0	0	173	106181	0	0	0	1	0	0	0	0	0	0	0	0	0	0	0	0	0	0	0	0	0	0	0	0	0	0	0	0	0	0	0	0	0	0	0	113972	0	35.7639507949321	72.5827396202576	113972	0	35.4797143157969	70.5559260169164	2	113905	1326	0	1	56052	0	0.492094	73407	143014	131147	125	1896	9506	0	2	2	26	27	27	113972	33146	29.1	0.1	NA	NA	113972	33405	29.3	0.1	36	0.03	113936	195	113497	99.61	195.03	42682	42644	42463	192	0	27	0.15	0.01	1.78	0.02	2.63	410	0.36	11	0.01	0	0	18	0.02	0	0	0	0	FALSE	Neurodegenerative
SRX966655	37.661	17.571	40.629	45.98	49.302	SRP056477	GSE67196	Brain	Cerebellum	Neurodegenarative disease	Amyotrophic lateral sclerosis	0	53208	16709	754	594055	29438586	16219	557	13377	4659	16552	9514	495	26	57	217	196	30	8	0	266	7	47	0	0	2	3	0	950	46	29	13	13	0	1	0	0	0	0	3418	412185	38265742	0	35.627801990616	63.7158005211095	38265742	0	34.8616167171147	63.000572388401	41244	37569115	44772158	0	28175	10514796	0	0.2801	53901805	70046250	48791570	765921	15751590	3011248	40271	89267	115734	129460	468296	641122	38265742	14441422	37.7	1.3	NA	NA	38265742	14587932	38.1	3	484214	1.27	37781528	196	33361391	88.3	196.31	19341022	19317686	19147367	153776	17250	22629	0.14	0.01	1.7	0.01	1.5	4248968	11.25	3233	0.01	0	0	143795	0.38	24141	0.06	0	0	FALSE	Neurodegenerative
SRX834772	51.72	27.923	55.979	56.654	61.418	SRP051844	GSE64810	Brain	Prefrontal cortex	Healthy	Healthy	0	91486	37212	1709	802833	33942924	22581	1100	17010	1726	24309	21145	725	19	139	368	811	50	8	8	5341	15	8	1	0	1	4	0	265	9	48	12	40	0	4	0	0	0	0	11638	1173048	43420418	0	35.9576048991514	52.9467565228172	43420418	0	35.2391031334613	52.0173027399615	104984	42198232	7246984	0	70056	12755968	0	0.30274	54879579	72818526	47222092	632280	17568032	5734870	48536	124972	172264	123516	404620	531200	43420418	15026842	34.6	1.3	NA	NA	43420418	14749799	34	3	616894	1.42	42803524	198	40724714	95.14	197.36	16661883	16625185	16472118	143345	14544	31876	0.17	0.01	1.6	0.01	1.37	1578502	3.69	5511	0.01	0	0	482121	1.13	12676	0.03	0	0	FALSE	Healthy
SRX700837	21.844	14.272	23.456	33.731	37.606	SRP047122	GSE61405	Blood	NA	Healthy	Healthy	0	19088	14261	983	219945	10019303	23824	1353	4004	8365	5623	4236	1846	1014	119	146	658	27	14	83	0	3330	17306	46	0	1	28	0	6157	265	1524	98	0	3	75	3	7	5	0	5773	718934	25103012	0	28.7215892260259	31.6273901227912	25103012	0	30.2972640095937	43.4999450446153	83596	18024866	40892171	0	49654	5458183	0	0.303488	23388984	28269125	17160740	225725	4536956	5182409	18167	48379	71430	75550	352229	497687	25103012	6705253	26.7	16.4	NA	NA	25103012	7303920	29.1	16.1	4771577	19.01	20331435	97	13963902	68.68	97.26	3338710	3327275	3295380	31398	2498	9434	0.67	0.01	1.28	0	1.28	4144560	20.38	48497	0.24	0	0	1634849	8.04	539627	2.65	0	0	FALSE	Healthy
SRX700836	25.146	13.179	26.872	36.096	40.487	SRP047122	GSE61405	Blood	NA	Healthy	Healthy	0	12901	7319	565	146195	5780382	13626	1116	2606	7061	3542	2623	2547	1260	108	69	442	17	63	21	0	1812	6215	36	0	1	5	0	5134	239	1727	66	0	2	19	1	1	3	0	3666	675436	25264785	0	29.7158638397279	46.9268504713972	25264785	0	29.6060647656412	55.1586243655921	44934	10335294	19522465	0	22301	2633942	0	0.255373	16661777	17446408	10304110	162936	2583240	3381275	13747	38317	53359	47293	340921	461702	25264785	6139404	24.3	15	NA	NA	25264785	7015134	27.8	18.1	4999916	19.79	20264869	97	8505244	41.97	98.3	1990344	1983509	1962886	20242	1603	5613	0.48	0.01	1.21	0	1.28	1874984	9.25	128706	0.64	0	0	4158753	20.52	5597182	27.62	0	0	FALSE	Healthy
SRX902285	24.257	24.879	26.398	42.347	50.02	SRP055874	GSE66573	Blood	NA	Healthy	Healthy	0	37473	22025	1137	278608	19500130	21777	665	5017	2524	9289	7697	570	47	80	402	1201	43	7	151	0	9343	36759	292	0	0	3	0	21011	998	6596	113	1	98	54	7	42	46	1	3878	94578	30563690	0	35.4807889688712	69.6269372273577	30563690	0	34.1392947971924	67.5305044087118	40982	29650281	43521327	0	27565	12775094	0	0.431026	23582618	43170774	29910708	397197	6733588	4765284	18613	51090	88675	90106	366637	513168	30563690	11960616	39.1	1.2	NA	NA	30563690	11106466	36.3	4.5	691340	2.26	29872350	194	23517095	78.73	194.53	13118946	13100632	12972545	98399	10588	37414	0.21	0.01	1.66	0.01	1.36	6174168	20.67	10108	0.03	0	0	127864	0.43	43115	0.14	0	0	FALSE	Healthy
SRX834754	30.842	39.971	33.575	37.276	40.556	SRP051844	GSE64810	Brain	Prefrontal cortex	Healthy	Healthy	0	55085	69904	897	480296	25442641	16004	689	10565	1479	15586	11763	501	10	125	204	554	62	1	10	628	3	21	3	0	0	7	0	147	13	50	6	106	0	1	0	0	0	0	16719	1820672	36290876	0	35.9131154067485	64.0837703729017	36290876	0	35.4992435288693	62.3602040218623	87089	33613498	17728611	0	57959	16958620	0	0.504726	20774051	41163799	27488228	379920	8940666	3029648	26929	66015	91732	69176	387331	531988	36290876	14333749	39.5	2.6	NA	NA	36290876	14000071	38.6	3.5	1991481	5.49	34299395	197	31208464	90.99	197.25	11993793	11967948	11840329	116634	10328	26502	0.14	0.01	1.49	0.01	1.32	2492123	7.27	11147	0.03	0	0	570513	1.66	17148	0.05	0	0	FALSE	Healthy
SRX966646	34.255	18.97	37.272	41.603	45.474	SRP056477	GSE67196	Brain	Frontal cortex	Neurodegenarative disease	Amyotrophic lateral sclerosis	0	21992	39628	222	253179	20635617	7799	198	5622	3076	7980	4400	134	11	26	70	58	18	2	1	149	2	35	0	0	0	1	0	176	24	17	4	389	0	1	0	0	0	0	12506	1093176	27765596	0	34.6337722049979	66.0927813035644	27765596	0	34.119883218066	64.4608771463143	33102	26966817	36310592	0	23385	8543369	0	0.317049	32993877	46006044	31119001	430040	11887048	1434447	20848	42211	53589	71255	322830	476239	27765596	11550561	41.6	1.8	NA	NA	27765596	11289497	40.7	4.2	592222	2.13	27173374	193	23574719	86.76	193.93	10398919	10384402	10283969	92238	8717	13995	0.16	0.01	1.53	0.01	1.52	3425200	12.6	1593	0.01	0	0	164686	0.61	7176	0.03	0	0	FALSE	Neurodegenerative
SRX2430567	30.905	36.481	33.614	39.388	44.523	SRP095209	GSE92472	Blood	NA	Neurodegenarative disease	Multiple sclerosis	0	72008	43730	1892	449687	37502422	29296	964	7854	1990	15716	13396	717	52	223	569	2777	63	23	195	0	13948	52507	412	0	0	2	0	28321	1268	11211	312	7	81	60	7	50	59	0	7431	134466	49052585	0	36.0399384048771	73.9813330432174	49052585	0	35.7587485552494	73.7518649296683	48414	48498808	30399018	0	36721	23220004	0	0.478914	32698144	65357201	46664994	690490	10829162	5668085	26557	66489	99397	121084	407485	541690	49052585	22556504	46	1.3	NA	NA	49052585	22431808	45.7	2.1	302602	0.62	48749983	192	44185405	90.64	191.99	25372696	25341825	25086666	226988	20099	38943	0.17	0.01	1.59	0.01	1.36	4361817	8.95	10127	0.02	0	0	141527	0.29	51107	0.1	0	0	FALSE	Neurodegenerative
SRX2430568	15.264	39.784	16.514	41.29	51.858	SRP095209	GSE92472	Blood	NA	Neurodegenarative disease	Multiple sclerosis	0	37752	24150	1013	277281	25158205	18378	589	4699	1165	9115	9736	413	24	115	357	2120	30	16	62	0	8982	30716	228	0	0	2	0	11030	513	3512	134	2	38	115	0	18	31	0	3751	77761	39575292	0	35.8869557298529	81.4137277063471	39575292	0	35.0974890848563	80.2605669394734	45330	38525481	52776202	0	36797	25809249	0	0.67001	13492565	32963795	23728252	339432	5468782	2637126	12481	31855	52781	61997	211135	290135	39575292	15537875	39.3	1.2	NA	NA	39575292	14448242	36.5	3.3	686399	1.73	38888893	194	28903020	74.32	194.39	17409779	17387584	17252083	118994	11289	27413	0.19	0.01	1.62	0.01	1.38	9667791	24.86	8979	0.02	0	0	189874	0.49	119229	0.31	0	0	FALSE	Neurodegenerative
SRX2430570	8.525	29.261	9.389	29.274	38.39	SRP095209	GSE92472	Blood	NA	Healthy	Healthy	0	27152	22198	755	211947	16165748	17957	715	3435	3612	7074	5147	515	107	103	249	925	61	17	58	0	4267	19872	115	1	2	1	0	23072	739	6480	104	8	38	52	2	9	19	0	4019	97881	31670329	0	35.221659553963	81.5664493622652	31670329	0	34.0942447424528	79.0235284604218	35726	30650704	85730456	0	27028	21497194	0	0.701393	9536883	23146837	15546603	181476	3351883	3032467	10184	29262	45962	48042	313793	452669	31670329	13470007	42.5	1.4	NA	NA	31670329	12264644	38.7	4.4	782492	2.47	30887837	193	19648767	63.61	193.2	10769113	10753687	10666978	71316	6279	24540	0.24	0.01	1.54	0.01	1.37	11037663	35.73	13096	0.04	0	0	109133	0.35	79178	0.26	0	0	FALSE	Healthy
SRX2430569	22.269	35.002	24.219	44.137	53.22	SRP095209	GSE92472	Blood	NA	Neurodegenarative disease	Multiple sclerosis	0	39258	25648	986	268001	24990022	21182	561	5172	1575	9241	7863	429	33	85	307	1070	51	0	130	0	17801	54118	443	0	0	0	0	20387	730	7037	147	0	73	111	3	25	36	0	6042	182814	37759649	0	35.7835895667356	76.851270889705	37759649	0	34.7711836251444	75.3893361200294	48155	36763631	42336279	0	36168	20260367	0	0.551229	19434277	43080896	31233057	366052	7130866	3338924	14790	38180	61453	82506	279540	375330	37759649	12964995	34.3	1.3	NA	NA	37759649	12012444	31.8	3.9	799587	2.12	36960062	196	28678926	77.59	196.79	17581268	17561416	17419769	109428	11420	40651	0.19	0.01	1.58	0.01	1.35	8132860	22	6475	0.02	0	0	87822	0.24	53979	0.15	0	0	FALSE	Neurodegenerative
SRX3987911	11.548	22.491	12.348	22.087	23.98	SRP142295	GSE113524	Brain	Olfactory bulb	Healthy	Healthy	0	9992	4817	789	306460	3238026	14348	3868	2604	10889	5730	2138	5426	701	293	63	88	27	21	5	0	5	13	0	0	9	2	0	13	13	13	1	3	0	2	0	0	0	0	2669	1293170	12822157	0	36.475399965856	27.9804850311154	NA	NA	NA	NA	12157130	0	7389435	0	4396244	0	0	0.361619	NA	8231841	2231051	73658	603769	4789010	11637	38933	64684	22111	75757	115482	12822157	6353390	49.6	0.1	419773	3.3	NA	NA	NA	NA	NA	NA	12402384	57	10299818	83.05	55.78	597507	589120	582812	11631	488	2576	0.33	0.01	1.39	0.01	1.19	1857312	14.98	33212	0.27	0	0	207184	1.67	4858	0.04	0	0	FALSE	Healthy
SRX3987912	10.468	24.905	11.18	20.446	22.227	SRP142295	GSE113524	Brain	Olfactory bulb	Healthy	Healthy	0	17107	7943	1088	510903	5145396	21622	5774	4141	17786	9830	3245	6979	1102	370	98	169	53	43	8	0	24	71	0	0	9	4	0	15	13	8	7	5	0	2	1	0	0	0	3773	2066042	21286803	0	36.4471999858316	29.3252818673969	NA	NA	NA	NA	19812778	0	11396603	0	7772609	0	0	0.392303	NA	12712004	3137018	102646	924233	7657264	18881	64668	108143	35335	126033	193051	21286803	11005897	51.7	0.1	877202	4.1	NA	NA	NA	NA	NA	NA	20409601	56	16794756	82.29	55.34	1048205	1030426	878450	162217	2037	5501	0.38	0.01	1.4	0.01	1.17	3018022	14.79	61522	0.3	0	0	524041	2.57	11260	0.06	0	0	FALSE	Healthy
SRX3987913	13.854	26.9	14.8	23.646	25.533	SRP142295	GSE113524	Brain	Olfactory bulb	Healthy	Healthy	0	4565	4016	235	157628	1518160	5940	713	1216	5892	2880	990	1135	251	77	23	46	13	7	0	0	4	8	0	0	2	0	0	11	8	4	2	0	0	2	0	0	0	0	1767	866096	5931849	0	33.2849258300405	28.8869156896615	NA	NA	NA	NA	5712093	0	2271213	0	2147480	0	0	0.375953	NA	3793371	1101005	31666	293034	2139893	4738	16080	26505	10195	34850	52658	5931849	2619539	44.2	0.3	94307	1.6	NA	NA	NA	NA	NA	NA	5837542	58	4942728	84.67	56.73	276363	273192	271865	3162	238	1098	0.35	0.01	1.42	0.02	1.06	769365	13.18	11519	0.2	0	0	112416	1.93	1514	0.03	0	0	FALSE	Healthy
SRX3987914	10.621	31.19	11.34	21.394	23.486	SRP142295	GSE113524	Brain	Olfactory bulb	Healthy	Healthy	0	23087	18015	1261	589178	9854079	28283	5173	5666	40320	13417	4946	11537	1822	450	112	196	57	24	10	2	3	11	0	0	6	3	0	70	26	21	12	19	0	4	0	0	0	0	7374	3626958	32066657	0	36.4698067216673	36.5895210112455	NA	NA	NA	NA	29999876	0	16939216	0	14640519	0	0	0.488019	NA	16399528	4795107	163893	1441001	8861669	26968	85873	140522	44740	157891	242325	32066657	15971828	49.8	0.1	1361735	4.2	NA	NA	NA	NA	NA	NA	30704922	57	25008670	81.45	55.82	1838591	1815951	1755744	71302	4249	7296	0.35	0.01	1.4	0.01	1.17	4991206	16.26	83306	0.27	0	0	608204	1.98	13536	0.04	0	0	FALSE	Healthy
SRX3987915	10.427	25.52	11.134	19.431	21.218	SRP142295	GSE113524	Brain	Olfactory bulb	Healthy	Healthy	0	15090	8768	1057	527595	4266587	20452	5533	4189	14487	9921	3185	5162	1413	291	88	157	42	13	5	0	2	4	0	1	7	1	0	22	13	8	4	11	0	6	0	0	0	0	3833	2034250	19209257	0	36.4619710694693	29.8660628727522	NA	NA	NA	NA	17923067	0	8959962	0	6860619	0	0	0.382782	NA	11623842	2703039	85222	756153	7265611	16252	58225	98020	33254	117659	180885	19209257	9668258	50.3	0.1	878437	4.6	NA	NA	NA	NA	NA	NA	18330820	57	15320585	83.58	55.79	706606	693382	678740	23490	728	3648	0.35	0.01	1.41	0.01	1.18	2602482	14.2	55532	0.3	0	0	343382	1.87	8839	0.05	0	0	FALSE	Healthy
SRX3987916	10.364	25.213	11.058	19.416	21.139	SRP142295	GSE113524	Brain	Olfactory bulb	Healthy	Healthy	0	22648	10908	1925	672284	5978500	30048	7409	5951	16603	13701	4454	11185	1423	494	113	249	68	26	7	1	43	159	3	1	16	2	0	49	26	13	2	6	0	1	0	0	0	0	4584	2675161	26319921	0	36.3763802330562	27.124818170676	NA	NA	NA	NA	25227710	0	12014610	0	9389753	0	0	0.3722	NA	16621745	3686548	124338	1056083	10619601	22867	82151	137225	47331	169322	258511	26319921	12281163	46.7	0.1	518055	2	NA	NA	NA	NA	NA	NA	25801866	58	21795140	84.47	56.31	1061625	1046080	1016332	37727	2005	5561	0.35	0.01	1.41	0.01	1.19	3432570	13.3	70676	0.27	0	0	493066	1.91	10414	0.04	0	0	FALSE	Healthy
SRX3987918	9.766	22.497	10.433	19.575	21.171	SRP142295	GSE113524	Brain	Olfactory bulb	Neurodegenarative disease	Alzheimer’s disease	0	13066	8416	1135	452343	3647797	19832	6841	3763	14222	8546	2672	5918	906	341	66	134	36	21	6	0	2	6	0	1	5	0	0	10	9	5	4	1	0	3	0	0	0	0	3708	1590455	17496432	0	36.3724793146397	28.0608798248939	NA	NA	NA	NA	16019246	0	9774444	0	5802684	0	0	0.362232	NA	10719821	2435110	77688	683810	6758565	15761	55089	92325	32341	114763	174194	17496432	9574675	54.7	0.1	1028059	5.9	NA	NA	NA	NA	NA	NA	16468373	55	13460235	81.73	54.91	638429	623490	592347	41893	693	3496	0.39	0.01	1.39	0.01	1.19	2559011	15.54	54767	0.33	0	0	384565	2.34	9795	0.06	0	0	FALSE	Neurodegenerative
SRX3987919	10.531	24.309	11.245	21.32	22.923	SRP142295	GSE113524	Brain	Olfactory bulb	Healthy	Healthy	0	6178	4590	658	207082	1672907	8231	2881	1649	6796	3740	1372	2434	397	166	37	62	18	16	2	0	5	2	0	0	1	0	0	3	4	6	3	7	0	1	1	0	0	0	1697	1151458	8317831	0	33.6989379803461	29.456244881283	NA	NA	NA	NA	7769656	0	4217279	0	2913952	0	0	0.375043	NA	5113012	1250857	36549	328876	3126071	7433	26687	44648	14992	52856	81378	8317831	4327678	52	0.4	234498	2.8	NA	NA	NA	NA	NA	NA	8083333	56	6543434	80.95	55.36	337187	330720	323452	11933	378	1424	0.34	0.01	1.41	0.01	1.17	1226222	15.17	21759	0.27	0	0	288519	3.57	3399	0.04	0	0	FALSE	Healthy
SRX3987917	11.418	26.519	12.189	20.499	22.705	SRP142295	GSE113524	Brain	Olfactory bulb	Healthy	Healthy	0	19623	9388	1522	658997	6824274	24952	4381	5270	19854	12785	4302	8773	1676	421	117	190	49	11	3	0	10	37	2	1	12	3	0	22	26	9	3	8	0	3	0	0	0	0	3821	2423687	26116852	0	36.3947749522033	27.5663033088087	NA	NA	NA	NA	25174630	0	11339764	0	9683100	0	0	0.384637	NA	16321467	3901971	125376	1230908	9995136	21709	77720	129351	44614	154737	235920	26116852	11903295	45.6	0.1	537139	2.1	NA	NA	NA	NA	NA	NA	25579713	58	21746396	85.01	56.53	1165506	1151164	1125846	33076	1159	5425	0.34	0.01	1.41	0.01	1.19	3428234	13.4	58915	0.23	0	0	338275	1.32	7893	0.03	0	0	FALSE	Healthy
SRX3987920	9.048	24.312	9.684	21.354	23.467	SRP142295	GSE113524	Brain	Olfactory bulb	Healthy	Healthy	0	15457	8082	1378	487397	5728923	26970	10027	4072	29167	8529	3247	10197	1591	783	95	170	46	38	6	2	13	37	0	5	3	1	0	21	5	12	5	1	0	7	0	1	0	0	5580	1973589	23510533	0	36.3783672620268	35.5238618492211	NA	NA	NA	NA	20381961	0	17272477	0	9154575	0	0	0.449151	NA	11943129	3394751	113909	909876	6649873	21083	67942	112101	33648	116948	180589	23510533	14317080	60.9	0.1	2340496	10	NA	NA	NA	NA	NA	NA	21170037	53	16190162	76.48	53.46	1236163	1210850	1122999	104636	3908	4620	0.42	0.01	1.36	0.01	1.18	4191799	19.8	91250	0.43	0	0	678596	3.21	18230	0.09	0	0	FALSE	Healthy
SRX3987921	13.247	31.892	14.175	24.273	26.58	SRP142295	GSE113524	Brain	Olfactory bulb	Neurodegenarative disease	Alzheimer’s disease	0	7509	2661	519	254865	3406197	8697	1360	1900	6185	4008	2065	1577	589	121	40	88	38	1	3	0	8	7	0	0	3	0	0	16	13	3	4	6	0	0	0	0	0	0	533	988475	9521494	0	36.4572278258013	38.0265482013082	NA	NA	NA	NA	9220991	0	4579248	0	4401237	0	0	0.477306	NA	5226288	1877618	61148	469012	2521932	7250	22223	35810	12526	42223	64191	9521494	4313602	45.3	0.1	170112	1.8	NA	NA	NA	NA	NA	NA	9351382	58	7854390	83.99	56.77	679164	674691	667061	9971	471	1661	0.29	0.01	1.42	0.01	1.24	1366601	14.61	18108	0.19	0	0	108620	1.16	3663	0.04	0	0	FALSE	Neurodegenerative
SRX3987922	10.786	26.016	11.515	20.945	22.744	SRP142295	GSE113524	Brain	Olfactory bulb	Neurodegenarative disease	Alzheimer’s disease	0	10634	7213	605	365002	3823729	15334	3753	2796	15899	7147	2655	5447	971	275	54	108	32	11	4	3	3	7	0	0	1	1	0	13	5	13	5	4	0	1	0	0	0	0	3155	1839207	15464424	0	36.4637951597809	31.7347436064244	NA	NA	NA	NA	14327754	0	8529184	0	5946366	0	0	0.415024	NA	8883000	2395558	74071	682728	5102825	13369	46117	76800	24433	87552	135116	15464424	8047631	52	0.1	776202	5	NA	NA	NA	NA	NA	NA	14688222	56	11889376	80.94	55.47	663380	651004	631544	27802	745	3289	0.4	0.01	1.4	0.01	1.19	2438378	16.6	40959	0.28	0	0	312574	2.13	6935	0.05	0	0	FALSE	Neurodegenerative
SRX3987923	11.278	23.759	12.057	20.942	22.721	SRP142295	GSE113524	Brain	Olfactory bulb	Neurodegenarative disease	Alzheimer’s disease	0	9752	5756	817	335098	2813900	13437	4203	2700	9161	6227	2117	4061	750	249	51	89	28	11	3	0	2	3	0	0	5	0	0	9	2	10	1	3	0	0	1	0	0	0	2422	1449612	12588430	0	36.4867792886007	26.9221767196254	NA	NA	NA	NA	11929402	0	5909362	0	4238342	0	0	0.355285	NA	8097358	1954955	60082	545451	4964037	11146	39537	66691	24283	85269	130065	12588430	6297959	50	0.1	396757	3.2	NA	NA	NA	NA	NA	NA	12191673	57	10213401	83.77	55.74	473392	464714	454904	15542	500	2446	0.33	0.01	1.4	0.01	1.19	1716001	14.08	35471	0.29	0	0	222172	1.82	4628	0.04	0	0	FALSE	Neurodegenerative
SRX3987926	12.073	25.955	12.902	21.994	24.003	SRP142295	GSE113524	Brain	Olfactory bulb	Neurodegenarative disease	Alzheimer’s disease	0	15689	8535	1146	463524	5713774	20637	3638	3947	15184	9332	3774	5104	1188	353	98	195	55	8	5	0	9	21	0	0	6	4	0	27	15	16	7	17	0	3	0	0	0	0	2606	1720265	19889539	0	36.3720795137585	28.5966641609884	NA	NA	NA	NA	18658730	0	9839249	0	7396769	0	0	0.396424	NA	11973849	3379792	108607	930233	6788017	16946	57788	95718	30611	105128	161826	19889539	10136043	51	0.1	846075	4.3	NA	NA	NA	NA	NA	NA	19043464	57	15810710	83.02	55.56	1032190	1018278	1007690	19315	882	4303	0.37	0.01	1.4	0.01	1.18	2848020	14.96	48127	0.25	0	0	328625	1.73	7982	0.04	0	0	FALSE	Neurodegenerative
SRX3987925	9.051	24.231	9.66	20.682	22.275	SRP142295	GSE113524	Brain	Olfactory bulb	Neurodegenarative disease	Alzheimer’s disease	0	11469	7903	981	358984	2999057	17468	10402	3159	14220	6972	2252	6423	825	342	63	104	31	12	4	0	3	5	0	0	6	1	0	35	18	9	2	6	0	5	0	0	0	0	3511	1927767	15623924	0	36.4597886548859	28.9846799627772	NA	NA	NA	NA	14512530	0	8710091	0	5626980	0	0	0.387733	NA	9308373	2045574	62474	562915	5912711	14140	51726	88091	28021	100364	154927	15623924	8999363	57.6	0.1	652757	4.2	NA	NA	NA	NA	NA	NA	14971167	54	12022886	80.31	53.99	537120	522488	490897	42649	572	3002	0.4	0.01	1.39	0.01	1.19	2489644	16.63	49567	0.33	0	0	400796	2.68	8274	0.06	0	0	FALSE	Neurodegenerative
SRX3987924	11.357	23.858	12.119	19.984	21.594	SRP142295	GSE113524	Brain	Olfactory bulb	Neurodegenarative disease	Alzheimer’s disease	0	15406	8705	1347	440992	4158129	19725	4564	3923	10324	9876	2938	5563	1024	285	87	158	30	11	3	0	5	15	0	2	11	1	0	24	12	14	7	7	0	4	0	0	0	0	2461	1573380	18411112	0	36.4810264040542	24.797826661117	NA	NA	NA	NA	17482467	0	7467625	0	5952623	0	0	0.340491	NA	12093199	2683531	82002	805307	7684631	16365	59816	100421	34353	120898	185182	18411112	9023371	49	0.1	571506	3.1	NA	NA	NA	NA	NA	NA	17839606	57	15154829	84.95	55.91	710372	698665	645109	60727	678	3858	0.34	0.01	1.42	0.01	1.18	2327638	13.05	49423	0.28	0	0	300879	1.69	6837	0.04	0	0	FALSE	Neurodegenerative
SRX3987928	9.826	21.998	10.498	20.691	22.341	SRP142295	GSE113524	Brain	Olfactory bulb	Neurodegenarative disease	Alzheimer’s disease	0	14250	6619	1618	468246	3998919	23296	9521	4099	17440	9058	3061	8376	970	430	77	111	50	20	5	2	12	9	0	2	9	1	0	23	9	6	4	3	0	2	0	0	0	0	2952	1614623	18512952	0	36.3924864602901	25.6181409148369	NA	NA	NA	NA	17079132	0	10853535	0	6144646	0	0	0.359775	NA	11486162	2672718	88001	739014	7123731	18115	64142	107439	34757	123074	189445	18512952	10686901	57.7	0.1	898722	4.9	NA	NA	NA	NA	NA	NA	17614230	54	14280215	81.07	53.88	752092	734210	700427	46301	1718	3646	0.41	0.01	1.4	0.01	1.18	2798917	15.89	59854	0.34	0	0	464647	2.64	10597	0.06	0	0	FALSE	Neurodegenerative
SRX3987927	9.494	23.84	10.132	20.206	21.799	SRP142295	GSE113524	Brain	Olfactory bulb	Neurodegenarative disease	Alzheimer’s disease	0	16656	9256	1488	492821	4949740	29936	8976	4251	20036	9993	3291	9956	1133	603	80	146	58	27	7	4	20	52	0	0	6	0	0	20	20	23	1	5	0	2	1	0	0	0	4384	1983728	22104211	0	36.3828059277936	30.6007177315302	NA	NA	NA	NA	19981483	0	13437552	0	7966943	0	0	0.398716	NA	12653738	3079371	104515	859555	7693143	19918	67849	112741	36650	128571	196612	22104211	12517442	56.6	0.1	1466056	6.6	NA	NA	NA	NA	NA	NA	20638155	54	16592860	80.4	54.31	920214	899901	855472	58882	1529	4331	0.42	0.01	1.39	0.01	1.18	3388623	16.42	72472	0.35	0	0	570422	2.76	13778	0.07	0	0	FALSE	Neurodegenerative
SRX3987929	11.269	23.076	12.053	21.478	23.29	SRP142295	GSE113524	Brain	Olfactory bulb	Neurodegenarative disease	Alzheimer’s disease	0	11622	5755	1043	368491	3853180	16830	5636	2893	11912	6901	2463	6193	985	283	64	118	39	18	5	0	25	76	2	1	6	0	0	20	14	10	2	7	0	2	0	0	0	0	2686	1383882	15094978	0	36.3960182651475	27.1066282626084	NA	NA	NA	NA	14139812	0	8690310	0	5268302	0	0	0.372586	NA	9398695	2505745	81926	717814	5427954	14555	49110	81133	28020	97548	147913	15094978	7921811	52.5	0.1	614900	4.1	NA	NA	NA	NA	NA	NA	14480078	56	11887591	82.1	55.2	689479	677368	668088	17750	738	2903	0.36	0.01	1.41	0.01	1.19	2252221	15.55	41706	0.29	0	0	291427	2.01	7133	0.05	0	0	FALSE	Neurodegenerative
SRX3987930	10.481	26.802	11.212	21.18	23.126	SRP142295	GSE113524	Brain	Olfactory bulb	Neurodegenarative disease	Alzheimer’s disease	0	16871	9892	1165	487786	5544411	22546	6148	3790	23523	8850	3090	10303	1421	424	92	148	42	29	6	1	7	13	0	0	5	0	0	24	12	9	2	7	0	0	0	0	0	0	3430	2513389	21433060	0	36.3894277811941	32.2853082890598	NA	NA	NA	NA	19971743	0	12304940	0	8650934	0	0	0.433159	NA	12025105	3308841	115674	933757	6807083	20270	64826	106238	36106	123940	188079	21433060	11235627	52.4	0.1	911715	4.3	NA	NA	NA	NA	NA	NA	20521345	56	16636372	81.07	55.14	1067542	1050019	1003300	58972	948	4322	0.45	0.01	1.4	0.01	1.17	3335371	16.25	53930	0.26	0	0	484506	2.36	11166	0.05	0	0	FALSE	Neurodegenerative
SRX5723059	11.493	24.993	12.283	20.803	22.519	SRP142295	GSE113524	Brain	Olfactory bulb	Neurodegenarative disease	Alzheimer’s disease	0	12007	3400	760	337758	3485050	15358	2277	3090	6934	6906	2538	1876	564	221	53	136	38	5	0	0	6	8	1	0	10	0	0	17	11	9	9	8	0	1	0	0	0	0	1253	1170868	13612685	0	36.3124617957442	30.4541203017216	NA	NA	NA	NA	12985714	0	6491952	0	4868038	0	0	0.374876	NA	8584832	2216800	73193	584447	5163935	11308	39386	65432	22307	79450	122016	13612685	5904237	43.4	0.1	337912	2.5	NA	NA	NA	NA	NA	NA	13274773	58	11180431	84.22	56.93	635608	629083	624363	8471	504	2270	0.38	0.01	1.42	0.01	1.22	1805283	13.6	33804	0.25	0	0	250888	1.89	4367	0.03	0	0	FALSE	Neurodegenerative
SRX5723061	13.932	22.084	14.873	24.965	26.613	SRP142295	GSE113524	Brain	Olfactory bulb	Healthy	Healthy	0	6721	2126	343	174452	2075410	7757	741	1626	2612	3617	1277	806	199	106	26	71	16	2	0	0	1	4	1	0	6	0	0	4	3	4	5	1	0	1	2	0	0	0	864	782058	7482426	0	33.728296544463	25.9416191761594	NA	NA	NA	NA	7254212	0	3756194	0	2431511	0	0	0.335186	NA	5158561	1559823	51109	386674	2854510	6591	22424	36522	12944	44891	68154	7482426	3081045	41.2	0.2	56524	0.8	NA	NA	NA	NA	NA	NA	7425902	59	6243363	84.08	57.3	404546	401159	398700	4128	327	1391	0.29	0.01	1.42	0.01	1.21	1010849	13.61	17302	0.23	0	0	152721	2.06	1667	0.02	0	0	FALSE	Healthy
SRX5723062	10.408	22.218	11.099	21.214	22.903	SRP142295	GSE113524	Brain	Olfactory bulb	Neurodegenarative disease	Alzheimer’s disease	0	16063	7137	1090	470307	5727000	25005	4949	4240	16346	10065	3296	6621	972	378	86	151	38	36	4	0	11	15	0	0	8	0	0	23	6	11	7	3	0	4	0	0	0	0	4290	1560327	21799538	0	36.2627851562726	31.0923687668217	NA	NA	NA	NA	19957349	0	14818805	0	7726726	0	0	0.387162	NA	12979412	3494664	117278	1022209	7457019	18642	63989	106147	36553	131585	200799	21799538	10707804	49.1	0.1	886288	4.1	NA	NA	NA	NA	NA	NA	20913250	57	16597034	79.36	55.9	1154130	1137971	1099876	48075	1653	4526	0.39	0.01	1.39	0.01	1.19	3360315	16.07	86137	0.41	0	0	858628	4.11	11136	0.05	0	0	FALSE	Neurodegenerative
SRX5723060	10.977	25.572	11.729	21.882	23.471	SRP142295	GSE113524	Brain	Olfactory bulb	Healthy	Healthy	0	12651	5254	954	385808	3855429	17227	3313	3047	5680	6903	2372	3066	558	214	67	82	33	18	2	0	5	3	0	0	12	0	0	19	14	7	3	4	0	0	0	0	0	0	1637	1627951	15236080	0	36.2567651259379	33.5515623528816	NA	NA	NA	NA	14367293	0	8363687	0	5812682	0	0	0.404577	NA	9079820	2480766	84997	648999	5272398	12795	43226	71483	25168	87113	132351	15236080	6972288	45.8	0.1	510966	3.4	NA	NA	NA	NA	NA	NA	14725114	58	12219749	82.99	56.59	717863	708971	697864	16004	685	3310	0.36	0.01	1.41	0.01	1.22	2147544	14.58	35100	0.24	0	0	317661	2.16	5060	0.03	0	0	FALSE	Healthy
SRX5723064	12.141	22.791	12.969	22.898	24.578	SRP142295	GSE113524	Brain	Olfactory bulb	Healthy	Healthy	0	9607	3681	622	308332	4298795	13005	1508	2423	6734	5351	2145	2866	412	197	53	79	32	12	1	0	5	3	0	0	6	2	0	6	2	5	1	2	0	2	0	0	0	0	1320	973814	13545182	0	36.2100326152871	33.1776342405802	NA	NA	NA	NA	12512739	0	9900263	0	5108154	0	0	0.408236	NA	7965874	2639827	91199	783500	3977411	11791	36034	57389	20765	69757	104665	13545182	6167254	45.5	0.1	662543	4.9	NA	NA	NA	NA	NA	NA	12882639	58	10345450	80.31	56.64	808868	800333	789394	16079	721	2674	0.36	0.01	1.39	0.01	1.19	2167289	16.82	27576	0.21	0	0	338857	2.63	3467	0.03	0	0	FALSE	Healthy
SRX5723063	11.93	23.293	12.743	21.493	23.16	SRP142295	GSE113524	Brain	Olfactory bulb	Healthy	Healthy	0	12153	4724	1008	380981	4412245	16590	2646	3399	7935	7220	2381	3326	660	294	71	102	29	16	4	0	6	3	0	1	1	1	0	36	18	9	4	5	0	2	0	0	0	0	2235	1190779	16416378	0	36.2427892437662	32.8010921395028	NA	NA	NA	NA	14679899	0	9278784	0	5580769	0	0	0.380164	NA	9684703	2765585	91702	811389	5428388	13155	43322	70479	25485	86966	130770	16416378	7877173	48	0.1	1318155	8	NA	NA	NA	NA	NA	NA	15098223	57	12395536	82.1	56.43	802358	792228	776660	17939	4280	3479	0.36	0.01	1.39	0.01	1.18	2284363	15.13	35633	0.24	0	0	376961	2.5	5730	0.04	0	0	FALSE	Healthy
SRX5723067	10.881	25.735	11.606	19.947	21.445	SRP142295	GSE113524	Brain	Olfactory bulb	Healthy	Healthy	0	16216	8358	1111	452231	4210017	20518	2980	4021	6785	9448	3067	3402	775	265	88	140	40	9	2	1	17	42	1	1	13	0	0	19	12	6	3	9	0	5	0	0	0	0	2533	2436912	18937647	0	36.3014997058505	29.9467413518832	NA	NA	NA	NA	18270773	0	8140251	0	6796930	0	0	0.372011	NA	12058355	2777561	96946	760680	7609453	16114	57484	96381	35031	124680	188304	18937647	7894348	41.7	0.1	276224	1.5	NA	NA	NA	NA	NA	NA	18661423	59	15866495	85.02	57.17	679102	670253	665156	8242	2131	3573	0.35	0.01	1.39	0.01	1.18	2404278	12.88	46260	0.25	0	0	340231	1.82	4159	0.02	0	0	FALSE	Healthy
SRX5723065	10.751	24.886	11.47	18.952	20.352	SRP142295	GSE113524	Brain	Olfactory bulb	Healthy	Healthy	0	14235	5628	930	431184	3732793	18318	3180	3571	6406	8426	2598	2814	421	271	92	278	31	8	2	0	4	8	0	0	14	1	0	8	3	29	10	2	0	2	0	0	0	0	1790	1156461	16020811	0	36.2492642226414	28.6073278150077	NA	NA	NA	NA	15302429	0	7142895	0	5585634	0	0	0.365016	NA	10197469	2335101	82314	629360	6517749	13081	46153	76595	27557	96053	145078	16020811	6950409	43.4	0.1	388015	2.4	NA	NA	NA	NA	NA	NA	15632796	58	13313590	85.16	56.85	608946	600199	595383	9918	560	3085	0.37	0.01	1.45	0.01	1.22	1988839	12.72	39666	0.25	0	0	284573	1.82	6128	0.04	0	0	FALSE	Healthy
SRX5723066	11.512	25.82	12.295	22.61	24.424	SRP142295	GSE113524	Brain	Olfactory bulb	Neurodegenarative disease	Alzheimer’s disease	0	11755	5010	771	355350	4508648	15305	1758	3010	13260	7092	2777	3038	776	203	60	138	53	8	3	0	13	13	0	0	2	2	0	13	25	14	9	3	0	1	0	0	0	0	2271	1298301	14967998	0	36.2475466658935	34.3249946491702	NA	NA	NA	NA	14328337	0	9177171	0	6069029	0	0	0.423568	NA	8830479	2679814	101998	715316	4805525	12409	39524	64239	23521	81143	122467	14967998	6260121	41.8	0.1	262203	1.8	NA	NA	NA	NA	NA	NA	14705795	59	11905836	80.96	57.13	937416	929880	826716	106327	778	3595	0.36	0.01	1.42	0.01	1.21	2422501	16.47	31800	0.22	0	0	341941	2.33	3717	0.03	0	0	FALSE	Neurodegenerative
SRX5723068	10.341	22.557	11.044	21.822	23.389	SRP142295	GSE113524	Brain	Olfactory bulb	Neurodegenarative disease	Alzheimer’s disease	0	14149	6413	1036	460911	4071091	19982	4107	3759	7405	8271	2677	3852	675	306	91	100	28	26	3	0	10	10	0	0	8	1	0	10	6	8	7	12	0	0	0	0	0	0	2778	1694525	17577539	0	36.2683131011685	29.7375645669756	NA	NA	NA	NA	16678220	0	10724016	0	6181024	0	0	0.370605	NA	11073975	2749580	100320	758398	6745196	15099	50961	84376	31905	111208	167869	17577539	7938222	45.2	0.1	417631	2.4	NA	NA	NA	NA	NA	NA	17159908	58	14014275	81.67	56.57	809995	799530	697466	108199	673	3657	0.36	0.01	1.41	0.01	1.18	2663945	15.52	49873	0.29	0	0	426188	2.48	5627	0.03	0	0	FALSE	Neurodegenerative
SRX5723071	14.618	24.849	15.632	24.876	27.138	SRP142295	GSE113524	Brain	Olfactory bulb	Neurodegenarative disease	Alzheimer’s disease	0	7537	3965	485	198805	3106907	7997	755	1745	7379	3757	1583	1652	483	134	48	92	36	3	1	1	6	9	1	1	1	0	0	20	7	11	6	2	0	1	1	0	0	0	856	903541	9176084	0	33.3695378115545	28.4321202461445	NA	NA	NA	NA	8900469	0	4970516	0	3446738	0	0	0.387254	NA	5904490	2068253	68561	525808	2915224	7636	23935	38987	13839	47727	71457	9176084	3755170	40.9	0.2	52778	0.6	NA	NA	NA	NA	NA	NA	9123306	59	7543857	82.69	57.21	634673	630366	626229	6158	507	1779	0.3	0.01	1.41	0.01	1.2	1356612	14.87	17408	0.19	0	0	203767	2.23	1662	0.02	0	0	FALSE	Neurodegenerative
SRX5723069	9.497	23.037	10.14	19.27	20.707	SRP142295	GSE113524	Brain	Olfactory bulb	Neurodegenarative disease	Alzheimer’s disease	0	13844	5385	1201	420565	3541881	19623	4468	3726	6771	8020	2786	4020	504	301	68	107	39	21	4	1	4	5	0	0	6	3	0	12	10	10	3	3	0	3	0	0	0	0	2683	1724805	16756762	0	36.204916916526	31.147943800289	NA	NA	NA	NA	15749530	0	10339894	0	6010316	0	0	0.381619	NA	10250375	2440373	84024	633195	6412228	13754	48894	81852	27293	98079	150525	16756762	7729049	46.1	0.1	573474	3.4	NA	NA	NA	NA	NA	NA	16183288	58	13231107	81.76	56.47	686190	675868	662869	18509	1633	3179	0.38	0.01	1.4	0.01	1.19	2518423	15.56	54545	0.34	0	0	373468	2.31	5745	0.04	0	0	FALSE	Neurodegenerative
SRX5723073	9.231	21.605	9.865	19.945	21.301	SRP142295	GSE113524	Brain	Olfactory bulb	Healthy	Healthy	0	13714	5203	1153	510732	4324054	24928	5944	3470	9035	7802	2980	5688	737	445	94	119	42	52	4	0	5	14	1	2	8	0	0	15	9	6	2	5	0	5	0	0	1	0	3258	1385950	18562287	0	36.1932078735772	32.9106476587978	NA	NA	NA	NA	16808979	0	14064576	0	6670181	0	0	0.396822	NA	10731155	2825741	102202	732836	6348746	16579	56345	93121	27335	97373	150845	18562287	9380797	50.5	0.1	1215466	6.5	NA	NA	NA	NA	NA	NA	17346821	56	13804492	79.58	55.79	835181	820655	794533	36091	724	3833	0.36	0.01	1.41	0.01	1.19	3004487	17.32	50639	0.29	0	0	480550	2.77	6653	0.04	0	0	FALSE	Healthy
SRX5723070	10.058	24.448	10.742	21.293	23.128	SRP142295	GSE113524	Brain	Olfactory bulb	Neurodegenarative disease	Alzheimer’s disease	0	18673	8270	1577	515834	5656071	23218	4309	4474	15356	10996	4088	8519	1341	370	81	143	49	16	4	0	8	43	1	2	23	1	0	38	16	17	7	8	0	4	0	0	1	0	4045	2100468	22754264	0	36.2467479062386	30.473987753286	NA	NA	NA	NA	22042221	0	13417911	0	8669191	0	0	0.393299	NA	14109117	3453606	124560	958670	8680855	18860	64098	106833	37294	132144	200381	22754264	9510378	41.8	0.1	150905	0.7	NA	NA	NA	NA	NA	NA	22603359	59	18470866	81.72	57	1150879	1140411	975063	170014	933	4869	0.33	0.01	1.38	0.01	1.19	3571355	15.8	62424	0.28	0	0	490785	2.17	7929	0.04	0	0	FALSE	Neurodegenerative
SRX5723072	9.018	22.204	9.64	20.407	21.885	SRP142295	GSE113524	Brain	Olfactory bulb	Neurodegenarative disease	Alzheimer’s disease	0	13774	6405	1154	423819	4210859	24678	6358	3878	13491	8216	2892	6115	766	411	75	148	33	58	3	0	6	20	1	2	10	0	0	19	11	7	8	6	0	4	0	0	1	0	4510	1611272	18258934	0	36.1631869637077	35.5425748778434	NA	NA	NA	NA	16280508	0	14444892	0	6822401	0	0	0.419053	NA	10034960	2765625	102019	703502	5768820	15999	52378	85510	29664	104198	158606	18258934	9655329	52.9	0.1	1363468	7.5	NA	NA	NA	NA	NA	NA	16895466	55	13204643	78.15	55.35	844712	829117	788463	50972	1961	3316	0.35	0.01	1.4	0.01	1.19	3075865	18.21	67450	0.4	0	0	538019	3.18	9489	0.06	0	0	FALSE	Neurodegenerative
SRX5723074	7.857	26.065	8.397	19.534	20.998	SRP142295	GSE113524	Brain	Olfactory bulb	Neurodegenarative disease	Alzheimer’s disease	0	12691	6941	1541	348019	3506409	22219	7100	3639	9764	7395	2591	4713	655	412	66	122	36	36	3	2	7	8	0	3	13	1	0	23	27	8	6	3	0	3	0	0	0	0	4546	2458866	17524768	0	36.2266318732436	40.3143566585555	NA	NA	NA	NA	15955159	0	12662120	0	7459039	0	0	0.4675	NA	8968712	2264592	82969	545543	5424828	14132	48054	79716	25690	92427	142090	17524768	8790592	50.2	0.1	1053597	6	NA	NA	NA	NA	NA	NA	16471171	56	12920112	78.44	55.83	662833	649468	632666	25631	1393	3143	0.34	0.01	1.4	0.01	1.2	3035047	18.43	63031	0.38	0	0	444759	2.7	8222	0.05	0	0	FALSE	Neurodegenerative
SRX5723075	4.54	26.226	4.863	18.426	19.59	SRP142295	GSE113524	Brain	Olfactory bulb	Healthy	Healthy	0	10421	9549	1355	344401	3094762	26696	12848	2928	11951	6034	2014	4798	662	1858	83	99	23	126	3	1	2	16	0	6	3	1	0	22	12	5	2	0	0	7	0	0	0	0	7481	3698477	21319481	0	36.2093299081718	54.8804633453869	NA	NA	NA	NA	17415821	0	23791658	0	10806882	0	0	0.620521	NA	7023108	1966999	74368	414125	3984748	14832	47184	76599	20842	80545	124621	21319481	12574758	59	0.1	2457980	11.5	NA	NA	NA	NA	NA	NA	18861501	53	12236866	64.88	53.77	803871	778593	693535	103011	3442	3883	0.39	0.01	1.34	0.01	1.15	5178955	27.46	69461	0.37	0	0	1356017	7.19	20202	0.11	0	0	FALSE	Healthy
SRX5723076	6.269	21.052	6.702	20.634	22.331	SRP142295	GSE113524	Brain	Olfactory bulb	Healthy	Healthy	0	10871	4821	1014	349845	3810374	21993	4686	2648	7167	6024	2216	5667	900	526	68	72	22	80	5	0	56	100	0	2	9	0	0	24	13	7	5	7	0	3	0	0	0	0	4770	2112272	19595654	0	36.205663306772	46.0519125805236	NA	NA	NA	NA	16846462	0	24544336	0	8713487	0	0	0.517229	NA	8707939	2613592	102498	664107	4726151	15082	47356	75547	24307	86829	131711	19595654	10257203	52.3	0.1	760689	3.9	NA	NA	NA	NA	NA	NA	18834965	55	12108777	64.29	54.93	1030879	1012812	924933	73619	28325	4002	0.39	0.01	1.39	0.01	1.18	4737685	25.15	54665	0.29	0	0	1887315	10.02	46523	0.25	0	0	FALSE	Healthy
SRX5723077	10.572	23.001	11.303	22.396	24.17	SRP142295	GSE113524	Brain	Olfactory bulb	Healthy	Healthy	0	8973	2904	581	260992	3218868	12892	2113	2281	5948	4956	1926	2340	522	183	42	89	23	7	4	0	2	6	0	0	4	0	0	14	12	2	5	2	0	0	0	0	0	0	1112	1158369	11405720	0	36.1536158173267	34.0485049418729	NA	NA	NA	NA	10721135	0	8952618	0	4525174	0	0	0.42208	NA	6645288	2104597	79693	527141	3520184	10236	31713	51396	16633	58496	89023	11405720	5392039	47.3	0.1	366595	3.2	NA	NA	NA	NA	NA	NA	11039125	57	8765153	79.4	56.27	652642	644815	630352	14853	5194	2243	0.34	0.01	1.4	0.01	1.22	1955982	17.72	37066	0.34	0	0	276993	2.51	3931	0.04	0	0	FALSE	Healthy
SRX5021622	10.703	29.63	11.468	17.143	20.34	SRP169128	GSE122649	Brain	Motor cortex	Neurodegenarative disease	Amyotrophic lateral sclerosis	0	50953	11925	2193	1027423	19022029	61618	6913	12440	133523	28830	9075	10161	4603	551	296	486	53	25	8	96	32	25	1	3	5	1	0	157	26	79	29	114	0	32	0	0	0	0	11949	596987	51708858	0	34.163454044953	40.9594886852693	NA	NA	NA	NA	51075331	0	25578650	0	22712778	0	0	0.444692	NA	30441508	8101008	202600	2361225	17809185	37968	133149	221489	85029	300422	452378	51708858	17780251	34.4	0.2	60390	0.1	NA	NA	NA	NA	NA	NA	51648468	75	44725344	86.6	75.06	4487228	4467405	4427231	44079	4176	11742	0.24	0.01	1.52	0.01	1.38	6349987	12.29	50540	0.1	0	0	285888	0.55	236709	0.46	0	0	FALSE	Neurodegenerative
SRX5021626	8.047	23.924	8.635	17.495	21.231	SRP169128	GSE122649	Brain	Motor cortex	Neurodegenarative disease	Amyotrophic lateral sclerosis	0	41868	8798	1641	794669	11946017	47205	3553	10407	130144	24828	8646	6936	3528	356	323	499	45	14	8	57	16	14	0	3	5	6	0	41	6	24	11	16	0	11	0	0	0	0	7082	158447	39355484	0	34.2137872831141	42.5190292027305	NA	NA	NA	NA	38803862	0	34880016	0	17627913	0	0	0.454282	NA	22665804	5953856	155808	1565532	13569536	28470	98002	161710	68065	240901	358112	39355484	12628630	32.1	0.2	11631	0	NA	NA	NA	NA	NA	NA	39343853	75	31199962	79.3	75.12	2808184	2793878	2767432	28683	2345	9724	0.23	0.01	1.55	0.01	1.37	7603900	19.33	49899	0.13	0	0	346967	0.88	143125	0.36	0	0	FALSE	Neurodegenerative
SRX5021616	12.927	29.845	13.85	20.316	24.082	SRP169128	GSE122649	Brain	Motor cortex	Neurodegenarative disease	Amyotrophic lateral sclerosis	0	65905	12790	2617	1313725	20316781	80236	9819	15255	172232	35459	12122	11185	6024	683	365	959	68	23	9	66	32	16	0	1	4	4	0	145	23	65	48	40	0	33	2	0	1	0	7868	66739	58245878	0	33.8929662799486	35.0468757414419	NA	NA	NA	NA	57576795	0	17585789	0	22432172	0	0	0.389604	NA	37527115	9508724	238478	2728308	22729957	45236	162074	271288	101999	357082	538222	58245878	20771495	35.7	0.2	47240	0.1	NA	NA	NA	NA	NA	NA	58198638	75	52031786	89.4	74.97	4687103	4650209	4612666	44251	5153	25033	0.3	0.01	1.56	0.01	1.36	5545009	9.53	58811	0.1	0	0	397506	0.68	165526	0.28	0	0	FALSE	Neurodegenerative
SRX5021612	13.2	34.989	14.13	21.596	25.483	SRP169128	GSE122649	Brain	Motor cortex	Neurodegenarative disease	Amyotrophic lateral sclerosis	0	64162	13872	2323	1139570	25001259	69661	5827	14875	188597	33104	11276	14391	5908	525	330	326	52	14	16	209	23	10	0	0	7	10	0	141	7	81	34	133	0	17	1	0	0	0	8951	36631	60162219	0	33.9650719997545	38.7113817161276	NA	NA	NA	NA	59619979	0	15212391	0	26183159	0	0	0.439168	NA	35916216	9585823	222613	3020068	20829978	41271	145155	241877	101900	350367	524725	60162219	20848976	34.7	0.2	6005	0	NA	NA	NA	NA	NA	NA	60156214	75	54415646	90.46	75.15	5924641	5903636	5849018	56580	6056	12987	0.27	0.01	1.55	0.01	1.39	5204333	8.65	54491	0.09	0	0	313715	0.52	168029	0.28	0	0	FALSE	Neurodegenerative
SRX5021642	12.447	25.806	13.325	19.372	22.629	SRP169128	GSE122649	Brain	Motor cortex	Healthy	Healthy	0	34511	8337	1409	671202	11328069	42162	8019	8401	70592	19334	6171	10289	2771	376	174	252	47	18	11	19	17	6	0	0	7	3	0	62	20	38	16	50	0	16	2	0	0	0	5255	160271	32861715	0	34.214899831004	34.5040739188356	NA	NA	NA	NA	32452814	0	14429443	0	12098431	0	0	0.372801	NA	21830762	5780394	140126	1661358	12886795	25825	89960	149756	60496	213946	320759	32861715	12485521	38	0.3	67245	0.2	NA	NA	NA	NA	NA	NA	32794470	74	28787429	87.78	74.49	2613770	2595431	2573050	25047	2725	12948	0.23	0.01	1.56	0.01	1.39	3665385	11.18	37604	0.11	0	0	179595	0.55	124457	0.38	0	0	FALSE	Healthy
SRX5021641	14.712	27.25	15.743	21.436	24.889	SRP169128	GSE122649	Brain	Motor cortex	Healthy	Healthy	0	42437	9391	1967	908994	14424810	56671	5662	10875	121260	26608	8248	9200	3950	467	259	352	36	32	13	94	23	46	1	1	4	5	0	157	14	43	29	68	0	19	0	0	0	0	5174	61576	41076595	0	34.1572061900457	30.9760166295121	NA	NA	NA	NA	40688491	0	10347647	0	13907168	0	0	0.341796	NA	28648943	7306207	152399	2218085	17022957	31168	119162	205186	86484	304769	461705	41076595	14389150	35	0.2	9426	0	NA	NA	NA	NA	NA	NA	41067169	75	37358335	90.97	75.16	3332175	3315961	3286202	31477	3198	11298	0.24	0.01	1.55	0.01	1.38	3330156	8.11	39257	0.1	0	0	215057	0.52	124364	0.3	0	0	FALSE	Healthy
SRX5021627	2.828	18.739	3.03	10.537	11.475	SRP169128	GSE122649	Brain	Motor cortex	Neurodegenarative disease	Amyotrophic lateral sclerosis	0	37918	10392	1480	808862	12170821	55538	3199	9552	83711	22855	7128	5851	2687	385	276	271	53	10	4	41	23	4	2	0	5	0	0	34	8	19	17	22	0	18	0	0	0	0	8490	2146772	71809370	0	34.2161339390667	68.7020757627671	NA	NA	NA	NA	58138504	0	142480895	0	37593569	0	0	0.646621	NA	21962551	5556594	142242	1628588	13164342	28932	101259	165314	66756	241014	361998	71809370	23046441	32.1	0.2	26967	0	NA	NA	NA	NA	NA	NA	71782403	75	34368465	47.88	75.07	2916133	2899674	2821256	42575	9515	42787	0.25	0.01	1.38	0.01	1.37	23770039	33.11	86749	0.12	0	0	2832862	3.95	10724288	14.94	0	0	FALSE	Neurodegenerative
SRX5021630	4.36	23.215	4.67	12.504	14.015	SRP169128	GSE122649	Brain	Motor cortex	Neurodegenarative disease	Amyotrophic lateral sclerosis	0	54568	14001	2347	1157260	16417748	71555	5359	14489	48924	38927	11386	7906	4716	570	375	649	92	16	12	99	31	13	0	2	15	2	0	52	12	27	44	22	1	23	0	0	0	0	12889	870167	68618135	0	33.942491441949	55.4253702130869	NA	NA	NA	NA	63523576	0	90693067	0	35802094	0	0	0.563603	NA	29310000	6453740	189239	1844419	18899926	39389	135507	221846	93554	331274	495013	68618135	22897069	33.4	0.3	50270	0.1	NA	NA	NA	NA	NA	NA	68567865	75	47504244	69.28	75.07	3455332	3435468	3403617	34268	3272	14175	0.28	0.01	1.51	0.01	1.4	16019332	23.36	78671	0.11	0	0	2345852	3.42	2619766	3.82	0	0	FALSE	Neurodegenerative
SRX5021633	11.08	27.536	11.856	18.575	21.524	SRP169128	GSE122649	Brain	Motor cortex	Neurodegenarative disease	Amyotrophic lateral sclerosis	0	56191	12499	2468	1029651	19142222	65274	5608	13796	214931	33487	11681	10359	5485	480	330	542	61	18	9	34	27	5	0	0	6	9	0	92	11	44	32	64	2	18	0	0	0	0	7350	284813	53867914	0	33.9518353355951	37.3901875176422	NA	NA	NA	NA	53146223	0	27232077	0	22132956	0	0	0.416454	NA	33237300	8663010	194604	2632129	19742169	36176	133386	223836	89532	313288	469817	53867914	18208366	33.8	0.3	8895	0	NA	NA	NA	NA	NA	NA	53859019	75	46664607	86.64	75.14	4401725	4376761	4336736	43066	4564	17359	0.29	0.01	1.54	0.01	1.3	6481616	12.03	56895	0.11	0	0	467914	0.87	187987	0.35	0	0	FALSE	Neurodegenerative
SRX5021643	10.707	27.987	11.463	17.628	20.758	SRP169128	GSE122649	Brain	Motor cortex	Healthy	Healthy	0	41640	10686	1654	797370	13695158	50811	6669	10437	84748	22883	7825	9508	3249	435	244	359	54	22	8	46	12	15	0	0	9	4	0	92	12	43	20	64	0	25	0	0	0	0	6658	249837	39559462	0	34.206767473228	39.1333592364807	NA	NA	NA	NA	39103195	0	20120413	0	16575196	0	0	0.423883	NA	24147886	6325850	152708	1762322	14375855	28595	100591	167797	67430	238529	358575	39559462	13646739	34.5	0.3	36675	0.1	NA	NA	NA	NA	NA	NA	39522787	75	34283085	86.74	74.96	3248238	3226721	3198510	31088	3313	15327	0.23	0.01	1.56	0.01	1.4	4820110	12.2	44684	0.11	0	0	226328	0.57	148580	0.38	0	0	FALSE	Healthy
SRX5021631	8.852	33.5	9.494	16.907	20.276	SRP169128	GSE122649	Brain	Motor cortex	Neurodegenarative disease	Amyotrophic lateral sclerosis	0	64717	13213	2520	1385553	21535257	74091	8618	16314	66796	40016	14482	12606	7422	646	384	928	82	12	9	362	270	939	9	2	19	4	0	148	38	52	32	37	0	49	1	0	1	1	8104	366898	61719995	0	33.8934174735432	45.9475009826437	NA	NA	NA	NA	60993800	0	30385079	0	30611639	0	0	0.501881	NA	32319993	7849263	232448	2246693	20018411	43457	141352	230462	99980	344216	509467	61719995	21549535	34.9	0.3	29176	0	NA	NA	NA	NA	NA	NA	61690819	74	53380373	86.53	74.92	4760913	4739615	4679340	52261	15017	14295	0.27	0.01	1.56	0.01	1.42	7613427	12.34	66857	0.11	0	0	427918	0.69	202244	0.33	0	0	FALSE	Neurodegenerative
SRX5021634	13.638	26.418	14.609	20.414	23.809	SRP169128	GSE122649	Brain	Motor cortex	Neurodegenarative disease	Amyotrophic lateral sclerosis	0	37228	8749	1634	763153	12560778	45567	3254	8906	139938	20982	7300	7476	3310	345	248	306	41	13	12	20	26	11	3	0	10	0	0	71	13	46	25	27	0	21	0	0	0	0	5753	195304	34968644	0	34.0114653287671	32.9594664850284	NA	NA	NA	NA	34594219	0	13739679	0	12768864	0	0	0.369104	NA	23492403	6529515	145885	1891022	13419657	27420	99693	168589	64734	230183	348780	34968644	11701758	33.5	0.2	15149	0	NA	NA	NA	NA	NA	NA	34953495	75	30906017	88.42	75.15	2935847	2917407	2892996	28323	3223	11305	0.29	0.01	1.54	0.01	1.36	3688202	10.55	36504	0.1	0	0	213111	0.61	109661	0.31	0	0	FALSE	Neurodegenerative
SRX5021625	10.388	35.934	11.136	19.492	23.995	SRP169128	GSE122649	Brain	Motor cortex	Neurodegenarative disease	Amyotrophic lateral sclerosis	0	70091	13306	2740	1201634	22835346	76322	6170	17696	125579	38938	14430	11564	6287	565	370	656	80	24	9	27	52	49	1	2	15	5	0	111	14	53	25	33	0	31	0	0	0	0	12912	16766	61639005	0	34.2371246258761	45.3865562376265	NA	NA	NA	NA	60925690	0	21857491	0	29747448	0	0	0.488258	NA	33333577	8519648	229186	2353376	20130276	41356	142054	237093	95239	331489	498969	61639005	21090846	34.2	0.2	180128	0.3	NA	NA	NA	NA	NA	NA	61458877	75	54183330	88.16	75.04	5555251	5531596	5480905	54912	4984	14450	0.23	0.01	1.56	0.01	1.38	6742360	10.97	64618	0.11	0	0	289882	0.47	178687	0.29	0	0	FALSE	Neurodegenerative
SRX5021649	5.955	29.603	6.391	15.811	19.867	SRP169128	GSE122649	Brain	Motor cortex	Healthy	Healthy	0	60379	16555	2664	1128409	21580304	66427	5472	14308	87404	34670	12773	12404	5035	550	340	646	88	17	16	75	35	49	4	0	8	4	0	146	23	67	33	124	0	31	0	0	0	0	14996	299772	62332593	0	33.9228627950709	54.2932520134727	NA	NA	NA	NA	61017522	0	58348050	0	35335367	0	0	0.579102	NA	27434574	7050864	231294	1867237	16451145	40966	134185	219585	82388	289786	434193	62332593	19306708	31	0.3	74216	0.1	NA	NA	NA	NA	NA	NA	62258377	75	48517127	77.93	75.02	5132941	5109596	5062155	50864	4136	15786	0.28	0.01	1.58	0.01	1.39	12500395	20.08	61490	0.1	0	0	644263	1.03	535102	0.86	0	0	FALSE	Healthy
SRX5021629	7.121	27.705	7.621	15.243	17.856	SRP169128	GSE122649	Brain	Motor cortex	Neurodegenarative disease	Amyotrophic lateral sclerosis	0	63129	19430	2638	1339498	22383061	75495	5554	15768	76593	36448	11724	9187	4320	721	351	627	64	22	10	25	23	15	0	0	11	4	0	155	15	84	36	50	0	31	0	0	0	0	19060	914766	67856176	0	34.255210947932	46.7855383074449	NA	NA	NA	NA	66751594	0	54345931	0	33549773	0	0	0.502606	NA	35348571	8368411	221516	2477710	21817242	46369	167918	281328	103983	369018	560015	67856176	22729805	33.5	0.2	7777	0	NA	NA	NA	NA	NA	NA	67848399	75	55454009	81.73	75.15	5225714	5203401	5154203	52213	5581	13717	0.24	0.01	1.51	0.01	1.39	11297585	16.65	72804	0.11	0	0	571649	0.84	452352	0.67	0	0	FALSE	Neurodegenerative
SRX5021615	12.386	31.94	13.253	18.775	21.951	SRP169128	GSE122649	Brain	Motor cortex	Neurodegenarative disease	Amyotrophic lateral sclerosis	0	68527	15073	2861	1350015	22773125	83544	5606	15877	181452	37660	13332	10409	5421	719	389	641	69	24	19	170	26	29	0	0	6	5	0	154	27	52	26	34	1	25	1	0	0	0	6401	90008	63363654	0	33.8579767038056	36.016918211092	NA	NA	NA	NA	62744269	0	17922277	0	25764750	0	0	0.410631	NA	39456860	9713529	223330	2906965	24128456	44713	163183	274205	111202	384589	578196	63363654	21760135	34.3	0.2	4598	0	NA	NA	NA	NA	NA	NA	63359056	75	57266492	90.38	75.16	5244389	5214906	5168019	50345	5234	20791	0.3	0.01	1.56	0.01	1.36	5477777	8.65	65443	0.1	0	0	368192	0.58	181152	0.29	0	0	FALSE	Neurodegenerative
SRX5021614	12.404	34.035	13.271	19.531	22.767	SRP169128	GSE122649	Brain	Motor cortex	Neurodegenarative disease	Amyotrophic lateral sclerosis	0	68301	14878	2694	1345053	25723342	78526	7378	15711	212111	36676	13177	15846	6335	674	337	425	50	24	6	81	24	21	1	0	13	6	0	144	33	70	38	77	0	24	0	0	0	0	5283	107146	65709271	0	33.9396675698928	38.0611968209834	NA	NA	NA	NA	65009121	0	18523844	0	28430186	0	0	0.437326	NA	39187155	10069878	236378	3103264	23305560	44723	159166	264990	111775	385138	576192	65709271	22633379	34.4	0.2	3773	0	NA	NA	NA	NA	NA	NA	65705498	75	59421377	90.44	75.17	6071461	6044104	5990329	56185	6635	18312	0.28	0.01	1.57	0.01	1.33	5587744	8.5	62280	0.09	0	0	451472	0.69	182625	0.28	0	0	FALSE	Neurodegenerative
SRX5021646	6.835	34.943	7.332	18.344	22.647	SRP169128	GSE122649	Brain	Motor cortex	Healthy	Healthy	0	59666	18254	2353	1143341	22943429	68398	10718	14887	96627	32563	10660	15716	6156	621	397	729	71	20	25	354	33	37	0	4	19	4	0	82	14	71	44	120	0	33	0	0	0	0	18405	234513	60791404	0	33.9673973807218	54.6955411322059	NA	NA	NA	NA	59953626	0	40849990	0	35223915	0	0	0.587519	NA	26426817	6782262	206445	1895062	15478200	42467	144595	240588	87688	316802	483111	60791404	20843735	34.3	0.3	166962	0.3	NA	NA	NA	NA	NA	NA	60624442	74	50075848	82.6	74.72	5327926	5304540	5256614	50759	5007	15546	0.27	0.01	1.58	0.01	1.43	9877778	16.29	59294	0.1	0	0	399433	0.66	212089	0.35	0	0	FALSE	Healthy
SRX5021637	8.85	27.194	9.521	16.256	18.65	SRP169128	GSE122649	Brain	Motor cortex	Neurodegenarative disease	Amyotrophic lateral sclerosis	0	74511	14550	4122	1291988	20903151	89316	11255	19689	306553	46002	21517	42252	6815	712	563	1551	51	34	7	14	13	12	1	0	7	13	0	57	13	48	37	14	0	18	0	0	0	0	2085	261318	63553883	0	33.9010301070038	41.6375233012186	NA	NA	NA	NA	61993303	0	44428588	0	28940061	0	0	0.466826	NA	35472962	9805430	283407	2170288	21283748	43379	150991	248333	91871	319242	474673	63553883	20990869	33	0.3	117983	0.2	NA	NA	NA	NA	NA	NA	63435900	74	52766479	83.18	74.77	5273897	5248394	5206012	51035	3905	12945	0.31	0.01	1.56	0.01	1.36	9226824	14.55	73025	0.12	0	0	743754	1.17	625818	0.99	0	0	FALSE	Neurodegenerative
SRX5021623	12.217	34.803	13.093	21.422	26.369	SRP169128	GSE122649	Brain	Motor cortex	Neurodegenarative disease	Amyotrophic lateral sclerosis	0	58580	10741	2713	1044869	18705526	73662	6700	14767	197171	33597	10944	9978	4784	481	348	676	69	21	16	110	23	9	1	0	10	8	0	156	20	63	27	122	0	38	0	0	0	0	14882	9750	52728937	0	34.1590939714943	40.5064584862454	NA	NA	NA	NA	52191622	0	13853508	0	22986018	0	0	0.440416	NA	31242798	7979643	181247	2283749	18814969	36043	134064	226187	86910	300775	454056	52728937	17894832	33.9	0.2	65513	0.1	NA	NA	NA	NA	NA	NA	52663424	75	47164439	89.56	75.2	4467225	4446132	4407535	43299	4148	12243	0.26	0.01	1.55	0.01	1.37	5027183	9.55	59030	0.11	0	0	255374	0.48	157398	0.3	0	0	FALSE	Neurodegenerative
SRX5021621	10	33.515	10.716	18.071	22.161	SRP169128	GSE122649	Brain	Motor cortex	Neurodegenarative disease	Amyotrophic lateral sclerosis	0	92635	18037	3303	1530550	35339303	97378	10367	21956	408051	44142	19490	18997	7314	780	494	802	85	43	23	389	33	15	0	2	15	7	0	81	18	88	60	131	0	31	1	0	0	0	14934	440520	86767758	0	34.1375366181526	45.5572587636363	NA	NA	NA	NA	85488345	0	42030606	0	42738319	0	0	0.499932	NA	46020531	12587327	330581	3712128	26483085	60335	203777	334126	122630	425425	641544	86767758	29511307	34	0.2	47017	0.1	NA	NA	NA	NA	NA	NA	86720741	75	74403065	85.8	75.06	8687943	8656571	8576795	83719	8108	19321	0.25	0.01	1.57	0.01	1.39	11085280	12.78	78935	0.09	0	0	597558	0.69	555903	0.64	0	0	FALSE	Neurodegenerative
SRX5021644	10.512	40.525	11.268	17.132	20.146	SRP169128	GSE122649	Brain	Motor cortex	Healthy	Healthy	0	66649	18607	3090	1299001	27149705	82032	5519	16151	69768	46786	13623	6461	4769	693	629	1717	82	29	20	347	60	64	1	2	9	1	0	236	22	74	56	111	0	36	3	0	0	0	22288	91070	66468244	0	33.9663574082083	47.5877824031391	NA	NA	NA	NA	65559657	0	18490434	0	34061591	0	0	0.519551	NA	33725692	8651080	256607	2496082	19176178	69927	236481	390953	126634	457433	716210	66468244	23408468	35.2	0.3	106743	0.2	NA	NA	NA	NA	NA	NA	66361501	75	59581879	89.78	74.93	6260503	6226426	6165080	63268	6140	26015	0.28	0.01	1.57	0.01	1.39	5977778	9.01	67050	0.1	0	0	539596	0.81	195198	0.29	0	0	FALSE	Healthy
SRX5021648	7.116	37.075	7.631	18.919	23.555	SRP169128	GSE122649	Brain	Motor cortex	Healthy	Healthy	0	66168	17656	2323	1275574	26308349	70140	7363	15756	82904	36633	12931	15971	6640	704	323	475	61	25	11	267	44	42	3	1	4	4	0	192	21	69	55	126	0	32	0	0	1	0	11728	310920	67698365	0	34.0032954710206	54.8532927614791	NA	NA	NA	NA	66852282	0	39204276	0	39320889	0	0	0.588176	NA	29400086	7398875	228030	2104273	17650806	42804	141386	232177	89860	315532	473576	67698365	22487173	33.2	0.3	40325	0.1	NA	NA	NA	NA	NA	NA	67658040	75	56910243	84.11	75	6291662	6270403	6210591	61474	6749	12848	0.26	0.01	1.58	0.01	1.41	9942039	14.69	55111	0.08	0	0	534523	0.79	216124	0.32	0	0	FALSE	Healthy
SRX5021647	6.152	33.633	6.605	16.393	20.329	SRP169128	GSE122649	Brain	Motor cortex	Healthy	Healthy	0	70066	23578	2797	1337522	26986263	77864	11704	17249	106562	36579	12957	19689	5922	677	458	908	95	23	18	76	46	75	0	3	10	6	0	133	21	96	58	158	0	37	0	0	0	0	20354	427136	71648537	0	33.9761584385177	56.4649287078061	NA	NA	NA	NA	70442986	0	55804590	0	42461055	0	0	0.602772	NA	29899847	7673045	257749	2084582	17481944	52336	172370	285047	101938	369716	565106	71648537	24274907	33.9	0.3	90240	0.1	NA	NA	NA	NA	NA	NA	71558297	74	57540662	80.41	74.68	6372180	6343858	6280617	67883	5660	18020	0.27	0.01	1.57	0.01	1.43	12902324	18.03	70644	0.1	0	0	626234	0.88	418433	0.58	0	0	FALSE	Healthy
SRX5021638	10.724	34.791	11.486	19.92	24.437	SRP169128	GSE122649	Brain	Motor cortex	Healthy	Healthy	0	86928	16946	3743	1520303	29886824	102311	8508	22217	337647	45588	16622	25391	8771	794	494	941	72	37	14	68	31	9	1	0	5	7	0	194	49	103	88	165	0	38	2	0	0	0	10604	20659	80265899	0	33.9393648104533	41.0481581679044	NA	NA	NA	NA	79444536	0	27170706	0	37092931	0	0	0.466903	NA	45247858	11197726	272140	3326736	27451114	55577	198858	333448	129567	450565	681195	80265899	27936067	34.8	0.2	14815	0	NA	NA	NA	NA	NA	NA	80251084	75	70960190	88.42	75.03	7244554	7208763	7145869	67107	7464	24114	0.29	0.01	1.56	0.01	1.36	8484346	10.57	87155	0.11	0	0	457099	0.57	262294	0.33	0	0	FALSE	Healthy
SRX5021645	4.022	22.487	4.307	12.456	13.954	SRP169128	GSE122649	Brain	Motor cortex	Healthy	Healthy	0	51021	14778	2281	975400	19856575	69311	5325	12924	60814	35163	10612	8269	4793	519	487	785	52	21	15	81	42	31	0	1	12	5	0	105	22	61	46	114	0	30	0	0	0	0	11786	990198	76319395	0	33.9619311185577	60.1224508937043	NA	NA	NA	NA	68388252	0	114120044	0	41040099	0	0	0.600105	NA	29220665	7137102	202280	2107254	17121380	59482	204587	334723	101767	375133	589028	76319395	25362450	33.2	0.3	47162	0.1	NA	NA	NA	NA	NA	NA	76272233	75	48325735	63.36	75.04	4614788	4584362	4535712	46471	4686	27919	0.3	0.01	1.5	0.01	1.37	20062517	26.3	123944	0.16	0	0	1981347	2.6	5778690	7.58	0	0	FALSE	Healthy
SRX5021628	7.173	31.98	7.684	16.259	19.565	SRP169128	GSE122649	Brain	Motor cortex	Neurodegenarative disease	Amyotrophic lateral sclerosis	0	88058	22640	3325	1794794	31509724	97201	7231	21958	144005	49989	17236	14094	7492	819	469	1849	64	25	17	38	27	22	2	1	20	5	0	205	21	83	39	45	0	42	0	0	0	0	28723	619897	88474998	0	34.2360926416749	50.3395931148716	NA	NA	NA	NA	87254836	0	60881657	0	47374499	0	0	0.542944	NA	42537760	10399338	276991	2985991	26007542	56269	199984	333145	124663	436070	657222	88474998	29182071	33	0.2	18145	0	NA	NA	NA	NA	NA	NA	88456853	75	73620770	83.23	75.2	7555206	7524911	7452514	74195	6867	21630	0.23	0.01	1.54	0.01	1.39	13634066	15.41	92477	0.1	0	0	624675	0.71	484865	0.55	0	0	FALSE	Neurodegenerative
SRX5021632	11.257	29.307	12.056	19.151	23.426	SRP169128	GSE122649	Brain	Motor cortex	Neurodegenarative disease	Amyotrophic lateral sclerosis	0	70092	16129	3102	1274505	24355700	82566	7903	17013	202067	41544	14698	14275	6400	606	467	714	83	28	13	59	27	8	3	0	9	5	0	129	24	63	37	85	0	25	0	0	0	0	12076	363128	66352862	0	33.9103551102287	38.569127620873	NA	NA	NA	NA	65252098	0	30025428	0	27923269	0	0	0.427929	NA	40018345	10500106	247559	3101900	23701136	45945	166612	279399	110120	383911	576155	66352862	21962005	33.1	0.3	4907	0	NA	NA	NA	NA	NA	NA	66347955	75	57370682	86.47	75.14	5747834	5720354	5670591	55517	5771	15955	0.3	0.01	1.53	0.01	1.29	7881416	11.88	65906	0.1	0	0	531586	0.8	498365	0.75	0	0	FALSE	Neurodegenerative
SRX5021620	10.245	32.516	10.985	18.84	23.414	SRP169128	GSE122649	Brain	Motor cortex	Neurodegenarative disease	Amyotrophic lateral sclerosis	0	92357	16798	2984	1445828	34997304	87869	8670	21146	414603	41631	18733	16167	7469	664	484	808	90	28	15	200	28	15	1	1	6	5	0	69	15	89	50	141	0	24	0	0	0	0	27318	443605	83272988	0	34.1120652834026	46.7279067676166	NA	NA	NA	NA	81904759	0	45198731	0	41329281	0	0	0.504602	NA	43950163	12982102	329819	3760312	24231242	57549	187737	304431	116683	398037	593149	83272988	26915120	32.3	0.2	25540	0	NA	NA	NA	NA	NA	NA	83247448	75	70085836	84.19	75.21	8904126	8872046	8790414	85203	8336	20173	0.25	0.01	1.56	0.01	1.39	11818923	14.2	73355	0.09	0	0	552797	0.66	716537	0.86	0	0	FALSE	Neurodegenerative
SRX5021619	9.542	29.507	10.233	17.754	22.552	SRP169128	GSE122649	Brain	Motor cortex	Neurodegenarative disease	Amyotrophic lateral sclerosis	0	95319	23924	4435	1671754	32855007	112132	12749	21532	448978	54014	20202	20421	8779	816	601	1338	93	26	26	344	33	43	1	0	6	15	0	189	33	149	59	276	1	51	1	0	0	0	30780	531574	90725290	0	34.1186914916447	43.3258307669403	NA	NA	NA	NA	88742512	0	52054205	0	41545358	0	0	0.468156	NA	50583126	13270245	371568	3734359	30110474	65487	218391	359093	134853	470728	707354	90725290	30188783	33.3	0.2	108483	0.1	NA	NA	NA	NA	NA	NA	90616807	75	75558860	83.38	75.07	7969609	7933453	7860574	78851	7050	23134	0.26	0.01	1.54	0.01	1.38	13183652	14.55	98721	0.11	0	0	700692	0.77	1074882	1.19	0	0	FALSE	Neurodegenerative
SRX5021617	11.241	29.662	12.042	18.515	21.729	SRP169128	GSE122649	Brain	Motor cortex	Neurodegenarative disease	Amyotrophic lateral sclerosis	0	88356	17933	4100	1797655	27500078	113418	14486	20707	289068	49183	16745	25758	8131	931	631	1022	102	35	33	195	34	24	3	2	12	4	0	152	27	119	51	95	0	57	1	0	0	0	7236	196483	79942006	0	33.8846888205432	37.0750710346641	NA	NA	NA	NA	77922719	0	30145656	0	32054965	0	0	0.411369	NA	48866395	11948115	311142	3316293	30106000	61742	222350	372461	137210	487686	738924	79942006	28600245	35.8	0.3	1044380	1.3	NA	NA	NA	NA	NA	NA	78897626	75	69792644	88.46	74.94	6539810	6493821	6429163	72892	6580	31175	0.3	0.01	1.54	0.01	1.36	8130075	10.3	91356	0.12	0	0	595675	0.75	287876	0.36	0	0	FALSE	Neurodegenerative
SRX5021639	10.417	35.114	11.159	18.731	22.767	SRP169128	GSE122649	Brain	Motor cortex	Healthy	Healthy	0	112066	22109	5089	2021405	34385187	136192	10130	27357	398392	61063	21198	22518	8379	1032	684	1544	118	65	12	279	45	13	1	0	16	5	0	333	143	110	101	170	0	48	4	0	1	0	9569	18472	98948125	0	33.9271252487099	39.8642391849122	NA	NA	NA	NA	97897556	0	28602629	0	44419236	0	0	0.453732	NA	56732263	12749157	333642	3754545	36022734	72605	262888	441514	170465	595036	898703	98948125	33858757	34.2	0.2	12087	0	NA	NA	NA	NA	NA	NA	98936038	75	88575103	89.53	75.13	8119569	8072367	7995241	83458	8903	31967	0.3	0.01	1.56	0.01	1.36	9322453	9.42	111502	0.11	0	0	599175	0.61	327805	0.33	0	0	FALSE	Healthy
SRX5021636	9.382	26.087	10.06	15.998	18.995	SRP169128	GSE122649	Brain	Motor cortex	Neurodegenarative disease	Amyotrophic lateral sclerosis	0	46915	9181	2191	901213	14057131	55305	7101	12620	120753	29724	12494	12789	3963	464	308	735	31	17	1	164	4	5	1	0	5	7	0	42	8	30	23	11	0	16	0	0	1	0	2270	196188	44475495	0	33.970767790218	39.4151353066799	NA	NA	NA	NA	43578495	0	28887733	0	18903945	0	0	0.433791	NA	26367833	6792215	177880	1785080	16180044	28634	105061	176572	66295	232531	347183	44475495	16597004	37.3	0.3	18650	0	NA	NA	NA	NA	NA	NA	44456845	74	37199026	83.67	74.44	3250228	3231812	3205799	31200	2527	10702	0.28	0.01	1.55	0.01	1.36	6379469	14.35	51369	0.12	0	0	394632	0.89	432349	0.97	0	0	FALSE	Neurodegenerative
SRX5021635	11.301	30.623	12.102	17.634	21.052	SRP169128	GSE122649	Brain	Motor cortex	Neurodegenarative disease	Amyotrophic lateral sclerosis	0	87785	20217	3832	1775716	30059188	106510	9116	20855	343726	48638	17271	17410	7773	860	612	732	77	29	23	43	50	41	0	2	9	3	0	161	19	138	51	77	1	48	0	0	0	0	16570	487345	82513619	0	33.9431437251589	37.8045971813415	NA	NA	NA	NA	81270807	0	31376821	0	34496333	0	0	0.424462	NA	49920154	12374364	312327	3648918	30156163	62719	229412	387603	145411	516071	787284	82513619	27559218	33.4	0.3	32667	0	NA	NA	NA	NA	NA	NA	82480952	75	72805190	88.27	75.14	7060264	7018050	6935793	90217	7109	27145	0.3	0.01	1.54	0.01	1.35	8465617	10.26	83081	0.1	0	0	686292	0.83	440772	0.53	0	0	FALSE	Neurodegenerative
SRX5021613	13.866	29.752	14.851	21.766	25.286	SRP169128	GSE122649	Brain	Motor cortex	Neurodegenarative disease	Amyotrophic lateral sclerosis	0	50900	11727	2121	951921	18126064	58449	5136	11515	162525	27366	9625	12380	4388	473	233	288	40	29	7	38	26	2	0	0	3	8	0	76	14	44	38	85	0	19	0	0	0	0	10902	73636	46549500	0	33.923666892233	34.1631135775985	NA	NA	NA	NA	46099294	0	14566074	0	18048978	0	0	0.391524	NA	30181578	8293528	195332	2468727	17370304	35067	123649	206523	82879	289583	434161	46549500	16143782	34.7	0.2	18789	0	NA	NA	NA	NA	NA	NA	46530711	75	41688998	89.59	75.07	4284752	4267348	4230651	40134	4429	9538	0.29	0.01	1.54	0.01	1.37	4410296	9.48	47306	0.1	0	0	246207	0.53	137904	0.3	0	0	FALSE	Neurodegenerative
SRX5021624	9.76	35.655	10.466	19.18	23.576	SRP169128	GSE122649	Brain	Motor cortex	Neurodegenarative disease	Amyotrophic lateral sclerosis	0	67164	11539	2508	1096242	22684415	71659	8165	16427	289849	34597	13012	15649	7254	546	368	588	86	23	12	37	35	38	2	4	12	5	0	122	15	69	31	65	2	29	0	0	0	0	13431	5357	60511143	0	34.1090972781658	47.9942840846091	NA	NA	NA	NA	59186860	0	26169897	0	30433539	0	0	0.514194	NA	30860715	8307406	228694	2289694	18113090	38923	129207	213629	88234	304007	454715	60511143	21783450	36	0.6	693171	1.1	NA	NA	NA	NA	NA	NA	59817972	74	51903859	86.77	74.75	5766192	5741978	5686153	59298	5072	15669	0.22	0.01	1.57	0.01	1.39	7283001	12.18	94502	0.16	0	0	322205	0.54	214405	0.36	0	0	FALSE	Neurodegenerative
SRX5021618	11.607	32.731	12.444	19.898	24.203	SRP169128	GSE122649	Brain	Motor cortex	Neurodegenarative disease	Amyotrophic lateral sclerosis	0	71941	15251	3077	1274079	24697603	80693	9132	17166	280226	41066	16792	14867	9206	594	440	1541	57	22	11	93	13	10	0	0	5	8	0	114	15	122	41	126	0	15	1	0	0	0	15825	163734	64539948	0	34.1298034978274	41.8775196801047	NA	NA	NA	NA	63792837	0	24963499	0	29050470	0	0	0.455388	NA	37355890	10210585	230099	2927831	21882203	40646	146766	242968	92539	318938	478394	64539948	22048379	34.2	0.2	26870	0	NA	NA	NA	NA	NA	NA	64513078	75	56552971	87.66	75.1	5988068	5963418	5908948	58743	5282	15095	0.24	0.01	1.55	0.01	1.38	7239866	11.22	62997	0.1	0	0	402855	0.62	254389	0.39	0	0	FALSE	Neurodegenerative
SRX5021640	14.812	25.849	15.866	22.379	26.405	SRP169128	GSE122649	Brain	Motor cortex	Healthy	Healthy	0	38463	7881	1814	782727	12892592	50190	4564	10000	107079	24664	7821	8672	4372	370	302	405	25	19	10	22	15	19	2	0	5	4	0	96	9	43	20	57	0	28	2	1	0	0	4881	51399	36310631	0	34.1790150658632	30.5991653015227	NA	NA	NA	NA	35999550	0	11138160	0	12184491	0	0	0.338462	NA	25581045	6900292	148065	2005555	14889909	27751	104837	178462	75058	260874	392070	36310631	12549622	34.6	0.2	4158	0	NA	NA	NA	NA	NA	NA	36306473	75	32608863	89.82	75.18	3055766	3041277	3015421	28660	2877	8808	0.23	0.01	1.56	0.01	1.38	3390687	9.34	35786	0.1	0	0	162144	0.45	108993	0.3	0	0	FALSE	Healthy
SRX5508352	37.248	44.352	40.369	46.953	51.069	SRP188206	GSE128177	Skeletal muscle	NA	Healthy	Healthy	0	18322	96826	407	155731	22411995	28262	508	2760	1189	2796	3073	208	43	54	42	66	12	7	1	42	10	42	0	0	0	2	0	20	2	32	3	2	0	0	0	0	0	0	31828	27879	27932745	0	35.2356673502729	67.7856309095631	27932745	0	34.2437715663104	59.6549851008317	10334	26314518	5958322	0	8825	12988734	0	0.493666	16872907	31826846	26064383	677796	3087898	1467843	19909	33464	41635	35554	97460	135983	27932745	9856793	35.3	0.1	NA	NA	27932745	8676163	31.1	0.5	162732	0.58	27770013	98	24479511	88.15	98.22	9168947	9161200	9025442	122579	13768	7158	0.54	0.01	1.31	0	1.21	1845341	6.65	4760	0.02	0	0	1432417	5.16	7984	0.03	0	0	FALSE	Healthy
SRX5508351	35.112	47.383	38.081	44.436	48.376	SRP188206	GSE128177	Skeletal muscle	NA	Healthy	Healthy	0	26720	53048	464	188954	24942623	25152	482	3812	1045	4016	4547	232	28	71	55	116	23	5	3	48	106	801	5	0	0	5	0	54	4	67	1	0	0	13	0	0	0	0	36180	27792	31397140	0	35.1400830457806	67.0196966165068	31397140	0	34.1785318662783	59.3055096424616	10153	29324368	6235340	0	8697	15368748	0	0.524152	16970237	33249938	27029533	713915	3294412	1655116	22193	38317	48920	37494	94197	132169	31397140	10855741	34.6	0.1	NA	NA	31397140	9697904	30.9	0.5	151941	0.48	31245199	98	27327308	87.46	98.28	9957791	9949217	9844577	100708	4322	8184	0.52	0.01	1.28	0	1.19	2007213	6.42	6334	0.02	0	0	1894234	6.06	10110	0.03	0	0	FALSE	Healthy
SRX5508355	42.034	39.747	45.593	51.83	56.33	SRP188206	GSE128177	Skeletal muscle	NA	Healthy	Healthy	0	12156	30363	128	91432	13614211	9969	177	1633	446	1891	1879	83	25	21	29	29	10	3	0	9	2	8	0	0	0	2	0	9	2	16	0	1	0	4	0	0	0	0	24350	16391	16863087	0	35.1979539689263	64.0066575913094	16863087	0	34.1054659209195	54.9227335315585	5017	15873467	3303084	0	4139	6963706	0	0.438762	12283281	21270698	17713338	469203	1937131	838754	13280	21192	25971	21552	52262	72675	16863087	5864729	34.8	0.1	NA	NA	16863087	5188817	30.8	0.4	59274	0.35	16803813	98	14785467	87.99	98.34	5313051	5308637	5244910	61880	2152	4109	0.51	0.01	1.28	0	1.19	1093017	6.5	2181	0.01	0	0	919121	5.47	4027	0.02	0	0	FALSE	Healthy
SRX5508353	34.726	46.259	37.592	45.446	49.17	SRP188206	GSE128177	Skeletal muscle	NA	Neurodegenarative disease	Parkinson’s disease	0	20226	57017	391	160238	22688040	21090	572	2802	1211	3328	3089	250	63	52	37	94	7	7	0	42	44	227	0	1	0	3	0	34	1	50	7	0	0	5	0	0	0	0	40017	31035	28668703	0	35.1981742250425	67.9472006268644	28668703	0	34.0866800985032	58.6681832518086	8919	26972099	6664477	0	7692	14015384	0	0.519682	15844683	30824121	25125026	610329	2979775	1590196	19064	32727	40906	34089	95839	133558	28668703	9912266	34.6	0.1	NA	NA	28668703	8947484	31.2	0.4	98272	0.34	28570431	98	24785136	86.75	98.29	8529811	8522304	8378763	133773	10245	7030	0.51	0.01	1.28	0	1.19	2195882	7.69	5005	0.02	0	0	1576598	5.52	7810	0.03	0	0	FALSE	Neurodegenerative
SRX5508354	35.468	47.693	38.422	44.889	48.659	SRP188206	GSE128177	Skeletal muscle	NA	Healthy	Healthy	0	25742	52377	390	155478	23728690	21537	280	3303	773	3615	4230	189	20	37	59	89	21	12	0	57	5	10	0	0	0	3	0	23	0	37	7	0	0	4	0	0	0	0	32051	27973	29448287	0	35.1813558798853	67.2934296737109	29448287	0	34.2746715284322	60.3583359698537	9471	27667323	5686023	0	8154	14548252	0	0.525885	15918529	31311469	25705055	669538	3096528	1357966	20628	33931	41169	33337	81536	115030	29448287	10107732	34.3	0.1	NA	NA	29448287	9067283	30.8	0.4	140638	0.48	29307649	98	25788009	87.99	98.31	9382381	9374290	9264324	106605	3798	7654	0.51	0.01	1.26	0	1.19	1888785	6.44	3758	0.01	0	0	1619581	5.53	7516	0.03	0	0	FALSE	Healthy
SRX5508356	37.076	45.055	40.128	46.774	50.664	SRP188206	GSE128177	Skeletal muscle	NA	Neurodegenarative disease	Parkinson’s disease	0	22090	46999	388	179597	24136317	18269	479	3466	971	3994	3878	238	66	52	48	107	9	4	1	56	7	19	0	0	0	3	0	30	4	52	8	0	0	4	0	0	0	0	24945	28612	29975075	0	35.2315717308464	66.8078133359922	29975075	0	34.1025704522841	57.094990007132	9607	28275984	6088546	0	8229	14108067	0	0.499002	17806582	33733132	27421039	692119	3454735	1596152	27809	48185	57720	41925	107772	145123	29975075	10489282	35	0.1	NA	NA	29975075	9216540	30.7	0.4	101225	0.34	29873850	98	26377145	88.3	98.32	9722691	9714485	9594865	115802	4214	7810	0.52	0.01	1.28	0	1.21	1908446	6.39	4416	0.01	0	0	1575288	5.27	8555	0.03	0	0	FALSE	Neurodegenerative
SRX5508350	28.529	53.534	30.922	39.496	42.675	SRP188206	GSE128177	Skeletal muscle	NA	Neurodegenarative disease	Parkinson’s disease	0	24071	302674	542	180787	25380593	27491	444	3401	1014	3707	4445	294	56	54	72	84	11	7	1	52	14	44	1	3	0	2	0	19	0	53	2	5	0	1	0	0	0	0	48040	44418	32958814	0	35.2272180667666	71.2606931430837	32958814	0	33.9035692243052	60.5298689346172	10514	30669606	7792909	0	9275	18501540	0	0.603301	13591162	28799541	23350244	570439	2919415	1486399	18693	32588	40132	31266	80818	115683	32958814	11250651	34.1	0.1	NA	NA	32958814	10498769	31.9	0.5	166393	0.5	32792421	98	27875836	85.01	98.27	8889258	8880647	8751830	125652	3566	8210	0.57	0.01	1.27	0	1.2	2804284	8.55	5161	0.02	0	0	2097198	6.4	9942	0.03	0	0	FALSE	Neurodegenerative
SRX5508357	31.72	51.256	34.367	41.363	44.959	SRP188206	GSE128177	Skeletal muscle	NA	Healthy	Healthy	0	26109	51539	430	195209	26553993	23679	310	4329	840	4512	4502	255	19	50	77	137	31	7	0	66	26	125	0	0	0	2	0	41	0	74	5	0	0	1	0	0	0	0	28267	15451	33203771	0	35.2028192821833	68.9709130970647	33203771	0	34.3246219533318	62.3267170270586	9965	31262304	6769162	0	8684	17755499	0	0.568001	15616174	32162343	26189406	714782	3060139	1635037	28609	48989	59959	36940	92418	133675	33203771	11504937	34.6	0.1	NA	NA	33203771	10095301	30.4	0.4	206612	0.62	32997159	98	29096252	88.18	98.29	10721447	10712288	10583320	124462	5168	8497	0.49	0.01	1.27	0	1.2	2176017	6.59	5508	0.02	0	0	1706446	5.17	12936	0.04	0	0	FALSE	Healthy
SRX5508358	36.325	45.962	39.392	46.524	50.568	SRP188206	GSE128177	Skeletal muscle	NA	Healthy	Healthy	0	19788	48878	334	141538	20058424	21154	207	3089	528	3276	3522	117	32	36	29	94	9	0	1	27	22	49	0	0	0	4	0	58	8	18	0	2	0	4	0	0	0	0	35356	23813	25081963	0	35.2104095281538	66.6314647589396	25081963	0	34.1874378811579	58.1668051801401	8089	23634690	5148908	0	6826	12043708	0	0.509635	14360475	27538014	22681360	569287	2686635	1195849	18703	30782	36934	28625	66631	95499	25081963	8695035	34.7	0.1	NA	NA	25081963	7809429	31.1	0.4	85188	0.34	24996775	98	21855219	87.43	98.27	7443941	7437113	7338782	89787	9025	6347	0.53	0.01	1.28	0	1.19	1787560	7.15	3298	0.01	0	0	1342959	5.37	7739	0.03	0	0	FALSE	Healthy
SRX5508359	28.808	55.027	31.263	38.32	41.679	SRP188206	GSE128177	Skeletal muscle	NA	Neurodegenarative disease	Parkinson’s disease	0	26659	68418	376	181073	27907507	28966	355	3693	786	3610	4050	260	54	77	71	102	21	15	3	43	502	1469	5	0	1	2	0	14	0	59	5	0	0	13	0	0	0	0	38912	26329	34593196	0	35.2333053875681	71.7109926352267	34593196	0	34.1973316371231	63.4729323038065	11208	32635043	7092981	0	9902	19906734	0	0.610027	14132074	30394635	25125487	643683	2796996	1371162	19073	31747	39316	32728	79554	111778	34593196	11893262	34.4	0.1	NA	NA	34593196	10544971	30.5	0.4	140559	0.41	34452637	98	30319691	88	98.29	11045432	11036777	10905330	127070	4615	8417	0.53	0.01	1.26	0	1.18	2326560	6.75	5673	0.02	0	0	1789840	5.2	10873	0.03	0	0	FALSE	Neurodegenerative
SRX5508362	35.501	46.88	38.42	45.238	48.983	SRP188206	GSE128177	Skeletal muscle	NA	Neurodegenarative disease	Parkinson’s disease	0	19149	52710	319	157111	23294085	24904	423	3028	957	3375	2923	242	41	50	53	44	8	3	1	45	63	276	2	0	0	2	0	31	1	16	0	0	0	6	0	0	0	0	28472	35235	29248823	0	35.1848114024964	67.8263145390006	29248823	0	33.8979130544843	56.9315382880608	9988	27261256	6102011	0	8614	14206959	0	0.521204	15933334	31145148	25517907	664870	3138289	1333633	20389	32993	40451	35964	98220	132802	29248823	10204054	34.9	0.1	NA	NA	29248823	9150715	31.3	0.5	117792	0.4	29131031	98	25303401	86.86	98.28	9133567	9125637	8991614	130946	3648	7359	0.54	0.01	1.28	0	1.19	1967843	6.76	4007	0.01	0	0	1848069	6.34	7711	0.03	0	0	FALSE	Neurodegenerative
SRX5508360	37.389	44.782	40.463	47.226	51.189	SRP188206	GSE128177	Skeletal muscle	NA	Healthy	Healthy	0	22199	54485	403	159689	23120670	18603	397	3271	1007	3544	3783	211	38	37	61	84	21	5	2	149	54	222	0	1	0	1	0	40	0	38	4	2	0	7	0	0	0	0	31924	23463	28807149	0	35.1344296167594	65.6622214263164	28807149	0	34.3323177868105	59.6519002284623	8685	27118478	5847357	0	7440	13450451	0	0.496046	17248560	32566629	26643272	701899	3212844	1479307	21911	37241	46467	37081	92659	128448	28807149	9978886	34.6	0.1	NA	NA	28807149	8889776	30.9	0.4	90273	0.31	28716876	98	25186031	87.7	98.33	8920586	8912771	8804880	97305	11323	7078	0.47	0.01	1.29	0	1.21	1941132	6.76	4451	0.02	0	0	1576966	5.49	8296	0.03	0	0	FALSE	Healthy
SRX5508361	30.806	52.111	33.337	41.01	44.453	SRP188206	GSE128177	Skeletal muscle	NA	Healthy	Healthy	0	24743	68498	410	177780	26308623	20401	268	3621	782	3583	3466	219	20	36	48	66	11	7	2	43	39	123	0	2	0	0	0	118	4	34	2	4	0	4	0	0	0	0	45865	45394	32953741	0	35.2158033893633	70.3970842279524	32953741	0	34.2700399326438	63.2662098624997	12298	31038132	7080173	0	10762	18015617	0	0.580493	14864681	30954974	25368056	622898	3029951	1452168	17835	30108	37521	33987	83473	119385	32953741	11333096	34.4	0.1	NA	NA	32953741	10201864	31	0.5	146108	0.44	32807633	98	28621985	87.24	98.33	9724591	9715771	9559247	145549	11474	8321	0.5	0.01	1.29	0	1.19	2428445	7.4	4459	0.01	0	0	1743757	5.32	8987	0.03	0	0	FALSE	Healthy
SRX5508363	35.27	48.167	38.191	45.089	48.889	SRP188206	GSE128177	Skeletal muscle	NA	Healthy	Healthy	0	23138	54786	338	170806	25458344	22707	220	3438	638	3108	3554	140	29	32	54	87	13	0	2	47	69	228	0	1	0	5	0	27	1	38	2	0	0	8	0	0	0	0	36548	28122	31353895	0	35.2156749584063	68.999666351814	31353895	0	34.1806349418469	59.9735889234333	9768	29582440	6155047	0	8463	15728075	0	0.531725	16690422	33082692	27445843	710388	3237004	1212375	20150	32051	39195	34371	79006	110531	31353895	10909889	34.8	0.1	NA	NA	31353895	9633849	30.7	0.4	115211	0.37	31238684	98	27548747	88.19	98.28	10052647	10044097	9907902	131907	4622	8216	0.52	0.01	1.28	0	1.19	2043461	6.54	3796	0.01	0	0	1632770	5.23	9910	0.03	0	0	FALSE	Healthy
SRX5508365	33.475	48.794	36.321	43.659	47.446	SRP188206	GSE128177	Skeletal muscle	NA	Neurodegenarative disease	Parkinson’s disease	0	22614	62546	410	179045	24848631	23528	357	3355	771	3499	3967	221	20	32	43	92	20	5	0	43	6	55	0	0	0	1	0	40	5	56	3	1	0	2	0	0	0	0	44424	33130	31141308	0	35.1606374722603	68.4703999879498	31141308	0	34.325275836198	61.8963011450853	10267	29344413	6666458	0	8940	15941350	0	0.543307	15925916	32014911	26327284	647006	3037394	1499256	19824	33154	41331	34003	84556	121027	31141308	10771314	34.6	0.1	NA	NA	31141308	9619697	30.9	0.4	108992	0.35	31032316	98	27094223	87.31	98.29	9777865	9769047	9630345	134940	4226	8354	0.5	0.01	1.29	0	1.19	2260457	7.28	4977	0.02	0	0	1662445	5.36	10214	0.03	0	0	FALSE	Neurodegenerative
SRX5508372	36.403	44.873	39.533	46.768	50.835	SRP188206	GSE128177	Skeletal muscle	NA	Healthy	Healthy	0	15748	38110	314	121313	17595064	17028	268	2694	716	2759	2980	192	28	32	51	115	13	1	0	54	8	17	0	0	0	0	0	17	2	31	0	0	0	1	0	0	0	0	27476	17353	21985607	0	35.2073285945664	65.7056921400666	21985607	0	34.4690176623279	60.625962618917	7207	20822170	4818432	0	6116	10422071	0	0.500588	13042718	24782711	20437497	524482	2197642	1224814	18051	30697	37442	26846	69176	95697	21985607	7625809	34.7	0.1	NA	NA	21985607	6748071	30.7	0.4	75891	0.35	21909716	98	19286479	88.03	98.27	6900632	6894707	6807188	80055	8040	5349	0.49	0.01	1.26	0	1.19	1542898	7.04	3674	0.02	0	0	1069707	4.88	6958	0.03	0	0	FALSE	Healthy
SRX5508374	34.883	47.154	37.747	44.721	48.426	SRP188206	GSE128177	Skeletal muscle	NA	Neurodegenarative disease	Parkinson’s disease	0	25982	44684	360	185455	23596873	17719	499	3712	1134	3721	3935	234	45	68	63	116	21	19	2	77	9	62	1	0	0	2	0	18	4	40	1	2	0	6	0	0	0	0	22704	24862	29594576	0	35.1904505406666	67.3061478286446	29594576	0	34.0719237200763	57.804756766113	9463	27746527	6288401	0	8165	14563014	0	0.524917	16016041	31363723	25502065	665254	3128535	1535076	25325	43168	52597	35697	95390	129862	29594576	10279195	34.7	0.1	NA	NA	29594576	9055516	30.6	0.4	102446	0.35	29492130	98	25813269	87.53	98.29	9561508	9553403	9406257	139533	7951	7767	0.51	0.01	1.3	0	1.21	1942721	6.59	5662	0.02	0	0	1721177	5.84	9301	0.03	0	0	FALSE	Neurodegenerative
SRX5508373	35.787	46.644	38.712	45.875	49.733	SRP188206	GSE128177	Skeletal muscle	NA	Healthy	Healthy	0	21293	54481	329	150663	22411535	19446	246	3232	727	2874	3378	174	28	37	55	57	9	11	0	40	16	68	0	0	0	3	0	10	1	30	3	2	0	4	0	0	0	0	42694	26760	27851733	0	35.2162508164214	67.8813080336019	27851733	0	34.2646096743782	60.1756138591187	8370	26260847	5852910	0	7272	13611128	0	0.518361	15495341	30179517	24897953	639123	2935742	1251109	18507	30283	37115	31611	78740	108702	27851733	9729618	34.9	0.1	NA	NA	27851733	8640118	31	0.4	174584	0.63	27677149	98	24319271	87.87	98.27	8713746	8705715	8601797	101038	3468	7443	0.52	0.01	1.28	0	1.2	1949946	7.05	4476	0.02	0	0	1394857	5.04	8599	0.03	0	0	FALSE	Healthy
SRX5508375	30.64	53.084	33.184	39.431	42.986	SRP188206	GSE128177	Skeletal muscle	NA	Healthy	Healthy	0	25429	48411	460	201553	25705879	26453	421	4474	983	4330	4683	301	37	54	64	123	19	4	3	91	90	485	4	0	0	4	0	64	4	39	1	7	0	6	0	0	0	0	24249	24230	31965276	0	35.1777376488162	68.6100410003754	31965276	0	34.437992776912	63.1889822100839	9057	30253304	6193671	0	7907	17701006	0	0.585136	14262073	29922417	24339301	656301	2848491	1603579	19823	32856	40937	33540	81689	118919	31965276	11028527	34.5	0.1	NA	NA	31965276	9685218	30.3	0.4	129921	0.41	31835355	98	28305783	88.91	98.33	10551904	10543542	10419853	119501	4341	8209	0.51	0.01	1.28	0	1.19	1956578	6.15	5534	0.02	0	0	1555878	4.89	11582	0.04	0	0	FALSE	Healthy
SRX5508376	34.3	48.022	37.183	43.95	47.728	SRP188206	GSE128177	Skeletal muscle	NA	Healthy	Healthy	0	21241	50468	323	177622	22895737	22851	405	3476	958	3342	3594	229	47	35	43	60	13	1	1	31	69	240	3	0	0	9	0	28	0	58	4	0	0	6	0	0	0	0	34736	30262	28659455	0	35.2009917843867	68.4491564994246	28659455	0	34.0410594339634	58.676828589614	9504	26858820	6012291	0	8258	14338599	0	0.53391	15043388	29818528	24316785	629097	2988796	1419590	18704	31169	38133	32886	85284	119295	28659455	9910392	34.6	0.1	NA	NA	28659455	8923286	31.1	0.5	138928	0.48	28520527	98	24916747	87.36	98.29	8768340	8760863	8642944	113940	4392	7064	0.56	0.01	1.29	0	1.2	1951577	6.84	4044	0.01	0	0	1639974	5.75	8185	0.03	0	0	FALSE	Healthy
SRX5508364	30.501	52.331	33.148	40.198	43.919	SRP188206	GSE128177	Skeletal muscle	NA	Healthy	Healthy	0	22653	57391	369	182874	27943092	26717	375	3973	968	3664	3741	166	30	50	66	71	22	11	1	51	27	62	3	0	0	2	0	25	0	22	4	0	0	1	0	0	0	0	46677	36343	34847326	0	35.2273663408205	71.0913319004269	34847326	0	34.0648269827074	61.0674951423215	10755	32796279	7510015	0	9460	19124371	0	0.583175	15564271	32688539	26869610	671494	3108808	1477534	20803	35288	44476	38463	100614	142404	34847326	12120179	34.8	0.1	NA	NA	34847326	10698053	30.7	0.4	123534	0.35	34723792	98	30420695	87.61	98.27	11394564	11385056	11272722	108190	4755	8897	0.54	0.01	1.28	0	1.25	2386339	6.87	5002	0.01	0	0	1900611	5.47	11145	0.03	0	0	FALSE	Healthy
SRX5508371	37.339	44.79	40.461	46.777	50.898	SRP188206	GSE128177	Skeletal muscle	NA	Neurodegenarative disease	Parkinson’s disease	0	22244	37390	365	169372	20200993	22928	278	3230	693	3445	3768	188	14	42	82	140	28	8	0	289	6	85	0	0	0	0	0	60	7	29	7	2	0	1	0	0	0	0	21608	19052	25433744	0	35.1651741874889	65.1684207914762	25433744	0	33.9769762564253	54.9438563926657	8756	23723019	4968207	0	7338	11735305	0	0.494743	15155657	28569880	23252182	606323	2810168	1424380	21305	37749	47840	36479	86700	121191	25433744	8886729	34.9	0.1	NA	NA	25433744	7817851	30.7	0.5	97307	0.38	25336437	98	22178379	87.54	98.21	8296824	8289054	8192826	91376	5543	7079	0.55	0.01	1.28	0	1.19	1553396	6.13	4043	0.02	0	0	1590952	6.28	9667	0.04	0	0	FALSE	Neurodegenerative
SRX5508368	35.615	47.212	38.611	44.875	48.784	SRP188206	GSE128177	Skeletal muscle	NA	Neurodegenarative disease	Parkinson’s disease	0	23756	38332	424	177398	23193542	24371	421	3509	822	3693	3724	214	35	44	62	88	9	7	1	98	23	42	1	0	0	6	0	14	3	24	5	0	0	4	0	0	0	0	23880	27223	28589143	0	35.2317308007449	67.7729941511541	28589143	0	34.3048526848112	59.5740733200383	8553	27064437	5551153	0	7329	14085118	0	0.520482	15856121	31031920	25292982	652370	3111334	1454120	24026	41068	49960	37985	93110	130330	28589143	9974241	34.9	0.1	NA	NA	28589143	8652238	30.3	0.4	102418	0.36	28486725	98	25336916	88.94	98.3	9829803	9821604	9698205	119514	4459	7625	0.5	0.01	1.29	0	1.2	1736074	6.09	4411	0.02	0	0	1401201	4.92	8123	0.03	0	0	FALSE	Neurodegenerative
SRX5508378	34.899	48.664	37.83	44.193	48.093	SRP188206	GSE128177	Skeletal muscle	NA	Healthy	Healthy	0	21849	87309	350	155077	24612242	27855	304	3387	717	3211	3423	155	28	33	63	98	18	4	0	38	10	81	0	0	0	1	0	23	0	8	0	0	0	6	0	0	0	0	28421	21131	30616852	0	35.1635362120181	68.283181160355	30616852	0	34.1710105598054	60.0149254347133	9151	28652137	5767788	0	7963	15343585	0	0.535566	15958678	31860844	26256163	685973	3147219	1263243	20495	34641	43080	35688	86352	122138	30616852	10726606	35	0.1	NA	NA	30616852	9289422	30.3	0.4	107689	0.35	30509163	98	26813265	87.89	98.27	10410256	10400816	10275365	120971	4925	8995	0.55	0.01	1.29	0	1.21	1848023	6.06	3985	0.01	0	0	1834570	6.01	9320	0.03	0	0	FALSE	Healthy
SRX5508379	29.244	53.559	31.789	39.265	42.741	SRP188206	GSE128177	Skeletal muscle	NA	Healthy	Healthy	0	21383	73244	377	171660	27306173	21498	409	3850	1145	3868	3642	199	56	38	59	77	25	5	0	58	13	107	1	0	0	0	0	42	2	20	10	4	0	0	0	0	0	0	44009	31085	34646840	0	35.1751659603011	70.9099514400353	34646840	0	33.8776283782302	59.759827784436	11511	32193786	7682782	0	10206	19296825	0	0.599447	14456050	30701367	25218641	646122	2966805	1364310	20445	33204	40449	35610	93263	132335	34646840	12022482	34.7	0.1	NA	NA	34646840	10893229	31.4	0.5	163800	0.47	34483040	98	29673654	86.05	98.2	10283576	10274681	10119345	148437	7510	8284	0.54	0.01	1.29	0	1.2	2531643	7.34	5103	0.01	0	0	2261864	6.56	10776	0.03	0	0	FALSE	Healthy
SRX5508367	33.153	50.507	35.979	43.061	46.754	SRP188206	GSE128177	Skeletal muscle	NA	Healthy	Healthy	0	16863	45197	174	111641	19798621	18033	195	2639	444	2322	2263	121	30	14	36	70	11	5	0	26	5	5	0	0	0	1	0	25	4	21	1	0	0	3	0	0	0	0	27485	18505	24819865	0	35.163650930414	69.9043472533825	24819865	0	34.028695079526	60.405619104973	8694	22923775	4882963	0	7531	12808487	0	0.558801	11811132	24241002	20456251	535521	2090764	812585	15098	23953	28971	23955	57421	78700	24819865	8737444	35.2	0.2	NA	NA	24819865	7753807	31.2	0.5	390167	1.57	24429698	98	21312988	87.24	98.26	7807979	7801725	7707939	90678	3587	5775	0.54	0.01	1.28	0	1.17	1619481	6.63	3091	0.01	0	0	1487956	6.09	6182	0.03	0	0	FALSE	Healthy
SRX5508377	30.891	51.623	33.525	40.961	44.618	SRP188206	GSE128177	Skeletal muscle	NA	Neurodegenarative disease	Parkinson’s disease	0	21320	69823	361	183830	25402309	26149	370	3694	946	3294	3287	170	28	45	93	55	10	2	1	47	39	191	4	0	0	1	0	42	3	22	6	0	0	1	0	0	0	0	43154	36274	31814660	0	35.2184827686356	70.4307113622388	31814660	0	34.0542642291321	60.3297615423195	9322	29910690	7138210	0	8160	17280653	0	0.577788	14455753	30146823	24848635	655106	2851626	1298400	19563	32151	40533	33644	88299	123804	31814660	11042441	34.7	0.1	NA	NA	31814660	9848894	31	0.4	130436	0.41	31684224	98	27639779	87.24	98.25	10013816	10005389	9901504	99266	5193	7853	0.53	0.01	1.29	0	1.19	2280233	7.2	5131	0.02	0	0	1746832	5.51	12249	0.04	0	0	FALSE	Neurodegenerative
SRX5508366	35.108	47.632	38.017	44.542	48.415	SRP188206	GSE128177	Skeletal muscle	NA	Healthy	Healthy	0	23149	41977	405	164628	23436511	22377	332	3397	795	3556	3657	180	26	26	79	95	29	10	0	160	83	225	1	0	1	5	0	40	5	35	4	0	0	3	0	0	0	0	30203	21543	29243960	0	35.1702314597613	67.2260656346772	29243960	0	34.2808551235879	60.1596860460927	9385	27390184	5847081	0	8085	14435792	0	0.5271	15695046	30953641	25376398	673368	2975942	1432829	21093	34596	42492	34154	86389	121765	29243960	10152546	34.7	0.1	NA	NA	29243960	8914361	30.5	0.4	120157	0.41	29123803	98	25554663	87.74	98.32	9625604	9616871	9496935	107855	12585	8229	0.5	0.01	1.29	0	1.2	1844906	6.33	4248	0.01	0	0	1711633	5.88	8353	0.03	0	0	FALSE	Healthy
SRX5508369	34.124	49.158	37.004	43.469	47.481	SRP188206	GSE128177	Skeletal muscle	NA	Healthy	Healthy	0	26327	39548	371	188539	25495885	22744	299	4097	677	3562	3581	177	20	20	59	91	12	2	0	40	23	67	0	0	0	1	0	15	1	3	0	0	0	2	0	0	0	0	30037	20172	31342731	0	35.2369308532814	68.9886881459564	31342731	0	34.4206562280741	62.1938778026678	10049	29694335	6152558	0	8687	16106160	0	0.542453	16161888	32519271	26739733	704517	3160367	1406413	21806	36712	46056	37583	85672	119896	31342731	10932302	34.9	0.1	NA	NA	31342731	9454524	30.2	0.4	106980	0.34	31235751	98	27752663	88.85	98.3	10714654	10705456	10591124	108911	5954	8665	0.48	0.01	1.29	0	1.19	1951721	6.25	4447	0.01	0	0	1513765	4.85	13155	0.04	0	0	FALSE	Healthy
SRX5508381	35.909	47.35	38.718	45.117	48.792	SRP188206	GSE128177	Skeletal muscle	NA	Healthy	Healthy	0	27272	39505	497	206272	26812467	27476	365	4321	789	4424	4508	273	34	40	69	116	20	7	0	234	60	216	1	0	0	3	0	42	13	32	4	8	0	21	0	0	0	0	21715	30785	32929584	0	35.2382570335538	66.8657603678726	32929584	0	34.4575664545292	60.7860929378754	10313	31130561	6364238	0	8885	16243685	0	0.521849	18155126	35459571	28854253	757079	3680354	1602259	31056	52386	61967	42913	104491	139717	32929584	11526159	35	0.1	NA	NA	32929584	9941522	30.2	0.4	160479	0.49	32769105	98	29232939	89.21	98.28	11095600	11085357	10974640	106736	4463	9761	0.5	0.01	1.3	0	1.21	1907935	5.82	5033	0.02	0	0	1611636	4.92	11562	0.04	0	0	FALSE	Healthy
SRX5508380	37.332	45.257	40.368	46.829	50.738	SRP188206	GSE128177	Skeletal muscle	NA	Neurodegenarative disease	Parkinson’s disease	0	22470	39321	326	158740	22167351	17611	300	3181	724	3588	3845	202	28	22	63	65	24	3	0	33	9	60	0	0	1	0	0	19	0	85	8	0	0	2	0	0	0	0	20823	21750	27435828	0	35.2355147072653	66.1697999601042	27435828	0	34.2737232497594	57.876668703748	8558	25913212	5336067	0	7298	12932124	0	0.499114	16312401	30898121	25149106	655337	3166715	1426226	21794	37683	46717	35843	88931	123764	27435828	9524008	34.7	0.1	NA	NA	27435828	8330946	30.4	0.4	92379	0.34	27343449	98	24193622	88.48	98.26	9077716	9069776	8945180	112305	12592	7639	0.51	0.01	1.29	0	1.21	1728148	6.32	4047	0.01	0	0	1407858	5.15	9774	0.04	0	0	FALSE	Neurodegenerative
SRX5508383	32.268	50.845	35.035	41.453	45.221	SRP188206	GSE128177	Skeletal muscle	NA	Neurodegenarative disease	Parkinson’s disease	0	22747	47617	374	168614	26759525	21229	328	3687	835	3653	3538	208	28	66	48	92	9	11	0	26	10	22	0	0	0	1	0	31	0	10	0	0	0	11	0	0	0	0	28142	24808	32923547	0	35.2122051430242	69.3725348205845	32923547	0	34.2294041100736	60.8458705954681	8675	31176384	6806658	0	7589	17579311	0	0.56391	15788883	32542662	26798170	713303	3061242	1463944	20695	33653	41759	34692	93275	129456	32923547	11363948	34.5	0.1	NA	NA	32923547	9919418	30.1	0.4	115645	0.35	32807902	98	29124969	88.77	98.32	11169729	11160877	11024356	132121	4554	8698	0.5	0.01	1.27	0	1.19	2060090	6.28	5714	0.02	0	0	1606499	4.9	10630	0.03	0	0	FALSE	Neurodegenerative
SRX5508384	31.043	51.869	33.66	40.727	44.276	SRP188206	GSE128177	Skeletal muscle	NA	Healthy	Healthy	0	22882	62510	373	175836	25219585	20622	377	3252	980	3345	3475	194	36	51	43	58	23	6	0	69	8	78	1	0	0	6	0	12	1	40	1	0	0	0	0	0	0	0	46477	36623	32037157	0	35.1953498245803	70.1110256118885	32037157	0	34.1337111779301	62.0120047423034	11250	29620215	6747889	0	9898	17110205	0	0.57771	14319660	29840950	24567356	664108	2772590	1342382	19911	33025	41358	32981	87838	122240	32037157	11217411	35	0.1	NA	NA	32037157	10032575	31.3	0.5	286822	0.9	31750335	98	27448677	86.45	98.18	9782127	9773375	9624150	135364	14477	8136	0.5	0.01	1.3	0	1.2	2182788	6.87	6129	0.02	0	0	2102597	6.62	10144	0.03	0	0	FALSE	Healthy
SRX5508370	38.292	44.946	41.312	47.033	51.116	SRP188206	GSE128177	Skeletal muscle	NA	Healthy	Healthy	0	23358	103222	385	194015	23559969	24189	286	2819	700	3882	3432	293	32	41	69	167	15	2	5	44	85	638	4	0	0	9	0	307	33	84	4	1	0	5	0	0	0	0	21106	22557	29095860	0	35.2166980457013	65.5771181853893	29095860	0	34.2776217991151	57.368602610747	8579	27437192	5247199	0	7197	13508253	0	0.492388	17667912	33160173	26836700	750156	3503939	1587449	22956	41286	49780	36605	83789	112975	29095860	10069033	34.6	0.1	NA	NA	29095860	8795516	30.2	0.4	93333	0.32	29002527	98	25832407	89.07	98.3	9805612	9796778	9683075	109730	4699	8108	0.51	0.01	1.29	0	1.21	1613364	5.56	4593	0.02	0	0	1539792	5.31	12371	0.04	0	0	FALSE	Healthy
SRX5508382	31.706	50.887	34.407	41.363	45.023	SRP188206	GSE128177	Skeletal muscle	NA	Healthy	Healthy	0	29000	60497	499	215753	29922777	24708	469	4628	1273	4469	4773	304	62	46	94	81	24	8	3	39	10	76	0	0	0	5	0	21	1	78	5	1	0	0	0	0	0	0	39515	39325	37293641	0	35.2336758162068	69.8265574519124	37293641	0	34.2585238861499	61.8521854889643	12225	35234689	8025912	0	10776	19967954	0	0.566768	17674059	36409738	29686260	781880	3540101	1783811	25310	43093	53970	42700	111101	156142	37293641	12923331	34.7	0.1	NA	NA	37293641	11394127	30.6	0.4	135445	0.36	37158196	98	32724976	88.07	98.28	12075727	12065276	11938540	122310	4933	9944	0.5	0.01	1.28	0	1.2	2521938	6.79	5849	0.02	0	0	1892384	5.09	13049	0.04	0	0	FALSE	Healthy
SRX5508385	30.125	53.579	32.685	40.031	43.523	SRP188206	GSE128177	Skeletal muscle	NA	Healthy	Healthy	0	18201	57761	320	145936	23792429	24831	172	3101	638	2966	2848	116	38	19	63	46	16	3	0	71	13	44	0	0	0	1	0	38	5	12	0	0	0	1	0	0	0	0	35086	28922	29255226	0	35.2350110711843	70.9673616553637	29255226	0	34.4716243176518	65.3307321391151	8570	27731787	6119627	0	7582	16495493	0	0.594867	12648257	26907547	22471327	572514	2444381	1021186	18449	29424	34906	28140	69181	95578	29255226	10190848	34.8	0.1	NA	NA	29255226	8929524	30.5	0.4	114692	0.39	29140534	98	25687725	88.15	98.28	9564248	9556551	9450080	103514	3418	7236	0.51	0.01	1.28	0	1.19	2052632	7.04	4403	0.02	0	0	1384744	4.75	11030	0.04	0	0	FALSE	Healthy
