Adipose Subcutaneous	Adipose Visceral Omentum	Adrenal Gland	Artery Aorta	Artery Coronary	Artery Tibial	Bladder	Brain Amygdala	Brain Anterior cingulate cortex BA24	Brain Caudate basal ganglia	Brain Cerebellar Hemisphere	Brain Cerebellum	Brain Cortex	Brain Frontal Cortex BA9	Brain Hippocampus	Brain Hypothalamus	Brain Nucleus accumbens basal ganglia	Brain Putamen basal ganglia	Brain Spinal cord cervical c-1	Brain Substantia nigra	Breast Mammary Tissue	Cells Cultured fibroblasts	Cells EBV-transformed lymphocytes	Cervix Ectocervix	Cervix Endocervix	Colon Sigmoid	Colon Transverse	Esophagus Gastroesophageal Junction	Esophagus Mucosa	Esophagus Muscularis	Fallopian Tube	Heart Atrial Appendage	Heart Left Ventricle	Kidney Cortex	Kidney Medulla	Liver	Lung	Minor Salivary Gland	Muscle Skeletal	Nerve Tibial	Ovary	Pancreas	Pituitary	Prostate	Skin Not Sun Exposed Suprapubic	Skin Sun Exposed Lower leg	Small Intestine Terminal Ileum	Spleen	Stomach	Testis	Thyroid	Uterus	Vagina	Whole Blood
ABC transporters	0.00642368380047897	0.0117000982448546	0.306063670993976	0.00290911603172827	0.00615939017468442	0.00238177913402168	0.00872832997633843	0.0150533780089895	0.0150484339488155	0.0209521030068265	0.0107262231139375	0.0109377470529422	0.0167618543453134	0.017297164429651	0.0210981845901446	0.0219594038484484	0.0138711933869264	0.0214796762916074	0.0310392946726246	0.0265802978003635	0.0190186650920125	0.00015496929820208	0.00284175337402571	0.0110787072238553	0.0220018667676702	0.00717842390505698	0.0199653005480313	0.00799949585819802	0.0050562204852641	0.00684062271196392	0.0265765803194876	0.0010174770664001	0.0032107793694526	0.016187634540275	0.0205692349274215	0.0176601848831987	0.00766517275493379	0.00356349234051185	0.00049448723169668	0.0247329852245197	0.00893157199954133	0.00178048561900967	0.0037565093907123	0.0152347765868637	0.00275128805738179	0.00254368147775857	0.0714120371398697	0.0102719182286393	0.00454149886663223	0.00494630257488899	0.0120934187491546	0.035846503030085	0.0113245680502666	0.00358036345434566
AGE-RAGE signaling pathway in diabetic complications	0.0255126727977299	0.024926281490469	0.0161129065502102	0.0323268355592057	0.0273942176143463	0.0229180338679589	0.0229915567525337	0.00490923261952251	0.00417946358781537	0.00513461537800644	0.00650973627515654	0.00601162935625467	0.00436266902203051	0.00512742938934096	0.00470604812279995	0.00699333442073668	0.00440730775672326	0.00431792188088156	0.0125985426803177	0.00738270667626558	0.0169278484181035	0.0395870838669259	0.105262365103603	0.0212614795146876	0.0226473182236238	0.0168555807276154	0.0161175822115301	0.015344162716568	0.0157640786367025	0.0151340502625916	0.0198952339824875	0.0087663258630096	0.00450392491994799	0.0113772377062396	0.0131672465150899	0.00596864527855106	0.0454132112801496	0.013772551095864	0.00559774571519521	0.0205588063916392	0.014916853502913	0.00488591639411157	0.0109998369189351	0.0171846503518998	0.0134677929296342	0.0149471988793902	0.027988286016954	0.057716954309405	0.0111992324007702	0.00737373190024959	0.0165720028828835	0.0208069501831046	0.0198801683616717	0.0793148047396472
AMPK signaling pathway	0.220540776049522	0.2195546820507	0.00373571813779642	0.00426522698716754	0.0298425249216452	0.00712971720739608	0.00550899718048215	0.000442272702497051	0.000117571757702739	0.000547196655779273	9.87631601688732e-05	0.000112342612658903	0.000121385922951208	0.000118423163889454	0.000892288242353776	0.00128818751449768	0.000162593393813946	8.03285658440976e-05	0.000329772305760199	0.000205437532151554	0.172424701037361	0.000607923157441059	5.94807282835293e-05	0.00252563690415178	0.00087371609233322	0.00955968670579543	0.00931702460599197	0.0117920801618711	0.00149869401440099	0.0114777434965566	0.00417862327459823	0.02791817477403	0.0519884816664556	0.000969751731826107	0.00302239319501965	0.00175943291606249	0.0190555087613046	0.00407849704830301	0.0199958988955674	0.0147244105376873	0.0014714120162544	0.00254137444846147	0.000681307576089142	0.00134868187353807	0.00694965280577943	0.0105620441460382	0.00922473056087391	0.0514351128778511	0.0072165419170759	0.00131881463757409	0.0294178901901201	0.00166964374450538	0.00467937610664354	0.00856135132937647
Acute myeloid leukemia	0.0258778652641352	0.0250094223762411	0.0170496975649078	0.0227241918606932	0.0234320404706493	0.0194389747946825	0.0231879755254761	0.00504779953888032	0.00475886839134613	0.00538587525408185	0.0135245391694879	0.014577133285753	0.00608968220916447	0.0061116457410976	0.00536462828199967	0.0060575979864791	0.00498401105300166	0.0045823172217028	0.0112540255045694	0.00704236511237465	0.0216076411098176	0.0188868259326918	0.0387077183752805	0.0219033098982918	0.0233270603743697	0.0181061312340802	0.016322543824271	0.0186752501759415	0.0168103367226768	0.0185584698745537	0.0258210554608335	0.00825437087848482	0.00498755014370556	0.0097403988992443	0.0120821401148649	0.0100639944493871	0.0395122712531924	0.0167756008921721	0.00842128639131465	0.0257473959626157	0.0189825292422524	0.00622710020763	0.0127082642530182	0.0209159314527368	0.0188433594403052	0.0200033376150102	0.0223424760105258	0.0530028802929705	0.0138759202756426	0.0127292834779516	0.0230389396163678	0.0244677733070523	0.0213555403851231	0.105694655848901
Adherens junction	0.0123912572420973	0.0133290247623355	0.010227523857173	0.00849826975062229	0.0131414482360572	0.00449762822128887	0.0110701703766682	0.00301210698932547	0.00207907308535185	0.00252390884385383	0.00249207471194689	0.00243453917512653	0.00215317491112638	0.00217328654691256	0.00289446099399014	0.00375825414309827	0.00226392572787582	0.00199671887429405	0.00908208448954777	0.00477401539747362	0.00878069483912998	0.000241203298289511	0.174742974897828	0.00758613499249416	0.00638713201801382	0.00570585309674088	0.0121358746906883	0.00479011988250392	0.0079146095786668	0.00492037636760254	0.0101986669908991	0.00264688077874296	0.0016769245264567	0.00746639102753103	0.00744320885380405	0.00595160481648524	0.0407631896948262	0.010145521274415	0.000960842939190229	0.00937019719708271	0.00319313499187815	0.00365920703768502	0.00967068200945418	0.0118483927526315	0.00793814970081564	0.00758370003215753	0.0468542258735808	0.146735533945512	0.00782669739587318	0.00360585413279534	0.0130816264613318	0.00474554819472788	0.00780916584499555	0.280826733529005
Adipocytokine signaling pathway	0.0559982684303063	0.0711131303441388	0.0162228408626093	0.0225005848770665	0.0263262641447245	0.0206841043455111	0.0222842158035229	0.00362264072593296	0.00357923558175891	0.00412468176191384	0.00805963847586039	0.00898736356764022	0.00479054749486336	0.00456682418933451	0.00391266918639679	0.00433734854054977	0.0036319103361163	0.00360979359001157	0.00658867084507536	0.00481896999309447	0.0483326077810313	0.0186804434233779	0.0253381134304357	0.019895729583413	0.0204701761775918	0.0218837820235509	0.0180769075891392	0.0212911411698245	0.0161520431404298	0.0207935575478341	0.0329775794577097	0.0125642823091899	0.0120540351371287	0.010179951899133	0.0124397961845025	0.0108238967684892	0.0426923660758879	0.0150739160568161	0.0105894500298353	0.0286504987023362	0.0220219871972876	0.00572578255322146	0.0137952961560348	0.0193184888635347	0.0219197642496282	0.0215352523073258	0.0207892644463844	0.0337995004158115	0.0172893367704031	0.00888981304816275	0.0265883770944082	0.0227571402570084	0.0219102156172984	0.0249398034394063
Adrenergic signaling in cardiomyocytes	0.0313870785301026	0.0265667658704739	0.0123526763659036	0.0348388421885645	0.0296402975639326	0.0319252819072128	0.0218401852452136	0.0108893939258461	0.00987754082434225	0.00924141067179238	0.00681428236358808	0.00768542730736201	0.0105881937962148	0.0104864718600027	0.00965683393273009	0.0125478416200074	0.0096885755670993	0.00825772769267995	0.0247992305792417	0.0129202457882938	0.0244791972160568	0.0307150502080709	0.0270953262418666	0.0221094781959762	0.0271521764824852	0.0230917743301412	0.0147374396554806	0.0228369605948161	0.0102076926680316	0.0222795149722769	0.0269425662808495	0.00928396446402594	0.00692345577261345	0.0090839686585122	0.0120510932499714	0.0067190314946386	0.0387788724017866	0.00969396118571215	0.00409090700369427	0.031915822575774	0.0220221902214821	0.0029028557613079	0.0186893418594158	0.017599904722883	0.0106294250468556	0.0120149525776535	0.0161442427679627	0.032110698425011	0.0101914635803261	0.0125446293943334	0.0206060205901347	0.0273122250949164	0.0204930331944087	0.0645464595099252
African trypanosomiasis	0.0154301903380279	0.0416599245433907	0.0175901102200887	0.0204529522821761	0.0226528599675068	0.0100205271413863	0.0168976990195389	0.00336305478171322	0.00221933524796841	0.00433517513002179	0.00109104807054308	0.0011017925774424	0.00224984744579842	0.00237125804814652	0.00308329797888471	0.00389292043559073	0.00281844954473594	0.0030441577051976	0.0106921508231542	0.00509771739524827	0.0126686717780213	0.0140010531432854	0.0647205085908498	0.038898513352226	0.0152802132505714	0.0113394219652685	0.0211980846958258	0.0115712769378007	0.0358646426168515	0.0104818120519173	0.0237132650446829	0.00785608504243745	0.00277992141785614	0.0123342102419456	0.00823649277492229	0.00896955885803382	0.0511992795431191	0.0115124573143733	0.00207917291241698	0.0184828050191159	0.0191002104985016	0.00315060620121457	0.0146963713397266	0.0151297229219173	0.0379297138874431	0.0372481920917071	0.0272925111987515	0.118088457040201	0.0113465473634446	0.0132563847289189	0.0155999019916095	0.0151317125770198	0.0409902189592524	0.0577875339522098
Alcoholic liver disease	0.0220228246185054	0.0342947516033842	0.0500128414980511	0.0238593155324097	0.0266898808067579	0.0161778436079427	0.0223863245646837	0.00536889640940892	0.0039136832020164	0.00539844826693217	0.0049483761344762	0.00550219891408964	0.00440068040503872	0.00442705652117966	0.00449933403395623	0.00553649739048326	0.00460444220549193	0.00416062134420913	0.0102370550962396	0.00706670907214557	0.0206506182136344	0.0135821990893717	0.0191242578257474	0.0166367929074465	0.0189163460129295	0.0198023941578992	0.0188691388042193	0.0172756083838814	0.0118048443849139	0.0193498824720213	0.0286973572837666	0.00929444696972792	0.00456950885458741	0.0156895475146969	0.0096281221770695	0.0633312318256498	0.0475049507472612	0.0155501682351143	0.00411275482860694	0.0278289106510892	0.0318783619479293	0.00633461014437606	0.0151972966543691	0.017134364501922	0.0124014661999489	0.0123347164239045	0.0293386266955988	0.0919786309892561	0.0126625217434148	0.00719054019186928	0.0297961663900958	0.0205624915477622	0.0160614637469066	0.02940188025561
Alcoholism	0.0313870785301026	0.0265667658704739	0.0123526763659036	0.0348388421885645	0.0296402975639326	0.0319252819072128	0.0218401852452136	0.0108893939258461	0.00987754082434225	0.00924141067179238	0.00681428236358808	0.00768542730736201	0.0105881937962148	0.0104864718600027	0.00965683393273009	0.0125478416200074	0.0096885755670993	0.00825772769267995	0.0247992305792417	0.0129202457882938	0.0244791972160568	0.0307150502080709	0.0270953262418666	0.0221094781959762	0.0271521764824852	0.0230917743301412	0.0147374396554806	0.0228369605948161	0.0102076926680316	0.0222795149722769	0.0269425662808495	0.00928396446402594	0.00692345577261345	0.0090839686585122	0.0120510932499714	0.0067190314946386	0.0387788724017866	0.00969396118571215	0.00409090700369427	0.031915822575774	0.0220221902214821	0.0029028557613079	0.0186893418594158	0.017599904722883	0.0106294250468556	0.0120149525776535	0.0161442427679627	0.032110698425011	0.0101914635803261	0.0125446293943334	0.0206060205901347	0.0273122250949164	0.0204930331944087	0.0645464595099252
Allograft rejection	0.0177896453146473	0.0451151709427476	0.0215251468495816	0.0247895725237508	0.0271786173227192	0.0119414435021739	0.0163578130051943	0.00333360283489907	0.00236173766979732	0.00477120481551839	0.00110919191855199	0.0011860497826486	0.00245314727103151	0.0026322608873679	0.00290036637731097	0.0036788577797156	0.00295238449353713	0.00339381199684192	0.00917622854163442	0.00459691774977895	0.0152531592176476	0.0175981060231731	0.086022467627081	0.0229384725335847	0.0185674030997123	0.0130935670863033	0.0183794579060451	0.0128378751755148	0.0116866357854816	0.0119363377705614	0.029598674663047	0.00959267555092474	0.00343780208688582	0.00888787486048589	0.00631746578786696	0.0112135238097439	0.058781173258933	0.0098449446688951	0.00148748261136959	0.0147313628569243	0.0247819466766358	0.00255666327240334	0.0172697407100848	0.0161440616244266	0.0096835869858991	0.00714919474049712	0.0285545324287055	0.142311801072926	0.0128816605025174	0.0164183005524696	0.0187994230115758	0.0191625911186505	0.0188336187855636	0.0740032445580154
Alzheimer disease	0.0274698216246472	0.0259072643381593	0.0316380298892776	0.0255442997685962	0.0259763035781773	0.0204072834279118	0.021394419715521	0.00903126424547409	0.00700726024606283	0.0112721231353948	0.0109544431003181	0.0124626540660388	0.00720556409096626	0.00723024048606213	0.00683003265379397	0.00877346427241877	0.0109649215131827	0.00967817405665413	0.010376601203075	0.0123154483754289	0.0226162568127829	0.0304097386796518	0.03846406545597	0.022950564748658	0.0240479380658966	0.0165436571918249	0.0170228006395464	0.0167618875512328	0.0156947755264615	0.0162306138404785	0.0252378794269549	0.00825756857286773	0.00430743620191917	0.0118585148988803	0.0108833480225474	0.0224871943822238	0.0400238294281938	0.0146597273364461	0.00571528346996234	0.0243321710397188	0.027537665598173	0.00490259614877281	0.0113161574099002	0.0185794748625315	0.0179995556143263	0.0179161424309695	0.0278961518156328	0.0454196984720363	0.011899456233432	0.00955002594566648	0.0213185615669892	0.0251672939600783	0.0223228678121854	0.0472294870499277
Amoebiasis	0.0264988949961555	0.0398751608068723	0.014612236223674	0.0333381699642245	0.0307441865482676	0.0175077439228685	0.0184264889460273	0.00385966738473307	0.0027448165348438	0.00393099992814458	0.00402970053144575	0.00400348133480146	0.00278789906075449	0.00289507421755294	0.00375723932193518	0.00500441037682429	0.0031505780244276	0.00307780904964861	0.0119953921786074	0.00659940377816386	0.0160814503199337	0.0145002655247304	0.0759782352810026	0.0164042126194084	0.0177219643656368	0.0157386435570727	0.0143939434598324	0.0148703054480314	0.0120015207184612	0.0138860849291568	0.022290831186201	0.00947643537627844	0.00389884684523736	0.0078700286851818	0.00820029097840641	0.0051408905329865	0.0477262762778947	0.0112989611258439	0.00348542213546921	0.0180457536670874	0.0120452994928317	0.00363782821841346	0.0128590197891542	0.0129545636177154	0.0105286002962329	0.0112426805656262	0.0213474719834571	0.0835038298058967	0.010488588437777	0.0120711097275433	0.0129641531371954	0.0161819788841577	0.0159324266767375	0.176392733203436
Amyotrophic lateral sclerosis	0.0246708894430115	0.0294916430761404	0.0161979745661631	0.0217019159666995	0.0255058723913242	0.0170951865758483	0.0243492032272801	0.00324612950463402	0.00245104264744084	0.00319475899608026	0.00158011221532879	0.00209986935093345	0.00280330161043227	0.00253776659946585	0.00296752777130141	0.00358246722518165	0.00258546913263006	0.00265963436071327	0.00753648390467461	0.00489481139184432	0.0246262202225829	0.0252034436867371	0.0206327815733264	0.024974738179074	0.021440784669242	0.0208944773972301	0.027028804008378	0.0187435766292961	0.0227780679236644	0.0180148153639238	0.0239319736748724	0.00825609322721904	0.00498441437251772	0.0121898583799939	0.0122085718812379	0.0113769311463509	0.0555346180793949	0.0165780773745947	0.00585109423746047	0.0275246775391578	0.0196461455234536	0.00424385602607655	0.0111589418327894	0.0214199465543385	0.0249095561789787	0.0220462598753501	0.0466053410703835	0.0702858311855098	0.0133460086937165	0.00462765135869737	0.0211843595969336	0.024168418220457	0.0289982891352748	0.083433315224658
Antifolate resistance	0.0250868838575177	0.0222469545676072	0.0182338643250051	0.0240165189224134	0.0224877323403092	0.0226981523082503	0.0263775218317237	0.00486299626321232	0.00519323698675707	0.00555989390065713	0.0160954980645893	0.0176071910994122	0.00713272247875739	0.00699749998448442	0.00529278999937148	0.00571471273455938	0.0053154587965436	0.00499419404750839	0.00908547692598907	0.00615522892623743	0.0246453942982458	0.0251218278905401	0.0468718041891858	0.026901301126314	0.0281849632494627	0.0200977726338993	0.0184410179108995	0.0206458356126011	0.0210109644683103	0.0205728777106114	0.0288990157720208	0.00850454784151477	0.00537446189328504	0.0110934790085162	0.0150057518576078	0.011901366451823	0.0311523366927444	0.019192206844056	0.0104173320078565	0.0278776027103426	0.0234613232518985	0.0072602320553576	0.0150912170128238	0.0252593484224335	0.0235712864723852	0.0251179506081477	0.0240836046165606	0.0349348497901993	0.0159659792347827	0.0152867227615872	0.0278882971457729	0.0296899770113206	0.0259370728649758	0.023385750221012
Apelin signaling pathway	0.0313870785301026	0.0265667658704739	0.0123526763659036	0.0348388421885645	0.0296402975639326	0.0319252819072128	0.0218401852452136	0.0108893939258461	0.00987754082434225	0.00924141067179238	0.00681428236358808	0.00768542730736201	0.0105881937962148	0.0104864718600027	0.00965683393273009	0.0125478416200074	0.0096885755670993	0.00825772769267995	0.0247992305792417	0.0129202457882938	0.0244791972160568	0.0307150502080709	0.0270953262418666	0.0221094781959762	0.0271521764824852	0.0230917743301412	0.0147374396554806	0.0228369605948161	0.0102076926680316	0.0222795149722769	0.0269425662808495	0.00928396446402594	0.00692345577261345	0.0090839686585122	0.0120510932499714	0.0067190314946386	0.0387788724017866	0.00969396118571215	0.00409090700369427	0.031915822575774	0.0220221902214821	0.0029028557613079	0.0186893418594158	0.017599904722883	0.0106294250468556	0.0120149525776535	0.0161442427679627	0.032110698425011	0.0101914635803261	0.0125446293943334	0.0206060205901347	0.0273122250949164	0.0204930331944087	0.0645464595099252
Apoptosis	0.0262893015933604	0.0269227564522979	0.0184967844187747	0.0297334210327432	0.0265199310241676	0.0264031224734678	0.0230421498810192	0.00426280835392158	0.00403797376275022	0.00536677961167832	0.00678966832938905	0.00754093790996298	0.00495135562939398	0.00506317076131909	0.00425371270055435	0.00473183892826088	0.00432266030072395	0.00448591584072832	0.00722849020452945	0.00526871661216956	0.0236673025726176	0.0256354409459652	0.0348170651030419	0.0257177879301494	0.0256456446785067	0.0162696008088925	0.0181015101372076	0.0171471414475349	0.0187236496611755	0.0169235659074909	0.0271380810250749	0.00822613626867436	0.00502858606729229	0.0136384927105849	0.0137293581482526	0.0127369775950251	0.0461412766237599	0.0159449673216414	0.0108109478211256	0.026036247328032	0.025728350000754	0.00542828177383034	0.0124147129818419	0.0207731849235842	0.021260396425586	0.0211313447910115	0.0286420209589146	0.0650815154683635	0.0149093654952438	0.00957263635295307	0.025344161731578	0.0268712950728358	0.0249580322448923	0.0500934258553531
Apoptosis - multiple species	0.0290361756510143	0.029490563397175	0.0216356792997345	0.0242112931614614	0.0262950589239423	0.0197908174131284	0.0257964365214748	0.00263538316740836	0.00225074374432667	0.00282759251460401	0.00164497319166634	0.00212440174658432	0.00270029331594931	0.00237463382328225	0.00250345155550569	0.00290128863076119	0.00239889798206602	0.00209708171625476	0.00426560803731383	0.00333094728028493	0.0257722750411099	0.0338462239025982	0.0151072234792293	0.0242943298886362	0.0245353079264197	0.0194900657669242	0.0223014426335534	0.0192401503402199	0.0230552269137446	0.0187682220061282	0.0269113346393933	0.0075834800096286	0.00433634154803108	0.0137260907694615	0.0135584856575383	0.013473448178098	0.0440756962052208	0.0177806093388866	0.00602219546121451	0.0242209408349909	0.0197607287158856	0.00637202613110033	0.0120151658690568	0.0206258232926264	0.0213994335335248	0.0217615756930034	0.0453417804269219	0.0621317106543352	0.0158266720629057	0.00755869352678768	0.026051756029964	0.0260165952439364	0.0261025230595924	0.0806251041453936
Arachidonic acid metabolism	0.0105377357651972	0.205573819507026	0.0115893489012936	0.0101406482998168	0.0166490486321696	0.00891280171610481	0.0447880972830232	0.00259365179381474	0.00235533353031082	0.00506932859882869	0.0103111260795733	0.0108150217035619	0.00352001434406359	0.00333611448162149	0.00334693602926994	0.00464402532940847	0.00522666218184729	0.00362530892533426	0.00812300224689839	0.00398090080266818	0.0140369487389749	0.00431396768402503	0.0235622759876739	0.0146503457297845	0.0152070108855073	0.0274143068935824	0.0166177506188781	0.0085452165434068	0.0144245158483222	0.00707200491141542	0.0273260772575755	0.0146933784581978	0.00232069085851879	0.00826215642694665	0.015161147873404	0.00157148169796143	0.0726273662806118	0.0131277904907271	0.000945686790678413	0.0108355686333948	0.00816769212247744	0.00505598883574367	0.0211460321753432	0.0155521222590865	0.014146441346252	0.013685016023218	0.023731602817111	0.0415961628155549	0.00894184339761044	0.0171012357284633	0.00721873538656785	0.0148661260698502	0.0180017639776142	0.102934622283688
Asthma	0.027355123805851	0.0908157257051994	0.021680821766382	0.0395535185499154	0.0343915783875126	0.00597148222818556	0.0151733043920707	0.00338279573538821	0.00198973710369286	0.00320181389004541	0.0011938139198198	0.000936343395262057	0.00163242405940728	0.00189041931555427	0.00298171479532082	0.00524605679142664	0.00200309969383108	0.00237799638148891	0.0135974766904448	0.00646295685785332	0.017568428722008	0.000168000449489463	0.159899563309099	0.007694533975159	0.00574920229061499	0.0195227676087619	0.0187016923731871	0.018693104325714	0.00660992169487233	0.0156184994908001	0.0334198735267924	0.0155307528769092	0.00358335265330524	0.00486760382497267	0.00283361533481177	0.00573494629393885	0.0400774849202886	0.00707716171390046	0.00114595166074923	0.0136575956327124	0.0123184116085764	0.00193669851112922	0.0329716629709935	0.00749545531040033	0.00516059999173835	0.00381840918110589	0.0231920542469266	0.117483019304795	0.0138927891245043	0.0367765472567717	0.0094956662428722	0.00627717610216007	0.0101947222660985	0.0389945317391893
Autoimmune thyroid disease	0.0165406625995313	0.0393920276471053	0.0169215547073803	0.0222377240669804	0.0264611720533379	0.0110818057663237	0.0174497905638324	0.00297796175722443	0.00228833847003927	0.00420538148819621	0.00140250988516835	0.00173677333318928	0.00271667701352734	0.0027429809149219	0.00276031629391689	0.00384925161605492	0.00252529110553016	0.00281581916800042	0.00865635599021928	0.00427845386907546	0.0165910116242622	0.0133681874334861	0.0651054662235107	0.0234241422931764	0.0172188717521653	0.0124855756118962	0.0222191996196416	0.0106644902753225	0.0156405010335713	0.0098895873276683	0.0263722933325714	0.00803967887100034	0.00358213812131359	0.0106282098976317	0.00643095504614051	0.00932776968735293	0.0672766679682377	0.0104927618277746	0.00149662062704962	0.014560946150993	0.0198306877139141	0.00227931742942267	0.0154850982049715	0.0180836067812903	0.0111385786791145	0.00768674900256383	0.0666985493072296	0.135779433766499	0.0130693259845479	0.0229954499512547	0.024778699871566	0.0160918156110604	0.0204070562672153	0.0678197083950283
Autophagy - animal	0.032817972544866	0.0337090035421668	0.0129724688041294	0.025094422896417	0.0299092801428696	0.0295451008956373	0.0190624277020513	0.00727736130587993	0.00886836917186775	0.00696512266521308	0.032530979876023	0.0241718327475843	0.00784510102348125	0.0107272125914314	0.00664314104275075	0.00917082995604558	0.00744987372179225	0.00627578694669799	0.00659517961227321	0.007092333507182	0.0281595141358316	0.0171891644493126	0.0414876706757469	0.0365292247549633	0.0383382939249041	0.0190065303518234	0.0153696948747785	0.0184759517039256	0.0130336110783748	0.017050845673964	0.0300468489520741	0.00877066792093793	0.00564156370419735	0.00939448808448621	0.00978521935032673	0.00825925382869054	0.0234630966616132	0.00978693609519323	0.00719121660593226	0.0341808342190076	0.0233711860762483	0.00709234705592281	0.0131141442060482	0.0204007945775845	0.0145983766123135	0.0152860250930822	0.0159078019143462	0.0261417591996963	0.012372649048138	0.014706386589342	0.0225764758473878	0.032166801105131	0.0291067407387112	0.0372740841936042
Axon guidance	0.0286181885969438	0.0274696480919664	0.0103280979714881	0.0283929483478083	0.0264812590978992	0.0276595352188888	0.024332048901683	0.00658383599531908	0.00546784365671722	0.00834098733824185	0.00723345820080663	0.00769146816362845	0.0062469313572299	0.00612846222515471	0.00656651839618037	0.00771751637851674	0.00678581879728381	0.0070045829232906	0.0150205132620197	0.008457152421032	0.02909657792848	0.020208676094134	0.0340741297643568	0.020483112165728	0.0275456455826271	0.0258694917641396	0.019154427113611	0.0226454942810202	0.0106362832407348	0.0228772691261881	0.0260954835429791	0.0105214039561612	0.00548033481011359	0.0084115770315213	0.0115281182823231	0.00750691000013072	0.031181448615221	0.0165617744437949	0.0162076235359552	0.0338549711202461	0.0222852367541665	0.0050312262540979	0.0149470017105494	0.0193383148848382	0.0196239662761727	0.0203004516032508	0.0296581513168964	0.0392171546992245	0.016004182497334	0.0307304048135961	0.0265694656216951	0.0268737801809087	0.0202479330645739	0.0367051625811313
B cell receptor signaling pathway	0.0225507782501684	0.0225608214384082	0.0128643027359032	0.0186887747986392	0.019849709111998	0.017425569059502	0.0204113718580365	0.00425561027659875	0.00384477322172136	0.00504727860345011	0.00897816394069311	0.00936911552270279	0.00488447980465088	0.00472278027212813	0.004615046030059	0.00548111783296186	0.00414889923125832	0.00427655854958396	0.0105091980321825	0.00635126207133249	0.0214929773107456	0.0120616437337703	0.109206830800408	0.0183339569107246	0.019830127813886	0.0162417198408266	0.0164446773218735	0.0158788511664306	0.0138984547775079	0.0159266191147471	0.0213473993111959	0.00736853094162662	0.00400829604417643	0.00885879348265139	0.0111271207846044	0.00828532785550328	0.0401874027650189	0.0192643865216369	0.00905878701201905	0.025844891610111	0.0169310873023427	0.00554682931629146	0.0124424973243402	0.018777834113154	0.0191032939104264	0.019317745865529	0.0384670008381104	0.0765150923581768	0.0135246862895892	0.0149856976870043	0.0226290670158115	0.0197141169274059	0.0187640809929013	0.0777785642974736
Bacterial invasion of epithelial cells	0.0241520051059765	0.0210262033810318	0.00959022907322877	0.0270010236022514	0.0278048113917327	0.0472387245670198	0.0206103570298847	0.00970047705096211	0.0109667806620381	0.0106105021559389	0.0226698380098927	0.0211050052932224	0.0102630744443606	0.0125165597567131	0.00868845226893557	0.012778747965413	0.0112138949837871	0.00824450384191149	0.0132625613092939	0.00977808271423365	0.0193971668703166	0.0259243333605519	0.0571299811231274	0.0172295614618552	0.023125118353745	0.0199178161793482	0.0159258857640803	0.0234652249679752	0.0141198486290393	0.0229520133492552	0.0265056307165244	0.00735633939717295	0.00429471762332735	0.00744515074189264	0.0103299804496088	0.0032231495326415	0.0295176067766758	0.0108838587589789	0.00431396585034021	0.0267873451474253	0.0146250139513168	0.00355786652427818	0.00980254235742347	0.0137484867629445	0.0132620117294826	0.0141677982747429	0.0208562295677165	0.0292356896426991	0.0135553315899753	0.0535286780435347	0.0167255491379773	0.0284834421880621	0.0190754995257341	0.0403093310424021
Basal cell carcinoma	0.0382555768175845	0.039682769915381	0.00875999696588483	0.0737649153941846	0.0437175679851308	0.0648170982973	0.0223171140410079	0.00553155706085338	0.00521254085931196	0.0068352252802138	0.00193297314113547	0.00243381054026816	0.00544024039311667	0.00613914082442164	0.00515727763490139	0.00656252259839697	0.00553229674616942	0.00601558510652704	0.00675112968801719	0.00722079644455896	0.028339462722934	0.043361831808694	0.0222690374132379	0.0199901106037113	0.0197733343369761	0.0127561901614951	0.0130091846553276	0.014104844614516	0.0185927984244994	0.013624680974186	0.0282108668768426	0.0100925787352818	0.00859056695293322	0.0200089664752383	0.0181046790315536	0.012187755675398	0.0328535750741401	0.0115928625067402	0.0299731015360721	0.0261590247503675	0.0295557746469785	0.00457748453945002	0.0132167366497711	0.0131632264354621	0.0252544956364309	0.0249579625998439	0.0143480438694491	0.00829451830847393	0.0148007711312861	0.00836060037072826	0.0200867115605896	0.0225269588741031	0.0233755974897107	0.0118055288232119
Bile secretion	0.00642368380047897	0.0117000982448546	0.306063670993976	0.00290911603172827	0.00615939017468442	0.00238177913402168	0.00872832997633843	0.0150533780089895	0.0150484339488155	0.0209521030068265	0.0107262231139375	0.0109377470529422	0.0167618543453134	0.017297164429651	0.0210981845901446	0.0219594038484484	0.0138711933869264	0.0214796762916074	0.0310392946726246	0.0265802978003635	0.0190186650920125	0.00015496929820208	0.00284175337402571	0.0110787072238553	0.0220018667676702	0.00717842390505698	0.0199653005480313	0.00799949585819802	0.0050562204852641	0.00684062271196392	0.0265765803194876	0.0010174770664001	0.0032107793694526	0.016187634540275	0.0205692349274215	0.0176601848831987	0.00766517275493379	0.00356349234051185	0.00049448723169668	0.0247329852245197	0.00893157199954133	0.00178048561900967	0.0037565093907123	0.0152347765868637	0.00275128805738179	0.00254368147775857	0.0714120371398697	0.0102719182286393	0.00454149886663223	0.00494630257488899	0.0120934187491546	0.035846503030085	0.0113245680502666	0.00358036345434566
Bladder cancer	0.0293023545285557	0.0464209905241787	0.0124283404804105	0.0595869605689944	0.0385014755087047	0.0588880022084622	0.0244615282423842	0.00320036248104969	0.00301287099282448	0.00332330860955156	0.00174305167553696	0.00229083250813523	0.00383529122974316	0.00322799850931771	0.00317326224511858	0.00396332880718394	0.00336162213752474	0.00292661804370115	0.00620399699708802	0.00511468496150322	0.0242704912392398	0.061759449324975	0.0313835187293501	0.0223366576346113	0.0124170232738007	0.0177053701973347	0.0164275245999371	0.0171802022812998	0.0254663826497777	0.0167053272119214	0.0367723335678571	0.0117588132624141	0.0090045188512569	0.00983012207230587	0.0133113340854659	0.0112013176235092	0.034183165512715	0.011741036282653	0.0185881030911717	0.0252356038185203	0.03693606310873	0.00692570320568069	0.0186518460897776	0.0158636893176367	0.0337772738220887	0.0288959446068563	0.0184208044227622	0.00599817913581829	0.0155284008029325	0.0104363231542136	0.0166642010588733	0.016880323373166	0.0269457776629299	0.00583029366844867
Breast cancer	0.0364430420600116	0.0376915144576429	0.0101641542452997	0.0575414178949288	0.0391148053710437	0.0530597658300791	0.021232218594689	0.00611349180919556	0.00643115029683055	0.0068785244085469	0.0121323087194313	0.00967981794270688	0.0062418606032382	0.00766849808009156	0.00565256543751784	0.00743195838427984	0.00617148907137703	0.00610231905325069	0.00669914632943586	0.0071779754654333	0.0282794798605666	0.0346376093555668	0.0286752485007409	0.0255031486541287	0.0259616541996188	0.0148396368916045	0.0137960213951446	0.0155618803109858	0.0167397359757912	0.014766735874112	0.0288228609019198	0.00965194179716717	0.00760756587002126	0.0164708070116543	0.015331525804478	0.0108782550598289	0.0297234156032978	0.0109908870362245	0.0223791398926921	0.0288329612399142	0.0274942451234018	0.00541577204494095	0.0131825391685301	0.0155757491495029	0.0217024559617251	0.0217339834309233	0.0148679632177481	0.0142435986055481	0.0139913971035701	0.0104758624435995	0.0209166329895224	0.0257402396177791	0.0252859785727109	0.0202950472800093
C-type lectin receptor signaling pathway	0.0238179467959653	0.0307343454355092	0.0153676042102579	0.0226709546430139	0.0225972638030331	0.018606364312766	0.021584581823574	0.00490311939531284	0.00462697183327937	0.0057391744345136	0.00825791249152757	0.00821537859583803	0.00576189899968546	0.00613107776205289	0.00509571321117602	0.00655109189571889	0.0053922333553208	0.00498315061938499	0.01041484932432	0.00676665354420173	0.0224934251019904	0.0227570888430021	0.0561738980930221	0.0204346661379502	0.020184236113354	0.0187668103396444	0.0202424100530504	0.0171209288439561	0.0189281377705823	0.0167750101960124	0.024787265644614	0.00894705204014353	0.0047903895649012	0.0106676619662599	0.0119660306143263	0.0102951175811396	0.043804277759435	0.0175648532013698	0.00940368061879627	0.0249097264859153	0.019008579367633	0.00609061091532296	0.0148413968551988	0.0205797358748929	0.0239950951386382	0.0236593592323548	0.0325212699605589	0.0559767752421783	0.0145343229773032	0.0159118979000793	0.0219860248971856	0.0211197444835456	0.0217880268321894	0.0687562068670021
Cadherin signaling	0.0263271879483778	0.0264623362116761	0.0188033572339454	0.0241050334327635	0.0225028318318555	0.0243618561926199	0.0254284103557698	0.00465343611012785	0.00483314743615002	0.00529672224212777	0.0133901030346497	0.0146052607928533	0.00659735168061745	0.00644065567980807	0.00510395845817038	0.00545793503887383	0.00488728040019728	0.0048177718389139	0.00882393111318316	0.00602546265746447	0.025215422483444	0.0213589971990119	0.0429541858249121	0.0260267460989165	0.0261643834612618	0.0199703329925951	0.0180707949780239	0.0212484910497029	0.0205582983155743	0.0210102751494568	0.0288486273246777	0.00929866210369941	0.00541948071190168	0.0108276053054214	0.0143576115031916	0.0116515207841125	0.0398325194278304	0.0185102815483467	0.0101448858283423	0.0320663514155078	0.0269576944921141	0.00703698163074306	0.0152707246823595	0.0235768811527094	0.0269807055866231	0.0270024490249699	0.0235869503552654	0.0353567441278722	0.0159264028721737	0.0130682770337806	0.0263955296675282	0.0276060683847046	0.0265764231694406	0.0221986646236396
Calcium signaling pathway	0.0272337436303644	0.0279210892027127	0.00931580877428041	0.0251700014274302	0.0249017398648826	0.0255266618747269	0.0255779807299177	0.00443105703005559	0.0032629950729047	0.00789077567146658	0.00744304611941591	0.00769448859176167	0.00407630013773745	0.00394945740773074	0.00502136062790552	0.0053023537577714	0.00533444041237607	0.00637801053859592	0.0101311546034087	0.00622560573740112	0.0314052682846916	0.0149554890371656	0.0375635315256018	0.0196699291506039	0.027742380132698	0.0272583504811388	0.0213629208426763	0.0225497611241223	0.0108505785270864	0.0231761462031438	0.0256719421740439	0.0111401237022288	0.00475877432886367	0.00807538121802585	0.011266630798499	0.00790084925287677	0.0273827367219382	0.0199956810728363	0.0222659818020857	0.0348245453924821	0.0224167600205087	0.0060954115004929	0.0130758316361162	0.0202075199658158	0.0241212368908313	0.0244432011160495	0.0364151055913632	0.0427703828363313	0.018910541955838	0.0398232925232275	0.0295511881374753	0.0266545577239048	0.0201253829996565	0.0227845141167343
Cell adhesion molecules	0.0297842450323118	0.0277462517632919	0.0071169741722443	0.014143052204302	0.0226696828951091	0.00988803269303289	0.0145524058500035	0.00373837762806563	0.0026705465053055	0.00374648422723614	0.00268461999009738	0.0026551591193681	0.00269259574636492	0.00292581089181643	0.0038762569135166	0.00511159695586372	0.00294174332828762	0.00278813356436159	0.0125721092534041	0.00688892361484749	0.0200128163766045	0.00107013305351219	0.04428688157194	0.0126546549921452	0.01103657512051	0.00946027237539269	0.0150856481611723	0.0094700087211451	0.00918473178865642	0.00937676677531739	0.0153582622385712	0.0054992934250653	0.00404148972009861	0.00855849667173824	0.00629427121757528	0.00479642903587046	0.0713600627265921	0.0101195001203766	0.00251240700516728	0.0154729799041756	0.0043906127676913	0.00223885998381258	0.00589453327255579	0.0109924833455425	0.0073616661137995	0.00712766233905527	0.0537758156100088	0.112298125387869	0.00875914660871249	0.00967961463103332	0.0205641782331452	0.0109603919156132	0.0122056364691215	0.266906589971582
Cell cycle	0.0329005843519248	0.0334048130700969	0.010039427708555	0.0700000501798803	0.0427575174489605	0.055344248868217	0.0227310817071129	0.00486654743041571	0.00439643545737303	0.00563539826797929	0.0017524050808267	0.00230343727945464	0.00470000352297776	0.00490585041863318	0.004413640661253	0.00579068306003413	0.00466762551307998	0.00493441502631879	0.00669178367210256	0.00652306236894022	0.0237100201238394	0.042725584408586	0.0306003461724773	0.0237625127557493	0.0251888111006199	0.0142518224308518	0.013147168301188	0.0148605963322966	0.0199599077642416	0.0138151159759983	0.0252668879904947	0.010179495853889	0.00723163135586438	0.0176275733122873	0.0179861602455896	0.00931596544464388	0.0356822277179783	0.0111112607063108	0.020706972986387	0.0227554968439113	0.0235384455553159	0.00412098234469895	0.0125405911500776	0.015447343508955	0.0212688560449154	0.0219110088552248	0.0167317082922255	0.0223072268599348	0.0128784305406757	0.00765922886150892	0.0183017640364677	0.0253814132206793	0.025402436317415	0.0438659954945645
Cellular senescence	0.030257900175895	0.0312017074019565	0.0109509643097237	0.0441361194444139	0.0330146115479098	0.0389405151195255	0.0237759867202896	0.00483483116490635	0.00451318742261944	0.00621960144114181	0.00901254515657158	0.00816362997989241	0.00489853948589716	0.00534256747728147	0.00477848980176824	0.00584937062012481	0.00508275590399215	0.00531818894766184	0.00762537281208076	0.00621797196186074	0.026579639789951	0.0291351169712958	0.042487696978088	0.0252111529329441	0.0285453366811307	0.0197188966523698	0.0168369294783624	0.0183173904154362	0.0166249405606767	0.0178428476625103	0.0265838891557039	0.0101833746592714	0.00601326623064543	0.0127007632107324	0.0143649718875466	0.00852844652800495	0.0312946497673036	0.0146364806487651	0.0177814329517718	0.0284980077116261	0.0235329224654161	0.00556173169556125	0.012410848212826	0.0185225232299156	0.0216417989143839	0.022333256629747	0.0231088586425122	0.0294036116104354	0.0148761371590448	0.0182663057929965	0.0229772851455392	0.0272059732936712	0.0246154566828885	0.0335232027554135
Central carbon metabolism in cancer	0.032817972544866	0.0337090035421668	0.0129724688041294	0.025094422896417	0.0299092801428696	0.0295451008956373	0.0190624277020513	0.00727736130587993	0.00886836917186775	0.00696512266521308	0.032530979876023	0.0241718327475843	0.00784510102348125	0.0107272125914314	0.00664314104275075	0.00917082995604558	0.00744987372179225	0.00627578694669799	0.00659517961227321	0.007092333507182	0.0281595141358316	0.0171891644493126	0.0414876706757469	0.0365292247549633	0.0383382939249041	0.0190065303518234	0.0153696948747785	0.0184759517039256	0.0130336110783748	0.017050845673964	0.0300468489520741	0.00877066792093793	0.00564156370419735	0.00939448808448621	0.00978521935032673	0.00825925382869054	0.0234630966616132	0.00978693609519323	0.00719121660593226	0.0341808342190076	0.0233711860762483	0.00709234705592281	0.0131141442060482	0.0204007945775845	0.0145983766123135	0.0152860250930822	0.0159078019143462	0.0261417591996963	0.012372649048138	0.014706386589342	0.0225764758473878	0.032166801105131	0.0291067407387112	0.0372740841936042
Chagas disease	0.028158294934387	0.035589735977685	0.0210365503089493	0.0304039793094261	0.0294747397997063	0.0195979461968293	0.0217611188444429	0.00527919028450859	0.00449391103543959	0.00561776162476981	0.00550076665966084	0.00576520281077349	0.00495753066420761	0.00527118763994041	0.00506701776621955	0.00614259772125537	0.00492434463436491	0.0046800769331816	0.0136132335964995	0.00772086837969115	0.0223521143674336	0.0202215579116285	0.0370195821370289	0.0213898899237905	0.0217822997907846	0.0173816365398527	0.0186612685297224	0.0175038221089934	0.0156452679581725	0.0171695935418008	0.0254316794229373	0.0095919513777107	0.00507635350783312	0.0103617900121964	0.0104997237648754	0.00990830817076387	0.0508669017421448	0.0148234263163424	0.00519248228554579	0.0265584906971472	0.0202273738128404	0.00469880070620963	0.0145994628131545	0.0188556374686095	0.0161108888955405	0.0160055788634126	0.0285292275958161	0.100602816264615	0.0133493961265113	0.0105225069999308	0.0208889033274469	0.0216904630839616	0.0212321276573309	0.0501926211559769
Chemical carcinogenesis - reactive oxygen species	0.0219001787421898	0.0273355769444749	0.0145480937267657	0.0195372620949921	0.0197526760660768	0.0174961372302836	0.0202588783023296	0.00440134725737524	0.00445629793077763	0.00505689965171997	0.0096799078435687	0.0091317994352258	0.00480484234250073	0.00548365869619027	0.004447920630969	0.00522478991807222	0.00458820893903396	0.00431453869131404	0.00867379016269725	0.00614879779956383	0.0189154525940651	0.0217569985443784	0.0567831109637411	0.0203645514666963	0.0188237097154513	0.0150035660423404	0.0153987248562469	0.014700884169393	0.0176973955734992	0.0145635897373016	0.0209736430557876	0.00789795391011913	0.00463472173181633	0.0128394773971046	0.0128576812644327	0.0113348417258379	0.0414366484376696	0.0162905188586853	0.0235244485828487	0.0219193681099862	0.0224454823844767	0.0055815642432997	0.0108502361431322	0.016713005418043	0.0185572348448243	0.0198741416478618	0.0216068817238738	0.0740317959702066	0.0124025352138554	0.00884749444232739	0.019764503505391	0.0185215729056538	0.0207953393729407	0.125049323040591
Chemical carcinogenesis - receptor activation	0.0286025834499994	0.0276065482631432	0.0136435285278074	0.0291785510042716	0.0263786330898924	0.0289388582470747	0.0249302290020076	0.00699704721147613	0.00644309354644103	0.00656287597385048	0.00861390555112713	0.00917985769856866	0.00739012916480275	0.00727038276909025	0.00658973913139349	0.00817292465459517	0.00657311790463002	0.0058249986117333	0.0156220002142044	0.00866665871625703	0.0242182823344904	0.0296919866288699	0.05804671642205	0.025715463701583	0.02879002287912	0.0224226761450367	0.0175294522701613	0.0214507152769049	0.0159838925837482	0.0211654813008013	0.0279191965495653	0.00948909209593155	0.00608115647880683	0.00978067033811941	0.0131644673893522	0.00720465426114875	0.0362830837567437	0.0145186226836349	0.00735841924841627	0.0296527305107256	0.0239663023480905	0.00509443026961561	0.0143388492103422	0.0200498511481053	0.0177372994594101	0.0192211475475135	0.0194865576458994	0.0296658871229477	0.0127476995558993	0.0115390558624925	0.0224314361885837	0.028066940967818	0.0236182071421795	0.0423838899435266
Chemokine signaling pathway	0.0211504277394473	0.0211553710255331	0.0135162873060025	0.0199489311078945	0.0194735200106621	0.0182110770804203	0.0189524732088797	0.00503541794225635	0.00489524710149435	0.00494521322447916	0.0100530197955295	0.0102162579322607	0.00584013819600761	0.00610634296893225	0.00508232443747757	0.00618441616310383	0.0046578706331953	0.00448879398071692	0.0109642051819094	0.00661058725968002	0.0185666986948072	0.0232627084026632	0.105033207748057	0.0180290382909699	0.0182841893816658	0.0151484558567028	0.0143759708448519	0.0151555902626478	0.0138857719109264	0.01510555804231	0.0205538732323639	0.00704677362564987	0.00435676427205261	0.00922881480938104	0.010889618423865	0.00845705607410262	0.038622630754648	0.0148195189566345	0.00609821407715524	0.0222764755414742	0.0172175332736177	0.00496995984955598	0.0124089316018875	0.0168469912669072	0.0157169098918752	0.016066363406052	0.0260426130567794	0.0654563804931697	0.0117214246490894	0.00933669280673845	0.0199154363536577	0.0186216826207646	0.0180732806970547	0.130920948534039
Cholesterol metabolism	0.094147105222674	0.0885622481183489	0.0440195245948478	0.0233062752409289	0.0278704596580679	0.0152426012603831	0.0104893528292055	0.0168808842207183	0.011613261636173	0.0222039553223728	0.0138696849518951	0.0167760840809899	0.0103300465784027	0.0102192383682586	0.0105104715223559	0.0152434942022101	0.0229725351699271	0.0195379726199978	0.00952322212496519	0.0235541083945198	0.0722087201209079	0.0264479991708225	0.00013813913160465	0.0143305139737862	0.0142407819094079	0.0102622422569282	0.00955009639387366	0.0116974882417295	0.00430758858314511	0.0104759684282273	0.0129249477834378	0.0150717215168492	0.0195751668634276	0.0099589180188714	0.00543419630627591	0.0430342855430356	0.020492095404702	0.00650236377406142	0.00788186551574123	0.0192648530668624	0.0247672472695515	0.00176187823208235	0.00553414879459935	0.00616958230171707	0.0110093131476038	0.0116911813719126	0.00978351277822776	0.0283330333412854	0.00618860852197973	0.00489658442587417	0.0183741095093913	0.0136232940468491	0.0133574519930195	0.00383757614496649
Choline metabolism in cancer	0.0160661548258579	0.0216834153480964	0.0172975277604756	0.0129684538076992	0.0202868423111325	0.0123222891276951	0.0428509573009164	0.00412951195528107	0.0031500070112458	0.00372591556661228	0.00267183701966098	0.00275092275227986	0.00388878953690011	0.00413541351358102	0.00464876572476293	0.00566894109687086	0.00271334090741415	0.00276489130640926	0.0130306679130466	0.00640312533248517	0.0124790071962014	0.00657118093771059	0.0633225261212458	0.0204153734087775	0.0200174859096029	0.0283943990979372	0.0191626588804552	0.010156208975532	0.0147337889636463	0.00801495909647494	0.0293444171157865	0.00884786944886905	0.00235971765560466	0.0116309810535353	0.0228033965491549	0.00321550977774352	0.033809332037323	0.0156090475921535	0.0011741500917565	0.0143188263329964	0.010945016194689	0.00362479812631103	0.00769337698587725	0.0189945459737162	0.0154788714317035	0.0158361520654807	0.0315620589910848	0.0792114531461869	0.0116886286281276	0.00753671230981248	0.0112576481623934	0.0209240508417247	0.0240562702453349	0.191651810536627
Cholinergic synapse	0.0313870785301026	0.0265667658704739	0.0123526763659036	0.0348388421885645	0.0296402975639326	0.0319252819072128	0.0218401852452136	0.0108893939258461	0.00987754082434225	0.00924141067179238	0.00681428236358808	0.00768542730736201	0.0105881937962148	0.0104864718600027	0.00965683393273009	0.0125478416200074	0.0096885755670993	0.00825772769267995	0.0247992305792417	0.0129202457882938	0.0244791972160568	0.0307150502080709	0.0270953262418666	0.0221094781959762	0.0271521764824852	0.0230917743301412	0.0147374396554806	0.0228369605948161	0.0102076926680316	0.0222795149722769	0.0269425662808495	0.00928396446402594	0.00692345577261345	0.0090839686585122	0.0120510932499714	0.0067190314946386	0.0387788724017866	0.00969396118571215	0.00409090700369427	0.031915822575774	0.0220221902214821	0.0029028557613079	0.0186893418594158	0.017599904722883	0.0106294250468556	0.0120149525776535	0.0161442427679627	0.032110698425011	0.0101914635803261	0.0125446293943334	0.0206060205901347	0.0273122250949164	0.0204930331944087	0.0645464595099252
Chronic myeloid leukemia	0.0285203137444078	0.0283862484297534	0.0143652426418344	0.0416776634841183	0.0307610863832545	0.0388398619927688	0.0238146554467878	0.00536423297284008	0.00543608459734465	0.00608794824104848	0.0101859331738714	0.010804545037875	0.00634406146697045	0.00662459171648061	0.00529315101067201	0.00649781716262634	0.00559573664047702	0.00528985453456543	0.00857920459729178	0.00668114005636403	0.0239236146469513	0.0299421344227947	0.0400934703675259	0.0240780105155961	0.0254186356875815	0.0178193269302855	0.0159563213224675	0.0191301222704596	0.0195290956480077	0.0185548077343846	0.0272126004983399	0.00938618442170469	0.0059584418173159	0.012954786487555	0.015214863399893	0.00972214112537788	0.0369867959552415	0.0147823458839123	0.0133768035153588	0.0279149051676488	0.0241338910732151	0.00550859251016841	0.0135634018171368	0.0192997552375809	0.0231239252763402	0.0234888276175371	0.0206748944831818	0.029698043341749	0.0144870293375872	0.016097434095398	0.0221516199896867	0.0268814944236148	0.0251985626444677	0.0325877470025818
Circadian entrainment	0.0313870785301026	0.0265667658704739	0.0123526763659036	0.0348388421885645	0.0296402975639326	0.0319252819072128	0.0218401852452136	0.0108893939258461	0.00987754082434225	0.00924141067179238	0.00681428236358808	0.00768542730736201	0.0105881937962148	0.0104864718600027	0.00965683393273009	0.0125478416200074	0.0096885755670993	0.00825772769267995	0.0247992305792417	0.0129202457882938	0.0244791972160568	0.0307150502080709	0.0270953262418666	0.0221094781959762	0.0271521764824852	0.0230917743301412	0.0147374396554806	0.0228369605948161	0.0102076926680316	0.0222795149722769	0.0269425662808495	0.00928396446402594	0.00692345577261345	0.0090839686585122	0.0120510932499714	0.0067190314946386	0.0387788724017866	0.00969396118571215	0.00409090700369427	0.031915822575774	0.0220221902214821	0.0029028557613079	0.0186893418594158	0.017599904722883	0.0106294250468556	0.0120149525776535	0.0161442427679627	0.032110698425011	0.0101914635803261	0.0125446293943334	0.0206060205901347	0.0273122250949164	0.0204930331944087	0.0645464595099252
Cocaine addiction	0.0286025834499994	0.0276065482631432	0.0136435285278074	0.0291785510042716	0.0263786330898924	0.0289388582470747	0.0249302290020076	0.00699704721147613	0.00644309354644103	0.00656287597385048	0.00861390555112713	0.00917985769856866	0.00739012916480275	0.00727038276909025	0.00658973913139349	0.00817292465459517	0.00657311790463002	0.0058249986117333	0.0156220002142044	0.00866665871625703	0.0242182823344904	0.0296919866288699	0.05804671642205	0.025715463701583	0.02879002287912	0.0224226761450367	0.0175294522701613	0.0214507152769049	0.0159838925837482	0.0211654813008013	0.0279191965495653	0.00948909209593155	0.00608115647880683	0.00978067033811941	0.0131644673893522	0.00720465426114875	0.0362830837567437	0.0145186226836349	0.00735841924841627	0.0296527305107256	0.0239663023480905	0.00509443026961561	0.0143388492103422	0.0200498511481053	0.0177372994594101	0.0192211475475135	0.0194865576458994	0.0296658871229477	0.0127476995558993	0.0115390558624925	0.0224314361885837	0.028066940967818	0.0236182071421795	0.0423838899435266
Colorectal cancer	0.0329005843519248	0.0334048130700969	0.010039427708555	0.0700000501798803	0.0427575174489605	0.055344248868217	0.0227310817071129	0.00486654743041571	0.00439643545737303	0.00563539826797929	0.0017524050808267	0.00230343727945464	0.00470000352297776	0.00490585041863318	0.004413640661253	0.00579068306003413	0.00466762551307998	0.00493441502631879	0.00669178367210256	0.00652306236894022	0.0237100201238394	0.042725584408586	0.0306003461724773	0.0237625127557493	0.0251888111006199	0.0142518224308518	0.013147168301188	0.0148605963322966	0.0199599077642416	0.0138151159759983	0.0252668879904947	0.010179495853889	0.00723163135586438	0.0176275733122873	0.0179861602455896	0.00931596544464388	0.0356822277179783	0.0111112607063108	0.020706972986387	0.0227554968439113	0.0235384455553159	0.00412098234469895	0.0125405911500776	0.015447343508955	0.0212688560449154	0.0219110088552248	0.0167317082922255	0.0223072268599348	0.0128784305406757	0.00765922886150892	0.0183017640364677	0.0253814132206793	0.025402436317415	0.0438659954945645
Complement and coagulation cascades	0.0239324518509153	0.040225872000068	0.0607703683819033	0.0274199483316018	0.0309906632231708	0.0154340432332861	0.0207200635843916	0.00598325807856831	0.00370058416893356	0.00537294251960745	0.00256435487682471	0.00274528297180505	0.0035733139339782	0.00379157997752013	0.00464680484185941	0.00619625297184358	0.00462598493029943	0.00393441872221883	0.0128435455135603	0.00847896498175917	0.0192270247127404	0.00252373952921182	0.00814641492967698	0.00864987675926689	0.0135181781411709	0.0196491330000199	0.0164967023670097	0.0165111365065031	0.00433742445072841	0.0192292530145298	0.0283699300801578	0.00989512187406979	0.00421843306387653	0.0165056041360622	0.0063259871581836	0.0884424942410113	0.0495073149848958	0.0134272439835266	0.00153167840584422	0.02860596521148	0.0330426770385182	0.00599011260430736	0.0142518354038195	0.01191560275391	0.00398825172230678	0.00476827040027738	0.0250332511650422	0.102875714560444	0.0101500132638101	0.00410672878438838	0.0281477763106289	0.0154588149436968	0.008760389326485	0.0684412060782845
Coronavirus disease - COVID-19	0.0232373563687495	0.0352371305827521	0.0465066922501999	0.0238560662760832	0.0264630382931243	0.0157193264505912	0.0219720282235818	0.00609304823945475	0.00471472826214284	0.00572162217801035	0.00561915714547196	0.00594566911241923	0.00542244059473298	0.00562641340353967	0.00530220639845696	0.00688393067160093	0.00539693587776797	0.00455906954092876	0.0127501095082705	0.00833630017570992	0.0201765445515605	0.0139132031372632	0.029688359874299	0.014024027216664	0.0164863339409054	0.0200046075550603	0.0185346039365199	0.0169178923912441	0.010770097180964	0.0188749801896898	0.026560885930707	0.0093575296634057	0.00460857944558128	0.014902393908979	0.00935785446240159	0.058619226317398	0.04824866395382	0.0152074956388655	0.00439441494571524	0.0284397371072421	0.0280235339216318	0.00603785712254398	0.0149049255744345	0.0158216968355259	0.0119013276560781	0.0119381649581269	0.0291235490403382	0.0813715489189743	0.0118595968534288	0.00674304231969318	0.0268032048821932	0.0179851489618465	0.0145059188545804	0.0485297831987299
Cushing syndrome	0.0303447165293292	0.0364938781973263	0.0123905084231571	0.0472129013787794	0.0340708865363186	0.0454066420578375	0.0231508567437989	0.00704487820344788	0.00644520590858337	0.00628235964067197	0.00427866701956252	0.00498812990774862	0.00721174251297898	0.00685723518466018	0.00641504808892433	0.00825558521359569	0.00652509885231202	0.00559217286819055	0.0155016137881649	0.00901746537489849	0.0243748442276483	0.0462372497665229	0.0292394224856083	0.0222230679152937	0.0197845998781429	0.0203985722637379	0.0155824821277089	0.0200085814380579	0.0178370376589047	0.0194924210920991	0.0318574499243533	0.01052138886322	0.00796398731193517	0.00945704536540904	0.0126812136677186	0.0089601745590739	0.0364810189572508	0.0107174987341826	0.011339505047433	0.0285757131971471	0.029479126665106	0.0049142794834943	0.0186705939745967	0.0167317970202598	0.0222033494344721	0.0204554485922549	0.0172825235953624	0.0190544387804146	0.0128599321916293	0.0114904762742735	0.018635110824504	0.0220962742340412	0.0237194054286693	0.035188376589187
Cytokine-cytokine receptor interaction	0.0226756479589405	0.0313734258149407	0.0147155859727242	0.0240042974890137	0.024403284342341	0.0156154867653326	0.0181790800673367	0.00419110289266473	0.0035169079730081	0.00475755780958084	0.00263181902648481	0.00272880851199447	0.00380610863596492	0.00399851825297039	0.00414590985171854	0.00488265571805348	0.00416741500020058	0.00395202552567623	0.0112294943249139	0.00583035786611989	0.0179975371269533	0.0194288446388785	0.040462985646336	0.0367523165483161	0.0187882770691949	0.0136337507059997	0.0179759751724352	0.0137917861166248	0.0673757298935197	0.0127100655797869	0.020745382378406	0.00836305439656975	0.00414582199343161	0.0104577008521419	0.00949763491589251	0.0104196773243052	0.0431748110087096	0.0196707498641548	0.00388570189441331	0.0243769154095685	0.0163179424243424	0.00411740286107129	0.0124149340816921	0.0162936370943667	0.0267010081518067	0.0267435615982027	0.0267578311534592	0.0783884262777493	0.0118483784116924	0.010555091706447	0.0177360068615849	0.0180860489387333	0.0419399359785743	0.0676395861246593
Cytosolic DNA-sensing pathway	0.0208474412520959	0.0263878065910438	0.0129182092258058	0.0170617510459973	0.0187484100711146	0.0145428673529895	0.0202694854583443	0.00413792105011276	0.00399828616131755	0.0041081276681444	0.00721682794939915	0.00762808896822883	0.00531397918673746	0.00513909426753322	0.00439151027547335	0.00510515625208376	0.00429488396351523	0.00351217979759857	0.0100797854654615	0.00592800113986399	0.0185117727944545	0.0168971202224374	0.0269984332140357	0.0278709974734356	0.0173893099718569	0.0139915239635501	0.0204970053750475	0.0135964783260856	0.0289088977078273	0.0130327002169032	0.021360162120846	0.00674109216443925	0.00370123605259788	0.0106086980312995	0.0109233703798859	0.00767358766943091	0.0498288320176508	0.0158757683385938	0.00537942958809955	0.02351480457916	0.0163085220313104	0.00508794740679294	0.0103888813266663	0.0178488089487103	0.0351734116578931	0.0354466720792694	0.0323065406009038	0.0653823115533324	0.0119627315558905	0.00969823097967401	0.0173735866804758	0.0171488395592537	0.0306821216151032	0.140260360654226
Diabetic cardiomyopathy	0.0465156751440382	0.0480244841349387	0.0102492732889168	0.0214720001997014	0.0242424740068977	0.0158281829312116	0.0152023793006022	0.00337620588917536	0.0028907214250179	0.00355624540979048	0.00641133713338731	0.00535358047347383	0.00278792289327872	0.00322261191385104	0.00330005820231904	0.00441372589034032	0.00321058178193308	0.00282291892369292	0.00840603804425674	0.00509690406480241	0.0346883391606313	0.0138052223052252	0.0807425560759061	0.0162936338506811	0.0170706999844865	0.0122737768540302	0.0143319270327701	0.011630847175852	0.0107312674414974	0.0111237106795623	0.0164205192722857	0.00954389844570849	0.00969995304719825	0.0081956921960794	0.00863768678162982	0.00447115565551381	0.0428252171226696	0.0105040266603944	0.00567246064918867	0.0174077066904944	0.0101968180515197	0.00422070036862866	0.00694536206200655	0.0119412964679134	0.0101671414346184	0.0115211086688188	0.0257653955924098	0.0776603701593064	0.00906322634431914	0.00492719086980207	0.0173105522801794	0.0144915064036672	0.0151789092079193	0.188156803955461
Dilated cardiomyopathy	0.0221905994206055	0.0208488993795288	0.0125982891938952	0.0624703197512717	0.04083741637662	0.036398550010051	0.0235590170393231	0.00353652816954039	0.00276422465349516	0.00323574424351026	0.00139126896020916	0.00204269075782761	0.00321952978269993	0.00243926960705627	0.00292636671395622	0.00424700398330845	0.0029382830469011	0.00277207486590228	0.00657309164027331	0.00512759421770275	0.01445113492565	0.0414530896083699	0.047262963690956	0.0313073170598252	0.0360197646279075	0.0172430869695651	0.0134231355929088	0.0163720997678579	0.022694126443726	0.0141959859796228	0.0193789302177989	0.0103533300911033	0.0045137601617267	0.0128647869863853	0.0177491226736615	0.00357238498313555	0.0413395330056547	0.0101480571054521	0.0021747158870168	0.0159484410309989	0.0115037873719907	0.0032079779551968	0.0111883001506908	0.0200155776559409	0.0132975768618846	0.0158171013659865	0.0214990371377782	0.0503326439628566	0.00903374935945492	0.00625648584307023	0.0147318689882239	0.0310903219138318	0.0294561139728236	0.10798692883727
Dopaminergic synapse	0.0313870785301026	0.0265667658704739	0.0123526763659036	0.0348388421885645	0.0296402975639326	0.0319252819072128	0.0218401852452136	0.0108893939258461	0.00987754082434225	0.00924141067179238	0.00681428236358808	0.00768542730736201	0.0105881937962148	0.0104864718600027	0.00965683393273009	0.0125478416200074	0.0096885755670993	0.00825772769267995	0.0247992305792417	0.0129202457882938	0.0244791972160568	0.0307150502080709	0.0270953262418666	0.0221094781959762	0.0271521764824852	0.0230917743301412	0.0147374396554806	0.0228369605948161	0.0102076926680316	0.0222795149722769	0.0269425662808495	0.00928396446402594	0.00692345577261345	0.0090839686585122	0.0120510932499714	0.0067190314946386	0.0387788724017866	0.00969396118571215	0.00409090700369427	0.031915822575774	0.0220221902214821	0.0029028557613079	0.0186893418594158	0.017599904722883	0.0106294250468556	0.0120149525776535	0.0161442427679627	0.032110698425011	0.0101914635803261	0.0125446293943334	0.0206060205901347	0.0273122250949164	0.0204930331944087	0.0645464595099252
ECM-receptor interaction	0.220540776049522	0.2195546820507	0.00373571813779642	0.00426522698716754	0.0298425249216452	0.00712971720739608	0.00550899718048215	0.000442272702497051	0.000117571757702739	0.000547196655779273	9.87631601688732e-05	0.000112342612658903	0.000121385922951208	0.000118423163889454	0.000892288242353776	0.00128818751449768	0.000162593393813946	8.03285658440976e-05	0.000329772305760199	0.000205437532151554	0.172424701037361	0.000607923157441059	5.94807282835293e-05	0.00252563690415178	0.00087371609233322	0.00955968670579543	0.00931702460599197	0.0117920801618711	0.00149869401440099	0.0114777434965566	0.00417862327459823	0.02791817477403	0.0519884816664556	0.000969751731826107	0.00302239319501965	0.00175943291606249	0.0190555087613046	0.00407849704830301	0.0199958988955674	0.0147244105376873	0.0014714120162544	0.00254137444846147	0.000681307576089142	0.00134868187353807	0.00694965280577943	0.0105620441460382	0.00922473056087391	0.0514351128778511	0.0072165419170759	0.00131881463757409	0.0294178901901201	0.00166964374450538	0.00467937610664354	0.00856135132937647
EGFR tyrosine kinase inhibitor resistance	0.0296357834793668	0.0260397529784957	0.0095742307154624	0.0679097161210378	0.0441678780000446	0.0459396056564889	0.0239405245686056	0.00514591338520289	0.00624203634729496	0.00597569654347559	0.0131931291736623	0.0112087585375345	0.00651118862892089	0.00707693640673519	0.0044545559760284	0.00594421893208674	0.00594370049279346	0.00523470931707311	0.00479035323744895	0.00540058487396095	0.0216796404983436	0.0682170771971901	0.0139996944348406	0.0351752425894123	0.037672169140927	0.0214116114203566	0.0155371073630834	0.0258905948663217	0.00897557123284524	0.0267063935438359	0.0314243940940337	0.0108085367378062	0.00665103640660739	0.0075629889705813	0.00972814175092554	0.0043927223854269	0.0218448876807028	0.0103199281251742	0.00596971278707672	0.0346878824136663	0.0238225132507288	0.00413824182143831	0.010684212662637	0.020214122989252	0.0146627340345999	0.0169023185323395	0.0134579931264569	0.0165288179750379	0.0122246455081232	0.0160417073521638	0.0210722345473945	0.0347853999103131	0.0298091605291268	0.012671290749511
Efferocytosis	0.0388651335000325	0.0715873237490081	0.0164299937592047	0.04253781265799	0.0354619879295874	0.0247613844852515	0.0211302264116807	0.00400109319889836	0.00356347165531319	0.00524129600921975	0.00455945207428967	0.00515760217592756	0.00398217232699702	0.00389316304777746	0.0036376447988312	0.0045860433402883	0.00464130434544166	0.00420824136031907	0.00905750707003669	0.00583841548687919	0.0293294743777454	0.0187412668654594	0.0332982752431754	0.016272192110746	0.0187645234800291	0.0169988985672635	0.0168461739598197	0.0177258709153329	0.008874379165386	0.0172082926630609	0.0228813692963409	0.011159885930955	0.00737648909074744	0.00851151551175845	0.00842045019373016	0.00613216457911379	0.0471364671865161	0.0111629620065751	0.00597572116177164	0.0234551257668085	0.0143813706659352	0.00355577863905983	0.0135803169037137	0.014276469152193	0.0110233752533238	0.0118695774394106	0.0271116037103566	0.0883493681732287	0.0111835991531142	0.0468188695442224	0.0177195617461036	0.0188401427695702	0.0165447018929073	0.0453324975015516
Endocrine resistance	0.0293023545285557	0.0464209905241787	0.0124283404804105	0.0595869605689944	0.0385014755087047	0.0588880022084622	0.0244615282423842	0.00320036248104969	0.00301287099282448	0.00332330860955156	0.00174305167553696	0.00229083250813523	0.00383529122974316	0.00322799850931771	0.00317326224511858	0.00396332880718394	0.00336162213752474	0.00292661804370115	0.00620399699708802	0.00511468496150322	0.0242704912392398	0.061759449324975	0.0313835187293501	0.0223366576346113	0.0124170232738007	0.0177053701973347	0.0164275245999371	0.0171802022812998	0.0254663826497777	0.0167053272119214	0.0367723335678571	0.0117588132624141	0.0090045188512569	0.00983012207230587	0.0133113340854659	0.0112013176235092	0.034183165512715	0.011741036282653	0.0185881030911717	0.0252356038185203	0.03693606310873	0.00692570320568069	0.0186518460897776	0.0158636893176367	0.0337772738220887	0.0288959446068563	0.0184208044227622	0.00599817913581829	0.0155284008029325	0.0104363231542136	0.0166642010588733	0.016880323373166	0.0269457776629299	0.00583029366844867
Endocytosis	0.0241520051059765	0.0210262033810318	0.00959022907322877	0.0270010236022514	0.0278048113917327	0.0472387245670198	0.0206103570298847	0.00970047705096211	0.0109667806620381	0.0106105021559389	0.0226698380098927	0.0211050052932224	0.0102630744443606	0.0125165597567131	0.00868845226893557	0.012778747965413	0.0112138949837871	0.00824450384191149	0.0132625613092939	0.00977808271423365	0.0193971668703166	0.0259243333605519	0.0571299811231274	0.0172295614618552	0.023125118353745	0.0199178161793482	0.0159258857640803	0.0234652249679752	0.0141198486290393	0.0229520133492552	0.0265056307165244	0.00735633939717295	0.00429471762332735	0.00744515074189264	0.0103299804496088	0.0032231495326415	0.0295176067766758	0.0108838587589789	0.00431396585034021	0.0267873451474253	0.0146250139513168	0.00355786652427818	0.00980254235742347	0.0137484867629445	0.0132620117294826	0.0141677982747429	0.0208562295677165	0.0292356896426991	0.0135553315899753	0.0535286780435347	0.0167255491379773	0.0284834421880621	0.0190754995257341	0.0403093310424021
Endometrial cancer	0.0364430420600116	0.0376915144576429	0.0101641542452997	0.0575414178949288	0.0391148053710437	0.0530597658300791	0.021232218594689	0.00611349180919556	0.00643115029683055	0.0068785244085469	0.0121323087194313	0.00967981794270688	0.0062418606032382	0.00766849808009156	0.00565256543751784	0.00743195838427984	0.00617148907137703	0.00610231905325069	0.00669914632943586	0.0071779754654333	0.0282794798605666	0.0346376093555668	0.0286752485007409	0.0255031486541287	0.0259616541996188	0.0148396368916045	0.0137960213951446	0.0155618803109858	0.0167397359757912	0.014766735874112	0.0288228609019198	0.00965194179716717	0.00760756587002126	0.0164708070116543	0.015331525804478	0.0108782550598289	0.0297234156032978	0.0109908870362245	0.0223791398926921	0.0288329612399142	0.0274942451234018	0.00541577204494095	0.0131825391685301	0.0155757491495029	0.0217024559617251	0.0217339834309233	0.0148679632177481	0.0142435986055481	0.0139913971035701	0.0104758624435995	0.0209166329895224	0.0257402396177791	0.0252859785727109	0.0202950472800093
Epithelial cell signaling in Helicobacter pylori infection	0.0241241460621643	0.024520337727017	0.0168849760352841	0.0216997441784126	0.0207975815618452	0.0211492460347626	0.0226429927433035	0.00448185906674331	0.00476629827429212	0.00479004742251388	0.0139464233553066	0.0144808382245496	0.00615722251300017	0.00614947740810983	0.00493565005915332	0.00506140151428716	0.00438108867996603	0.00436756358387947	0.00902556525628035	0.00584725180860703	0.023174942680886	0.0180039369263056	0.0677078390096289	0.0227056101318365	0.0226656417649001	0.0175417777213783	0.0164984214109673	0.0183180312180775	0.0185693130716136	0.0181785273821001	0.0255254304442928	0.00829331870922348	0.00482671781566484	0.00997187188673817	0.0130677074818788	0.0107933423429163	0.0423430635083581	0.0197485227915147	0.0083409349028311	0.0272113116159821	0.0226403710109577	0.00686324859403444	0.0140059979058394	0.021012560241626	0.0226367572579326	0.0227642674574198	0.0248757117997566	0.0501279444755587	0.0147974586928335	0.0111884701792601	0.0254726821393158	0.0233706915619602	0.0233048627512957	0.063243001605637
Epstein-Barr virus infection	0.0251468754560794	0.0269273609620467	0.0151948655223069	0.0264281994254247	0.0234893890207665	0.0237483052465015	0.0203206051270147	0.0040947282990444	0.00392732030454474	0.00454305200542082	0.00665937089950608	0.00686397958414412	0.00466250851118936	0.00495439379752923	0.00415538093317646	0.00479760778337476	0.00385512665039101	0.00401532146800174	0.00795918363558935	0.00543496526505706	0.0211272244708368	0.0283720999274894	0.0988958892192589	0.0193243241566843	0.0193591014682931	0.0149608724518909	0.016350759203084	0.0145532306707585	0.0156598169684775	0.0145901988289484	0.0238886638614443	0.00786792325973896	0.00468769038456644	0.0122358982339014	0.0124162386572912	0.00973182866418411	0.0462825286162951	0.0157822902358288	0.00937729609164863	0.0221491564740428	0.0254853404941895	0.00565970835823909	0.0111752662555235	0.0183022296557513	0.0215042069437292	0.0202733234490129	0.0318888636362366	0.0617775061883373	0.0130100878566842	0.00911558990662195	0.0208541451926649	0.0213334039775065	0.0200680909098198	0.0647606654339102
ErbB signaling pathway	0.0267271798172661	0.0337235969526053	0.0110092847768197	0.0432939920856229	0.0331531434502187	0.053063363387741	0.0225359426361344	0.0064504197660059	0.00698982582743128	0.00696690538274525	0.0122064448427148	0.0116979189006788	0.00704918283705186	0.00787227913301538	0.00593085725702708	0.00837103838629847	0.00728775856065594	0.00558556094280632	0.00973327915319097	0.00744638383786844	0.0218338290547782	0.0438418913427635	0.0442567499262388	0.0197831095482332	0.0177710708137728	0.0188115931883414	0.0161767051820087	0.0203227136246375	0.0197931156394085	0.0198286702805883	0.0316389821421907	0.00955757632979355	0.00664961823729213	0.00863763640709926	0.0118206572675373	0.00721223357807535	0.0318503861446954	0.0113124475208159	0.011451034470756	0.0260114744829728	0.0257805385300234	0.00524178486497944	0.0142271942236005	0.0148060880402906	0.0235196427757856	0.0215318714407996	0.0196385169952394	0.0176169343892587	0.0145418661964539	0.0319825005988741	0.0166948750984253	0.022681882780614	0.023010638594332	0.0230698123554254
Estrogen signaling pathway	0.0313870785301026	0.0265667658704739	0.0123526763659036	0.0348388421885645	0.0296402975639326	0.0319252819072128	0.0218401852452136	0.0108893939258461	0.00987754082434225	0.00924141067179238	0.00681428236358808	0.00768542730736201	0.0105881937962148	0.0104864718600027	0.00965683393273009	0.0125478416200074	0.0096885755670993	0.00825772769267995	0.0247992305792417	0.0129202457882938	0.0244791972160568	0.0307150502080709	0.0270953262418666	0.0221094781959762	0.0271521764824852	0.0230917743301412	0.0147374396554806	0.0228369605948161	0.0102076926680316	0.0222795149722769	0.0269425662808495	0.00928396446402594	0.00692345577261345	0.0090839686585122	0.0120510932499714	0.0067190314946386	0.0387788724017866	0.00969396118571215	0.00409090700369427	0.031915822575774	0.0220221902214821	0.0029028557613079	0.0186893418594158	0.017599904722883	0.0106294250468556	0.0120149525776535	0.0161442427679627	0.032110698425011	0.0101914635803261	0.0125446293943334	0.0206060205901347	0.0273122250949164	0.0204930331944087	0.0645464595099252
Ether lipid metabolism	0.0186703962675612	0.0272377408561025	0.0273078824020449	0.0157327511914341	0.0256473025437055	0.0194370668473612	0.0761021806516485	0.00423528006198628	0.00357213521778244	0.00415347180621237	0.00214031044117145	0.00237954437977433	0.00491908075301335	0.00543949015330928	0.00554907269095666	0.0062334355214683	0.00237866932373331	0.0029272709841199	0.0140589024193322	0.00673059489547982	0.0170288006010123	0.0127698291780639	0.0218166901496387	0.0341158631426733	0.0334179198949209	0.0503984100308267	0.0281066309454476	0.0150045013507401	0.0241450869485396	0.0104880207099707	0.0478449835090223	0.014444849756284	0.00275291280170118	0.0177704995362458	0.0425474682729685	0.00149435921675139	0.0273089273290947	0.0237687377944154	0.00117976573598418	0.0172166340953871	0.0184077366456903	0.00546005717324185	0.00952943691966954	0.0292465712820564	0.0271207810628694	0.0276008269561115	0.0210315362260569	0.0141188639865409	0.0170108741454001	0.0111006316284273	0.0140880301352739	0.0365043380972076	0.0416684869675599	0.00863835836600872
Fat digestion and absorption	0.220540776049522	0.2195546820507	0.00373571813779642	0.00426522698716754	0.0298425249216452	0.00712971720739608	0.00550899718048215	0.000442272702497051	0.000117571757702739	0.000547196655779273	9.87631601688732e-05	0.000112342612658903	0.000121385922951208	0.000118423163889454	0.000892288242353776	0.00128818751449768	0.000162593393813946	8.03285658440976e-05	0.000329772305760199	0.000205437532151554	0.172424701037361	0.000607923157441059	5.94807282835293e-05	0.00252563690415178	0.00087371609233322	0.00955968670579543	0.00931702460599197	0.0117920801618711	0.00149869401440099	0.0114777434965566	0.00417862327459823	0.02791817477403	0.0519884816664556	0.000969751731826107	0.00302239319501965	0.00175943291606249	0.0190555087613046	0.00407849704830301	0.0199958988955674	0.0147244105376873	0.0014714120162544	0.00254137444846147	0.000681307576089142	0.00134868187353807	0.00694965280577943	0.0105620441460382	0.00922473056087391	0.0514351128778511	0.0072165419170759	0.00131881463757409	0.0294178901901201	0.00166964374450538	0.00467937610664354	0.00856135132937647
Fc epsilon RI signaling pathway	0.0171080195369624	0.0193737666447879	0.0112213644859093	0.0122493646156106	0.0181883533195181	0.00960617698196308	0.0336822473060677	0.00396652430604166	0.00328120834924435	0.00357599087104287	0.00986162611370231	0.00986119841003608	0.0039680620117308	0.00381988162732043	0.00432886010176358	0.00590650729847915	0.00278090803623472	0.00275321147173299	0.013312355895434	0.00694773810675738	0.014725867185972	0.00359470030022935	0.134151668558346	0.0146714088438862	0.0147326245104536	0.0161363829931758	0.0147910303722458	0.00961665977529357	0.0116227651189255	0.00882868688086009	0.0194922012513639	0.00612904621074492	0.0024813530065581	0.0088398324424339	0.0129479615384883	0.00353448266138354	0.0541019220596722	0.02075549595898	0.00140002628971994	0.0169430154009861	0.00709778072239026	0.00491915492502255	0.00749457557856938	0.0164320545964114	0.01119656737943	0.0117498827223354	0.04516358418636	0.102178797932891	0.00984516389151057	0.0058474731737251	0.012969048712068	0.0145788115952624	0.0166886558981723	0.148547951835793
Fc gamma R-mediated phagocytosis	0.0142901810580409	0.0180060987813253	0.0104829153404393	0.0107003405733013	0.015930602950604	0.00858658311315946	0.0231300752459724	0.00378215845996284	0.00316905499549399	0.00345550449649806	0.00486916289953935	0.00464944125299376	0.00388168361828036	0.00376890046013552	0.00411754466180197	0.00569292338233682	0.00269495604098306	0.00272940399290424	0.0115848159818995	0.00637913015458578	0.0119964270653132	0.00365497021493385	0.134948375431036	0.0135154746733741	0.0134576724709432	0.0151156092914288	0.0136162063072322	0.00752243299464648	0.0104374703746428	0.00671151082383015	0.01843136642097	0.00570231263597647	0.00237189564591519	0.00830870390428323	0.0128358364119048	0.00393310671087143	0.0383225485987855	0.0182423211699144	0.00131718731482833	0.0140261795295614	0.0068145504588974	0.00317285999144194	0.00736923138728059	0.0141765624447642	0.00939510303098735	0.00979552041763711	0.0404450225190853	0.107354307759438	0.00876191438082545	0.0051700238641379	0.0128041990853369	0.0133261382621105	0.0151414459959747	0.229904034951433
Ferroptosis	0.0171889153860229	0.218351318728729	0.0132532440084903	0.0141771429468163	0.0150750941054396	0.00574303030827239	0.0114438242958511	0.00342027770620204	0.0029999792958965	0.0065676637172361	0.00211608496069738	0.00182744376696264	0.00282042204199916	0.00329799897934695	0.00371346584970721	0.00558724937302054	0.00660682179991522	0.00485973879585317	0.0121352885235384	0.00636545665752058	0.0107849678686889	0.0194581783654474	0.0313808731643569	0.00811045170079082	0.00580814520870266	0.015295813140463	0.0128396051083281	0.00672154561680001	0.00989729746738883	0.00661012708923819	0.0162977337494937	0.0124863850217922	0.00251415366582602	0.0103364543543341	0.00715395961080942	0.00818796303167979	0.0782923550866146	0.00645126998022198	0.00806716907383508	0.00922990313655421	0.0202146767458037	0.00177328085324852	0.0207989948034741	0.00517418390206666	0.0111369302409857	0.0144941547909553	0.0252209267002229	0.13657142262117	0.00609081474411048	0.0158751468487733	0.00554087024596852	0.00464336586831326	0.00756687617534776	0.0814235427706771
Fluid shear stress and atherosclerosis	0.0280984946488062	0.0299151011837705	0.0133007607686081	0.0236532359734404	0.0233518622963305	0.0205999568200486	0.0209382458292461	0.00357876129991087	0.00332180313268383	0.00418115834690475	0.00641185967010898	0.00679717053302419	0.00400889783035169	0.00399526454684621	0.00373006948962718	0.00414419786373171	0.00367192645580302	0.00365904133502778	0.00817945683599743	0.00539936886068354	0.0227858766126484	0.0204511248484753	0.0503374090940478	0.0202089009461933	0.0182279430175804	0.0152781898973786	0.0157650238552891	0.0163405598450552	0.0176432702903907	0.0154606964975858	0.0235204003593196	0.00800874542351588	0.0046419708453	0.0120480800233817	0.0129191616852927	0.00946872137816085	0.046500254849115	0.0144954989736366	0.00812863404329693	0.0221444725008941	0.0216726402310135	0.00448654896166938	0.011001277595231	0.016611245414536	0.0206037127193607	0.0214007906215367	0.0215230007362222	0.0738917093719472	0.0128128099936272	0.0078991778886748	0.0236021322946652	0.0203073191828525	0.0215460486425856	0.127330017638569
Focal adhesion	0.032817972544866	0.0337090035421668	0.0129724688041294	0.025094422896417	0.0299092801428696	0.0295451008956373	0.0190624277020513	0.00727736130587993	0.00886836917186775	0.00696512266521308	0.032530979876023	0.0241718327475843	0.00784510102348125	0.0107272125914314	0.00664314104275075	0.00917082995604558	0.00744987372179225	0.00627578694669799	0.00659517961227321	0.007092333507182	0.0281595141358316	0.0171891644493126	0.0414876706757469	0.0365292247549633	0.0383382939249041	0.0190065303518234	0.0153696948747785	0.0184759517039256	0.0130336110783748	0.017050845673964	0.0300468489520741	0.00877066792093793	0.00564156370419735	0.00939448808448621	0.00978521935032673	0.00825925382869054	0.0234630966616132	0.00978693609519323	0.00719121660593226	0.0341808342190076	0.0233711860762483	0.00709234705592281	0.0131141442060482	0.0204007945775845	0.0145983766123135	0.0152860250930822	0.0159078019143462	0.0261417591996963	0.012372649048138	0.014706386589342	0.0225764758473878	0.032166801105131	0.0291067407387112	0.0372740841936042
FoxO signaling pathway	0.0273883857978748	0.0374786975975915	0.014068584226328	0.0401683424213759	0.0301636417382189	0.0301139013681082	0.0213422278472134	0.00470614791578342	0.00457123643888465	0.00568041866092866	0.00810232002800858	0.0073197260728641	0.00458433142404261	0.00539916857426255	0.00444235292378493	0.00602484956300979	0.00468191294871921	0.00459286044018832	0.00834369431664486	0.00633908995486026	0.0221953905847975	0.0237541071316638	0.0408761253747577	0.0237221351668972	0.0227263542001346	0.0156795913107173	0.0156059701301091	0.0153841540600805	0.0161466630674102	0.0148934511714988	0.025977349870982	0.00965696011593476	0.00597499588819274	0.0144771978807557	0.0142362519388769	0.0126755687449677	0.0397327525688476	0.0153007947388815	0.0324656912203289	0.0212078112770998	0.0180578099670627	0.00539073400909459	0.0150660831633377	0.0186115216869934	0.0156072974559314	0.0158532553949022	0.02170498895194	0.0690350575592145	0.0140417410162536	0.0120426235946667	0.0199207095791306	0.0218413646694699	0.0227015156410786	0.0519240906092969
GABAergic synapse	0.0313870785301026	0.0265667658704739	0.0123526763659036	0.0348388421885645	0.0296402975639326	0.0319252819072128	0.0218401852452136	0.0108893939258461	0.00987754082434225	0.00924141067179238	0.00681428236358808	0.00768542730736201	0.0105881937962148	0.0104864718600027	0.00965683393273009	0.0125478416200074	0.0096885755670993	0.00825772769267995	0.0247992305792417	0.0129202457882938	0.0244791972160568	0.0307150502080709	0.0270953262418666	0.0221094781959762	0.0271521764824852	0.0230917743301412	0.0147374396554806	0.0228369605948161	0.0102076926680316	0.0222795149722769	0.0269425662808495	0.00928396446402594	0.00692345577261345	0.0090839686585122	0.0120510932499714	0.0067190314946386	0.0387788724017866	0.00969396118571215	0.00409090700369427	0.031915822575774	0.0220221902214821	0.0029028557613079	0.0186893418594158	0.017599904722883	0.0106294250468556	0.0120149525776535	0.0161442427679627	0.032110698425011	0.0101914635803261	0.0125446293943334	0.0206060205901347	0.0273122250949164	0.0204930331944087	0.0645464595099252
Gap junction	0.0313870785301026	0.0265667658704739	0.0123526763659036	0.0348388421885645	0.0296402975639326	0.0319252819072128	0.0218401852452136	0.0108893939258461	0.00987754082434225	0.00924141067179238	0.00681428236358808	0.00768542730736201	0.0105881937962148	0.0104864718600027	0.00965683393273009	0.0125478416200074	0.0096885755670993	0.00825772769267995	0.0247992305792417	0.0129202457882938	0.0244791972160568	0.0307150502080709	0.0270953262418666	0.0221094781959762	0.0271521764824852	0.0230917743301412	0.0147374396554806	0.0228369605948161	0.0102076926680316	0.0222795149722769	0.0269425662808495	0.00928396446402594	0.00692345577261345	0.0090839686585122	0.0120510932499714	0.0067190314946386	0.0387788724017866	0.00969396118571215	0.00409090700369427	0.031915822575774	0.0220221902214821	0.0029028557613079	0.0186893418594158	0.017599904722883	0.0106294250468556	0.0120149525776535	0.0161442427679627	0.032110698425011	0.0101914635803261	0.0125446293943334	0.0206060205901347	0.0273122250949164	0.0204930331944087	0.0645464595099252
Gastric acid secretion	0.0313870785301026	0.0265667658704739	0.0123526763659036	0.0348388421885645	0.0296402975639326	0.0319252819072128	0.0218401852452136	0.0108893939258461	0.00987754082434225	0.00924141067179238	0.00681428236358808	0.00768542730736201	0.0105881937962148	0.0104864718600027	0.00965683393273009	0.0125478416200074	0.0096885755670993	0.00825772769267995	0.0247992305792417	0.0129202457882938	0.0244791972160568	0.0307150502080709	0.0270953262418666	0.0221094781959762	0.0271521764824852	0.0230917743301412	0.0147374396554806	0.0228369605948161	0.0102076926680316	0.0222795149722769	0.0269425662808495	0.00928396446402594	0.00692345577261345	0.0090839686585122	0.0120510932499714	0.0067190314946386	0.0387788724017866	0.00969396118571215	0.00409090700369427	0.031915822575774	0.0220221902214821	0.0029028557613079	0.0186893418594158	0.017599904722883	0.0106294250468556	0.0120149525776535	0.0161442427679627	0.032110698425011	0.0101914635803261	0.0125446293943334	0.0206060205901347	0.0273122250949164	0.0204930331944087	0.0645464595099252
Gastric cancer	0.0262813592140633	0.0279786343637863	0.0840454885299103	0.0532273166428423	0.0336079856303915	0.0421036314346681	0.0192303937744193	0.00741325507505915	0.00705943508023364	0.0094645744526911	0.00399585958910439	0.00446201472282653	0.00771546622856166	0.00800367892138763	0.00858477664347591	0.00983286325713769	0.00696851748154158	0.00907073034264094	0.0127786614222331	0.011537371226796	0.0225371813658826	0.03208293063099	0.0236606979728644	0.0205915613727758	0.0243920750173825	0.0124834727994031	0.0148517013628988	0.013145321213772	0.0162339859444973	0.0120714926599897	0.0255943110727429	0.00788899115701675	0.00622641835926143	0.0172675886192842	0.0186319289160476	0.0114020203042826	0.0286779639772172	0.00922431861486108	0.0156538515477144	0.0232498689390634	0.0198867271663723	0.00353585816327663	0.0103445707102363	0.0153942017784322	0.016639464048032	0.0170691770108582	0.0304017905041365	0.0192983997021109	0.0107941976221648	0.00698099728985394	0.0167496777146394	0.0279976856730308	0.0218829692506279	0.0337945874845098
Glioma	0.0364430420600116	0.0376915144576429	0.0101641542452997	0.0575414178949288	0.0391148053710437	0.0530597658300791	0.021232218594689	0.00611349180919556	0.00643115029683055	0.0068785244085469	0.0121323087194313	0.00967981794270688	0.0062418606032382	0.00766849808009156	0.00565256543751784	0.00743195838427984	0.00617148907137703	0.00610231905325069	0.00669914632943586	0.0071779754654333	0.0282794798605666	0.0346376093555668	0.0286752485007409	0.0255031486541287	0.0259616541996188	0.0148396368916045	0.0137960213951446	0.0155618803109858	0.0167397359757912	0.014766735874112	0.0288228609019198	0.00965194179716717	0.00760756587002126	0.0164708070116543	0.015331525804478	0.0108782550598289	0.0297234156032978	0.0109908870362245	0.0223791398926921	0.0288329612399142	0.0274942451234018	0.00541577204494095	0.0131825391685301	0.0155757491495029	0.0217024559617251	0.0217339834309233	0.0148679632177481	0.0142435986055481	0.0139913971035701	0.0104758624435995	0.0209166329895224	0.0257402396177791	0.0252859785727109	0.0202950472800093
Glutamatergic synapse	0.0250287373988319	0.0269022533632882	0.0198302793839742	0.0252857966899993	0.027643800053819	0.025681174377287	0.048971182948431	0.00756233699391617	0.00672483802106235	0.00669744123900238	0.00447729640237977	0.00503248584356817	0.00775363727461407	0.00796298100665597	0.00760295331184337	0.00939063857073787	0.00603362244541631	0.00559249933839993	0.0194290664992869	0.0098254203418868	0.0207539989085345	0.0217424396930674	0.0244560081957527	0.0281126706693247	0.030285048188703	0.036745092180484	0.0214220353004641	0.0189207309727781	0.0171763898082856	0.0163837678411238	0.0373937748949359	0.011864407110155	0.00483818428715731	0.013427234097379	0.0272992807614699	0.004106695355695	0.0330438998654406	0.0167313494900638	0.00263533636983923	0.0245662283355805	0.0202149634335862	0.00418145646727487	0.0141093893895427	0.0234232380024697	0.0188751030548625	0.0198078897668825	0.0185878894970098	0.0231147812057759	0.0136011688628631	0.0118226305113804	0.0173470253627043	0.031908281596062	0.0310807600809843	0.036592408937967
Glycerophospholipid metabolism	0.0186703962675612	0.0272377408561025	0.0273078824020449	0.0157327511914341	0.0256473025437055	0.0194370668473612	0.0761021806516485	0.00423528006198628	0.00357213521778244	0.00415347180621237	0.00214031044117145	0.00237954437977433	0.00491908075301335	0.00543949015330928	0.00554907269095666	0.0062334355214683	0.00237866932373331	0.0029272709841199	0.0140589024193322	0.00673059489547982	0.0170288006010123	0.0127698291780639	0.0218166901496387	0.0341158631426733	0.0334179198949209	0.0503984100308267	0.0281066309454476	0.0150045013507401	0.0241450869485396	0.0104880207099707	0.0478449835090223	0.014444849756284	0.00275291280170118	0.0177704995362458	0.0425474682729685	0.00149435921675139	0.0273089273290947	0.0237687377944154	0.00117976573598418	0.0172166340953871	0.0184077366456903	0.00546005717324185	0.00952943691966954	0.0292465712820564	0.0271207810628694	0.0276008269561115	0.0210315362260569	0.0141188639865409	0.0170108741454001	0.0111006316284273	0.0140880301352739	0.0365043380972076	0.0416684869675599	0.00863835836600872
GnRH signaling pathway	0.0186703962675612	0.0272377408561025	0.0273078824020449	0.0157327511914341	0.0256473025437055	0.0194370668473612	0.0761021806516485	0.00423528006198628	0.00357213521778244	0.00415347180621237	0.00214031044117145	0.00237954437977433	0.00491908075301335	0.00543949015330928	0.00554907269095666	0.0062334355214683	0.00237866932373331	0.0029272709841199	0.0140589024193322	0.00673059489547982	0.0170288006010123	0.0127698291780639	0.0218166901496387	0.0341158631426733	0.0334179198949209	0.0503984100308267	0.0281066309454476	0.0150045013507401	0.0241450869485396	0.0104880207099707	0.0478449835090223	0.014444849756284	0.00275291280170118	0.0177704995362458	0.0425474682729685	0.00149435921675139	0.0273089273290947	0.0237687377944154	0.00117976573598418	0.0172166340953871	0.0184077366456903	0.00546005717324185	0.00952943691966954	0.0292465712820564	0.0271207810628694	0.0276008269561115	0.0210315362260569	0.0141188639865409	0.0170108741454001	0.0111006316284273	0.0140880301352739	0.0365043380972076	0.0416684869675599	0.00863835836600872
Graft-versus-host disease	0.0130069060690455	0.0222648935615217	0.0214473093911815	0.0174075995106685	0.0235721367903225	0.0149264241391681	0.0169500673117561	0.0033090063846545	0.00254773795284956	0.00555590027825487	0.00106688091791808	0.00131090297634186	0.00286350887684362	0.00300318167327472	0.00285969216830604	0.00289525827386008	0.00342702689339016	0.00390171980451842	0.00696560446722922	0.00366389819574177	0.0140955244654673	0.0263131588100149	0.049083919786072	0.0305604418127976	0.024976503504261	0.00987896682507399	0.0182183406724741	0.00991026060041524	0.0142249928307862	0.010095256910442	0.0276880752311743	0.00662363688793249	0.00336502680367611	0.0108980103782425	0.00805939101439455	0.0139528125676464	0.0681330174282553	0.0112288361463924	0.00165824808667977	0.0152682464690302	0.0310137142106654	0.00286664565304039	0.00941877957963042	0.0204683647814397	0.0119450804829795	0.00881458752019273	0.031235771519595	0.154726191956991	0.0123760961915239	0.00623917720031854	0.0234513013959276	0.0256052986268957	0.0231530670452961	0.0915076009674284
Growth hormone synthesis, secretion and action	0.0277047937015433	0.0517499700326293	0.0118073579257762	0.023390392102828	0.0224511275071536	0.0170196269426516	0.0224615846398566	0.00557611837627519	0.0052814149463927	0.00556510563873816	0.0086891068056535	0.00889891969597439	0.00582351124589695	0.00635346137184925	0.00521804632605957	0.00762391224550649	0.00535539794547393	0.00505776792625651	0.0113276335648407	0.00741490173737957	0.0242977840995814	0.0342968659598457	0.0822042084317275	0.021352362559834	0.0259115354899921	0.0209723922538619	0.0165348371144088	0.0196672213041014	0.0116388523227023	0.0182726067250957	0.0352145261259488	0.00867714826586817	0.00544796974993314	0.0164071055661916	0.0196304915005434	0.0144498446029301	0.0465926130551303	0.0120092119812596	0.00449624302681384	0.0208296266258898	0.0224685101816502	0.0040249464619303	0.0254913300928815	0.0179662994756184	0.0138572368355974	0.0143136674286501	0.0227452034085008	0.0337238391687348	0.0187410583035467	0.013672902155523	0.0194127966734974	0.0186350437845644	0.0183531891500552	0.0329203794388547
HIF-1 signaling pathway	0.0295071033850054	0.0369120306196115	0.01583764110735	0.0279779554784299	0.0247765488303321	0.022607409330675	0.0200382143692409	0.005043745207121	0.00460032747616231	0.00559880601422808	0.00510591266307087	0.00490722298253286	0.00469872854844482	0.00533839676020061	0.00529379217541033	0.0062887134356973	0.00515438924824602	0.00471104408963315	0.0143668726806351	0.00770841251646508	0.0223056938807203	0.0323344251946367	0.0450429549697476	0.019905945841207	0.0167451491248765	0.0149064952035687	0.0160384889939852	0.0143420813959716	0.0175397906865535	0.0140571223080315	0.0224307096979002	0.0100254736908198	0.00617091848718801	0.0118085658684158	0.0117084343115171	0.0102194789818654	0.0504196287414501	0.0153846367393478	0.011260159685359	0.0268335911308787	0.0264547414755187	0.00502243243588955	0.0115533519020907	0.0156567158721872	0.020867967403049	0.0221810024173246	0.025003277781516	0.087175869733063	0.0120258334605762	0.00947310988286544	0.0183713321769046	0.0166706958491304	0.0209099587204152	0.0626806990369365
Hematopoietic cell lineage	0.124395792766755	0.126425753926421	0.00861645771120619	0.01155621883135	0.0280537448916573	0.00839557973068751	0.00956416689360765	0.00302224103419068	0.00178666718140802	0.00270550798506765	0.00295521282217636	0.0027996512287171	0.00154097366166846	0.0017862530874133	0.00323621568611901	0.00418722062836797	0.0020761306080949	0.00171350765506506	0.00904472177303521	0.00495460560146892	0.0924595412909471	0.00039487160829406	0.00713747083092409	0.00471748655918842	0.00481353392071193	0.0108454468702092	0.00964207308518867	0.0122777870139169	0.00285357375008867	0.0119964949314687	0.0103828989009349	0.0177110073817125	0.0279076482807114	0.00332545515162735	0.00316684904082778	0.00315565567907095	0.0418237918479204	0.00680214004241162	0.0112145242186283	0.0170405931285612	0.00350877961478434	0.00283453955645433	0.00312035677484524	0.00461718120859254	0.00580461557492228	0.00761077139081804	0.0131719103766475	0.0793210423395675	0.00741114265764904	0.00318789013230934	0.0189543786091364	0.00523540296937636	0.00614515952610433	0.180591362030972
Hepatitis B	0.0237369043063934	0.0260981312354515	0.0163174068518168	0.0284495925987656	0.0253922713003744	0.0253795288806184	0.0234188174954916	0.00412167945924686	0.00377197824757441	0.00532975678342025	0.0071292766497556	0.00756890836331002	0.00471650161272174	0.00476461318440192	0.00423761326788952	0.00501309525041587	0.00432035001708248	0.00448605851293184	0.00818471503376395	0.00543240750156922	0.022440412746481	0.0329030590866388	0.0544576865715715	0.0247779287983367	0.0244321629258726	0.0180992576825048	0.0182729539882568	0.0174285585148921	0.0183100669014707	0.0172933083897481	0.0263156807548925	0.00897941717508109	0.00495072407528641	0.0111330880568084	0.0130544798634551	0.0102899787176632	0.0421417439730954	0.0159320910079307	0.00989412795604743	0.0251995622133896	0.0243633978388699	0.00572258300311567	0.0133470848296211	0.0205507136871465	0.0217046139040885	0.0212114826214965	0.0297307106129186	0.0599141211788757	0.014850084976758	0.0149613864636751	0.0236774982179454	0.0247627526666007	0.0239498383731509	0.0470778356733194
Hepatitis C	0.0249384651058634	0.037170398413821	0.0181081558585483	0.0259457747272999	0.025317850569283	0.023392187386238	0.02318888213344	0.00394217992907573	0.00377981924923618	0.00473440659306419	0.00654838660275286	0.00707030832797987	0.00474990264664623	0.00481126338477502	0.00399662122496811	0.00477699487454496	0.00399533579014069	0.0040201586746063	0.00744330715591922	0.00518505328327069	0.02336955863262	0.0334719848515564	0.0487811620092561	0.0235750414548255	0.0217674012293572	0.0190160690678996	0.0189149653806097	0.0181748203627901	0.0186052667296418	0.0179097710028657	0.0323941161930439	0.00890514378008304	0.00509902013907469	0.0119600906908803	0.0129997371067758	0.0119552202227256	0.048186990662382	0.0153130420000061	0.0077794149073901	0.0249418990419406	0.0255341079136121	0.00569667018021109	0.0143298110290224	0.0205228329289593	0.0215891991636946	0.0201826557968396	0.0276719634706613	0.0569845870938481	0.0164953991306377	0.00929730320354719	0.0237649421957086	0.0236326962866638	0.0236434200947597	0.0444182441146367
Hepatocellular carcinoma	0.0280924275890628	0.0347018231650893	0.0125471772839105	0.0469338576516336	0.033023369825244	0.0374974917614458	0.0226695891163401	0.00536100632490458	0.00522342145816717	0.0060506727206097	0.00834196926681185	0.00703219517065289	0.0051138898277467	0.00589876665850037	0.00496545868962118	0.00622146687520297	0.00530860193296692	0.00533826530164351	0.00846572319092797	0.00719989146717474	0.0213533552433633	0.0385822667093707	0.0261561000626042	0.0254564586821048	0.02359128395179	0.0149118834127131	0.0136198914571511	0.0148272522001722	0.022924181730534	0.0138506901293533	0.0236853565000331	0.00938733889390283	0.00576662754033253	0.0166477274412248	0.0160090777127582	0.010512290321044	0.0363680868092779	0.0116799909749309	0.0166884865224009	0.0229534943724146	0.0313388379935274	0.00417655410927685	0.0124879133859644	0.0151517376427711	0.0215855824697329	0.0239750285350351	0.0157040412411349	0.0650720360013072	0.0129896694870868	0.0100553102361846	0.019089717965054	0.0232133651092963	0.0259637867505393	0.038237513127956
Herpes simplex virus 1 infection	0.0263216870706365	0.0355870545936545	0.0179130081638094	0.0225464996014214	0.0240117996885567	0.0193896420485856	0.0223907293137659	0.00457402498927276	0.00441370785518449	0.00537668981383231	0.00696661987590333	0.00731265631693091	0.0053076716504615	0.00562582953614602	0.00473033080994782	0.00551291827933775	0.00470335471256846	0.00459339235943002	0.00949986864486916	0.00585320376103377	0.0246794113091804	0.0293136688215009	0.0467781789573349	0.0235386953784772	0.0225988032369711	0.0183435688628633	0.0186569177326413	0.0177800878167371	0.0181012599312135	0.017475354564992	0.0301070985691857	0.00942007232580319	0.0053649872086457	0.0117948460281706	0.0125924473994439	0.0115573728647515	0.049123191727691	0.0166623082620231	0.00680758482430764	0.0275682127900039	0.0234944865418867	0.00554279778114284	0.013910881874053	0.0210449445901051	0.0205136062913714	0.0195737086714212	0.0275275847251784	0.0586553857557759	0.0159170063650593	0.00973684459013753	0.0248429703042335	0.0237030167311291	0.023722824495836	0.0509191835853841
Hippo signaling pathway	0.0255352266605215	0.0233084609356032	0.0114743906888305	0.042385930387848	0.0349737104381517	0.0229766802726207	0.0176597654862656	0.00360431566264333	0.00263496834843652	0.00385251258020645	0.00136474875727946	0.00145990767209733	0.00257722265529438	0.00253828754154773	0.00335084717720697	0.00444586683063682	0.00315123118188517	0.00313604629584073	0.0110875215565574	0.00620860835897969	0.0131935369401018	0.0217412920326733	0.058389022780058	0.0190478718502339	0.0218396992563618	0.0126428325910232	0.0114897192383738	0.0114152295447434	0.0137145679560963	0.0106226155796386	0.0162756405293301	0.00732668214362542	0.00342260474645712	0.00916200450589055	0.0102893465709257	0.00386367545062765	0.050087263211474	0.0102742883486205	0.0016110389908847	0.014912379268806	0.00822576208378455	0.00291936656928379	0.0078878367199539	0.013445942330601	0.00898882463669826	0.0106540762470267	0.0217986714770508	0.0828040410512604	0.00782023706734304	0.0039942767116243	0.0112886903139596	0.0185049496418308	0.0175565435410369	0.235063220584147
Hormone signaling	0.0313870785301026	0.0265667658704739	0.0123526763659036	0.0348388421885645	0.0296402975639326	0.0319252819072128	0.0218401852452136	0.0108893939258461	0.00987754082434225	0.00924141067179238	0.00681428236358808	0.00768542730736201	0.0105881937962148	0.0104864718600027	0.00965683393273009	0.0125478416200074	0.0096885755670993	0.00825772769267995	0.0247992305792417	0.0129202457882938	0.0244791972160568	0.0307150502080709	0.0270953262418666	0.0221094781959762	0.0271521764824852	0.0230917743301412	0.0147374396554806	0.0228369605948161	0.0102076926680316	0.0222795149722769	0.0269425662808495	0.00928396446402594	0.00692345577261345	0.0090839686585122	0.0120510932499714	0.0067190314946386	0.0387788724017866	0.00969396118571215	0.00409090700369427	0.031915822575774	0.0220221902214821	0.0029028557613079	0.0186893418594158	0.017599904722883	0.0106294250468556	0.0120149525776535	0.0161442427679627	0.032110698425011	0.0101914635803261	0.0125446293943334	0.0206060205901347	0.0273122250949164	0.0204930331944087	0.0645464595099252
Human T-cell leukemia virus 1 infection	0.0267060443582061	0.0309159808938186	0.0141265077310221	0.0294320867309648	0.0270310558175143	0.0261360458569738	0.0226658861494695	0.00397312687946122	0.00370997976671318	0.00470141799249967	0.00805194275120398	0.008023219022127	0.00452031068345396	0.00452849571236205	0.00411561511027954	0.00470604235334885	0.00399256241546389	0.00408913110210717	0.00809841839286645	0.00542982044182612	0.0242804444145398	0.0218626372798701	0.0469918910950833	0.0229845107113211	0.0232888703254853	0.0197183146523291	0.0174739422224278	0.0184665429770085	0.0166981132868757	0.0178760016529919	0.0283094006179535	0.00933887397709025	0.00503440854598151	0.0104974110315195	0.0123001796129741	0.00975542172023598	0.0420041061146782	0.0155003033046785	0.0103332839792051	0.0280813759340146	0.0212639511989135	0.00579472728674173	0.0128813955489657	0.0199025068673953	0.0222969301030747	0.0214139671934602	0.0270065925009481	0.0524830837006179	0.0147683601792046	0.0135254066402274	0.0234137109840651	0.0242494551114022	0.0236472280717971	0.07160296099524
Human cytomegalovirus infection	0.0260307405732929	0.0280596841337754	0.0164756221620292	0.0261801715119943	0.0258913301552278	0.0244196368219271	0.0230819345013832	0.0046009935004698	0.00414981243272552	0.00563881413573796	0.00648402836192476	0.00711388827423219	0.00506353883819402	0.00495290791063067	0.00467993509159316	0.00526574069958835	0.0048523396271549	0.0047921069115081	0.0100274296113309	0.00604892114040911	0.0236684286193395	0.0261866000027573	0.0366933978961587	0.0236549167527924	0.0238798312537594	0.0189591678001266	0.0194756440198919	0.018416933719235	0.017259524230529	0.0181348200536291	0.0271571952512713	0.00870346668244682	0.00496762455551669	0.010481165294863	0.0119151742104311	0.0106645606701847	0.0431477224049143	0.0162502894945742	0.00933328986074177	0.0282631798841901	0.0243808544326046	0.00584272927014925	0.0136015422978418	0.0201872331629628	0.0209409989716103	0.0206088147851027	0.0322058356355599	0.0660286050439599	0.015359426201464	0.0145640834361787	0.0239793821223348	0.0245112108840707	0.0234578731652655	0.053308901538413
Human immunodeficiency virus 1 infection	0.0250226800931329	0.0265244730036361	0.0174876091120071	0.0240760694653399	0.0244717723681499	0.022714592139249	0.02365479961769	0.00456854832096312	0.00412118946446402	0.00572516696081403	0.00733495408728976	0.00803327791892283	0.0051143459254314	0.00499124003525549	0.00462197058807692	0.00514339846366256	0.00468712979486845	0.00475294901518852	0.0093472444770798	0.0057693635313643	0.0243533657029428	0.0242164347730614	0.0365837653748474	0.0250241694814289	0.0260289175867536	0.019657079313345	0.019162366169544	0.0192028426293766	0.0171547711339603	0.0191272605281393	0.0275345254244349	0.00883391764349122	0.00486560581648744	0.010708486782878	0.0122955049276001	0.0112708486025755	0.0433901682567215	0.0165223036813936	0.00950575463791123	0.0280735176028011	0.0251123067349144	0.00561081353214067	0.0135265267962237	0.0213191677648622	0.0212257953825472	0.0209148615760022	0.0305888508422531	0.0629812950756196	0.0152839723172324	0.0156418240027385	0.0258451482169983	0.026753581983928	0.0241418792801147	0.0493795960421451
Human papillomavirus infection	0.024224783084222	0.0266912857051511	0.0181415740058461	0.0261442484991206	0.0254446868009285	0.0244774644078011	0.0230457268438154	0.0043681640359054	0.0043908814338209	0.00506262100455672	0.00979871074747521	0.00941822233602299	0.00515290381265915	0.00556870540277637	0.00427880863074751	0.00528609153737268	0.004479022397364	0.00429687826875988	0.00741549107396005	0.00530246992497064	0.0222153020920278	0.0362816078186092	0.0544036952888206	0.02667635621736	0.0249521405695779	0.0171549691569111	0.0182649445479014	0.0169873410717917	0.0189038033181121	0.0167824132476637	0.0277479502049338	0.00822430444779814	0.00509825026034332	0.0117570117149588	0.0127471909434594	0.0118207458291326	0.0403277151135238	0.0150495433887231	0.00797938692986368	0.0240752519114023	0.0247084357058263	0.00593127858698982	0.0135043191992134	0.0210962899620062	0.0198714848533508	0.0194520065763175	0.0277180234867404	0.0599223797288704	0.014384307615316	0.0109099740167811	0.0239952871257677	0.0257291467258089	0.0248495286108509	0.04748887377997
Huntington disease	0.027511454773976	0.0311213220270724	0.0212821573794585	0.0142963604477871	0.0167607807631941	0.0155341832926476	0.0249241981536442	0.0038793456696086	0.00447213844421862	0.00508877397459152	0.00366647538976454	0.00312737024664132	0.00381136801069198	0.00566489874997275	0.00387917939726019	0.00527377085176885	0.00417036020887012	0.00336900967092862	0.00607214499017658	0.0051496374690316	0.0238023485784961	0.0317811238901498	0.0148580302000814	0.018179277691867	0.0169681999835128	0.0163571195096569	0.0191632275683792	0.0143252396200232	0.0198989078457359	0.0156822209288172	0.0197198997420328	0.00832378928925534	0.00639477757458901	0.019619523186861	0.0177746422542177	0.021543728056881	0.0455923354395447	0.0296968899135989	0.0895565922653121	0.0152909501478041	0.0120639986417535	0.00917828448107607	0.00858866298720804	0.0207654301606511	0.0160171708478482	0.0167960746380717	0.0412844976757601	0.0528327340016429	0.0146913689872435	0.0056206486907179	0.0185283991212876	0.0168432121229053	0.0203179918861726	0.0728877721595399
Hypertrophic cardiomyopathy	0.0221905994206055	0.0208488993795288	0.0125982891938952	0.0624703197512717	0.04083741637662	0.036398550010051	0.0235590170393231	0.00353652816954039	0.00276422465349516	0.00323574424351026	0.00139126896020916	0.00204269075782761	0.00321952978269993	0.00243926960705627	0.00292636671395622	0.00424700398330845	0.0029382830469011	0.00277207486590228	0.00657309164027331	0.00512759421770275	0.01445113492565	0.0414530896083699	0.047262963690956	0.0313073170598252	0.0360197646279075	0.0172430869695651	0.0134231355929088	0.0163720997678579	0.022694126443726	0.0141959859796228	0.0193789302177989	0.0103533300911033	0.0045137601617267	0.0128647869863853	0.0177491226736615	0.00357238498313555	0.0413395330056547	0.0101480571054521	0.0021747158870168	0.0159484410309989	0.0115037873719907	0.0032079779551968	0.0111883001506908	0.0200155776559409	0.0132975768618846	0.0158171013659865	0.0214990371377782	0.0503326439628566	0.00903374935945492	0.00625648584307023	0.0147318689882239	0.0310903219138318	0.0294561139728236	0.10798692883727
IL-17 signaling pathway	0.0281326048936395	0.0300263801214278	0.0176007957015141	0.0211718447178992	0.0211405887338271	0.0201139155915621	0.0243545100672515	0.00360939696229469	0.00366867159219534	0.00416266982114171	0.00931737557801338	0.0102143497487048	0.0049634624681924	0.00480438089846671	0.00398813038052111	0.0043532522137257	0.00378992002868188	0.00368079845928768	0.00726462318747903	0.00480605583098062	0.0243817051672291	0.0230272380665363	0.0569238105018711	0.0232280039357412	0.0230570411260223	0.0187253881715811	0.0188602944749388	0.018535280103996	0.0196419541392007	0.0189503358894006	0.02807792266458	0.0090829492348349	0.00457877388103755	0.0110443415041974	0.0130933799402081	0.01066689265804	0.0456635093734241	0.0179402622206741	0.00766241967248263	0.0272560480371491	0.0332033463555186	0.0068659828865317	0.0130638860900347	0.0216081129918497	0.0290568941832778	0.0270196719407794	0.0323716114327624	0.045928368334541	0.0153477125729635	0.011396549538923	0.0238972681956288	0.0244453044451655	0.0241905101381766	0.0400435031338958
IgSF CAM signaling	0.0187685621167131	0.0199889415241504	0.0094563491403056	0.0129071669919946	0.0183776081889258	0.00699539449926279	0.0126272722677104	0.00375818206469285	0.00288606988574276	0.00357818416054847	0.00500572595981015	0.00464964813297233	0.00305847343174363	0.00308765494100626	0.00390167083355576	0.00533045232814173	0.0028855984168075	0.00280253539258425	0.012408610209166	0.00675553145463149	0.012289635866359	0.00125431469157882	0.124259667789272	0.00963399091659768	0.00927645448619963	0.00739861437188781	0.0114591997467324	0.0067116174099896	0.0074312238515395	0.00686574085190179	0.0133150986401133	0.00426978732897281	0.00246573524633419	0.00713426202266115	0.00654964059003517	0.00656563281883784	0.054469567422888	0.0161362189266935	0.00147722601741843	0.0143423508797563	0.00451673518274972	0.0034612403424694	0.00811581278055941	0.0114860683223126	0.00653426574630997	0.00668990867429175	0.0435120791912424	0.138595563813486	0.00800859425926074	0.00382451003625782	0.0143101484344649	0.00786678132703917	0.00937440516166593	0.251168274911655
Inflammatory bowel disease	0.0202148324030404	0.0284568778832968	0.0111190239118213	0.0227625311309859	0.0209025320627439	0.0147606418353976	0.0176419759543215	0.00503191446218666	0.00469813439846348	0.00515801431717722	0.00748199315512481	0.00759554678372775	0.00526469608058696	0.00550516955665013	0.00507838762328778	0.00623118648913186	0.00482425926721155	0.00449590982227224	0.0111700200827829	0.00637180356496362	0.0169859566145471	0.0223398834134068	0.0833839149865148	0.0327975314071538	0.0163655935652465	0.0124169263216676	0.0162986433055954	0.0122084403529875	0.0323399769674372	0.0114853019549851	0.0172060461699001	0.00817587815450362	0.0041236202618951	0.0108743113414829	0.0102286979924107	0.0092407369704124	0.0397737524086877	0.0156891589294766	0.00450394654983281	0.0220482614742768	0.0123638753053632	0.0038061218674906	0.0136170480388993	0.0158424144542645	0.036228456284982	0.0385079469328354	0.0266906298975346	0.0664672051827695	0.0101895569420331	0.0173761032428721	0.0168650788323953	0.0147956714601397	0.0363314767194006	0.0776663849114254
Inflammatory mediator regulation of TRP channels	0.0186703962675612	0.0272377408561025	0.0273078824020449	0.0157327511914341	0.0256473025437055	0.0194370668473612	0.0761021806516485	0.00423528006198628	0.00357213521778244	0.00415347180621237	0.00214031044117145	0.00237954437977433	0.00491908075301335	0.00543949015330928	0.00554907269095666	0.0062334355214683	0.00237866932373331	0.0029272709841199	0.0140589024193322	0.00673059489547982	0.0170288006010123	0.0127698291780639	0.0218166901496387	0.0341158631426733	0.0334179198949209	0.0503984100308267	0.0281066309454476	0.0150045013507401	0.0241450869485396	0.0104880207099707	0.0478449835090223	0.014444849756284	0.00275291280170118	0.0177704995362458	0.0425474682729685	0.00149435921675139	0.0273089273290947	0.0237687377944154	0.00117976573598418	0.0172166340953871	0.0184077366456903	0.00546005717324185	0.00952943691966954	0.0292465712820564	0.0271207810628694	0.0276008269561115	0.0210315362260569	0.0141188639865409	0.0170108741454001	0.0111006316284273	0.0140880301352739	0.0365043380972076	0.0416684869675599	0.00863835836600872
Influenza A	0.0240188898776958	0.0341636080293297	0.0152686882064054	0.0201267650788971	0.0223721686828857	0.0166079310931367	0.0211821451961204	0.00468522536518881	0.0043947544530753	0.00506974906704763	0.00623825019298138	0.00641300144267926	0.00541563328674717	0.00561917868631226	0.00482475099458385	0.00572990171325277	0.00481362290448005	0.00429075301832699	0.010818337507607	0.00633182129024842	0.0220729205373977	0.0249633975324918	0.0394534907513825	0.0269024686029794	0.0198626790790375	0.0164573357303088	0.0204735671780311	0.0155079808063516	0.0245982520021847	0.0150334469221778	0.0266140448318524	0.00835337395730055	0.00464377143850104	0.011665029237868	0.0116745558059189	0.00960147705105431	0.0495929288357018	0.0162984745360164	0.00572765191898886	0.0261527569601615	0.0200364635772176	0.00504619169685608	0.0123203396317596	0.0195925606298826	0.0292413446912166	0.0286202633909141	0.0300874325118282	0.0619055793909805	0.0141825988220893	0.00816755278254729	0.0210106635876618	0.0202033942295943	0.0285325231648843	0.0770183120898596
Inositol phosphate metabolism	0.0263605754961114	0.0275253067225107	0.00957302153450855	0.018027864967176	0.0235717305279163	0.0186632817562753	0.0169499652003632	0.00643169955405997	0.00657265770297074	0.00645083272229769	0.0173184368926123	0.0136135095408147	0.00703683458399743	0.00770397228904589	0.00619028253139265	0.0105556861257031	0.00612167402294239	0.00545569883105538	0.011757171920207	0.00907325175795897	0.0227023406976342	0.00883203252051292	0.0750970609376187	0.0257150429771446	0.0273241590822822	0.0133147891512978	0.0137352915444729	0.0132465778849167	0.0107447606470083	0.0125566704491175	0.0232376832541979	0.0068403587837369	0.0044744634842641	0.00915971616863202	0.00950712683347388	0.00591615206131462	0.0330143186317233	0.0204805854631983	0.00489278877446545	0.0327564722366952	0.0143878113584557	0.00442721467605374	0.0118291900775556	0.019526768880157	0.012244739859897	0.0129610980303111	0.0453278078746528	0.0808940944341286	0.00960707606148199	0.0103722486178477	0.0187499206392206	0.0241825666847476	0.0217025261259336	0.0852850904159295
Insulin resistance	0.0571530712726242	0.0732160241302763	0.0149504859822972	0.0222249480343464	0.0272383070815669	0.0213738420759138	0.0214591182517109	0.00371702441203688	0.00366917347653898	0.00415320112264886	0.0100787376426963	0.0094583541499564	0.00433397904355917	0.00441341714327845	0.0038594151357716	0.00451737563290927	0.00365903851097591	0.00361253933515286	0.00574943896374774	0.00472340529290605	0.0492399439428582	0.0166977552015282	0.0275873575074952	0.0218151614759259	0.0224627911797827	0.0219123561176181	0.0178110785849264	0.0209096281784142	0.0153552545984808	0.0201475032083022	0.033580758238774	0.0125233719795537	0.0119187813793413	0.0100077078612452	0.0118819302638102	0.00895044675344911	0.0417057007659616	0.0140008750754722	0.0102812726674306	0.029805371311352	0.0224475541786854	0.00579887151567718	0.0133217824374171	0.0194872237131984	0.0210768569365006	0.020497905588178	0.0198420262155307	0.0329743819930983	0.0167425071329872	0.00815880994384728	0.025993949942795	0.0233698645592183	0.0229829444681539	0.0251493783920764
Insulin signaling pathway	0.0268779057949844	0.0510085045709824	0.0118019708280868	0.0214393516406271	0.022487937192066	0.0205011087602105	0.0231457382959114	0.00481425518530834	0.00492406514692442	0.00569206396049518	0.0150211972763983	0.0155650669866067	0.00545276857512388	0.00564934144127789	0.00471914608437655	0.00629313023370528	0.00544878721862469	0.00469135030553975	0.00761971119836569	0.00611161738779843	0.0260571317135102	0.0149605275741492	0.0456394420130539	0.0228336382918447	0.0285421348767423	0.0211606077947021	0.0176523199625698	0.0215111789527398	0.0150461321815721	0.0198086290258511	0.0394083348701048	0.00793941639749326	0.00466225791797076	0.0150939013336073	0.0194319098421541	0.0131884122128485	0.0446631740287805	0.014197477219414	0.00552099271484817	0.0224028936168096	0.0229284875666202	0.00490801695154193	0.0241998538374754	0.0213350956742902	0.0176237952792647	0.0179886636948103	0.0262826403604252	0.0372806822309287	0.0207707736994451	0.0251694535551429	0.0221000252302811	0.0230378278577044	0.0213362631879094	0.0260528902499807
Integrin signaling	0.0220665535140442	0.0230399087871539	0.0101958709836907	0.0275202611067538	0.0271339474304632	0.0146257259877081	0.01511080471258	0.00367589043304431	0.00246863218525574	0.00356387498066625	0.00284181008654768	0.00278886701120351	0.00237431122116279	0.00244611668128605	0.00357402200069001	0.00460046165673365	0.00290555961498897	0.00274850495559094	0.0120279378165312	0.00649995737453043	0.011574645876711	0.0109526268578569	0.0681836199439496	0.0140829871966156	0.0151351450535623	0.0102907126462936	0.0114538640376203	0.00943902127640696	0.00942636476574239	0.00904438607546574	0.015263719580039	0.00618679671776319	0.00303945390031956	0.00768878929333299	0.00702068690458934	0.00626648843246436	0.0579973786166449	0.00956199072782111	0.00164135710422272	0.0138899769534288	0.00623117762535639	0.00262903656765968	0.00672695077960051	0.011142425742477	0.00632794167199998	0.00710322959187802	0.0315442677203757	0.121969956430929	0.00766877954595738	0.00406431934467306	0.0115380288510859	0.0128790401343765	0.0130028335460165	0.266822981946139
Intestinal immune network for IgA production	0.0247728616132282	0.0558323125423641	0.0171395554801386	0.0510119191505935	0.0376144973820663	0.0211850161191183	0.0193661607156969	0.0034596619524643	0.00237698087859401	0.00321877906677783	0.00129254144001448	0.00148951707654483	0.00242597692105361	0.00216484446130527	0.00295404075463852	0.00474653038736754	0.00247069137036609	0.0025750356236956	0.0100852841653591	0.00579527553777803	0.016009781823829	0.0208105450289297	0.103581263500028	0.0195009255174921	0.0208844834592612	0.0183829272891635	0.0160624139830479	0.0175326020467859	0.0146520240692992	0.0149072427352114	0.0263994018722956	0.0129420414840063	0.00404855640751597	0.00886619540567899	0.0102913690042366	0.0046536656385372	0.0407085089629716	0.00861260940967627	0.00166033377388302	0.0148030183318557	0.0119110994902836	0.00257233823316301	0.0220799815608422	0.0137555164831706	0.00922908842681146	0.0098177552735462	0.0223455456923524	0.0839078316338256	0.0114632692419796	0.021516516549921	0.012113767615548	0.0186837490079959	0.0198254181194611	0.0734907302882295
JAK-STAT signaling pathway	0.0278128191395296	0.0447435437578684	0.0136215185737446	0.0251495698684877	0.0247348146878562	0.0172176500644239	0.0196736928273946	0.00456829060531906	0.00418317668934094	0.00497019593171114	0.00543188842674438	0.00540910675318925	0.00456962872253896	0.00505841552344847	0.00468893426995415	0.00603203170005594	0.00474434669066984	0.00443749050439562	0.0116160883274062	0.00662141341431856	0.0226741803720113	0.0252313547330814	0.0873693694035397	0.0180830408745259	0.0180561172572706	0.0163193793882278	0.0178275570359685	0.0156021387349588	0.0144418791048353	0.014361798257271	0.0275932087132602	0.00945167929593787	0.0053159326044885	0.0119603613242558	0.0134117060415973	0.0107488726810056	0.0449266539186793	0.0147265719467737	0.00566014822300956	0.0240948747969128	0.0186165538887807	0.00515176691191472	0.0199315993120418	0.0167477294378218	0.0164149054800797	0.0160385213761608	0.0308409057684698	0.0684073278096337	0.0159943928516826	0.0139007668832147	0.0189057018962464	0.0147876874495909	0.0186680326641852	0.0624526670841688
Kaposi sarcoma-associated herpesvirus infection	0.0270294884297149	0.0307847298881193	0.0167030730516154	0.0262394629092306	0.0253793820878997	0.0251297580850568	0.0233434370571644	0.00428519757694791	0.00401732870699483	0.00507557489456933	0.0077653611904452	0.00799045177151156	0.00485294073224163	0.00499331673795211	0.00453670058516526	0.00502833849155857	0.00421916638045858	0.00439613860463318	0.00924695834085389	0.00568903467871857	0.0259304422224434	0.029874329089203	0.0572351821884352	0.022794722639477	0.0220729200363125	0.0194501752509454	0.0180791041837637	0.0188449375362288	0.0180482592799253	0.0184675282504695	0.0287944443011796	0.00992313370194689	0.00538155032798254	0.0103894814412366	0.0120538896731947	0.0102628523899477	0.042664183310219	0.0173326392523933	0.0101913078640215	0.0282153095061573	0.0250368519561231	0.00585045318327414	0.0135239196698493	0.0199769093440404	0.023466844146326	0.0220796659340473	0.0271778153224114	0.0413530679688924	0.0152281946189152	0.0137676643656281	0.025051903185538	0.0237781369488391	0.0242676354340751	0.046728705275706
Legionellosis	0.0231057196779429	0.0281143870661636	0.0125340837628122	0.0170596626815343	0.0205612763580399	0.0131710542155064	0.0197979509574029	0.00353775271872947	0.00255936506293902	0.00361194199014793	0.00456284650356589	0.00439320508090563	0.00271695375560319	0.00283613995869791	0.00368627196215724	0.00444095325018131	0.00296990512073504	0.00288385700036185	0.0110352381727885	0.00599463891415487	0.0176505215460243	0.0153967405634273	0.0375464256109882	0.0285592457910647	0.015427557538647	0.0131533385992727	0.0218187850441625	0.0127173575105139	0.0309844586753392	0.0121870389143364	0.019030527445112	0.00645925936479246	0.00345277595967942	0.0106960622354264	0.00983671719442562	0.00621534432044914	0.0515232417379021	0.015875908343478	0.00406913877414071	0.0229588584035506	0.0150669952721894	0.00485450118564027	0.00841275267058341	0.0158908296607181	0.0385550212371761	0.0385790255634025	0.0358703856315952	0.0773896591858301	0.0110869923656839	0.00503753368153077	0.0144271410688859	0.014210478170895	0.0319443538694083	0.143541822653358
Leishmaniasis	0.024017236645501	0.029398039341077	0.0134168789699674	0.02289262680036	0.0232031727755077	0.0143815242665522	0.016650197361227	0.00424451278241755	0.00346603155038669	0.00445610350291552	0.00409803384472751	0.00382055967261037	0.00356465599634458	0.0040714424310544	0.00429439807334285	0.00553488732616919	0.003910386079952	0.00369593867934968	0.012246171532165	0.0066230143151979	0.0167777461347685	0.0170513744253667	0.098727090732174	0.0148219108913331	0.0146517470338162	0.0127419805333331	0.0147101804437559	0.0123299745489349	0.0119676086772516	0.0118778485433652	0.0182182654882318	0.00823925962896705	0.00419703579196021	0.00902176645264306	0.00907532839327933	0.00604525126938754	0.0494313154058768	0.0130781184811105	0.00392906822811423	0.0206869455110879	0.0123381422297199	0.00425255325910677	0.0112335249017962	0.0134932813446193	0.0127809516073891	0.0128317699237271	0.0270656338440976	0.084361201835819	0.0102027286705747	0.00800850035731252	0.0159558556928419	0.0132773347393991	0.0154599262043856	0.183172966827628
Leukocyte transendothelial migration	0.0287946851100139	0.0266700974540367	0.0094038403897901	0.0171033055470963	0.0223914743232356	0.0118106407173025	0.0140640699585395	0.00419178567221879	0.00315208162682195	0.0042284049247101	0.00282750273222119	0.00273560532298728	0.00301983040483336	0.0033271609635474	0.00411605309001275	0.00526517762565869	0.00365992465370205	0.00337243313949816	0.0133312391685181	0.00700036243848127	0.0174810932153916	0.00618761894637279	0.0801901053891275	0.01101105601137	0.0117946604765121	0.0106379568215772	0.013458988363444	0.0108188997094876	0.00676620923765485	0.0107080492527055	0.0158345148705416	0.006202377128225	0.00395908469653782	0.0081391963446555	0.00731515183277814	0.00491967852146325	0.0621850960619908	0.0103578502457526	0.00247251694678697	0.0166283923650714	0.006730388862627	0.00305785961713416	0.00673166795174904	0.00963826998740516	0.00645457942704342	0.00739267572827056	0.0308493553371236	0.106792492275192	0.00812418115235485	0.00346781147590142	0.0159970914198509	0.0116527419273448	0.0106680857707222	0.264908627366609
Linoleic acid metabolism	0.00957722411287262	0.300239048800306	0.0137996064778144	0.00912155066801437	0.0159892257559304	0.0100558920631992	0.0403793724323388	0.00263169402425601	0.00269548951165138	0.00661819530492277	0.00165995365756852	0.0018264875434516	0.00424687663682417	0.00419972721409337	0.00379851112631749	0.00529782203097765	0.00697263330524346	0.00469234567228019	0.0076191703863992	0.00371089517645276	0.0135678408027523	0.00644891364854758	0.0111060446356795	0.0180725981064309	0.0186888009579245	0.0374786315964345	0.0196947099981132	0.00848977707852908	0.0169241390894539	0.00606727196552329	0.0347721626154213	0.0200236476290659	0.002404191368746	0.00902161914472771	0.0213857557773758	0.00100766931115626	0.0606216248617293	0.0125721605950341	0.000869953215608963	0.00911165341059813	0.0105822550875277	0.00281645884916346	0.0296005099138802	0.0159220884132213	0.0182027867897454	0.0175458994239676	0.0161422747659282	0.008514759290587	0.00952187034765438	0.0239326706796323	0.00738459060726915	0.0187345529073316	0.0220702862472987	0.0155681089670261
Lipid and atherosclerosis	0.0302896512350498	0.0348981616379941	0.013555410462015	0.0179489198339905	0.021146092071562	0.0152883026011	0.0197342536673569	0.00406853919959172	0.00360222659622272	0.00470681905499461	0.00591066950050286	0.00590384597059982	0.00419592526312131	0.00440356921944948	0.00416198223908834	0.00483020848659757	0.00408588562327594	0.00375621214029325	0.00986593324868869	0.00582938305647299	0.0259619731858687	0.0166840543047858	0.0497649530736041	0.0221825415865109	0.0174470857348358	0.014717234762143	0.0184653599904693	0.0137964432568483	0.0208042905755183	0.0137062275929361	0.0203657419429199	0.00837327124341882	0.00618381288142679	0.0105374071552282	0.0105379005542445	0.00890608370999173	0.045616756091084	0.0165228410157097	0.0146944992220217	0.0217891936383185	0.0169242844079749	0.00503578194388167	0.00989681447444016	0.0165976723701988	0.0236286266942063	0.023827951472058	0.0306375401905503	0.0726106654644288	0.0124136088615542	0.00919236783105876	0.0202168388880139	0.0171293365919046	0.0236055222004862	0.123043325983392
Long-term depression	0.0217898177716581	0.0235189501716523	0.0162906700028624	0.0208833935136691	0.0230880601964806	0.0198870513859691	0.0364812293967668	0.00630674162701249	0.00598285922299507	0.00538607687402102	0.00837543248089802	0.00801603987949037	0.0066346601305864	0.00697024211154294	0.00648944102892395	0.0074188481858054	0.00480785556329121	0.00458390974684721	0.0162300782757477	0.00826174969898361	0.018840340429241	0.016022858407205	0.0718781560466673	0.0218821358673886	0.0230802571189531	0.0271059136658264	0.0176843325812231	0.014812551279044	0.0149887172374475	0.0132063573316404	0.0290067309042085	0.00933358645054323	0.00404401160167738	0.0111344688022544	0.0208355509731891	0.00519133976317387	0.0394910131871167	0.0193880622481048	0.00213193464682156	0.0189745363630134	0.0152670013178348	0.00484374312724991	0.0123886231929481	0.0192005842007438	0.0143370566842985	0.0151424402403282	0.0224021788572471	0.0518141027592855	0.012494673233733	0.0091048345946464	0.0188251142506249	0.0234152491543689	0.0241267137468949	0.100201722469853
Longevity regulating pathway	0.0270309200693728	0.0338668427641852	0.0193017342924559	0.017911122436089	0.0185338854845786	0.0224596022830807	0.0269704406202055	0.00448007446212222	0.0051356177237027	0.00581760651408889	0.00795631004019816	0.00744742657867114	0.00493175050884889	0.00676380697168242	0.00453711893397521	0.00580761399727871	0.00485332191271921	0.00430651009103884	0.00713784449945424	0.00600444864452895	0.0244566234442216	0.0283817502645075	0.0455740604358944	0.0220203965150022	0.0224489895201539	0.0210937782365764	0.0175792204786528	0.0185087423654987	0.0176633285019053	0.0200018887261514	0.022788858805324	0.0106043955644877	0.00743691261056028	0.0179441714272504	0.0182193305777501	0.0202876819528859	0.0364558872297239	0.0296515879700974	0.0938010345512284	0.0219683623763058	0.0178267334338899	0.00910699778377213	0.00902429587104681	0.0228463245186036	0.0182453835728143	0.0192760187465836	0.0178222242557156	0.0176157716172043	0.0144826219097762	0.00691505970638286	0.0191040136302962	0.0221001523094524	0.0226830788450345	0.0248103234169722
Longevity regulating pathway - multiple species	0.0282437517688494	0.0390873548725578	0.0236690878952007	0.0123039850521993	0.0139508023533049	0.0189667699792247	0.0259206084816094	0.00585544842713825	0.00726258917886558	0.0077508717522692	0.00549909134173014	0.00422056506756698	0.00567143648430707	0.009473320265187	0.00555159353789353	0.0078172203053745	0.00624898358327768	0.00522075065129102	0.00783091914974142	0.00759582564483762	0.0249558794355191	0.028094577479346	0.00215001426955543	0.0147193438228145	0.014470109764553	0.0204339785132205	0.0148369760724636	0.0169530147720038	0.0135665645043458	0.0199523298229772	0.0166818907923671	0.0115145714011382	0.00963496803612034	0.0254109708367742	0.0221608196267673	0.0328850868781129	0.039124479347747	0.039959891758637	0.176976137609319	0.0165470863069344	0.00974305239308093	0.0109279907896209	0.00806023518082502	0.0231928514638794	0.0116455932736641	0.0121246949757936	0.0128155759875951	0.00801046741352423	0.0136613082880798	0.0032966370821142	0.0139511754735598	0.0153786477781853	0.0186227766001189	0.0293993264568163
Lysosome	0.0204697165222173	0.0248344123022401	0.0118289584715947	0.0135224494074205	0.0187794807299437	0.00669058992078913	0.00825896662717347	0.00294002776892587	0.00220386058603454	0.00296496907779994	0.00123682114432559	0.00151459296804437	0.0033857491526502	0.0025734345580201	0.00350744939165138	0.00465744478287023	0.00225969939779602	0.00281422109336912	0.0164571820195753	0.00745219399591022	0.00896586619799925	0.000163323293757805	0.000435069873564919	0.0049266217925242	0.0051456429464897	0.00702426297165482	0.00508287029438316	0.00603931994550496	0.00328528619992313	0.00572375089890392	0.0127400295805724	0.00770865670936561	0.00293154125187074	0.00417190723288796	0.00226046903432431	0.00429154537860423	0.169033826474175	0.00617073951648364	0.00139426460361988	0.0138744410044205	0.00360412498286897	0.00235671251183278	0.0063055705144831	0.00620704244934155	0.00192017149296981	0.00237757500567872	0.00447713992745023	0.124455399777272	0.00525274086419001	0.00221462731894592	0.00659611426978114	0.00434286379325423	0.0056437269960171	0.394524534976533
MAPK signaling pathway	0.025605157025602	0.0268419430492376	0.0175313883719433	0.0346274720585421	0.0288707956873717	0.0300234264876226	0.0275863709527017	0.00410338358556652	0.00381538272950672	0.00504021592775739	0.00640098454665854	0.00705720845136892	0.00485587702747592	0.00484548010568974	0.00421114997864606	0.00471799802261491	0.00396166878875219	0.00424584473100502	0.00782350280904013	0.00528483463899408	0.0226416909853762	0.0253872127160107	0.0369253312311829	0.0262153841064398	0.026966764473382	0.0200559661940699	0.0177469454497589	0.0174526965622765	0.0177829145266165	0.0162960513727638	0.0300788199864948	0.00920373844768512	0.00506945392360078	0.0140316346497272	0.0168638081604392	0.0107357204035447	0.0407485345890486	0.0163776966070042	0.0119063943342525	0.0252423966194227	0.0233502486044503	0.0052890752728112	0.0122482347096131	0.0227031192279648	0.0227752602343436	0.0221769129836829	0.0226421716448907	0.0509063025029271	0.0145666786237978	0.0144466253244084	0.024185420451539	0.02924347647045	0.026398105893395	0.0438891277405323
Malaria	0.0565036975194575	0.0618922063933411	0.00891431576546131	0.0269967590561216	0.028741623901406	0.0159152248730731	0.0163845996708523	0.00325199556078052	0.00261733785792427	0.0035951165150493	0.00360785474597305	0.00429102284490788	0.00291472935878425	0.0027366630881249	0.00313661935131631	0.00409328638482435	0.00310825634681665	0.00283107760949812	0.00874139885874462	0.00511225914131398	0.0402678241275868	0.0152884494186848	0.0525580110971706	0.0245767699586906	0.0153972043023115	0.0126051445546842	0.0156855395903045	0.0140644078102376	0.0211143869454369	0.0127620176801287	0.0180646542008306	0.0111565867289059	0.0101643036388752	0.00898571883863386	0.00861416385126565	0.00558263973312222	0.0487181765637048	0.0104218662318053	0.00509083644927471	0.0206314255309771	0.0109445453325779	0.00280977480628864	0.00977167568723937	0.0107174356578972	0.0225714537421598	0.024587200447523	0.0247597408477058	0.0787051421880599	0.00918029252178991	0.00755321925624172	0.0180747796135533	0.0156436093441642	0.0271626032990398	0.100382355159357
Measles	0.0239544589173393	0.0268021281351734	0.0181829726009468	0.0203688918603363	0.0214251477657623	0.0188165491969196	0.0224816593732342	0.00388894924682655	0.00377315614197381	0.0047754367740526	0.00756009875713022	0.00799280886725935	0.00475896295715007	0.00497959563531079	0.00400168802151185	0.00476661715862789	0.00399711954807238	0.00407493587532123	0.00768398071139095	0.00494738160306919	0.021170279285736	0.0309969957038006	0.07131986299648	0.0242192378046953	0.0226092032946646	0.0164351856237659	0.0182320059837917	0.0161123477598249	0.0176940463395281	0.0165016553092295	0.026512015435782	0.00839229501775969	0.00433477717314299	0.0115421041615009	0.0123112676391278	0.0111219163417445	0.0486670603014199	0.0159412439581653	0.00629918674338112	0.0236441866109312	0.0306768620909922	0.00577398716657905	0.012484059495548	0.0208130446470429	0.0234630929682853	0.0215087916108292	0.0304607691581494	0.0681762331423518	0.0142752244344123	0.0101509747021619	0.0231474888919935	0.0237570053254389	0.0230632848690905	0.0489597688652443
Melanogenesis	0.0313870785301026	0.0265667658704739	0.0123526763659036	0.0348388421885645	0.0296402975639326	0.0319252819072128	0.0218401852452136	0.0108893939258461	0.00987754082434225	0.00924141067179238	0.00681428236358808	0.00768542730736201	0.0105881937962148	0.0104864718600027	0.00965683393273009	0.0125478416200074	0.0096885755670993	0.00825772769267995	0.0247992305792417	0.0129202457882938	0.0244791972160568	0.0307150502080709	0.0270953262418666	0.0221094781959762	0.0271521764824852	0.0230917743301412	0.0147374396554806	0.0228369605948161	0.0102076926680316	0.0222795149722769	0.0269425662808495	0.00928396446402594	0.00692345577261345	0.0090839686585122	0.0120510932499714	0.0067190314946386	0.0387788724017866	0.00969396118571215	0.00409090700369427	0.031915822575774	0.0220221902214821	0.0029028557613079	0.0186893418594158	0.017599904722883	0.0106294250468556	0.0120149525776535	0.0161442427679627	0.032110698425011	0.0101914635803261	0.0125446293943334	0.0206060205901347	0.0273122250949164	0.0204930331944087	0.0645464595099252
Melanoma	0.0364430420600116	0.0376915144576429	0.0101641542452997	0.0575414178949288	0.0391148053710437	0.0530597658300791	0.021232218594689	0.00611349180919556	0.00643115029683055	0.0068785244085469	0.0121323087194313	0.00967981794270688	0.0062418606032382	0.00766849808009156	0.00565256543751784	0.00743195838427984	0.00617148907137703	0.00610231905325069	0.00669914632943586	0.0071779754654333	0.0282794798605666	0.0346376093555668	0.0286752485007409	0.0255031486541287	0.0259616541996188	0.0148396368916045	0.0137960213951446	0.0155618803109858	0.0167397359757912	0.014766735874112	0.0288228609019198	0.00965194179716717	0.00760756587002126	0.0164708070116543	0.015331525804478	0.0108782550598289	0.0297234156032978	0.0109908870362245	0.0223791398926921	0.0288329612399142	0.0274942451234018	0.00541577204494095	0.0131825391685301	0.0155757491495029	0.0217024559617251	0.0217339834309233	0.0148679632177481	0.0142435986055481	0.0139913971035701	0.0104758624435995	0.0209166329895224	0.0257402396177791	0.0252859785727109	0.0202950472800093
Metabolic pathways	0.0170259563072346	0.119984476807699	0.011935149224104	0.0141089583797299	0.0182001297906408	0.0116851320627274	0.0299766555073994	0.0039345877480938	0.00388305441145162	0.00536707651327717	0.0110846060234293	0.0100964702615133	0.00446734968083762	0.00471964639907288	0.00425094421078661	0.00641736440088792	0.00522073615672789	0.00426466164192057	0.00956172448493562	0.00614442044102911	0.0160853154262071	0.0148015662626175	0.0386679740788893	0.0184583710643845	0.0174633402204597	0.019596972532664	0.01472062308516	0.00989287271972216	0.0131823968276898	0.0088078024772466	0.0231842885643536	0.0103975824745768	0.00299086765623602	0.0112487669631482	0.0135359763436588	0.00602800096579169	0.0576806522638739	0.0143493093089672	0.00567922257479777	0.0174217398841622	0.0172928326486524	0.00419273182076888	0.0153558078300257	0.0148572698050775	0.0147104486048567	0.0165427171315864	0.0293467778961476	0.0947716162483094	0.00890976122915782	0.0134508494157622	0.010973234067137	0.0164239405821381	0.018406346283661	0.0882429242886146
MicroRNAs in cancer	0.0229568484610236	0.0307224255501712	0.0559255305071626	0.0233366192543224	0.0200762265029918	0.0206924715419805	0.0203912969748726	0.00546008192378724	0.00556716042694501	0.0067807513150444	0.0132091302185391	0.0125675956152071	0.00611127773558611	0.00644216179400623	0.00634703314505833	0.00722526074078123	0.00558815535707355	0.00645080701997323	0.0101013095758296	0.00845414785002481	0.0218696616733495	0.0267713282906992	0.042631937398322	0.0261502994572982	0.027226215320233	0.014576038452189	0.0162775057365847	0.0154369905639984	0.0166084409816198	0.0142194969213523	0.026266609783289	0.00678056370602377	0.0048986420127086	0.0156930553042387	0.0184517459907749	0.0147579364362402	0.0322910316682686	0.0121173791324297	0.0103541538514322	0.0225310675605156	0.029000180132428	0.00517386202775054	0.0168080676710149	0.0189092986357119	0.0197690590959723	0.0218713828627293	0.0294359876283156	0.064920999862651	0.0129316918526408	0.0135663544413473	0.0188325878115088	0.0242118050014503	0.0230318789564705	0.0212204522680608
Mineral absorption	0.0178213795555928	0.0481347888800921	0.017696805571726	0.018176075444577	0.0121101717915036	0.00604582371549923	0.0115957107946003	0.00296317199899868	0.00308701047183579	0.00409280783858156	0.000937384116631263	0.000906737376764625	0.00217038588484012	0.00290159037148104	0.00308429211412454	0.00346073816569587	0.00340108234894068	0.00380064541340989	0.00948699632850448	0.00677731672225218	0.00899636494504932	0.0582034294826042	0.0111268946350764	0.0153691032426641	0.00451069050167178	0.00870933621264085	0.01099990356538	0.00722843091827911	0.0143313121271554	0.0065174592309983	0.0106521331049994	0.00462464190539365	0.00203420639333158	0.0243867001607852	0.0167181607747927	0.0196212565782366	0.0621731774779611	0.00575131345522542	0.0214526975278205	0.00651078893139831	0.0504782968075706	0.00113399506527482	0.00503837029901338	0.00343371429289189	0.0213338878705901	0.0322790586592424	0.0142302431762471	0.282053020174935	0.00741888505915162	0.00865689207348771	0.00668335696467748	0.00558013191378283	0.0130277335172561	0.0500834980487639
Morphine addiction	0.0313870785301026	0.0265667658704739	0.0123526763659036	0.0348388421885645	0.0296402975639326	0.0319252819072128	0.0218401852452136	0.0108893939258461	0.00987754082434225	0.00924141067179238	0.00681428236358808	0.00768542730736201	0.0105881937962148	0.0104864718600027	0.00965683393273009	0.0125478416200074	0.0096885755670993	0.00825772769267995	0.0247992305792417	0.0129202457882938	0.0244791972160568	0.0307150502080709	0.0270953262418666	0.0221094781959762	0.0271521764824852	0.0230917743301412	0.0147374396554806	0.0228369605948161	0.0102076926680316	0.0222795149722769	0.0269425662808495	0.00928396446402594	0.00692345577261345	0.0090839686585122	0.0120510932499714	0.0067190314946386	0.0387788724017866	0.00969396118571215	0.00409090700369427	0.031915822575774	0.0220221902214821	0.0029028557613079	0.0186893418594158	0.017599904722883	0.0106294250468556	0.0120149525776535	0.0161442427679627	0.032110698425011	0.0101914635803261	0.0125446293943334	0.0206060205901347	0.0273122250949164	0.0204930331944087	0.0645464595099252
NF-kappa B signaling pathway	0.0268060373606405	0.0272823334655384	0.0152886274788468	0.0276830085549679	0.0238503633269301	0.0246585482777133	0.0209351187579416	0.00492863798466802	0.00484342589761452	0.00574861271878563	0.00921461189908965	0.00927085370342134	0.00563417549289782	0.00617123486363418	0.00504451044172783	0.00609364071479027	0.00515331317550552	0.00507841813268213	0.00919774425344594	0.00654563141325581	0.022643303832052	0.0187927583147525	0.0861514274932136	0.019482611248854	0.0212408369608414	0.0170309442561557	0.0161901488975492	0.0170089212325472	0.0154238636725393	0.0170224846589319	0.0239774151082414	0.00837401684917535	0.00501798688243766	0.0122769383076023	0.0127007735286447	0.00991225672242216	0.0430014646929337	0.0172585383819	0.0119229401501915	0.0254937019623621	0.0250761555991658	0.00598507448954481	0.0126856097044396	0.0194122673248251	0.0231712211063943	0.0223191809207824	0.0274221029795039	0.0504316329922918	0.0137766965624335	0.0104918549776159	0.0229030403166502	0.0234357277859577	0.0209206593512943	0.0516165948216558
NOD-like receptor signaling pathway	0.0215534637289354	0.0262232121557378	0.012428633688375	0.0188562231513005	0.0193458025743891	0.0134271443720012	0.0188924709286646	0.00410058324200835	0.00368184294798425	0.00417363433200128	0.00583466831168666	0.00600512206787739	0.00449191727034181	0.00460277817898996	0.00423952686325856	0.00524021949191299	0.00399635903331281	0.00350368508500502	0.0104204046479001	0.0060165718974139	0.0168519514133401	0.0186190480719219	0.054408087408065	0.0267459503951842	0.0154145246324061	0.0134386496705149	0.0186991998048563	0.0124923267978767	0.0254514992272505	0.012437632748777	0.0198561832758865	0.00691213600527953	0.00353740253818413	0.0105381653393022	0.01007293863828	0.00701852737695385	0.0504368840849391	0.0159168994139701	0.00453587223665193	0.0216327888041084	0.017504678950415	0.00475373304209857	0.00960662323745061	0.0160901524118219	0.0324866309748122	0.0328298942898182	0.0320010581875811	0.0722442734884997	0.0111122242213792	0.00814821309936587	0.0166066151188598	0.0147408918149771	0.0293810061069749	0.1404430732031
Natural killer cell mediated cytotoxicity	0.021836360813387	0.0240339291366093	0.013108832689538	0.017265267248838	0.0217059522886288	0.0127955226785259	0.016460066210992	0.00425021595855027	0.00345388941250484	0.00565750960104611	0.00287550606674769	0.0027795137755247	0.00364283114016047	0.00409069145995062	0.00439751674150566	0.00489652376954409	0.0044111964948899	0.0045261665060424	0.0116044090378128	0.00595191174297548	0.0202672183955693	0.0126300950775386	0.0795744845475716	0.0188048063519404	0.0179913087522861	0.0124247373883968	0.0165751327108593	0.0110596733498348	0.0120742892493767	0.0111434240924529	0.0195164797518704	0.00777833992984754	0.0041222574870093	0.00869868406760834	0.00840199851192824	0.00974743880726148	0.052947390615133	0.0150659821019282	0.00375610152755151	0.0214078661142083	0.0163545487288822	0.00420512741564724	0.0105140622466563	0.0172570477672966	0.0140809334832127	0.0130564694697673	0.0370069292605573	0.116775128329933	0.0123770001449638	0.00707568715751258	0.0217641223253278	0.0167240814530291	0.0176492961229965	0.141428044490271
Necroptosis	0.0227318424475277	0.0647670167004492	0.015499123613773	0.0184009513109556	0.021758597367256	0.0149270529040124	0.0223350231650263	0.00498875367959333	0.00461513441731337	0.00609143356247621	0.00508834856635587	0.00462040050830609	0.00532710953970124	0.00598073831186101	0.00513281415684545	0.0067843935564238	0.0059632147570168	0.00491976021565127	0.0120479541558496	0.00679071812973732	0.0193206906611141	0.0228778603213082	0.0505653145934306	0.0206690124472223	0.0186880361146827	0.0176386808061946	0.0191921883852193	0.0126747023816213	0.0172442768793934	0.0123823207386112	0.0240339372791363	0.00991763173558237	0.00425413591051267	0.00986026297295653	0.0109791861471354	0.00760977309668512	0.0541029975734843	0.0151410674138063	0.00480363001303589	0.0213932130943896	0.0211502173210637	0.00426098558748614	0.0139888897888884	0.017827727794834	0.0218097657177222	0.0202739141796599	0.0318860098333218	0.0664477911583313	0.0115992525822429	0.010234329918812	0.0177465387094163	0.0186763489155911	0.0213580103440467	0.0906209185169298
Neuroactive ligand signaling	0.0313870785301026	0.0265667658704739	0.0123526763659036	0.0348388421885645	0.0296402975639326	0.0319252819072128	0.0218401852452136	0.0108893939258461	0.00987754082434225	0.00924141067179238	0.00681428236358808	0.00768542730736201	0.0105881937962148	0.0104864718600027	0.00965683393273009	0.0125478416200074	0.0096885755670993	0.00825772769267995	0.0247992305792417	0.0129202457882938	0.0244791972160568	0.0307150502080709	0.0270953262418666	0.0221094781959762	0.0271521764824852	0.0230917743301412	0.0147374396554806	0.0228369605948161	0.0102076926680316	0.0222795149722769	0.0269425662808495	0.00928396446402594	0.00692345577261345	0.0090839686585122	0.0120510932499714	0.0067190314946386	0.0387788724017866	0.00969396118571215	0.00409090700369427	0.031915822575774	0.0220221902214821	0.0029028557613079	0.0186893418594158	0.017599904722883	0.0106294250468556	0.0120149525776535	0.0161442427679627	0.032110698425011	0.0101914635803261	0.0125446293943334	0.0206060205901347	0.0273122250949164	0.0204930331944087	0.0645464595099252
Neuroactive ligand-receptor interaction	0.0048025014518781	0.0167564728271665	0.0030427850015826	0.00571253819824158	0.00568530944401741	0.00179772932699811	0.00437244562399022	0.000760084955104286	0.000728613820896257	0.00095062718674459	0.000441105382224637	0.000551628754694327	0.000756638318122169	0.000895134131244541	0.000659630600993659	0.000897623939580385	0.000942323606141073	0.000811187925658331	0.00160812186356506	0.00129339979501235	0.00267791731744971	0.00180586210953005	0.00026886892656673	0.00158039565687165	0.00146616835525912	0.00285098011607512	0.00304622370262304	0.00167685566829505	0.00271234201597858	0.00201982312426964	0.00790614714454116	0.00301058119540504	0.0014474284236805	0.0013192341166136	0.000689800097879474	0.00250503392221369	0.0594828506281323	0.00312877890967649	0.000479947701247635	0.00176556581133986	0.00417280483195726	0.000742874399680959	0.00123955681666442	0.0021039232347929	0.000455005867980194	0.000436402954898541	0.00414863639544859	0.0981209414391735	0.00330636064394659	0.00680687785227705	0.00184806885195358	0.00151483056691025	0.00178858723459745	0.718008421812214
Neurotrophin signaling pathway	0.0219636684496279	0.0259394673125532	0.0148885572174312	0.0205708747791568	0.0201125048993824	0.0189251284174581	0.0232473964418366	0.00341584792864861	0.00300535368435015	0.00475272367960299	0.00900622663187816	0.0096481283742719	0.00415224576895009	0.00380231540249626	0.00379539004879483	0.00426956247803233	0.00370271887623296	0.00393646980174735	0.00828367289708105	0.00501041300438859	0.0216580291263665	0.0137859474058753	0.0379675383901382	0.0280677426847268	0.0245543269228897	0.016264894686998	0.0184448709702797	0.0168725750005283	0.0192609690814488	0.0168636253878932	0.0273657026315169	0.00806910644622907	0.00450964574926941	0.0109422891442035	0.0129607281077542	0.011292406858427	0.0519526598029964	0.0170140940167914	0.0080611959276021	0.0272581798757727	0.022942928920027	0.00611478095420241	0.0136396134377093	0.0231225796335207	0.0229253446090727	0.022236793534093	0.0291138036712979	0.0993917592344178	0.0162208748407748	0.00888253835639778	0.0261527864949123	0.0237350130134552	0.0256796079360601	0.0542463810524305
Neutrophil extracellular trap formation	0.0176733988759037	0.0212305185725367	0.00881800149189292	0.0138320250206552	0.0177078664808738	0.00801990848513494	0.0130090134870937	0.00337606123620059	0.00228433755762291	0.00343705548946257	0.00285809723502026	0.00268961582342115	0.00211748783970995	0.00239840979968486	0.00336806327699294	0.00436591821981437	0.0029142735282307	0.00261330449953676	0.0116556046403733	0.0062009944340367	0.0111353745996008	0.00698441050480635	0.0780337557191875	0.0103921948150632	0.00959549218389723	0.00893802428620005	0.013775855650668	0.00769605087283098	0.00870963952881034	0.00770943540827137	0.0138993922904691	0.00508037485894814	0.00279458933913121	0.00686307555942677	0.00561206092276631	0.0049294545038534	0.0566655455881715	0.0103368879212842	0.00213308569648112	0.0131358265181722	0.00719189692052922	0.00301391655346136	0.00535218130090811	0.00950211584421604	0.00811097445968286	0.00805423007852425	0.0324805333608952	0.112521987993421	0.00765145710685584	0.00357395986791451	0.0111999451431103	0.00827831035058839	0.0103972693391182	0.337680738918537
Non-alcoholic fatty liver disease	0.0239560274288529	0.038584247232418	0.0177276892266703	0.0269273330011263	0.0269900829162884	0.0202427629346365	0.0230560333050062	0.00329157063449189	0.00281084786132993	0.00422838778349298	0.00475079909396198	0.00537793824406273	0.00353474676821853	0.00319753395877668	0.00322444114224059	0.00365535649214953	0.00328526636477635	0.00334199222323786	0.00626243731984736	0.00441109275778438	0.0228076108707293	0.0273204714011087	0.0366699837262566	0.0255394499877478	0.0254204932479356	0.0193141928528539	0.0195475000545587	0.0176166241823531	0.018891192566456	0.0169975097070957	0.033706920354243	0.00850342091449945	0.00433066099989018	0.0122685767870107	0.0131511348056876	0.0104266045128109	0.0516517489624041	0.0149644755237985	0.00538531310779956	0.0219524381061874	0.0228449542036602	0.00512012452278317	0.0128488409615448	0.0219277407842465	0.0182946865572438	0.0174868820386763	0.0306735828753761	0.0717576753999814	0.0164135070762824	0.0076691286340854	0.0240982688597947	0.0261258700244104	0.0245469344480662	0.0648688942530527
Non-small cell lung cancer	0.0382555768175845	0.039682769915381	0.00875999696588483	0.0737649153941846	0.0437175679851308	0.0648170982973	0.0223171140410079	0.00553155706085338	0.00521254085931196	0.0068352252802138	0.00193297314113547	0.00243381054026816	0.00544024039311667	0.00613914082442164	0.00515727763490139	0.00656252259839697	0.00553229674616942	0.00601558510652704	0.00675112968801719	0.00722079644455896	0.028339462722934	0.043361831808694	0.0222690374132379	0.0199901106037113	0.0197733343369761	0.0127561901614951	0.0130091846553276	0.014104844614516	0.0185927984244994	0.013624680974186	0.0282108668768426	0.0100925787352818	0.00859056695293322	0.0200089664752383	0.0181046790315536	0.012187755675398	0.0328535750741401	0.0115928625067402	0.0299731015360721	0.0261590247503675	0.0295557746469785	0.00457748453945002	0.0132167366497711	0.0131632264354621	0.0252544956364309	0.0249579625998439	0.0143480438694491	0.00829451830847393	0.0148007711312861	0.00836060037072826	0.0200867115605896	0.0225269588741031	0.0233755974897107	0.0118055288232119
Osteoclast differentiation	0.0241271626383933	0.0304163369540711	0.0133307015535955	0.0229831274860384	0.0222415000491398	0.0181660067896616	0.0199475482391287	0.00458703225014814	0.00422804836227545	0.00547498486842982	0.00719109099911169	0.0072949195833304	0.00488217043172608	0.005318336990071	0.0047200009936723	0.00593324574077247	0.00496025772251734	0.00475120832605519	0.00987110964040324	0.0064073415701477	0.0220145571456629	0.0209137059606277	0.0801466326279367	0.0197059424890887	0.0216749374165936	0.0172441188224128	0.0169667719399468	0.016572294488931	0.0147236346809125	0.0159082683863877	0.0240713612632167	0.00863628326250689	0.0049508467042975	0.0116801886612982	0.0131875586653126	0.00956620661480806	0.0434262495516874	0.0157291684914343	0.00715026770011801	0.0239817016944099	0.0178100792637874	0.0053359474220416	0.0146460273353682	0.0187147698852483	0.0185097585782516	0.0186249870819818	0.0282464738088696	0.057678700687472	0.0143908631903918	0.0103356189538536	0.0215840186208985	0.0202876220600769	0.0200371901446051	0.0987151152108742
Ovarian steroidogenesis	0.0155645776687039	0.021740550888284	0.0172383580751483	0.0139557973774279	0.0218079984641767	0.0130318439346386	0.0648538638180202	0.00337642369745924	0.00262357839270607	0.00306253349642645	0.0148768906823771	0.0155858172017785	0.00349268525577789	0.0035241895849935	0.00399642926306576	0.00478493372386921	0.00205669462939413	0.00220925320778115	0.0115947841936145	0.00562575347528943	0.0160019826062162	0.0064069524665219	0.0351457144206507	0.0209608520595825	0.0208306753177969	0.0288420337593524	0.0192852314029278	0.0118302984119512	0.0167851781572993	0.0097847457565852	0.0301394450254531	0.00923884493637278	0.00245330131988277	0.0122568652638151	0.0226297001692145	0.00209673284416158	0.0619738882237358	0.0190038940382642	0.00113845983840075	0.0157500165871876	0.0108731514190336	0.00749755299107297	0.00688325680896935	0.0220293806164366	0.0165772657610672	0.0167820380889152	0.0299708975727667	0.0609389169260158	0.0123963318214613	0.0072694987272764	0.0104875275402195	0.0218168052460475	0.0257666032029025	0.143153003641511
Oxytocin signaling pathway	0.0267654633173897	0.0312135351312361	0.014144103359384	0.0320997113607707	0.0287185110692216	0.032260734942498	0.0347119711198163	0.00543743010579864	0.00459770743615172	0.00649994848609789	0.00511674734382566	0.00554895627575898	0.00549903321088924	0.00541057506761823	0.00568437802492327	0.00666986269284049	0.0052195495706219	0.00537352755953857	0.0130648878404958	0.00744334742401581	0.0257178051251384	0.0270310613570882	0.0310845196344118	0.0235803714548937	0.0256943759833206	0.029142451104116	0.0203994873772436	0.0200242372950201	0.0163040638641044	0.0191650310600913	0.0325807535411633	0.0115535749774364	0.00563968721665977	0.0105670705406231	0.0180886314410807	0.00704328136813055	0.0310072877374945	0.0170390194816906	0.0136781478870043	0.0288034302549291	0.024439902003384	0.00549588782824325	0.0146044576282191	0.0206250410508415	0.0239539907426953	0.023479625274544	0.0256853589199016	0.0275537014440065	0.0161103644880669	0.0227456338446859	0.0220921256118465	0.0268012004026199	0.0258716127648423	0.0249168279555703
PD-L1 expression and PD-1 checkpoint pathway in cancer	0.0268668167879061	0.0260956213581662	0.0148479522093706	0.022260194159969	0.0225514400919216	0.0213541673579598	0.0222593593872672	0.00529132015885719	0.00521886088732775	0.00621265878839085	0.0114610346495953	0.0109113929447216	0.00603965959059758	0.00670015945791724	0.00558941667494232	0.00659820621616598	0.00558012746205169	0.0054823268135232	0.0107525335643409	0.00670887433322593	0.0255339483776144	0.0241964420317942	0.0719441830209002	0.0228539302670379	0.0239987840571763	0.0184439750956339	0.0173788457184192	0.0179489928564307	0.016222087630062	0.0177970512287623	0.0238932196913574	0.00953792924748426	0.00548452756752998	0.0103564668826336	0.0126474510571572	0.00947329275525847	0.0363760282759492	0.017570757547883	0.0104693725852792	0.0308938975149282	0.0210707659229014	0.00625205200426218	0.014265720017652	0.0208601345863359	0.0216544254098554	0.0217164817296002	0.0269552380222174	0.046715671045616	0.0145370904513556	0.0168522035206762	0.0251276023767997	0.0233940919902319	0.0229545360959488	0.0458406805230379
PI3K-Akt signaling pathway	0.0241102088832693	0.0272946882019799	0.0143870258599686	0.0282696977356136	0.0249729374212637	0.026582930951837	0.0231284293914348	0.00445550589230035	0.00473143000436187	0.00525960097778414	0.0139037176404022	0.0133884345918336	0.00572320270423961	0.00603256864312984	0.00457940317426812	0.00557257450551179	0.00487993377514425	0.00448605761916117	0.00839406288408109	0.00572896550726583	0.0223241293074237	0.0258483133792702	0.0365471623949815	0.028471162269855	0.0255433282838619	0.0168316628203035	0.0176411791801176	0.0168727565450212	0.0191591168447666	0.0167435721703588	0.0289015214246624	0.00836365705106766	0.00561974473224821	0.010593996481195	0.0127027593703399	0.012516936506483	0.0383255979307204	0.0150696776247323	0.00967416904341293	0.0249855476609186	0.0225040623097982	0.00644844467337441	0.0144906560986781	0.0215741622859509	0.0205611322909272	0.0205034419479985	0.0252042171635404	0.0708336893818306	0.015529555323312	0.0123472219397227	0.024778676926966	0.0250850941694872	0.0253123524742948	0.0462099256275277
PPAR signaling pathway	0.220540776049522	0.2195546820507	0.00373571813779642	0.00426522698716754	0.0298425249216452	0.00712971720739608	0.00550899718048215	0.000442272702497051	0.000117571757702739	0.000547196655779273	9.87631601688732e-05	0.000112342612658903	0.000121385922951208	0.000118423163889454	0.000892288242353776	0.00128818751449768	0.000162593393813946	8.03285658440976e-05	0.000329772305760199	0.000205437532151554	0.172424701037361	0.000607923157441059	5.94807282835293e-05	0.00252563690415178	0.00087371609233322	0.00955968670579543	0.00931702460599197	0.0117920801618711	0.00149869401440099	0.0114777434965566	0.00417862327459823	0.02791817477403	0.0519884816664556	0.000969751731826107	0.00302239319501965	0.00175943291606249	0.0190555087613046	0.00407849704830301	0.0199958988955674	0.0147244105376873	0.0014714120162544	0.00254137444846147	0.000681307576089142	0.00134868187353807	0.00694965280577943	0.0105620441460382	0.00922473056087391	0.0514351128778511	0.0072165419170759	0.00131881463757409	0.0294178901901201	0.00166964374450538	0.00467937610664354	0.00856135132937647
Pancreatic cancer	0.0278204419120648	0.0262123411825804	0.0142810337882505	0.0433604952458823	0.0306534676108661	0.0361342577819956	0.0242333642783708	0.00513068282274941	0.00508855959304048	0.00578242685557466	0.00907808327807191	0.00967989435671742	0.00611729315095921	0.00652768045568574	0.00506947393653448	0.00650081599733673	0.00518996498609294	0.00522457424780139	0.00842409430535155	0.00662816813368405	0.0230167824147958	0.0416750646017623	0.0620835022099912	0.0242108106640579	0.0250441284196532	0.0169793133040731	0.0156077377565438	0.0172140319783301	0.0194081890366617	0.016826621383658	0.0253231662513936	0.00911968815159629	0.00608979677316538	0.0145685749477499	0.0164425833416721	0.0102631802402241	0.0326085921211275	0.0148974789511084	0.0143963687807007	0.024374885285741	0.02226336552659	0.00559719129630145	0.0140044406070239	0.0198360100147963	0.0210652483144063	0.0221312566003598	0.019984521359134	0.0286128191871914	0.0140245402021796	0.0113341393649386	0.0223730530870051	0.0258778278143094	0.0243055566356194	0.0313024194565281
Parathyroid hormone synthesis, secretion and action	0.0303447165293292	0.0364938781973263	0.0123905084231571	0.0472129013787794	0.0340708865363186	0.0454066420578375	0.0231508567437989	0.00704487820344788	0.00644520590858337	0.00628235964067197	0.00427866701956252	0.00498812990774862	0.00721174251297898	0.00685723518466018	0.00641504808892433	0.00825558521359569	0.00652509885231202	0.00559217286819055	0.0155016137881649	0.00901746537489849	0.0243748442276483	0.0462372497665229	0.0292394224856083	0.0222230679152937	0.0197845998781429	0.0203985722637379	0.0155824821277089	0.0200085814380579	0.0178370376589047	0.0194924210920991	0.0318574499243533	0.01052138886322	0.00796398731193517	0.00945704536540904	0.0126812136677186	0.0089601745590739	0.0364810189572508	0.0107174987341826	0.011339505047433	0.0285757131971471	0.029479126665106	0.0049142794834943	0.0186705939745967	0.0167317970202598	0.0222033494344721	0.0204554485922549	0.0172825235953624	0.0190544387804146	0.0128599321916293	0.0114904762742735	0.018635110824504	0.0220962742340412	0.0237194054286693	0.035188376589187
Parkinson disease	0.0292223789452466	0.0321522746036958	0.0131871393456398	0.0410099251322543	0.032172472964347	0.0383823024632879	0.027998161056386	0.00664533119502927	0.00588134931782721	0.00665531355098243	0.00741292550997608	0.00733042811087708	0.00669062416311251	0.006522387912139	0.00630501054558116	0.00757059097796903	0.00610408119119284	0.00583199502915809	0.0153027173339334	0.00850964380092303	0.0251813414233022	0.0224369126304372	0.013297445935581	0.0254508194586489	0.0211549182197229	0.0197795048858245	0.0143171087378843	0.0214821155316481	0.0256735962943014	0.0191805936470324	0.033300878731736	0.0107654735329878	0.00556599354213417	0.0101310338733228	0.0132553251608943	0.00905407675319612	0.0356976139996904	0.0154964377228891	0.00643715997946128	0.0309994537223924	0.0322336757152562	0.00357600117019402	0.0186629991965513	0.0210330130046274	0.0300523031307953	0.0265080545639197	0.0129478848155853	0.0215765180183572	0.0158065103213665	0.0104282518153636	0.0260646283533679	0.0241886144948303	0.030235022718203	0.0371416657489368
Pathogenic Escherichia coli infection	0.0207044238099358	0.0261124839841616	0.0156838610961406	0.018301580630607	0.0208396412163844	0.0156708342935986	0.0207671405588791	0.00404448458818924	0.00367010749937984	0.00433069540166913	0.00592134390464406	0.00629958285557159	0.00476330272245679	0.00464849188304327	0.00412420236182182	0.00472002335681941	0.00409680924901672	0.00355315049978178	0.00946268164749501	0.00558727785530289	0.0190187121324614	0.0195011509832579	0.0472903324667042	0.0284806974780449	0.0197273534799307	0.0143719431164147	0.0208515285497589	0.0140256729496574	0.0264351749069486	0.0136075238198564	0.0229758728291157	0.00678960538716325	0.00372219096974574	0.0113155583437825	0.0113982166415596	0.00948925479707877	0.0483825160201008	0.0158253535196053	0.00512653805016458	0.0232452856904746	0.019302555138036	0.00510612606640206	0.0113561298625503	0.0194147538919783	0.031411494426431	0.0310229042779468	0.0346297445224811	0.0777641883465932	0.0127165895731664	0.007457421100218	0.0200291687697564	0.0197410385372044	0.0296798175186567	0.0954854664218547
Pathways in cancer	0.0263230857138323	0.0283589265474627	0.0154206293413123	0.0309545707498017	0.0266276070781003	0.0275896151769574	0.0221327753731795	0.00563009671438814	0.00553026982931042	0.00630764112268171	0.00890983780294093	0.00857540667990352	0.00601131262188728	0.0066566034755139	0.00549008032383468	0.00675382767082422	0.00574903785229436	0.00542974402494619	0.0106866308675277	0.00703947892490718	0.0223948648755909	0.0330654343151501	0.0442783047357511	0.0245502583615619	0.0236250363380478	0.0160476812139693	0.0161848632415709	0.0164652671520323	0.0194308520082515	0.0160002147298389	0.0247541997331745	0.00906489178659737	0.00552699687199143	0.0128318970025212	0.0134955097047625	0.0102390353335361	0.0419734624837685	0.014622648654585	0.00981533899334563	0.0260932784845055	0.025653463902239	0.00492458018965804	0.0130859489019192	0.0186236076035193	0.0200556851386704	0.0207079166785721	0.0233113009634374	0.0617727122013069	0.0134769824714713	0.013033918631788	0.0221592716871452	0.0240169996775872	0.0243132614798182	0.0482271365607091
Pathways of neurodegeneration - multiple diseases	0.0238609277423846	0.0276393425224651	0.020478658995284	0.0214335080692526	0.0249392202668403	0.017649244603635	0.0219320797175312	0.00354383878905227	0.00278328221220428	0.00452976522851999	0.00334475180822172	0.00347451012543702	0.00300597943991649	0.00314039449382902	0.00337618127516652	0.0040549838185507	0.00332704929285408	0.00328517053100703	0.00910777095781628	0.00500510339819293	0.0194907706871006	0.0248384659949336	0.0500001198115183	0.0243273185665962	0.023067592540104	0.015518482198439	0.0195995257009538	0.0148877408276778	0.0169963201721949	0.0149074673796844	0.0257727288301796	0.00755675353018241	0.00401572975946171	0.0110125830770237	0.0103388782747419	0.0111607419383982	0.0561623812943619	0.0149315147069839	0.0046959145978963	0.0210900434676958	0.0224780433713794	0.00496272255259841	0.0100905464436602	0.0190299009317303	0.0157210520401198	0.0152153504609276	0.037693916672582	0.0976145790229132	0.0134216941106005	0.00672217708780982	0.0220868448887966	0.0232417737593475	0.0220758951302462	0.0893626668829993
Peroxisome	0.0282437517688494	0.0390873548725578	0.0236690878952007	0.0123039850521993	0.0139508023533049	0.0189667699792247	0.0259206084816094	0.00585544842713825	0.00726258917886558	0.0077508717522692	0.00549909134173014	0.00422056506756698	0.00567143648430707	0.009473320265187	0.00555159353789353	0.0078172203053745	0.00624898358327768	0.00522075065129102	0.00783091914974142	0.00759582564483762	0.0249558794355191	0.028094577479346	0.00215001426955543	0.0147193438228145	0.014470109764553	0.0204339785132205	0.0148369760724636	0.0169530147720038	0.0135665645043458	0.0199523298229772	0.0166818907923671	0.0115145714011382	0.00963496803612034	0.0254109708367742	0.0221608196267673	0.0328850868781129	0.039124479347747	0.039959891758637	0.176976137609319	0.0165470863069344	0.00974305239308093	0.0109279907896209	0.00806023518082502	0.0231928514638794	0.0116455932736641	0.0121246949757936	0.0128155759875951	0.00801046741352423	0.0136613082880798	0.0032966370821142	0.0139511754735598	0.0153786477781853	0.0186227766001189	0.0293993264568163
Pertussis	0.0239945546384261	0.0398113118960198	0.0435882261192998	0.0260916003937602	0.0287519796931645	0.0154362993609776	0.0202742750667386	0.00587156613954024	0.00418481170937373	0.00523520910509827	0.0036356162774995	0.00373537045883109	0.00453160355735827	0.0046439540954834	0.00494564704287783	0.00651405814398068	0.00495271970346539	0.00404957321759822	0.0135279727343285	0.00832561578056656	0.0193882852153053	0.00775020874628204	0.0255709784371524	0.0126747425310621	0.0148957523717373	0.0186838906839688	0.0181920247024853	0.0158948349015988	0.0090733897394007	0.0173049356665403	0.0270476468116164	0.00948953409257265	0.00419192037735659	0.013436452298789	0.00708460936581311	0.059159363876724	0.048987004677111	0.0134192346518318	0.00228284833049642	0.0262068882563111	0.0270773553233647	0.00513587391094567	0.0142140081896799	0.0133836303577702	0.0107962419309921	0.0111886002783188	0.0273583757842595	0.0911561099976426	0.0106008606449827	0.00677039692887461	0.0232963360504137	0.0157786501391938	0.0128342280205641	0.0875728215744543
Phagosome	0.044658289347602	0.0483585283573841	0.00833037070215445	0.0130761072756634	0.0202017822807667	0.0071491108502678	0.00997298700696697	0.00293069890814985	0.0019006438710588	0.00306856457081693	0.0018347960332855	0.00161748233711906	0.00159244244150454	0.00194572182394378	0.00297005460822721	0.00387102251358566	0.00251017653799831	0.00222098221342462	0.0104680006366894	0.0053707125942308	0.0297959326731107	0.00322573907805927	0.0747262805501632	0.00594558643308714	0.0061185348111276	0.00786269696439971	0.0111728553932529	0.00761438902003308	0.00474917387522579	0.00753766081093379	0.0111798361666104	0.00793698327185503	0.00859745831080609	0.00811987931556723	0.00526818076323196	0.00533620401666501	0.0464184269328814	0.00824746617726629	0.00368482422638628	0.0123973583710206	0.00399033364270985	0.00276713601880957	0.00401244854453744	0.00631516881256616	0.00491882563866295	0.00583213622681161	0.025506613443371	0.102721380419034	0.00641042591788013	0.0850419079360325	0.0134667548168072	0.00490051212326127	0.00630488209649342	0.257827532290499
Phosphatidylinositol signaling system	0.0263605754961114	0.0275253067225107	0.00957302153450855	0.018027864967176	0.0235717305279163	0.0186632817562753	0.0169499652003632	0.00643169955405997	0.00657265770297074	0.00645083272229769	0.0173184368926123	0.0136135095408147	0.00703683458399743	0.00770397228904589	0.00619028253139265	0.0105556861257031	0.00612167402294239	0.00545569883105538	0.011757171920207	0.00907325175795897	0.0227023406976342	0.00883203252051292	0.0750970609376187	0.0257150429771446	0.0273241590822822	0.0133147891512978	0.0137352915444729	0.0132465778849167	0.0107447606470083	0.0125566704491175	0.0232376832541979	0.0068403587837369	0.0044744634842641	0.00915971616863202	0.00950712683347388	0.00591615206131462	0.0330143186317233	0.0204805854631983	0.00489278877446545	0.0327564722366952	0.0143878113584557	0.00442721467605374	0.0118291900775556	0.019526768880157	0.012244739859897	0.0129610980303111	0.0453278078746528	0.0808940944341286	0.00960707606148199	0.0103722486178477	0.0187499206392206	0.0241825666847476	0.0217025261259336	0.0852850904159295
Phospholipase D signaling pathway	0.0186703962675612	0.0272377408561025	0.0273078824020449	0.0157327511914341	0.0256473025437055	0.0194370668473612	0.0761021806516485	0.00423528006198628	0.00357213521778244	0.00415347180621237	0.00214031044117145	0.00237954437977433	0.00491908075301335	0.00543949015330928	0.00554907269095666	0.0062334355214683	0.00237866932373331	0.0029272709841199	0.0140589024193322	0.00673059489547982	0.0170288006010123	0.0127698291780639	0.0218166901496387	0.0341158631426733	0.0334179198949209	0.0503984100308267	0.0281066309454476	0.0150045013507401	0.0241450869485396	0.0104880207099707	0.0478449835090223	0.014444849756284	0.00275291280170118	0.0177704995362458	0.0425474682729685	0.00149435921675139	0.0273089273290947	0.0237687377944154	0.00117976573598418	0.0172166340953871	0.0184077366456903	0.00546005717324185	0.00952943691966954	0.0292465712820564	0.0271207810628694	0.0276008269561115	0.0210315362260569	0.0141188639865409	0.0170108741454001	0.0111006316284273	0.0140880301352739	0.0365043380972076	0.0416684869675599	0.00863835836600872
Platelet activation	0.0211413096744278	0.0214626570677733	0.0137792726955776	0.0182363786663152	0.0213447972159781	0.0163870207945497	0.0304520930231212	0.00565460258022054	0.00508290369221514	0.00480330676524598	0.00660076202482884	0.00628603574992868	0.00553341148795318	0.00582406474831669	0.00577998114658465	0.0067008509726931	0.00426623037228135	0.00397423472612244	0.0163277949650935	0.00802096356456142	0.0164720503187649	0.0120423938406311	0.135168119785611	0.0181899550598973	0.019065461013605	0.0222162459643425	0.0165319678605336	0.0135617399830535	0.0126100846702396	0.0123197458372767	0.0238852871098659	0.00774657643868828	0.00346729192575219	0.00940373890662983	0.0162124836400829	0.00452982200901146	0.0425210232449844	0.0170145389668239	0.0018498808921195	0.0177538475618334	0.0121920227500984	0.00405037482033297	0.0103452267762327	0.0165738111428484	0.012671852094315	0.0135412365000179	0.0320760227363317	0.074899822138854	0.0111984976163826	0.00807637969762	0.0159102184435641	0.0192196696029942	0.0199433204334673	0.0990806182834059
Platinum drug resistance	0.0205238311114373	0.0285265167072023	0.0185545465316224	0.0276727238584265	0.0263041270656082	0.0252106117732172	0.0205723626728939	0.00293040454060941	0.00244750865202381	0.00421544634074379	0.00142766823729302	0.00173670347163365	0.00287840213012682	0.00277270977265641	0.00277485295958938	0.00312104168826682	0.0030768531896919	0.00306183158582606	0.00611214419053955	0.00378648266155309	0.0187775894729119	0.0374633593114896	0.0392793511080254	0.0262741882052815	0.0204590801211988	0.012435891088394	0.019088421252295	0.0121745469875432	0.020036904874619	0.0120769882668657	0.0287265981804761	0.00753477355391289	0.0047222898929167	0.0113635545914347	0.0107046452489808	0.0123273279986128	0.055627347975142	0.0134081491609996	0.00601041154645924	0.0174517276863137	0.0283371091051217	0.00502189317107317	0.0116516240106574	0.0187846069344847	0.01951404580252	0.0169981434868979	0.0376614417064693	0.103276390909891	0.0140005057180969	0.00771483446354307	0.021668106654936	0.0215996742736457	0.0238162797314371	0.0763054283663922
Porphyrin metabolism	0.0178213795555928	0.0481347888800921	0.017696805571726	0.018176075444577	0.0121101717915036	0.00604582371549923	0.0115957107946003	0.00296317199899868	0.00308701047183579	0.00409280783858156	0.000937384116631263	0.000906737376764625	0.00217038588484012	0.00290159037148104	0.00308429211412454	0.00346073816569587	0.00340108234894068	0.00380064541340989	0.00948699632850448	0.00677731672225218	0.00899636494504932	0.0582034294826042	0.0111268946350764	0.0153691032426641	0.00451069050167178	0.00870933621264085	0.01099990356538	0.00722843091827911	0.0143313121271554	0.0065174592309983	0.0106521331049994	0.00462464190539365	0.00203420639333158	0.0243867001607852	0.0167181607747927	0.0196212565782366	0.0621731774779611	0.00575131345522542	0.0214526975278205	0.00651078893139831	0.0504782968075706	0.00113399506527482	0.00503837029901338	0.00343371429289189	0.0213338878705901	0.0322790586592424	0.0142302431762471	0.282053020174935	0.00741888505915162	0.00865689207348771	0.00668335696467748	0.00558013191378283	0.0130277335172561	0.0500834980487639
Primary immunodeficiency	0.0178081365031319	0.0143692316465484	0.0101248338495335	0.0135207206606013	0.0156455360060383	0.0110421544883191	0.0140185682366674	0.0101498991645347	0.0246710987709728	0.0135046304750685	0.00770942620344831	0.00928967983645962	0.0216872018793756	0.0207247573180571	0.0143305017568158	0.0610730360356391	0.0173074316091465	0.0107597077524306	0.0192864327743894	0.0173595476329257	0.013203962088079	0.0107559780034102	0.11754234831995	0.017832252646538	0.0242302722349148	0.011429483397383	0.0135801073563001	0.0113026359992187	0.00918460779976645	0.0112211550303274	0.0129316227258318	0.00723074426655595	0.00392949145128513	0.0101258240686568	0.0189960559888925	0.00820286422653347	0.028232722121193	0.0102354824874883	0.00389369690457628	0.0227253595545822	0.00816430945298006	0.0030062553927299	0.0128999905871981	0.0141533563351088	0.0195032199379951	0.0177519803115278	0.040204286346899	0.0607853284573821	0.00942128004587488	0.0144435868030599	0.0148276655678189	0.0149436691652266	0.0136700804633759	0.0450557918612365
Prion disease	0.0257319262165317	0.0340985457541373	0.0197331738261579	0.025947058248968	0.0284382446000293	0.0093914189050782	0.0153992127041947	0.00486855778323076	0.00318701812594971	0.00490054103183137	0.00188209996130352	0.00140647196729648	0.00257288740606831	0.00337603261482797	0.00440098204811317	0.00600717151729302	0.00411166333490051	0.00377743601967896	0.0177233197283409	0.00950725818121845	0.013670499115856	0.00323500977999932	0.0671228248449667	0.00750003977960221	0.00895131484365788	0.0116578649450179	0.0174819229183634	0.0106554495283055	0.0061227087815006	0.0110947142131245	0.0156734083346631	0.00649514112314765	0.00314889226024084	0.00835221702081703	0.00536269606056687	0.00530764146722669	0.0630398238643702	0.010803684188322	0.00148772527405666	0.0173564675854512	0.00710527969902383	0.00333857187070267	0.00848965587790697	0.0098138598474469	0.00475168040796685	0.00536882821328263	0.0343474145315872	0.173956562292486	0.00912243373058918	0.00207254778233092	0.0112766449668306	0.00707519822624731	0.00780813019729214	0.1944921264519
Progesterone-mediated oocyte maturation	0.0313870785301026	0.0265667658704739	0.0123526763659036	0.0348388421885645	0.0296402975639326	0.0319252819072128	0.0218401852452136	0.0108893939258461	0.00987754082434225	0.00924141067179238	0.00681428236358808	0.00768542730736201	0.0105881937962148	0.0104864718600027	0.00965683393273009	0.0125478416200074	0.0096885755670993	0.00825772769267995	0.0247992305792417	0.0129202457882938	0.0244791972160568	0.0307150502080709	0.0270953262418666	0.0221094781959762	0.0271521764824852	0.0230917743301412	0.0147374396554806	0.0228369605948161	0.0102076926680316	0.0222795149722769	0.0269425662808495	0.00928396446402594	0.00692345577261345	0.0090839686585122	0.0120510932499714	0.0067190314946386	0.0387788724017866	0.00969396118571215	0.00409090700369427	0.031915822575774	0.0220221902214821	0.0029028557613079	0.0186893418594158	0.017599904722883	0.0106294250468556	0.0120149525776535	0.0161442427679627	0.032110698425011	0.0101914635803261	0.0125446293943334	0.0206060205901347	0.0273122250949164	0.0204930331944087	0.0645464595099252
Prolactin signaling pathway	0.0263125461614916	0.052269861228964	0.0124527840067281	0.0205602465106815	0.0208202952701335	0.0155264151125826	0.0240066065182536	0.00362994501909022	0.00356419130744209	0.00422583828976721	0.00958891839942302	0.00964613489157771	0.00422447893019093	0.00474541682639305	0.00368449892539127	0.00543645376280036	0.00379766911423929	0.00384140338578319	0.00673901838232203	0.0052881082013612	0.0241673266587982	0.0337853341702452	0.0976799035218192	0.0231553553126374	0.0267304586883095	0.0206378431613096	0.0179308434217491	0.0189740986451458	0.0145269522805606	0.0177155898893578	0.0357028412603067	0.00877971208182097	0.00502682010302983	0.0167554564059952	0.0201871785702338	0.0146926559861852	0.0453447187326088	0.014421542730221	0.00612999914917484	0.0196980805933656	0.0234405662449544	0.00512073371608416	0.0233160837683447	0.0191912726882296	0.0174111740418747	0.0179167649135802	0.0244163608474691	0.0325014335177031	0.0200191762913333	0.0131701153896025	0.0203255044727219	0.0190124017210151	0.0199157761239406	0.0218390946556554
Prostate cancer	0.0279048464778221	0.0309965564855083	0.0167690397033869	0.0301835861994109	0.0264036804964994	0.0309800879790965	0.0242062662279191	0.00484857803790684	0.00520230498488205	0.00524588670721262	0.0146390739483598	0.0141472847378555	0.00634496649594903	0.0066196389699969	0.00503870618675847	0.00582764981978747	0.00506010291001768	0.00474558205767579	0.00801581684368231	0.00605147818309052	0.0255486158848079	0.0273974337617225	0.0407813221174575	0.0271621444642068	0.0259021418406254	0.019432205419923	0.0173467332311352	0.0201083530306729	0.0201221978317416	0.0196328789139521	0.0303689486364403	0.00962068826635829	0.00605400090051016	0.0104225052297463	0.0134211665747599	0.0110111090981083	0.036162723314275	0.0159281830952055	0.0110598105017455	0.0312803072832599	0.0280230045255725	0.00702766279742929	0.015474814837544	0.0217620014176765	0.0260497454634824	0.0253652942999697	0.021446067959695	0.0289278191411672	0.0152677768899609	0.012902636313113	0.0241371325960624	0.0265785663361859	0.0270597018465673	0.0219831727261019
Protein processing in endoplasmic reticulum	0.0192134603781437	0.0261527073579861	0.0144955062019431	0.0283324970291667	0.0278482146702095	0.0233612793528875	0.0371661510800502	0.00732586235330176	0.00619584273318041	0.00833991101592572	0.0113262363657368	0.0102042890612045	0.00656784148922557	0.0070462457321902	0.00682439699709278	0.00732518394937397	0.00699777898782862	0.00714991437079681	0.0146368121884824	0.0097605114667936	0.0198341920077809	0.0279242530985497	0.01252099654737	0.0295528858277534	0.023132285982304	0.0189999666192589	0.0159082453991844	0.0186773415819386	0.0503004438849488	0.0180904879431625	0.0256124929716407	0.0123902359754185	0.00522910107687313	0.0132224564652154	0.015592605414661	0.00724533518540529	0.0255255635621582	0.0212079141802344	0.00936608604149152	0.0287628525523477	0.0435682084113977	0.00447003550036661	0.0191531923604921	0.0207338864592852	0.0297746622007472	0.0305520608922118	0.0138910774795398	0.015315756053408	0.0195111911932039	0.0139908961697513	0.0303731828688558	0.025389017974826	0.0374409372950233	0.0104695100416746
Proteoglycans in cancer	0.0188298953822114	0.0238924733487272	0.0151132253542228	0.0317776476701891	0.0276074152085429	0.0293609783497363	0.0191786072897094	0.00417597510015604	0.00387826993000856	0.00500513565436766	0.00495311771786971	0.00496785195622277	0.0040821274519928	0.00428423790660147	0.00375798813233892	0.00486527648625811	0.00430794881994166	0.00385626041340687	0.00768876574224138	0.00513675555172998	0.0159903363088351	0.0303121773021914	0.0797669818030633	0.0234086343486656	0.0212786875626196	0.013274254170805	0.0160443816446314	0.0135183952304412	0.0168728452604493	0.0130571159356515	0.0245977547039628	0.00745977149043121	0.00432172946451141	0.010229566673551	0.0115560520199654	0.00881150442813564	0.0470871637992762	0.0113453849331345	0.00485773873878998	0.0176378764597608	0.0213327111822395	0.00415895233120438	0.0119940491206627	0.0175864580232147	0.0160443934967514	0.0146009903629061	0.0291439140264159	0.0906976537067582	0.0120261143027169	0.0143231261193081	0.0187933681183467	0.0219686695886775	0.0218263005698269	0.0873549933056235
RIG-I-like receptor signaling pathway	0.0246909267385002	0.0237145298823517	0.0187771013224259	0.0234721171477233	0.0220800070717818	0.023401644044511	0.0239602774960589	0.00545207511319155	0.00555863554167343	0.00681118792798283	0.0132909282729258	0.0134667966991747	0.00675838243995031	0.00738817312905993	0.00580596420008696	0.0073489575156082	0.00652429395585137	0.00590616016209059	0.0098485980049781	0.00707421191673343	0.0231516844819495	0.0225994661847201	0.0425146186100105	0.0242026000214238	0.0240538746631301	0.018110181020889	0.0181376077847043	0.0190763110481213	0.0207914477392073	0.018779031627145	0.0263487164583521	0.00843881794023007	0.0051868087653562	0.0107033801314224	0.0130004170880873	0.0105337503402552	0.0398330367752217	0.0183507032569719	0.0106698762707028	0.0277136376268622	0.0238181213128517	0.00677383139812777	0.0159642186667045	0.0218826227320351	0.0248526226861984	0.0249818239985404	0.0312127256193807	0.0451687706492282	0.0150981150261042	0.0137214918331819	0.0256160420243622	0.0249621494333869	0.0249939091941547	0.0374266190083205
Rap1 signaling pathway	0.0243656732914185	0.0244693754098901	0.0101344677766928	0.020612391716077	0.0243346677272914	0.0135074089619985	0.0146810967640526	0.00551410687212073	0.00424696122796751	0.00506529158773678	0.0041975634373924	0.00419955114858711	0.00421647722454151	0.00445791724452265	0.00525663880538347	0.00667567106590839	0.00459313274503852	0.00411991816228536	0.0165844725512733	0.00844812026717819	0.0140816614493127	0.00826811700778213	0.0631417105816773	0.0117835274806533	0.0129182480172067	0.0117528844864376	0.0117824400532633	0.0110552364831465	0.00630475632181879	0.0110652683236293	0.0171546285958017	0.00591945531099384	0.00364187780304124	0.00674358471136471	0.00559617954866681	0.00705315006034012	0.0573572134656779	0.00944846674788613	0.00212040488339209	0.0178818223396225	0.00886077833772924	0.00255275601918745	0.00860221120678177	0.0105385075092125	0.00566090371824272	0.00615269239479478	0.0302055691279218	0.117414470046468	0.00795820810117519	0.00563635523248886	0.0130065667515636	0.0119345159296476	0.0107620633514127	0.255962864614303
Ras signaling pathway	0.020242264498751	0.0221751752003273	0.0176458456554634	0.0201339108279409	0.0214148342839427	0.0181003098908567	0.0342697602111644	0.00409811832577175	0.00401589501585229	0.00508452927963052	0.0102577169464049	0.0112494973350112	0.00551558094504532	0.00553593818226784	0.00464181768973921	0.0053069447582619	0.00416935522305636	0.00412824234173756	0.0103248206228915	0.00577947389407791	0.0197087142140966	0.0177822191358795	0.0336456950228862	0.0292153908744458	0.0271845144798776	0.0229352972806979	0.0204312973102875	0.0161169773271284	0.0201199588577973	0.0154386561692477	0.0308869859074131	0.00881946217586758	0.00436505972794723	0.0124219736533247	0.019133494211843	0.0114270813606899	0.0399232505478178	0.0185317662329926	0.00668909205987156	0.0215426964046742	0.0186249722639002	0.00602653499037697	0.0129414766431824	0.0244854122205081	0.020422384874806	0.0212879017888328	0.0275856465740381	0.081396212388402	0.0164574312468403	0.0120082507046416	0.0247038829581617	0.0275935557271668	0.0274980166823375	0.0485587068538244
Regulation of actin cytoskeleton	0.0220252048785238	0.0237702452563622	0.00939506491362251	0.0158702415585811	0.022566124448411	0.00736811798026043	0.012294733936999	0.00372234452087895	0.00237010136250926	0.00367325189305158	0.00332532379532718	0.00303759242899548	0.00209257170065041	0.00244839903936265	0.00378990709626794	0.00471828088120871	0.0028946518043516	0.0027406483188205	0.0138462198752838	0.00695741176013966	0.0106158161937313	0.000785805941019221	0.0751571720282808	0.00834154390887904	0.00817360519544719	0.00797325453853644	0.0107974401858575	0.00712799511258999	0.00500377753974783	0.0073271861074134	0.0138919827007857	0.00479795225998314	0.00254801847985051	0.00596345672898221	0.00344454164823195	0.00716452291557396	0.0635499938203083	0.00936663526861078	0.00146357084329136	0.0132038222609054	0.00447364104314495	0.0024360561051473	0.0052398343225704	0.00818470843798905	0.00400472994203844	0.00419860566717519	0.0348926779145749	0.145849060586953	0.00721378960812487	0.00333359717854067	0.0104734154720398	0.00680861287455806	0.00751840673708073	0.319768332982429
Regulation of lipolysis in adipocytes	0.0313870785301026	0.0265667658704739	0.0123526763659036	0.0348388421885645	0.0296402975639326	0.0319252819072128	0.0218401852452136	0.0108893939258461	0.00987754082434225	0.00924141067179238	0.00681428236358808	0.00768542730736201	0.0105881937962148	0.0104864718600027	0.00965683393273009	0.0125478416200074	0.0096885755670993	0.00825772769267995	0.0247992305792417	0.0129202457882938	0.0244791972160568	0.0307150502080709	0.0270953262418666	0.0221094781959762	0.0271521764824852	0.0230917743301412	0.0147374396554806	0.0228369605948161	0.0102076926680316	0.0222795149722769	0.0269425662808495	0.00928396446402594	0.00692345577261345	0.0090839686585122	0.0120510932499714	0.0067190314946386	0.0387788724017866	0.00969396118571215	0.00409090700369427	0.031915822575774	0.0220221902214821	0.0029028557613079	0.0186893418594158	0.017599904722883	0.0106294250468556	0.0120149525776535	0.0161442427679627	0.032110698425011	0.0101914635803261	0.0125446293943334	0.0206060205901347	0.0273122250949164	0.0204930331944087	0.0645464595099252
Relaxin signaling pathway	0.0273609666353905	0.0287926192624245	0.0150992955525691	0.0362994996809072	0.0290357032157248	0.0309073085874823	0.0240001377428116	0.00538884456084177	0.00485082263267652	0.00521717586443772	0.00597324950182357	0.00650046900703541	0.00574775684962576	0.00543753947775394	0.00516082720282757	0.006320113811079	0.00492181601682987	0.00467764432562483	0.0114640964358619	0.0070242688753406	0.0224533016584173	0.0277268919976343	0.0486394318167867	0.0265353313699288	0.0284256136207017	0.0204191133320802	0.0163605415781571	0.0205824969206691	0.0184655528671472	0.0197123540118046	0.0259786963248944	0.0102531297933049	0.00555765257177298	0.0106140279646903	0.0141228119730772	0.00722091932160349	0.0449446920380576	0.0139124520334852	0.00655477541841229	0.0299716248958634	0.0242208000702332	0.00494101721283186	0.0139188115655855	0.0196611898239222	0.0214952846775104	0.0217288351841125	0.0206422850002392	0.0365717113374106	0.0125842055639001	0.00893688435460393	0.0203779921495464	0.027144636588581	0.0262967505850044	0.0528480291389614
Renal cell carcinoma	0.0257464769745806	0.0336349449518538	0.0125133148371529	0.061028640160133	0.0396694459426623	0.0476432761092566	0.0240102726408536	0.00336844532529504	0.00288854782315982	0.00327952642653091	0.00156716031787306	0.00216676163298142	0.00352741050622154	0.00283363405818699	0.0030498144795374	0.00410516639524619	0.00314995259221292	0.00284934645480172	0.00638854431868066	0.00512113958960298	0.0193608130824449	0.0516062694666725	0.039323241210153	0.0268219873472182	0.0242183939508541	0.0174742285834499	0.014925330096423	0.0167761510245788	0.0240802545467519	0.0154506565957721	0.028075631892828	0.0110560716767587	0.0067591395064918	0.0113474545293456	0.0155302283795637	0.00738685130332238	0.0377613492591849	0.0109445466940525	0.0103814094890942	0.0205920224247596	0.0242199252403603	0.00506684058043875	0.0149200731202342	0.0179396334867888	0.0235374253419866	0.0223565229864214	0.0199599207802702	0.0281654115493374	0.0122810750811937	0.00834640449864191	0.0156980350235486	0.0239853226434989	0.0282009458178768	0.0569086112528591
Renin secretion	0.0313870785301026	0.0265667658704739	0.0123526763659036	0.0348388421885645	0.0296402975639326	0.0319252819072128	0.0218401852452136	0.0108893939258461	0.00987754082434225	0.00924141067179238	0.00681428236358808	0.00768542730736201	0.0105881937962148	0.0104864718600027	0.00965683393273009	0.0125478416200074	0.0096885755670993	0.00825772769267995	0.0247992305792417	0.0129202457882938	0.0244791972160568	0.0307150502080709	0.0270953262418666	0.0221094781959762	0.0271521764824852	0.0230917743301412	0.0147374396554806	0.0228369605948161	0.0102076926680316	0.0222795149722769	0.0269425662808495	0.00928396446402594	0.00692345577261345	0.0090839686585122	0.0120510932499714	0.0067190314946386	0.0387788724017866	0.00969396118571215	0.00409090700369427	0.031915822575774	0.0220221902214821	0.0029028557613079	0.0186893418594158	0.017599904722883	0.0106294250468556	0.0120149525776535	0.0161442427679627	0.032110698425011	0.0101914635803261	0.0125446293943334	0.0206060205901347	0.0273122250949164	0.0204930331944087	0.0645464595099252
Retrograde endocannabinoid signaling	0.0313870785301026	0.0265667658704739	0.0123526763659036	0.0348388421885645	0.0296402975639326	0.0319252819072128	0.0218401852452136	0.0108893939258461	0.00987754082434225	0.00924141067179238	0.00681428236358808	0.00768542730736201	0.0105881937962148	0.0104864718600027	0.00965683393273009	0.0125478416200074	0.0096885755670993	0.00825772769267995	0.0247992305792417	0.0129202457882938	0.0244791972160568	0.0307150502080709	0.0270953262418666	0.0221094781959762	0.0271521764824852	0.0230917743301412	0.0147374396554806	0.0228369605948161	0.0102076926680316	0.0222795149722769	0.0269425662808495	0.00928396446402594	0.00692345577261345	0.0090839686585122	0.0120510932499714	0.0067190314946386	0.0387788724017866	0.00969396118571215	0.00409090700369427	0.031915822575774	0.0220221902214821	0.0029028557613079	0.0186893418594158	0.017599904722883	0.0106294250468556	0.0120149525776535	0.0161442427679627	0.032110698425011	0.0101914635803261	0.0125446293943334	0.0206060205901347	0.0273122250949164	0.0204930331944087	0.0645464595099252
Rheumatoid arthritis	0.0162321888869084	0.0224759184903941	0.00723641305250659	0.0226518208011209	0.0231310498014494	0.01232042646293	0.0172133925091812	0.00289276030252983	0.00205580699783128	0.00298533563761413	0.00177493163470814	0.00198129462933477	0.00233677953907589	0.00219875484845466	0.00293764074004327	0.00404222688259707	0.00225864525548434	0.00214487371796367	0.0105377472059003	0.00524384687719133	0.0118647960531119	0.0095034027080656	0.052337622467438	0.0322164799904677	0.0140758299755663	0.00915404626827816	0.0198481448823389	0.00738168180781382	0.0338795530931991	0.00670597376609127	0.0134435778647239	0.00465406984597211	0.00263048526833502	0.0127192859994595	0.00910728785775418	0.00528444932217237	0.0577228380047745	0.011534677685997	0.00190211147297012	0.0159979919266339	0.0052820952155919	0.00275363129886409	0.00769116621261692	0.0145345942985065	0.0317647673389541	0.032119603133203	0.0627390056281546	0.108454722142336	0.00868858103249461	0.0115395694315049	0.0172758235518877	0.0105267128767353	0.035397555886198	0.15461601141857
Salmonella infection	0.0231823096291035	0.0284403544986476	0.0147827700872025	0.0196312966099274	0.0212414547838797	0.0170080252503897	0.0223532085838764	0.0043959816747076	0.00411856542202443	0.00434377813044934	0.00730629230987934	0.00775259939442793	0.00547480661367852	0.00529087949130407	0.00458547831376605	0.0053157725477009	0.00449246274857804	0.00369965907682368	0.0102921916910642	0.00618344407019973	0.0209420032904194	0.0200778771263102	0.0271948894792208	0.0300670797278882	0.0200345376118834	0.0162056008834809	0.0220580127236004	0.0158240903980032	0.0304700559950179	0.0152408440585024	0.0233756713056907	0.00729747238412254	0.00402711024559372	0.0115864918228451	0.0120230941429219	0.00884881379324965	0.0451490030760699	0.0170430238303145	0.00625753470479284	0.026433284521455	0.0186001814133069	0.00551174725611561	0.0115308082087069	0.0196500806192952	0.037241992897655	0.0374572657683458	0.0336099265762016	0.0552315039006536	0.0131276460387224	0.00812292046278038	0.0195740604481828	0.0201275570926652	0.0330357215485064	0.087130765719849
Serotonergic synapse	0.0200133767506376	0.137405114994836	0.0119667917077714	0.0250238446534093	0.023723270023868	0.0237048066370581	0.0362385247876355	0.00407821732264606	0.00370284116224673	0.00536680308670153	0.00836918368058225	0.0088464120764225	0.00481281480646055	0.00450585228981825	0.00442628854549211	0.00586373299455171	0.00539889022625836	0.00424439949853605	0.0111280693108026	0.00554222446879601	0.0195641356958101	0.0104656775689674	0.0196116338444789	0.0181501219475094	0.0171907002666773	0.0245162937437923	0.0153792665342206	0.0142809309286452	0.0139987785085844	0.0121334615464362	0.0312536749992588	0.0127972639996276	0.00368619042501715	0.00839142288711856	0.0139313627376468	0.00492626803361347	0.0598898754557497	0.0129329540921228	0.00255649085378551	0.0193484429030028	0.0155271790203606	0.00428518690348929	0.0200547803510383	0.0178043038663713	0.0205643142460789	0.0180054301738403	0.0192294770837098	0.0348404572896657	0.0109467739927454	0.0137195132923459	0.0138953816701903	0.0183550407438431	0.0214538845584856	0.0819518708112401
Shigellosis	0.0241692111142365	0.0288816053728022	0.0141740681889858	0.0201294441046268	0.0213943641964923	0.0178023949789961	0.02200169774891	0.00463863038217066	0.00445267916100073	0.00453938724062583	0.00812590128535661	0.00854854287248837	0.00592148116196733	0.00576564061195092	0.00481125193981439	0.00557458700249084	0.00473408769124606	0.00397937749534012	0.010559553293452	0.00650686394011765	0.0216236441138638	0.0187160108997947	0.032945307017761	0.0304352060650143	0.0199624616103703	0.0168647559724402	0.0217210347815899	0.0163717634033574	0.0301534304051106	0.0158602537741283	0.0227453861306686	0.00793826060037351	0.00481527286997719	0.0118911235664712	0.0131340424023992	0.00921762251313278	0.0435381338526793	0.0166540667853186	0.00890757899558888	0.0270983505727152	0.0188617930893155	0.00567588411231636	0.0116168974023685	0.0196122744221737	0.0369457336694614	0.03722689832465	0.0293174406716349	0.0489332364764922	0.0130517130343254	0.00798929972221473	0.0192510407469666	0.0201711069506213	0.0334551169539123	0.080587088307721
Small cell lung cancer	0.0306625539962209	0.0312748411742333	0.015100841667383	0.0384349124879772	0.0296222490629362	0.0366609603229595	0.0236300424581637	0.00527917426687115	0.0055180058050131	0.00597463745630739	0.0128510483281275	0.0124943567142191	0.00644499836174063	0.00696687385135814	0.00533907573503358	0.00630394504404783	0.0054376555449886	0.00536829207362967	0.00791330906300575	0.00651939671802254	0.0265285899307822	0.0270498309803926	0.0368346412574101	0.0258023471940074	0.0260774994919863	0.0177714632350277	0.0162387491567899	0.0188113721616813	0.0189217715985244	0.0183344726028805	0.0288375845720671	0.00945006768661416	0.00635723149395293	0.0132461203223784	0.0147750033466001	0.0113201211879909	0.0355000463601736	0.0152876839002943	0.0153881375702065	0.0306806127688249	0.027187644762666	0.00634217752254216	0.0143757880335755	0.0201478245799066	0.024718598604524	0.0247445351989499	0.0198502415820437	0.0263082531897333	0.0150971146856293	0.0119572422094172	0.02404743109124	0.0268064274845936	0.0260233754851279	0.0213828286192266
Sphingolipid signaling pathway	0.0303290832419477	0.0311869844203041	0.0161589143988742	0.028896343846127	0.028921476249364	0.0287257139024933	0.0241469927308343	0.00615974478789249	0.00614358901095788	0.00582984586130206	0.0128037194809527	0.0111865440530437	0.00651866161197712	0.00704019213535448	0.00565568928998056	0.00714723378214878	0.00582554216518044	0.00515066972802697	0.0105142563211745	0.00709602405176009	0.0263729527913898	0.0271994788028238	0.0400573760869246	0.0287274000936205	0.0313806663333777	0.022637938417413	0.0178855014044783	0.0220400546175332	0.0162201497215586	0.0213765350632914	0.0292375006595732	0.00944570123867145	0.00583049316120387	0.010644983690675	0.0124606651406099	0.00985327236788373	0.0330301162635499	0.0137378780179189	0.00795384977597202	0.0319733407304417	0.0241100758284436	0.00564917042120587	0.0141762708928138	0.0208535336504063	0.0181207735440377	0.0189460043184415	0.0189527646740159	0.0280204885411251	0.0134499906498352	0.0112393062671452	0.0241093093788669	0.0305065242652536	0.0266337484925072	0.0417289636272953
Staphylococcus aureus infection	0.0192934394002027	0.03789046144618	0.0497712405897372	0.0216129221288399	0.0253662519362433	0.00899225965346877	0.016766077355375	0.00550293341553461	0.00338206692842694	0.004897700936938	0.00241778276736236	0.00248419708263783	0.00318171308040289	0.00342206035736138	0.004414574771252	0.00598098694546458	0.00420938780085644	0.00359486157113966	0.0130884626036776	0.00824776103049625	0.0147887200370149	0.0013702311510803	0.0305937482693432	0.00652813681665446	0.00969063763536308	0.0163278535398007	0.0149521297051049	0.0128109749406799	0.00429994233690049	0.0151487100761825	0.0233084741232786	0.00848070694563684	0.00360348327849205	0.0132673892980552	0.0049083317570445	0.0674008958378863	0.0504291828239718	0.0114627183051234	0.00119006020655745	0.021508587310478	0.0237656762590344	0.00469443795471682	0.0137905590599854	0.00971293484653344	0.00316374349700147	0.00343341134932755	0.026472921946795	0.117457393888587	0.00899321741564912	0.00657510595948813	0.022836891315576	0.0105038347539863	0.00648124642075693	0.165530569136316
Systemic lupus erythematosus	0.021147266940923	0.0477968325105832	0.0733896532686206	0.026849405332573	0.0301871058377431	0.0108816746755774	0.0206830942597188	0.00653140163792153	0.0039643461330003	0.00573590128963681	0.00237596796818572	0.00263109704482562	0.00383625549244124	0.0040227855491203	0.0048698820064795	0.00671168678604677	0.00494146707000005	0.00418658305462589	0.01329246764094	0.00904875115891902	0.0185978923548031	0.0013031590731293	0.0184098509656452	0.00667407696619667	0.0116366201990086	0.021971297442308	0.0185872407462829	0.0168675613764149	0.00429931101134848	0.0203831734013525	0.0297760290030235	0.0109592246869596	0.00440164830840919	0.0181490822825588	0.00624637453458794	0.101952894541822	0.0462676879886883	0.0137577595901982	0.00122328872325583	0.0279640428644518	0.034776948772654	0.00629613230332138	0.0191308466460096	0.011683265175798	0.00321913431237989	0.0035568610485895	0.0272341306736013	0.11266648148875	0.0107091098912874	0.00799514897081617	0.03129401055139	0.0135121088428747	0.00692902992545154	0.00848494967874966
T cell receptor signaling pathway	0.0234717420460349	0.0316954229335654	0.0146449467918823	0.0230764685455311	0.0233190817870499	0.0185292075934934	0.0223676930353204	0.00386335143225404	0.00348296947009577	0.00493640267426831	0.00818928532311233	0.00887578721783086	0.00456994986664808	0.00446025934086714	0.00420232212855101	0.00493944435571787	0.00388277244728203	0.00409754129063353	0.00915710936203369	0.00553460624610391	0.0234974888840159	0.0129225858759461	0.0726506021528392	0.0204977682837879	0.0205802206913695	0.0188448577509477	0.02016691125522	0.0174670277235778	0.0165058996630848	0.0171177870829033	0.025156099974887	0.00893657888260262	0.0044645885474046	0.00995770244177962	0.0112662042942005	0.00875330939450636	0.0431280923128599	0.016265283168479	0.00983718274258125	0.0258823515484963	0.0192070660759853	0.00547240032572864	0.0159801602921244	0.0201193918827376	0.0209854208310831	0.020123326910146	0.0470129485316183	0.0677555687690398	0.0153709798484895	0.0238513393178169	0.0260702975969581	0.0201152652200325	0.0212280919802473	0.0455128358582275
TGF-beta signaling pathway	0.0221905994206055	0.0208488993795288	0.0125982891938952	0.0624703197512717	0.04083741637662	0.036398550010051	0.0235590170393231	0.00353652816954039	0.00276422465349516	0.00323574424351026	0.00139126896020916	0.00204269075782761	0.00321952978269993	0.00243926960705627	0.00292636671395622	0.00424700398330845	0.0029382830469011	0.00277207486590228	0.00657309164027331	0.00512759421770275	0.01445113492565	0.0414530896083699	0.047262963690956	0.0313073170598252	0.0360197646279075	0.0172430869695651	0.0134231355929088	0.0163720997678579	0.022694126443726	0.0141959859796228	0.0193789302177989	0.0103533300911033	0.0045137601617267	0.0128647869863853	0.0177491226736615	0.00357238498313555	0.0413395330056547	0.0101480571054521	0.0021747158870168	0.0159484410309989	0.0115037873719907	0.0032079779551968	0.0111883001506908	0.0200155776559409	0.0132975768618846	0.0158171013659865	0.0214990371377782	0.0503326439628566	0.00903374935945492	0.00625648584307023	0.0147318689882239	0.0310903219138318	0.0294561139728236	0.10798692883727
TNF signaling pathway	0.0251631369463644	0.0367936471764268	0.0183125330243539	0.0224400483449077	0.0237548275398302	0.0205693418665379	0.0215840019746784	0.00401641314263752	0.00389306238632312	0.0049400122104526	0.00735864451923473	0.0077558225634524	0.00480674401551991	0.00498035459864609	0.00411199215204057	0.00501169720623831	0.00440499302836261	0.00422682214823915	0.00716638981048886	0.00524828970982727	0.0233527353977824	0.0221166422549215	0.0496532938441792	0.0268692477553393	0.0212295459903225	0.0199935991088484	0.0182445823636332	0.018894970844956	0.0238899981435984	0.0188851139263232	0.0310860625844484	0.00911218625050982	0.00476768736479178	0.0108450013908579	0.0117500057614349	0.0125897220936162	0.0490546261683322	0.0181848716377642	0.00757284099050758	0.0256637447061887	0.0288160294544484	0.00586292333358383	0.0143456314206877	0.0210855697066017	0.0303593195108981	0.0294535422305095	0.0263864607412249	0.037543061389066	0.0152591560296237	0.010276016606758	0.0231781333050416	0.0234872806964273	0.0301909426204627	0.0434606800117486
Th1 and Th2 cell differentiation	0.0260535808816387	0.0259139864141496	0.0139912219453591	0.0220176518471912	0.0216682111666148	0.0204568940439215	0.0223867892342953	0.00500421768548742	0.0047866459661028	0.00605777824374531	0.00927058022844801	0.00952965369488235	0.00582148024180616	0.0062377156399509	0.0053916667626539	0.00628423239591741	0.00532743412461113	0.00537769437056593	0.0110159444952508	0.00650759527610996	0.0250553532984737	0.0257247703706076	0.0683214935336089	0.0218544609926191	0.022818192752878	0.0182252379604539	0.0169736009248424	0.0178025651652306	0.0159182221172511	0.0178396784535204	0.0234111581856798	0.00974620654749251	0.00551027747962886	0.010157737064894	0.0121695306939004	0.00965480668955326	0.0401358909414535	0.0176159208831511	0.0108437205383857	0.0304679504281378	0.0208902983086417	0.00575899583108446	0.0134699501737158	0.0203241604083974	0.0214025489569256	0.0214669812198317	0.0256779343538603	0.0538221564891235	0.014700168566392	0.017412199412547	0.0252048768308591	0.0229193890447927	0.0224898243377643	0.0551127663855996
Th17 cell differentiation	0.0242345577433544	0.0238081686138765	0.0132646395508549	0.0240943734014844	0.0222599422840222	0.0205331309617554	0.0217307907072459	0.00553851031396218	0.00542378283179717	0.00639877691797147	0.0106297798231237	0.0111149982986493	0.00651329297679006	0.00666354884370994	0.00580265648676284	0.00658715166383301	0.00578406833395977	0.00566019615994688	0.01054146001804	0.00667839607868097	0.023317803750401	0.0255270594261389	0.0617619502827071	0.0221784505501524	0.0228687438382261	0.0170543098132064	0.0168934236168584	0.0165255487024377	0.0181891295351442	0.0163406922154965	0.021802136541291	0.00917063676551435	0.00507087044822434	0.0105572213948175	0.0123637342754696	0.0111353441501419	0.0390300535669447	0.0165298829201442	0.00933522809951802	0.0276892247847108	0.019304644841471	0.00525207387146044	0.0141292380562851	0.0202165233035234	0.0226818323579354	0.0229782946029998	0.02941311991363	0.0554285783102519	0.013631367500359	0.0207019564853179	0.0240249109036747	0.0223117492319473	0.0224010342830552	0.0609210096507227
Thyroid cancer	0.0382555768175845	0.039682769915381	0.00875999696588483	0.0737649153941846	0.0437175679851308	0.0648170982973	0.0223171140410079	0.00553155706085338	0.00521254085931196	0.0068352252802138	0.00193297314113547	0.00243381054026816	0.00544024039311667	0.00613914082442164	0.00515727763490139	0.00656252259839697	0.00553229674616942	0.00601558510652704	0.00675112968801719	0.00722079644455896	0.028339462722934	0.043361831808694	0.0222690374132379	0.0199901106037113	0.0197733343369761	0.0127561901614951	0.0130091846553276	0.014104844614516	0.0185927984244994	0.013624680974186	0.0282108668768426	0.0100925787352818	0.00859056695293322	0.0200089664752383	0.0181046790315536	0.012187755675398	0.0328535750741401	0.0115928625067402	0.0299731015360721	0.0261590247503675	0.0295557746469785	0.00457748453945002	0.0132167366497711	0.0131632264354621	0.0252544956364309	0.0249579625998439	0.0143480438694491	0.00829451830847393	0.0148007711312861	0.00836060037072826	0.0200867115605896	0.0225269588741031	0.0233755974897107	0.0118055288232119
Thyroid hormone signaling pathway	0.0207806887561259	0.0165310853649502	0.0151473604170736	0.0214737594142949	0.0188385239082531	0.0188126009445674	0.022307739332086	0.00672614867836175	0.00685089981889309	0.00689111148311336	0.0100028735102555	0.00802737536042136	0.00732287405150901	0.0099837119804474	0.00636702557386793	0.0109895245975766	0.00638050197377983	0.00678619251312817	0.0116368783431859	0.00836230305025543	0.0160512336373149	0.088183215314958	0.202168064384949	0.0174842330022155	0.015187575887325	0.0158064079342587	0.0144896056595442	0.0139789280136177	0.0129447065589764	0.0146223686257774	0.0147644524722086	0.00778568597496282	0.00481029766470941	0.0158168676718389	0.0161223470821124	0.00819026599216811	0.0277564516157241	0.0133719500066584	0.00740166648217479	0.0187248983374255	0.014844252264487	0.00503669587394048	0.0151356597604629	0.0167319943094086	0.0129363106489419	0.013831917812401	0.0174457107875799	0.0285635043599377	0.0116385520888822	0.0105011206852816	0.0180411880623137	0.0159306240041657	0.0161203689021633	0.0173616990489672
Tight junction	0.0134619133841546	0.0161290898400903	0.00728717311890639	0.0102041564239643	0.0149263820785595	0.00520751140802907	0.00959973395018426	0.00402374384857586	0.00272787880470916	0.0032983593270122	0.00320336359815051	0.00312230112478539	0.00285849832078687	0.00283133687385276	0.0037484587585692	0.00510444667227342	0.00304801249109499	0.00260251162869863	0.012002433406761	0.00607565576949052	0.00792921379139051	0.000372532697357308	0.104828362092853	0.00671488367488169	0.00661705192428492	0.00639038816504771	0.0102186868154628	0.00530791660032386	0.00532249097875299	0.00554189748297916	0.0108438507225507	0.00325088914145407	0.00196652250950815	0.00549146257082479	0.00305932482534129	0.00493666033873564	0.0403097367455513	0.00744935738989158	0.00116853444752882	0.0114210185706057	0.00348229574368775	0.00178953907938022	0.00585731705208495	0.0087425206653761	0.00383696180053768	0.00407147717484981	0.0420925817561128	0.144304042305833	0.00636638311085517	0.00397279299119764	0.008427266189513	0.00534376358624181	0.00644405352310985	0.374665262707246
Toll-like receptor signaling pathway	0.0254780997214566	0.0242559532322069	0.0182093360360953	0.0223637714981206	0.0214034350681264	0.0213936037201862	0.024658194763474	0.00454052267182535	0.00464419621217747	0.00508411277475638	0.0108995241811088	0.0114137656595917	0.00594393005184262	0.00626713532240636	0.00483160411052938	0.00592526435853919	0.00467022673483859	0.004595758093225	0.00854099560442171	0.00586126716222315	0.0232602902154273	0.0348478124019932	0.0669251423025341	0.0238717381598002	0.0232185666558075	0.017994666735122	0.0183770441059891	0.0184450594467453	0.0202348585013999	0.0183459302097103	0.025486145077103	0.00835222359452215	0.0049404679375623	0.0121592274050788	0.0144902096627578	0.0108331197273779	0.0398577868097313	0.017807827378101	0.00835304278614163	0.0268375196646885	0.0228433291872283	0.00676886676157399	0.0142226082139153	0.0215629212962782	0.0235413135695778	0.0238848613687717	0.0302578219287611	0.0446075802435313	0.0151775988773307	0.0117864815199542	0.0244548215835737	0.0241104456684349	0.024073211458692	0.0370887625676316
Toxoplasmosis	0.0270048511397881	0.0301508085801652	0.0156868093922477	0.0259226373533839	0.0248204607742254	0.0192967947322893	0.0244340168849711	0.0048984455706205	0.00454717531389894	0.00512561491060715	0.00888513877804708	0.00931749883936797	0.00528146240388784	0.00548084427026964	0.00492780726720051	0.00609632907972249	0.004894056480622	0.00455021282449483	0.0113654828441495	0.00659328218034009	0.0226877963892369	0.0252056538608355	0.0574796648330356	0.0223916629773783	0.023685925067545	0.0168689689679623	0.0174675445674224	0.0175274484376876	0.0168539502326031	0.0166147868569306	0.0235858555549973	0.00899647814081011	0.00509470293146638	0.0116519610465289	0.0133213106946784	0.0103254455079962	0.0446084800311293	0.0159434970577358	0.00585022342353827	0.0265057569568435	0.019426692054383	0.00572032808853821	0.0166574014623469	0.019249162869618	0.0176786955755658	0.0184751480060516	0.0299334441698858	0.0604796744154008	0.0139576990335728	0.0133436478028487	0.0207779146821433	0.021334865703398	0.0222931421640463	0.0687253408155402
Transcriptional misregulation in cancer	0.0326450128722632	0.0353271740721794	0.0114878929765242	0.0474738253209701	0.0342042673619458	0.0413120183588788	0.0215684593618876	0.00494250599617431	0.00422237264806926	0.00560465278767305	0.00502278437628024	0.00525721725377173	0.00450827668000244	0.00494666458448956	0.00485433568243598	0.00600232665705377	0.00462798038921886	0.00469253162203169	0.00942667511637791	0.00713960955103112	0.0232826686108313	0.028893601681551	0.0369379105905685	0.0190527516572094	0.0196819724246994	0.0148492913293863	0.0140767389399706	0.0152594132634971	0.01578853570856	0.0149540139860196	0.0254761837748094	0.00934580429694892	0.00656170149645844	0.014044115884908	0.013449626119619	0.0091544167051336	0.0410216300486293	0.0130136980578896	0.0182513210267429	0.0247661159164618	0.0226420277454925	0.00489216963031764	0.010495308958603	0.0141779827469747	0.0200034358722229	0.0202506915881648	0.0171610126137889	0.037754271059779	0.0131278052980667	0.00807791217478816	0.0182302854840912	0.0206691841957933	0.0202763797537342	0.0991134376890297
Tuberculosis	0.0257144420508825	0.0310874918539936	0.0139132644449378	0.0246863210380247	0.0251640152781842	0.0165067628008956	0.019136763529686	0.00441605951333681	0.00371309921233428	0.00466334057345055	0.00422872470934589	0.00416252325553386	0.00399591348029399	0.00435981516142617	0.00448177647911261	0.00565883173464133	0.0042420066507205	0.00395492917888164	0.0121821352411579	0.00655002063906025	0.0187681539627012	0.0225546403686603	0.0599319348192646	0.0282428986887704	0.0175577153660884	0.0147332523884339	0.0175003431598127	0.0144263085823919	0.0260889540897065	0.0136615560586684	0.0197978323387853	0.00828968658954015	0.00428942419028888	0.0105508550988226	0.0100492384296527	0.00722235570840111	0.0435960388652387	0.0163454257559434	0.0046749807923912	0.0247005869145885	0.0133689952477077	0.00471798071431635	0.011806265372003	0.0155863019480748	0.0280723283647532	0.0300638623356876	0.0278797382543886	0.0686270878344172	0.011631923274188	0.010166441321046	0.0167403785019247	0.0165048629249023	0.0313967203331097	0.10763669457943
Type I diabetes mellitus	0.0130069060690455	0.0222648935615217	0.0214473093911815	0.0174075995106685	0.0235721367903225	0.0149264241391681	0.0169500673117561	0.0033090063846545	0.00254773795284956	0.00555590027825487	0.00106688091791808	0.00131090297634186	0.00286350887684362	0.00300318167327472	0.00285969216830604	0.00289525827386008	0.00342702689339016	0.00390171980451842	0.00696560446722922	0.00366389819574177	0.0140955244654673	0.0263131588100149	0.049083919786072	0.0305604418127976	0.024976503504261	0.00987896682507399	0.0182183406724741	0.00991026060041524	0.0142249928307862	0.010095256910442	0.0276880752311743	0.00662363688793249	0.00336502680367611	0.0108980103782425	0.00805939101439455	0.0139528125676464	0.0681330174282553	0.0112288361463924	0.00165824808667977	0.0152682464690302	0.0310137142106654	0.00286664565304039	0.00941877957963042	0.0204683647814397	0.0119450804829795	0.00881458752019273	0.031235771519595	0.154726191956991	0.0123760961915239	0.00623917720031854	0.0234513013959276	0.0256052986268957	0.0231530670452961	0.0915076009674284
Type II diabetes mellitus	0.027786539357987	0.0610026049676326	0.0125392180797061	0.0195854609867523	0.0207156457921771	0.0115885701579407	0.023990865384587	0.00318551456342374	0.00290982664188654	0.00405258456201393	0.0124716503652335	0.0137184208844015	0.00384933328537832	0.00336026866946617	0.00339604402285688	0.00413125765646937	0.00352708463023721	0.00350696579341583	0.00573876116138961	0.00488946227898669	0.0282771199945748	0.0113059256453483	0.0418092623096961	0.0247016639018412	0.0303478070510747	0.0215748716664867	0.018227798028733	0.0208598302809946	0.0153548933657497	0.018760834251383	0.0437092362546316	0.00813377539760004	0.00478477134951856	0.0176434848641788	0.0224658863063358	0.0165101664395842	0.0497116964461487	0.0153020167062257	0.00592333500301748	0.020941409773271	0.0256963121050547	0.00535806709396318	0.0289989576641594	0.0238639653114054	0.019077723129192	0.0192622855014995	0.0280914439579948	0.0399623464270052	0.0231759210692683	0.0157163787256789	0.0238915172610491	0.0212226230809185	0.0220898510753012	0.0213007433191736
Ubiquitin mediated proteolysis	0.0230744210259848	0.0484383506051074	0.00789252295048001	0.0168732343681993	0.0191067800267083	0.0167754867869233	0.0177904203137734	0.00863106112561546	0.0196888637772523	0.0118579526005506	0.0110158379010538	0.0117214997215252	0.0168592278689218	0.0163619746963424	0.0114651906100823	0.0476246597984717	0.0146468431888041	0.00932725055094106	0.012726384288675	0.013793473038546	0.021123604422282	0.0113281208859917	0.0396323740110751	0.0215838610744543	0.0314278157603799	0.0182109746423252	0.0158182848432144	0.017067570208681	0.0102478410628764	0.0153927210844232	0.0325265078583238	0.00866123204745258	0.00445396115822671	0.0159346158282054	0.0254082779126098	0.011700787614165	0.0380175235233952	0.00984226271663232	0.00303381935366925	0.0218631755718353	0.0171915590743839	0.00312146817415644	0.0239997637770517	0.0164571780098381	0.0188649792653721	0.0168866152819171	0.0288059811957416	0.027434565117147	0.0178607404995494	0.025922718417275	0.0165773817379784	0.0175252784460962	0.0169735790359009	0.0234314251434153
VEGF signaling pathway	0.0236812905866233	0.030922627039204	0.0166166645411015	0.0193711796487791	0.0256070044428501	0.0207340488665047	0.0500022635844607	0.00466450875088105	0.00331180612513632	0.00731561974037206	0.00187763242784016	0.00217596863004092	0.00414564249770297	0.00446912622434844	0.00560269120410798	0.00628152703777374	0.00439343797196899	0.00562069907758261	0.012348099904547	0.00702985591738988	0.0293159869602589	0.0067835793496726	0.0241010999942179	0.025692601168413	0.030654729180585	0.042288532036817	0.0277734157616732	0.0200751601103215	0.0164781200858265	0.0181388157301607	0.0361180879763507	0.0138241533107371	0.00325060408862495	0.0120530717051013	0.0266858333475099	0.00463881769506346	0.0268714496321764	0.0235889204809713	0.00524790518121387	0.0243378676734656	0.0192216166687954	0.00644127097414085	0.0116028622567794	0.0260458260334988	0.0270123901807813	0.0268099657598981	0.0355401953906721	0.0381639604972256	0.0214344795341951	0.0110184551540378	0.0236337796340216	0.0309787591207978	0.0304480579288883	0.0175579351778916
Vascular smooth muscle contraction	0.0186703962675612	0.0272377408561025	0.0273078824020449	0.0157327511914341	0.0256473025437055	0.0194370668473612	0.0761021806516485	0.00423528006198628	0.00357213521778244	0.00415347180621237	0.00214031044117145	0.00237954437977433	0.00491908075301335	0.00543949015330928	0.00554907269095666	0.0062334355214683	0.00237866932373331	0.0029272709841199	0.0140589024193322	0.00673059489547982	0.0170288006010123	0.0127698291780639	0.0218166901496387	0.0341158631426733	0.0334179198949209	0.0503984100308267	0.0281066309454476	0.0150045013507401	0.0241450869485396	0.0104880207099707	0.0478449835090223	0.014444849756284	0.00275291280170118	0.0177704995362458	0.0425474682729685	0.00149435921675139	0.0273089273290947	0.0237687377944154	0.00117976573598418	0.0172166340953871	0.0184077366456903	0.00546005717324185	0.00952943691966954	0.0292465712820564	0.0271207810628694	0.0276008269561115	0.0210315362260569	0.0141188639865409	0.0170108741454001	0.0111006316284273	0.0140880301352739	0.0365043380972076	0.0416684869675599	0.00863835836600872
Viral carcinogenesis	0.0253323386774106	0.0288453637221743	0.0163100313669261	0.0271445001921046	0.0235398156118186	0.026551790572225	0.0225550162688244	0.00377421465624448	0.00403229821508876	0.00394506143883999	0.00897222469048982	0.00924280208658478	0.00506794676859166	0.0051157864038623	0.00411974525443028	0.00442752792863613	0.0036883437870204	0.00349132646210586	0.00788388932697798	0.00512717742862882	0.0224372279877287	0.0286030376062942	0.0619357360131847	0.0215357778650556	0.0192457484562847	0.0163268818436512	0.01743966996258	0.016623554767453	0.020313754860254	0.0164860194508764	0.0258634619113103	0.00859933840293129	0.0053327510927488	0.0102191147308039	0.0124982005212683	0.0114549966966502	0.0447764522417353	0.0181637374871296	0.0085253696898278	0.0241967553596085	0.023406920829902	0.00679275954649457	0.0131570620286225	0.0175343170531925	0.0236633084654667	0.0229676131690588	0.0309448851649911	0.0514378361187246	0.0148072630484469	0.00980334278587933	0.0224104434638103	0.019945169074502	0.02266884997823	0.0707154414663172
Viral myocarditis	0.0215346543102288	0.0203897330495102	0.011194408106656	0.0150174166145286	0.0203347225522156	0.00818150276429093	0.0157308843433142	0.00248935570294383	0.00177874306399538	0.00286087085390419	0.00199938944653221	0.00188666428930893	0.00175615107954747	0.00191586378063643	0.00266544780518214	0.0032663034331837	0.00226200814171383	0.0021308423009139	0.00936411973871761	0.00462397030095276	0.0140006282527113	0.0125477560216214	0.0796073670939617	0.0132515023577772	0.0117445846799079	0.00802293902902655	0.0153048926858273	0.00677265197994997	0.0123447101068644	0.00695947466350554	0.015948894088928	0.00400767465597562	0.00232394255254737	0.00867909571748866	0.00680359497990934	0.00904801984676389	0.059372699352577	0.0126693369459576	0.00136486996983022	0.0114298350173183	0.00741990693551555	0.00386968060784197	0.00642572926256698	0.0116688178759143	0.00924778663469419	0.00980125755542585	0.0524374543050762	0.142665070183112	0.00991901837085319	0.00429616206929967	0.0153450007189941	0.00997748429901738	0.0123191614793011	0.241019948025661
Viral protein interaction with cytokine and cytokine receptor	0.025375735042006	0.0425162265943925	0.0155417246779331	0.0242458274134206	0.0262548351158038	0.0141671396548346	0.019967701130861	0.00423224895504297	0.00327061676429696	0.00442013230353942	0.00240707356461843	0.00258750772950065	0.00350362128991118	0.00351610622190878	0.00418361960033018	0.00520661578895335	0.00402770168418477	0.00378610510080707	0.0128831135831682	0.00662574612321416	0.018115971448208	0.0148149681334611	0.0486530456625313	0.0309977861216853	0.0152709384937342	0.0167589463592646	0.0229829054909466	0.0165346047255233	0.0324704523100523	0.0149286708187477	0.0222180581169257	0.0082255290898415	0.00338565779833833	0.0120555527314783	0.00976124923225524	0.00776806690962695	0.0394430763054428	0.0147474327439953	0.00448443868392425	0.0278884031498081	0.0135340901955393	0.00506763306226167	0.0155678236931429	0.0149485058805957	0.0352303551602534	0.0365966550921316	0.0327224356912053	0.0830235821227071	0.0135891564076284	0.0138241384382916	0.0158490825464655	0.01500577885103	0.0367500710525802	0.0580655391416487
Wnt signaling pathway	0.0272337436303644	0.0279210892027127	0.00931580877428041	0.0251700014274302	0.0249017398648826	0.0255266618747269	0.0255779807299177	0.00443105703005559	0.0032629950729047	0.00789077567146658	0.00744304611941591	0.00769448859176167	0.00407630013773745	0.00394945740773074	0.00502136062790552	0.0053023537577714	0.00533444041237607	0.00637801053859592	0.0101311546034087	0.00622560573740112	0.0314052682846916	0.0149554890371656	0.0375635315256018	0.0196699291506039	0.027742380132698	0.0272583504811388	0.0213629208426763	0.0225497611241223	0.0108505785270864	0.0231761462031438	0.0256719421740439	0.0111401237022288	0.00475877432886367	0.00807538121802585	0.011266630798499	0.00790084925287677	0.0273827367219382	0.0199956810728363	0.0222659818020857	0.0348245453924821	0.0224167600205087	0.0060954115004929	0.0130758316361162	0.0202075199658158	0.0241212368908313	0.0244432011160495	0.0364151055913632	0.0427703828363313	0.018910541955838	0.0398232925232275	0.0295511881374753	0.0266545577239048	0.0201253829996565	0.0227845141167343
Yersinia infection	0.0213061368609685	0.0310392131291974	0.0121451136790916	0.0195712655727183	0.0205411370564539	0.0150430303314994	0.0195920051199888	0.00428804778716338	0.00381113691983194	0.00468740961880931	0.00689366844715344	0.00720725661231873	0.00491015499892052	0.0047811643419571	0.00449855633136982	0.00532895785399363	0.00435208429310522	0.00394931218252299	0.0109497463944636	0.00627433740058157	0.0192905453312195	0.0126119263957384	0.0447902518817619	0.0239092337788219	0.0170982941535687	0.0160049873742689	0.0194712919661679	0.0148744509205459	0.0228070227399188	0.0143405830395724	0.0220347170087841	0.00794921568383393	0.00376347671026629	0.00913605643137665	0.00955934159033397	0.007154370199776	0.0447216018272986	0.0149108981974494	0.00757720759016456	0.0242954566762468	0.0161026540627661	0.00456676588360719	0.0122886435206448	0.0166771612720837	0.0298911849023721	0.0299827350061845	0.0301097564485291	0.069499687863604	0.012460472463041	0.0161102749839879	0.0175119655956214	0.0167777441739326	0.0262844269821021	0.1342658624123
alpha-Linolenic acid metabolism	0.0186703962675612	0.0272377408561025	0.0273078824020449	0.0157327511914341	0.0256473025437055	0.0194370668473612	0.0761021806516485	0.00423528006198628	0.00357213521778244	0.00415347180621237	0.00214031044117145	0.00237954437977433	0.00491908075301335	0.00543949015330928	0.00554907269095666	0.0062334355214683	0.00237866932373331	0.0029272709841199	0.0140589024193322	0.00673059489547982	0.0170288006010123	0.0127698291780639	0.0218166901496387	0.0341158631426733	0.0334179198949209	0.0503984100308267	0.0281066309454476	0.0150045013507401	0.0241450869485396	0.0104880207099707	0.0478449835090223	0.014444849756284	0.00275291280170118	0.0177704995362458	0.0425474682729685	0.00149435921675139	0.0273089273290947	0.0237687377944154	0.00117976573598418	0.0172166340953871	0.0184077366456903	0.00546005717324185	0.00952943691966954	0.0292465712820564	0.0271207810628694	0.0276008269561115	0.0210315362260569	0.0141188639865409	0.0170108741454001	0.0111006316284273	0.0140880301352739	0.0365043380972076	0.0416684869675599	0.00863835836600872
cAMP signaling pathway	0.0290844223736522	0.0314405258900564	0.0159329643387937	0.0275758929907857	0.0251017988287597	0.0290768947799593	0.0241471779773077	0.00600628335794223	0.00554635529240364	0.00587765307141354	0.00750057634902837	0.00798639509010468	0.00659049920526771	0.0064369627679865	0.00590564736578469	0.00701115042033584	0.00558299367347279	0.00531283414553235	0.0130944313677247	0.00765649376121989	0.0251206905693398	0.0231514927940557	0.0490982545253969	0.0249446694732967	0.0258942299516331	0.0214777887862519	0.0173396769065732	0.0219859626382728	0.0170560283416209	0.0215511433558652	0.0281786183605929	0.0102197296940388	0.00590561670845508	0.00986377495745864	0.0129140417395491	0.00843709743442614	0.0461464117155252	0.0151672503428295	0.00801479526221079	0.034646019517485	0.0284598043029807	0.00551869696537688	0.014828982037217	0.0195430605465827	0.0242278539493857	0.0236994131234879	0.0203567009543928	0.0319847337955953	0.0137676909653819	0.00983035052511517	0.0222600332033206	0.0258294081468308	0.0252436294557313	0.0344683959061919
cGMP-PKG signaling pathway	0.0286181885969438	0.0274696480919664	0.0103280979714881	0.0283929483478083	0.0264812590978992	0.0276595352188888	0.024332048901683	0.00658383599531908	0.00546784365671722	0.00834098733824185	0.00723345820080663	0.00769146816362845	0.0062469313572299	0.00612846222515471	0.00656651839618037	0.00771751637851674	0.00678581879728381	0.0070045829232906	0.0150205132620197	0.008457152421032	0.02909657792848	0.020208676094134	0.0340741297643568	0.020483112165728	0.0275456455826271	0.0258694917641396	0.019154427113611	0.0226454942810202	0.0106362832407348	0.0228772691261881	0.0260954835429791	0.0105214039561612	0.00548033481011359	0.0084115770315213	0.0115281182823231	0.00750691000013072	0.031181448615221	0.0165617744437949	0.0162076235359552	0.0338549711202461	0.0222852367541665	0.0050312262540979	0.0149470017105494	0.0193383148848382	0.0196239662761727	0.0203004516032508	0.0296581513168964	0.0392171546992245	0.016004182497334	0.0307304048135961	0.0265694656216951	0.0268737801809087	0.0202479330645739	0.0367051625811313
mTOR signaling pathway	0.0296064588739362	0.0295468757209115	0.0184122866196242	0.0262452298425898	0.0279166292125911	0.0248167415569398	0.0243338983636521	0.00517083250599867	0.00534014324475786	0.00540782826116738	0.017820915522829	0.0158862824507092	0.00581980361285798	0.00625238245489633	0.00492769505602189	0.00589285867479031	0.00512822416705226	0.00476214252322362	0.00638496100117426	0.00578070250017243	0.0284086336451163	0.0216808401910822	0.023336805110864	0.0305893085452318	0.032559883712779	0.021813209875997	0.0180847306737264	0.0219950940504449	0.0185248279173952	0.0210897123677947	0.0310294108507733	0.0085223347770463	0.00515194939111594	0.0117404875815275	0.0135209530108843	0.010548066447692	0.0296180862253827	0.0156164600301384	0.0094587223315739	0.0329114485432564	0.024196345564042	0.00677392940500299	0.0156279797971338	0.0257910097898162	0.0207928176661049	0.0212402597862305	0.0212404717332629	0.0328053551032102	0.0148993697167895	0.0124607969927185	0.0280816462933021	0.0327542527763195	0.0295895928026415	0.0320923151277073
p53 signaling pathway	0.0309683642887175	0.0327724696469694	0.0172125110963443	0.0421681884736936	0.0340191554023558	0.0396327433384944	0.0210821046648512	0.00503908166634783	0.00502859712091093	0.00591691141781909	0.00790055346696871	0.00652981324189495	0.00502864851290753	0.0059241268034012	0.0046204400292335	0.00553191260651196	0.00498770548669125	0.00497926137546248	0.00560664976724394	0.00557281685696232	0.0256199437318749	0.0382462066315941	0.0411926517615479	0.0256024706596574	0.0258708994107544	0.0145144692720179	0.0165174845442771	0.0149121496309464	0.0182957261681112	0.0141832412946888	0.0289419486295652	0.00863945774924586	0.00595166763445877	0.0147955171247133	0.0134798154220936	0.0101611622638399	0.039729231573197	0.0127101497263279	0.0143154528465875	0.0248412301699042	0.0309123907527694	0.00530345280017293	0.0115195944401342	0.0177199082631255	0.0210217986758323	0.0201627498939792	0.0264365938523815	0.0323561063471035	0.0130138937991423	0.0097540296841476	0.0213983262622443	0.0268691166140178	0.0252333798263502	0.0392557272794142
