Adipose Subcutaneous	Adipose Visceral Omentum	Adrenal Gland	Artery Aorta	Artery Coronary	Artery Tibial	Bladder	Brain Amygdala	Brain Anterior cingulate cortex BA24	Brain Caudate basal ganglia	Brain Cerebellar Hemisphere	Brain Cerebellum	Brain Cortex	Brain Frontal Cortex BA9	Brain Hippocampus	Brain Hypothalamus	Brain Nucleus accumbens basal ganglia	Brain Putamen basal ganglia	Brain Spinal cord cervical c-1	Brain Substantia nigra	Breast Mammary Tissue	Cervix Ectocervix	Cervix Endocervix	Colon Sigmoid	Colon Transverse	Esophagus Gastroesophageal Junction	Esophagus Mucosa	Esophagus Muscularis	Fallopian Tube	Heart Atrial Appendage	Heart Left Ventricle	Kidney Cortex	Kidney Medulla	Liver	Lung	Minor Salivary Gland	Muscle Skeletal	Nerve Tibial	Ovary	Pancreas	Pituitary	Prostate	Skin Not Sun Exposed Suprapubic	Skin Sun Exposed Lower leg	Small Intestine Terminal Ileum	Spleen	Stomach	Testis	Thyroid	Uterus	Vagina	Whole Blood
2-Oxocarboxylic acid metabolism	37.4755211016282	35.4005039070486	48.0354980794491	31.2793170703125	32.7903689948694	34.9779906263567	41.4365329261364	21.6408572462017	29.2942113787554	24.9743936197917	43.6678882050993	43.1562016282895	33.9329575289352	37.9863985966543	20.4569292745098	24.8085950656615	27.465929122807	22.3128694709646	22.8693729825368	23.2026910826503	35.9386436119893	35.7716503645833	36.6787130434783	39.2178468794749	40.8689774425887	37.9717780645161	41.439275311991	42.8179763346702	37.2809554418103	47.7707665496204	63.8727662327157	43.198260609976	52.2499408522727	91.1530417127863	33.1096019495033	36.4580461015193	80.4768603545232	37.2605626837687	34.3239258694948	18.5280613570442	31.6021551767173	37.8651421531472	35.2863135339862	35.8765597061505	38.4012744972826	29.9431682897112	40.2768542790233	36.1379067028985	39.7134846833882	36.9637824346405	36.3623532555147	14.0671043956258
ABC transporters	14.3055662888266	12.9098211978043	17.5988219563089	10.7810591403013	11.5539547985075	8.62589383662968	13.8722561154401	6.48879944874156	6.40011159370529	7.46497926	17.3061944805455	20.4640327527151	9.75112496954732	8.73615738620405	8.78079312941177	8.3111221054907	6.98935784951267	7.18333746369204	19.1971235381264	9.93538515968427	14.0032269200173	15.8214585185185	14.2838677487923	10.6814753906126	11.6371910201809	11.5539390592776	14.4779684002895	10.8962633198653	14.695854835249	6.17299428006749	4.23808250245821	42.3418961111111	44.6432635555555	17.2011623842239	19.1203815721118	83.0196135702885	7.30802127492529	28.2245274182421	15.3555628762234	16.3431188275015	16.012851512957	13.4504892592593	17.8060591995221	17.9160092083702	14.0566885346216	15.122867032491	9.6962796003276	11.1158125711218	16.3806925302144	14.2619575395788	18.4819930784314	9.02855970554864
AGE-RAGE signaling pathway in diabetic complications	79.7917664211485	84.5164217091993	28.5388380115254	145.730835273517	124.693871991418	104.86221211563	64.0141011142857	15.4409159127072	16.8492606283262	16.334316525	26.9734419407942	25.4299133890977	17.9697663859259	19.9921668903346	14.7398852007843	15.7408776735409	16.0356433529825	14.3725433401575	19.0462123867647	15.6721083622951	66.2409503928016	92.0189431166667	111.935405243478	62.3909700408115	46.4146898148225	57.0486436158809	35.7633847431596	55.1087202228164	85.6482289827586	35.7163871438178	19.0284994446903	23.3848622375	31.5547956636364	23.6345437469466	107.630484683444	31.1105146674033	19.9089133721271	60.7079868134328	72.2881480119171	13.273163558011	34.8879354003195	49.1295941925532	52.9689548980031	57.7000644200265	42.2434500275362	44.1206100306859	39.461787412285	22.2054657664251	60.5027287763158	85.2772036405229	72.4705987058824	33.040044033873
AMPK signaling pathway	78.1083247213927	70.6540779776705	37.0904803288976	43.6486665115913	46.141445	45.5212401212759	44.1360674970484	25.8087536906991	28.0921626939311	23.7897665719008	45.8374189476982	45.8912529857702	31.1416975396388	33.6235171443055	25.0239274357479	26.8378352143294	25.6343005367551	21.8748533376716	41.0065150761627	26.8851442297792	65.345394919928	42.9268356714876	49.4165721092346	43.4759840641827	35.4301886480098	42.5111909962472	39.5348220697499	42.48891372166	46.3184441721288	24.6883420930066	20.8808748873693	25.56804945089	32.9801219609316	36.8517347148445	42.7429057609053	36.9822319848409	48.4941765276122	48.6413784243247	59.0176831075237	55.6720447712433	40.4383061814485	41.5261712918352	41.6222507613208	43.4960297396804	37.1564286485407	35.5732269555748	33.2509559908218	37.4658188323951	46.6271676217921	51.6236183346837	43.3116317831794	29.4492008119346
ATP-dependent chromatin remodeling	60.7335581971079	57.7256776155739	41.1989612197595	107.647498135955	98.0371858569333	120.511559973283	75.7586253579753	25.3858389984417	29.0799308044459	26.7291702897436	46.0094631349317	43.4855110844419	31.3578171392846	35.4539871022781	26.0525775391319	29.5152412501247	29.8258043754686	24.140433499899	39.9254883794201	27.2524858815562	57.9950374344009	71.2884040135328	82.0104192827945	96.9970776072456	67.822247989401	85.7362964914848	65.0861833794092	90.7165513478678	90.09215452402	24.9916396278992	15.0879488845397	30.2136413658777	41.5706382439782	19.5639968340184	76.8240430682912	45.2382858823252	19.9361594030677	70.0477598601862	82.3718497210044	20.2122366149596	48.2871898143142	64.1257489376856	51.2309270824635	52.9745768798885	58.9309600805153	65.7255013702984	53.9235259064659	56.1616493604195	61.9453819133303	104.44630734931	71.4565336440422	60.2285175514896
Acute myeloid leukemia	38.9812578119905	39.8205611030029	23.531857284594	35.4793510248545	34.7448794052127	33.5531025513532	31.7880847586742	13.5240515865424	15.1118089654731	13.678784321393	25.0887680645509	24.3508209881046	16.093352787728	17.953785519059	13.3791755083406	14.4254180991928	14.789010792354	11.8510463756023	16.7979620793093	13.1571267816654	37.190469117835	39.5688288370647	33.9635211940299	28.7361827186264	26.0414043068582	28.3018460075553	45.9221281921824	28.7173211017107	38.1650654246011	15.5123956110985	10.7482825657113	15.9272340298507	20.8418729308005	18.7500671784209	44.6429291672433	31.1257281075287	18.7851829339853	38.7374428220094	34.1294808065888	11.751661565515	24.2961929488341	30.3969833973748	50.1541279102185	52.3564271867453	29.5400621032519	46.5692244291179	22.3305433532583	21.9847297717932	33.6442170179803	37.3300504204468	42.3805543854258	64.671409118232
Adherens junction	107.131365500587	96.0937118880402	56.1446511857117	216.765135897348	195.311642556572	268.926877980331	149.291922054182	30.9155969916236	34.4097646139647	32.7082830566308	40.1496204545631	40.1830811763279	37.5230795141378	41.7300798025343	32.0766074674257	32.826149684532	35.6130740826259	29.3488820468208	49.811228462471	33.6646196627299	95.7431775402703	105.773140273297	120.445861393174	204.200192828291	123.083509460345	181.600918061048	103.037943030367	201.915891937209	143.122536318131	139.240159370933	148.022613964697	46.1919438554591	60.4372034506354	25.4579417852746	126.222651171758	69.7715035489812	170.013732843547	112.116823235757	100.889533062009	26.6653473866809	51.1887382517435	104.553565421338	80.2338460748559	86.3895685717749	95.1783145083372	93.5700524164435	91.0701906110803	53.1429260222846	88.8827140239263	168.723786281538	111.931841114485	104.390716606275
Adipocytokine signaling pathway	67.9630547903161	73.382771553176	24.6266720237288	33.9238784491525	37.0542161385927	33.8991149925574	32.7794011799629	12.8115607576953	13.9015922219497	15.4340568485714	27.2459038824136	28.0096874973147	16.273006715873	17.3578024466277	12.6514304212885	16.2827841695386	14.1157335809524	14.522244511811	19.9474496120448	14.6097014098361	56.2824101511951	31.2979920654762	31.569956689441	30.8505922366178	27.3384899731584	31.5093928011344	25.8224216642624	31.7636540720652	39.1813160985222	18.701382289123	15.8028185407712	22.2182234615385	26.5475195714286	37.2792709002181	50.4947398632923	24.1698770552486	30.6934571774363	52.9025038347548	31.9618275381199	9.79619096132597	624.244829806938	33.3412295466059	36.3517244165021	35.79113488651	32.3425568930297	38.2826415177927	23.7587734794665	28.0125690003451	34.7123086888053	32.8610866788049	34.4058024773109	54.4545057014766
Adrenergic signaling in cardiomyocytes	35.5052213583615	31.8492554568685	25.511359427691	80.7948812213845	73.5219054312851	94.7828328701111	55.7885760608872	36.7427204541867	47.4564082261301	37.411508528355	62.3826006212199	57.5138931520359	49.6911622717653	61.0570704036113	36.7128695373058	35.1750675286775	41.7706064634313	32.1639294209531	28.9498936586453	28.8542360460578	32.3230705672343	37.9930232440476	46.3518610869565	72.0116572773766	43.9960042529078	74.979632172666	28.3915004513727	81.6991645004283	51.3776954120018	174.451404970983	247.546831282468	19.9049422127872	27.5106971664699	15.2464208791018	38.7470382063301	33.9148650617063	235.989106560029	41.7643443472572	37.1526593624251	10.3205977281696	34.7331155835857	44.0177440070922	47.9117747985118	56.3065867938958	36.6419452227241	28.8317436201885	34.1956909200996	27.2883023944413	36.4347596179844	59.0129709769968	39.727442460275	21.197362529799
African trypanosomiasis	25.4051878972144	60.164959325194	13.4184385847458	38.5091736540725	39.0529242775705	26.7108526382859	19.3538567388167	16.2031334392265	15.2244645350501	17.6694881925926	13.8992294143602	15.9208771867168	16.2217815823045	17.1598679801735	16.9772862102397	16.0197775313446	16.9865901452242	16.8982883103675	23.9019710076253	23.6455990042502	25.5727459446606	27.7800224652778	15.8541194806763	18.2847678149032	19.0506337276734	30.5831927502068	20.5764077718965	24.1048049796989	45.8626430268199	954.060540316341	32.9390968362832	42.7726807799145	56.0614664141414	292.648476645462	140.038822465508	11.0238278084715	6.72105483156751	23.9357823557214	19.2933772985032	4.0354619490485	30.1819917500887	18.9634838898739	15.3151936759686	15.3415930898173	36.5848673268921	235.349397343562	13.9961339441714	30.7593517337627	47.5179692328622	23.632689912854	34.1083243218954	9461.0636947153
Alanine, aspartate and glutamate metabolism	38.9715889162692	40.8446847248953	20.3808074557948	25.7414595819973	25.7079240248084	28.3323391774553	26.6235943980344	30.0129373495595	40.6735138394618	33.3746382207207	34.4307882749537	34.0217684616948	41.2713149149149	46.1484048045815	25.0128045172231	31.7026776958671	38.0409992413466	29.3365238901894	25.7404240898251	28.9483794284448	35.5650002119045	24.7542602027027	22.7277278730905	18.7670251177192	21.6222054381312	23.8265819743813	21.7692711598732	25.0693370964012	26.4095787884436	21.0513192835786	21.9771446023679	33.968413781185	33.3870139312039	108.360415663297	26.2910845605871	25.1645562520532	49.2226869837441	46.7754319721662	30.4209799943985	11.0615269777512	22.8101308565754	24.5383105079548	22.1392512031386	23.1114178661553	22.8695396122209	18.2912011259635	27.7142737366359	29.7059632634809	27.3803501323692	24.2321607719484	27.8100509189189	10.894285516812
Alcoholic liver disease	64.53270849905	72.2746948628203	41.7766791037098	42.1572097657639	47.3378952525832	35.1398215664943	37.1124466733267	15.9287917080709	15.0621707254119	14.6192189641026	24.6799244497741	25.297038117146	16.1889722745403	17.3185500894273	15.024109059372	16.5467102723735	14.3488791728622	13.1870050371676	29.7852321938845	18.5674198463831	52.2856428393785	29.7860520804196	31.9740941349954	31.7033705951566	35.3599214968539	32.2776779484287	30.1349910429147	32.5186775141792	42.3984689028213	19.1825087273031	13.4045696235844	19.4560942240452	22.8066640559441	97.1682712547376	55.5937913044737	28.9296396650311	21.3257553374254	43.8664193070661	37.0467518381101	12.7377693244601	30.111398489019	31.3272037625849	28.982227119762	29.1038292009052	37.1585284889024	65.5769695771377	25.259728952939	20.2662748440931	35.3040615700528	35.1910635833448	33.0010885886466	34.4783137176149
Alcoholism	29.6965908443167	29.4265077571057	22.5937628362177	39.1046819548394	34.7123851459152	39.7686239274888	30.5016407751196	26.4923808519919	33.2467977996386	35.3996319680702	46.8637957978339	42.2093904964385	33.5953157530214	41.3649304750538	25.4364131339525	28.9354465787426	38.1783608729455	31.2313972370493	25.8119004458204	23.7219533511648	29.8199759763465	34.9480068070175	35.4272032700229	33.4803009752544	27.3749672589825	31.5701988704453	26.6553565690897	31.7654530544141	36.9849759945554	14.4922567718918	11.0384990019795	15.4999129296559	21.278695076555	12.7485502153475	34.173845469153	26.7414633849956	16.8323317920474	35.0868283583661	38.6465639383692	9.87215464277406	33.8915169752817	34.5575877310564	48.9281865449915	52.0510097207874	27.2439075354691	29.144183466464	22.1185269053408	27.9332126717518	32.2306809678363	36.4096492026144	35.7090856250774	30.1267099267877
Aldosterone synthesis and secretion	39.8087680337849	41.87176848173	146.391743054306	50.5849321210221	46.3461010211697	53.8406471229215	37.0090169533528	44.2990167476604	59.2040225107296	45.4038411207483	74.5175117258528	67.9555688069664	61.8887455827664	76.9025288783097	45.2135015282113	43.4948436377353	51.3223600257787	38.3535551353849	32.5900655467187	33.9596829223821	36.6947438974033	36.1992489923469	38.3488316282165	46.1218042491842	35.1087912871203	41.2281866202461	25.897816906867	41.1335310422351	46.1185967945109	363.688513059454	20.0363006160827	19.903125364011	26.9240006864564	20.0313182248014	40.1975925359846	33.9353360333747	29.1533451975949	48.3314718347548	60.381400305065	10.8337253455857	473.21412871748	35.723525196121	64.5003841504436	75.426011373085	36.0710518253968	29.988125686289	27.537377978238	32.8132657364685	43.782819610037	43.5279334840603	39.0328576590636	16.8029008508908
Aldosterone-regulated sodium reabsorption	24.7744372643652	28.9025023385055	21.8051346852955	24.6984312769125	25.2489813281565	24.3621594618062	23.4918149315549	37.926361812752	47.2254982658624	44.4776237981982	59.6192535135135	59.7582437604146	51.1114454634635	58.12300945745	34.9652423720191	35.2415510653066	46.0781638425794	37.370954147691	24.2209020945946	33.3443146389012	27.3257229456305	53.6308506644144	27.868225440658	23.4163274469458	41.66865827343	21.8824069237476	122.630803810195	21.3901612260924	26.5201784622554	16.0662342926658	15.9112318853145	45.8470362733888	73.1808714987715	10.1964534939138	41.3473466220691	49.7953941182619	29.605156094958	37.2553460814845	32.5094443201232	112.304138547111	25.0133932095674	30.6187476979107	81.5840385531614	79.3065649344039	40.2270013500457	21.6030676417211	23.6704888325918	19.5215728247813	39.6347491291291	28.3294074898428	66.1286583036566	13.3430099145098
Allograft rejection	236.084042473934	188.331792047606	116.879239996234	150.684277942561	175.903531328773	120.256695970815	134.299603102453	26.0153797344997	20.2996642393896	27.1938472601852	20.5816249247894	21.3582230221387	21.4114722191358	22.8520007042544	27.1160941132898	35.9123054290964	23.2560982923977	26.5216810017498	78.2530074891067	44.6272201654523	196.844860044315	148.153555555556	161.020957004831	93.4336348335985	145.752590379842	89.1423475523849	82.6490739273435	84.1696195127748	157.996879243295	54.1656172101711	39.7385803097345	119.395500435363	119.926774166667	48.4932751940204	477.422773858076	97.5463982397176	27.1705733499728	187.130670019486	87.8591648675878	25.4250703146102	93.4567174937877	121.934614318361	159.928438875661	161.363222171014	267.279565594471	538.56728270357	89.7505633073983	34.8781119961084	178.925928145305	179.819937107843	147.729815330065	696.027600034246
Alzheimer disease	826.749529793052	899.174568376189	1216.11136116225	465.895719692686	610.564722367557	523.539605716767	829.116863749662	1444.98687705959	1410.8087855196	1482.92697858021	1029.13086072606	1082.89800359473	1398.90204938802	1260.68079407199	1484.39228045803	1396.01312346729	1398.0107589047	1535.23920002338	1154.08072089869	1380.69837961621	872.308265338086	473.666394057075	562.788999249321	889.55450068218	1030.46915000636	958.378107769205	570.450943651092	969.085576247261	586.183467420079	1399.0462990107	1674.66995575682	1441.16273970453	1153.05952223722	1155.70425902155	578.780855603313	654.755823008029	1125.22649777337	598.263411511816	455.803072172388	342.089059205442	619.880357173107	877.949421904366	788.560431135112	732.245753502259	939.939657949879	568.490997330494	1034.07071974489	744.683676437827	737.392128273255	553.774895791292	507.83054402405	159.45698965961
Amino sugar and nucleotide sugar metabolism	32.6395114175144	34.6823424401506	25.3370346226583	33.8928426622435	32.884245886685	31.1314314525097	29.0666402392345	11.7982515338761	15.7414099751525	13.3682758570175	26.5500293701311	26.3176930945786	19.1149619873294	20.3506572872236	11.17355250258	14.4956791603522	14.8177723591874	11.5719165944882	12.5681804437565	12.1643324532643	28.6279500404464	29.1394710635965	30.2587161670481	25.3006724450446	27.7019249681354	25.0511918244743	27.8164193772501	25.4783706304531	29.1835808076225	18.8767753173878	14.9449339264089	18.3125621963563	22.2553123684211	22.8561057181599	33.5210747063437	26.9364166371038	29.8717637022262	29.4654884815397	29.3147270466321	11.9773208774353	27.491228847318	26.5484338251213	22.2139935819387	23.6667523569035	25.9434046427663	32.1660165874976	29.0293247290832	27.4369399930079	29.8193387399969	27.9813567268662	29.7451254102167	29.9303398984073
Aminoacyl-tRNA biosynthesis	31.1246312681436	28.5167644076196	28.4238017126348	31.4563727749422	31.0073037415197	32.1464350039468	32.4099145779221	14.073757112004	18.610009527897	16.6735583492424	34.452892993108	33.1832721505468	23.1112156860269	25.8409173927002	14.5741835588235	19.4882398797312	17.779207284689	14.8442402308518	20.4661382319519	17.0154996882762	30.5197809117439	32.5649687121212	35.6625488932806	29.8751960604253	27.7503171341811	28.0085725930521	31.3445057432633	29.1798787676228	34.7548155485893	16.3893145267206	14.0651828399035	17.9074928277972	25.0592785950413	15.3701551266482	36.3543570567429	28.0325534756404	25.0337505387308	36.7625733751696	33.7043818558643	15.0174390921647	33.5086752432472	29.8201034171502	30.1994008839548	32.2936775207982	28.2816536923584	32.0157311724647	25.8818357873576	33.531177944664	36.9113875591441	36.9265612834225	31.8936891377005	12.5914468170497
Amoebiasis	66.8936095586155	68.4379935490074	35.8636414079544	187.572725631608	153.940513118812	144.037653983465	77.5267459791693	17.0196848640665	19.0663548502103	17.2022278867987	23.4308891929085	22.5298865625698	20.2950916740007	23.141687212632	16.2541754513687	21.0868049150518	17.0212967556019	14.8806064757932	23.7915842642205	19.4912267342964	55.4278029491081	129.616980057756	119.708049853638	86.0476869599943	56.0124752963062	77.8586337756431	102.554680249137	86.3248168089162	84.3322645544554	44.4635010502352	31.1192095023219	28.4619754369764	36.5408580648065	41.9386747596554	90.929652422792	46.8138092855971	37.2278602487351	59.2616361579725	66.9281198779049	13.5458462141021	37.9394707873343	57.4164359995787	62.1613031097626	66.0459650002626	46.9301110235806	44.7181699063516	40.9421938411949	22.6049728224996	56.3454247972034	111.926158166052	122.399891425743	57.9786839391884
Amphetamine addiction	51.3470636706857	64.4546973169889	37.1824523237534	76.1140526314173	68.3323669673372	76.6905586627236	55.4923546772068	55.5160349331412	74.9946889108665	72.0739283082126	93.9076063616387	81.3698555829792	76.238404359635	98.0131780895426	59.9255912361466	56.4282095939773	79.9789498606661	61.0823368623759	43.4652472584541	44.7332912647501	52.1943330392489	53.7737136835749	49.5623904977946	64.3772637245339	49.8937252966627	57.2505250649117	38.6093402169192	56.2179402725464	84.4296976411794	27.9731056886416	19.1285702180326	24.242658546544	32.4612107641634	23.9894147687797	55.9430150117574	47.4643851237089	31.4377167938769	61.0743286502271	60.5053233873996	17.0437803330931	63.5353904736769	49.7165824190564	114.94630976402	110.034496319725	46.4453090653224	37.5047186946058	44.6047622939145	39.3662261702724	55.4411550444953	56.592163280288	56.2781999096334	29.6089290997527
Amyotrophic lateral sclerosis	889.356865816327	966.400448342289	1275.16642845725	509.831389331812	665.060381340311	579.206883749503	888.021473183959	1516.47861309301	1479.82969499894	1555.43910488626	1077.21500830186	1135.33173572771	1468.42903858527	1320.03238223855	1560.09112629896	1467.19255271978	1464.5297300401	1611.74307923131	1215.18928576398	1449.57676209227	934.748023279493	509.164117712912	607.666212468944	956.513182316544	1097.42207756647	1027.11553059628	608.777130720102	1039.40580745607	636.371456100796	1475.61759696694	1762.85860950185	1534.60521866653	1224.74358444805	1215.82384878785	626.110360775098	691.731065049177	1162.15704660425	648.334185392365	490.218576165803	351.075378872868	660.00151956316	935.742228979425	824.876089109822	762.696700236104	1000.08112344362	611.560602528166	1099.33062310041	792.392125237233	797.171842339382	603.774545368455	545.678197050097	179.832411403528
Antifolate resistance	20.8138131409897	25.9925865462805	19.3992986779661	22.6735375388418	20.636277528607	18.4037986304872	20.0549814285714	5.47053994843462	5.72848672532189	6.51106224444444	14.0751382755716	14.7766342481203	7.08950313209877	7.08063052540273	5.94863491633987	7.05926090402075	6.2524421251462	5.81264001312336	8.81344050980392	6.97056149362477	19.6099987451362	18.5372298194444	21.0023810724638	16.2910427923628	16.7036226673626	16.1546276335815	18.0062805043431	16.3411072293523	23.6341438390805	8.68553585104845	5.34477734144543	15.6065375544872	17.9863795757576	24.6728591564885	31.432234714128	17.2077668305709	10.6238226845966	22.0316988064677	21.7181523592401	7.76804972928177	16.0804462694356	18.9194949598109	15.373789640041	16.3248088762157	18.6432874090177	24.1744011925391	16.2382809099099	14.9877894347826	21.7812116973684	21.0196356383442	18.6084635	19.2790339265255
Antigen processing and presentation	238.640282290694	220.385309660941	155.262478496704	206.742028573152	219.771475625	157.722528934917	162.005658612915	50.6283379688459	52.1677735419647	57.3937956393519	82.1601836702768	69.0485738319758	54.991416247428	65.9489159030359	53.845504253268	72.5364527939905	54.9551901530214	50.7132212986658	118.211728308143	77.6089152489375	202.518084488759	175.396705138889	188.394034933575	126.446248239857	162.338444979703	117.392104440998	114.836648320892	113.921911664438	188.36052565613	85.48963921698	59.8903039998156	136.400506254006	144.93782625	80.3931566534139	453.306706362675	127.71426519644	60.008268846611	205.054646468076	156.553257932499	49.5835334894874	139.28538792776	148.947245456068	157.298167249957	154.934287647546	259.506439561863	478.700940152427	120.688682740581	79.2722536171498	241.804645219298	201.624572433733	177.121153742647	520.807300543448
Apelin signaling pathway	70.1967402728573	62.9613395707965	28.7872452613096	126.043297840965	105.139787369537	123.511124021385	63.1178915556386	33.0568628888271	40.2327874783092	35.0821158532374	53.7331507789003	48.1256564218099	39.7886741076472	50.1040836048782	33.2194055593173	33.7344612823671	39.2704727163953	30.821565929587	46.3543538418677	32.9422403644298	60.77712905733	59.7390099070743	71.4579958054426	61.1881039374324	45.8343230382542	68.0832621006123	40.5588524753357	69.1991184459919	90.5294261944927	50.1441524288769	103.413285142293	44.115900287078	55.2374303924133	15.3975244326981	59.1996621294488	36.6186820819587	99.7376877099787	63.2260882220552	67.0508430804786	17.2560793672245	38.6388877849542	54.2326017261085	74.6483486735404	81.806511281606	42.6060520745143	48.184513937875	40.1430653940926	33.0607349721962	53.0946999881148	91.2136181478347	59.9971526127804	28.899270296281
Apoptosis	84.0992731199539	89.380674669055	54.7555473828514	135.412560080384	120.543366162752	137.011294896144	87.8523395120321	31.2706911988138	36.1012545307372	31.3566270544118	50.1677883542153	49.3252062804069	39.901099547658	44.7703179176689	32.9513877373126	37.7744475761044	32.9281816950464	29.2740361261	61.2014308773068	38.7006983172613	77.9266368970302	84.7504334773284	85.8873284974425	106.244925621929	78.5489073724364	94.0773262392351	74.1534120214601	97.9011481069781	111.495895702333	38.0210751252073	22.7336841711674	43.7066586545532	51.8307283756684	31.5031711136058	112.421108493621	58.7239392553624	29.8400114981842	94.3832397285996	85.3032423102713	23.9350471861797	53.5007233896354	68.4872262278369	78.9939039276678	72.6136147883835	69.5873008383063	83.690824167286	65.7732814075372	52.6803394572322	78.0736902617604	106.621665324394	85.8958245393599	91.3624715584939
Apoptosis - multiple species	25.3869046765581	25.669664697615	19.7641914131356	24.5917104535222	24.9229027693563	22.8170277446635	22.0064981574675	16.9275124274862	15.1375182457082	14.9825727479167	29.6394875857401	29.7640670829417	16.9245012164352	20.4694554240242	19.0927449375	18.2329816682879	13.9764520482456	17.2469832418799	30.5789301087623	24.3598316666667	24.0451170209144	21.4118654557292	23.6503108695652	22.2151626215692	21.5985748734342	20.6813880195409	20.2206078547435	21.1002309141043	23.900518825431	12.5344240482646	9.62428400511615	14.4268155408654	17.1068892045455	13.9167870467557	29.708656531457	18.1181233580801	12.0302214543857	41.1450634468284	20.6499251878238	7.57504334599447	18.7555078045128	22.0827004222074	19.3808580885177	19.4207506826094	23.7562379166667	30.0157879004964	16.7088004683661	18.4330214870169	25.4915447185673	25.0427473243464	23.0736017334559	26.715403879203
Arachidonic acid metabolism	51.2180705487441	50.5995287714693	22.3507814153932	34.5437357696582	69.8591393057255	34.4751543004911	56.2416783478816	32.1973760655738	27.4660791634419	32.5495951469945	27.1679220441499	33.9500665401208	35.9500950874317	31.1931408038272	30.4669609611058	28.3602513510238	30.3483832890423	33.5979991558022	56.8891897822244	43.6912466129177	35.4433705999235	70.7006929849727	36.0016155452602	28.786064722407	27.0108174516582	30.0012584493349	29.8753573562236	27.6604595914789	43.6324734652346	75.2586495160201	32.8342833693602	21.7321939470366	22.0384749925484	111.003899219122	41.4966879141787	24.0558110433838	13.2911343055834	92.7185205177392	36.8605372980549	315.920354998641	25.4473495569057	47.1403671526567	35.5566004996097	36.9717226966561	50.8054151144373	23.1456819672131	21.0806198191485	106.333930026926	28.2850151768766	28.3733256380585	53.497165972999	21.0039475520078
Arginine and proline metabolism	43.0025719142857	55.3150750729131	45.9165240623729	51.1797143088983	54.9200159328358	55.8260935898698	57.3188939922078	47.7552442696133	56.0544262961373	59.7371152226667	72.0247059552347	74.7083039406015	66.2972574414815	69.1003980959108	44.1949635623529	44.8484748132296	56.7466460940351	55.2093073448819	56.4204258715686	51.6251390699454	44.1090277684825	41.4234595416667	49.5234915652174	70.4263349355609	58.8566706388309	67.0580941875931	38.0132125856678	73.8906724342246	62.6709940689655	103.184688922777	105.141601366372	55.452173425	64.3853539636364	68.9116195061069	78.1863998569536	60.1055343436464	619.269890829584	54.9116128038806	52.1900796549223	24.3674944618785	55.2881556345048	75.005155887234	35.7044010516129	37.5601572557029	52.9513001004831	50.9773226086643	55.2874321312039	42.8941732178744	62.0273789108187	54.2357514862745	42.4212993035294	50.8652290450809
Arginine biosynthesis	53.0985619633308	52.3654455970265	28.6286191432974	26.8619090475732	30.9668893385346	32.2311873733719	34.8695902951594	32.5066679105977	44.2231800916894	33.9791884348485	34.2567430193633	34.1386031903623	45.4199476632997	49.1689596789456	25.8942990320856	32.4657136894234	38.682977937799	29.4026834180387	28.8033759803922	30.4499598509687	48.4079807012734	31.8954889393939	25.8653458695652	23.2392058505099	30.4950234503701	31.1952724193548	29.6616005115487	33.5113603378707	30.6173467554859	28.2886474147111	31.1158434392599	47.1380552840909	48.713286446281	136.592858929563	34.7040001512643	35.2942539100954	61.9220651561458	65.4587011953867	40.4755185562883	13.6300824409844	25.4323994641301	31.4217230254674	33.8938432390728	38.8680961243067	36.2086339437857	28.6383874171316	39.2062303819522	27.8243451679842	38.6241515749601	29.436025983363	37.0716242326203	27.4083405156798
Arrhythmogenic right ventricular cardiomyopathy	78.4793766292098	70.4642987490591	40.2357362585731	169.56084507637	149.675804057619	220.395256892438	195.773901442162	28.3160734890145	31.2087869722527	30.3615071639535	31.4183727680296	33.1549988254065	33.8927182596899	36.7762855615112	27.6098706798906	27.6053374264772	32.410151005712	26.4565991297381	38.8932378317373	28.3283088372093	66.7496132252737	96.2757285174419	104.089880824065	298.267522767664	148.118859458659	235.889550905419	100.36734295186	295.390453648178	146.33206819166	110.915509860263	130.5049491454	31.3895563092576	41.5956746934461	17.421037286082	94.4939031381873	60.1752743126044	226.411754462245	85.2181533285318	79.5123244011327	19.6492364599126	37.9370078917453	117.5292781651	85.5113065636052	92.7810313631176	94.0345296006067	63.9781682474184	98.9171338786355	29.22624054404	65.8727858459132	175.665843575011	108.409939339261	66.8339775807292
Ascorbate and aldarate metabolism	15.462579940815	14.055342565258	25.2559147370148	21.6849934028157	17.5079610050554	20.8490867825965	18.7563591746963	9.04455358403137	8.59641853661913	9.35503070967742	9.53361136485385	9.44091182876546	8.4966339223417	8.71149510133109	6.68256722580645	7.561499674909	9.02700807243916	7.96452547498095	8.65002542220114	8.32453254010224	14.115014470315	14.7721614784946	16.2706631837307	14.621956568635	22.9673126419287	14.4444615224526	17.1720613712304	15.6497354148698	17.6581017241379	6.30124083059268	4.19225520839281	30.9151830241935	21.2910905865103	47.7095132701305	15.5152859479812	14.0680011334878	6.55634320017352	12.9657236880116	17.9725341785058	6.50521472197469	11.7259574904669	15.2978658304736	15.0065983722313	14.6944791345084	20.8452004051738	10.5374100034937	12.5461645795355	9.61259964079788	18.3553803381437	16.7370700316256	13.7816414573055	3.9542961756317
Asthma	88.1459623669468	59.2971172043706	39.7655913617767	58.975419301578	73.7876535087494	38.4139427715954	36.7023420913569	8.77783152409983	5.06341895219772	7.71263272758621	5.07419006348811	3.77356951387088	4.18357392592593	5.01878491090886	8.89296593644354	13.4747312934389	5.71192595644283	5.15289157073038	46.7476513556457	16.788028728095	64.4274316986448	32.6770369252874	39.1786125487256	25.7557337692371	31.0205862659276	23.7596823273723	19.1074762849601	24.3846712914131	45.0055290725327	13.4249767117959	9.28267428822094	35.435961438992	38.8032657366771	8.05685743090287	181.688864244691	26.0881173614022	6.7639616516314	89.9992140499228	14.7026405913882	6.07255283768337	26.7879046061474	30.9237329212521	32.7641230314106	35.0831990364035	102.197370449775	187.054820285074	22.3429708574091	10.4539829801766	46.1386021566848	36.2583974599955	31.1613596409736	148.869355759007
Autoimmune thyroid disease	166.885833689515	133.032689394729	82.572576481223	106.4286367888	124.25040376573	84.9951793382708	94.8759043468297	18.3667887303651	14.32229504923	19.209045754902	14.5772566164083	15.1690886237653	15.1286939854757	16.1321041752314	19.1909315417147	25.3602605554284	16.4171206873065	18.7252288042304	55.2290010351788	31.484661032894	139.124741312657	104.589688970588	113.735478976982	66.0433115990454	102.951330996357	63.1094911151657	58.2487782994827	59.5617551420782	111.510426747803	38.2525777236187	28.0980424522818	84.3086599170437	84.659095311943	34.2390722766053	336.853094286132	68.9565698537537	19.2611604235582	132.24522589523	62.0470504632734	17.9952266596252	207.612053139134	86.2212767591434	113.004845134484	114.050008001248	188.846095696694	380.366232629716	63.4519885195356	24.8035845874775	303.232570569602	126.98052735999	104.323492086505	491.017432208385
Autophagy - animal	65.4353035959174	60.0175370963694	53.2269159177915	77.7056328663859	70.6716548324247	78.8005841798314	66.0727763908547	31.3553520815827	33.8687410683354	30.3254261071856	55.3678762279772	51.5891380469137	35.7867787879796	41.9049253157625	30.806666988611	36.1299064083506	33.3601935308331	28.2735668129096	48.5428030832453	37.0387949772586	63.8341137481069	77.4473580763473	76.2576537229888	57.669373107913	48.7305626577326	56.5079059000609	53.7707755406776	54.7180850165978	71.3484564897791	32.4702399316768	23.6273762883525	41.1619108722939	50.0220154055525	29.5985333640353	73.0948487497521	52.2607457399014	44.8006457793215	75.4448057064081	91.2212712608979	50.2046103665597	54.7934005429397	60.6721296661995	58.5584325985816	60.7308319735066	54.9982693184645	65.4850183231371	44.6990204215157	50.5009223023518	71.2306704134713	74.7562080439122	73.9825817118704	56.6782910803797
Autophagy - other	41.3182756840861	37.9540616226576	35.2932583538136	46.9207262923729	43.0656417595616	49.1530213906476	40.3695157386364	28.2600488207873	33.527864860515	28.573418296875	51.3768852245036	47.7633131226504	35.1174624074074	41.8996631912175	27.469460557598	33.796383670963	31.7790071260965	26.6364564247047	39.4570721262255	31.4439808435792	41.0752063314689	43.0424333463542	48.6134500951087	39.6092990759248	33.0117524125783	39.0468488477047	30.9958779214169	38.0633691544118	46.306333825431	25.6175301043926	20.3261586034292	29.1088161358173	38.17894625	17.6150211939408	45.5527792818709	35.5336229281768	34.9843521863539	48.6543294300373	54.5023193766192	17.7482639071133	51.5622956609425	42.1304833931738	39.4474473310292	43.3289459540782	33.5522364613527	38.4130007795578	32.1284138398342	54.3520948633756	48.74535258178	50.0121155678105	41.3593059264706	44.0803675782223
Axon guidance	37.5240775308585	33.0122231791377	23.8336931531011	65.1551452452738	60.3193697709939	80.587876210461	51.8156280455259	18.35985348552	22.6013453254256	18.9139139474359	34.8844006956401	33.8160325652731	25.9338433121693	29.5615491909392	19.6262948829994	18.2799746463847	20.231060436283	16.9534654739552	23.118119741435	16.833544800036	34.0792024994655	39.2303175961538	44.1181129264214	66.1139923402135	38.8052128795109	60.9584117225207	31.8714334508	67.2285901097922	46.0506009264873	21.6602824378442	17.2042763277983	17.7781446412722	23.7579644605395	11.7344823274054	42.1862250433011	23.2786948497359	18.2566532307424	47.9046599872888	34.3318323119626	7.80129647289175	21.1368072055261	40.6128770571273	30.5403246362317	32.3889216659137	33.4619876238255	35.3785709967469	28.396313055053	21.0415082848914	35.4437322133057	51.2854940795806	40.6396432498384	33.9812615357245
B cell receptor signaling pathway	50.7615003632811	58.6486725917513	23.6841512852061	52.8653984690835	51.4677473829924	48.4821710307123	44.0884399198332	18.93683121888	21.4422356853706	21.6507958592593	31.5727106431341	27.6463448695814	22.1785400361225	26.8037320083528	19.9034849929799	20.2212104967094	22.0818339861382	19.0960115417517	25.893282986565	20.3906215374755	48.6601265155882	48.427227654321	48.2586589908749	41.9198490394531	34.633632888992	39.3493146012928	31.6954045341215	36.4732353962281	72.619602443593	22.0980574794462	12.8102954168032	21.827120772792	27.6404379236813	17.9226302115729	61.3188566304881	30.5747571761817	17.335164130671	60.2814172505988	55.3172082588115	12.0626115213833	32.975271799787	37.8440355257858	56.1396412013806	42.7075702636146	47.5158322347468	86.9384584186834	31.2824012118179	24.314500792032	44.9515585715833	52.226183614137	47.6866434669572	94.532245286349
Bacterial invasion of epithelial cells	120.325761346175	107.462546895728	61.8703521496808	247.251266362811	214.055291167862	257.255827864943	137.429010138303	43.449448467389	50.0570832913439	43.5252940800866	61.1152855159642	58.6974597661361	53.9670360567581	62.1282181716796	46.4802455166794	46.477059025216	48.0781544301663	39.5609914827692	71.6040294015788	47.3056574849195	104.083433363232	118.255595551948	128.399496267645	171.45024967145	119.553480193585	151.244669658406	116.784632885274	166.689955440656	144.644999807434	47.0252775104939	28.9440657464659	49.6567631393606	65.7867663990555	33.2186162164172	154.324414280984	75.361407036665	31.6228241691805	125.922445828455	113.334295276899	31.6551449720169	65.4575563163354	99.1164046265082	87.6151061108784	94.5216731862965	101.394405096932	113.906241096629	90.7150119091228	58.3917683405483	98.3009396326042	164.9120020219	123.430030223835	133.218930848927
Basal cell carcinoma	29.5891952501	30.297069329115	15.6057250341673	47.2133857721281	35.8498814723999	48.8360739942113	24.4857914368172	8.14853683504341	8.78028938006676	8.73099825343915	13.9836680339236	14.6638421947726	10.4195430599647	10.2365127591904	8.02826443448491	9.24849731826323	8.75468620996937	7.57326008936383	9.49512866946779	8.69703275999653	26.3693413720585	26.0396310780423	29.6085948585231	23.3302082418457	18.6592425582397	21.4663045696955	17.2521688736363	21.3801604184704	30.3424988560482	16.3149012770719	7.8228353423936	13.276151796398	16.6065841125541	14.0520098230946	33.07378103306	15.0853416557046	15.3037169078667	32.6001706162047	32.4615040801053	6.84341565991406	23.3447109386886	22.2825958161657	24.5849892312194	25.0627989998316	17.9648708197224	16.5310998687754	16.7141986065286	15.3880085622268	27.9575527123364	27.4306825718436	25.4325500494865	12.7021147565676
Basal transcription factors	18.9617951944869	17.6237304990708	15.6965216933744	20.7944904646572	19.8520591638399	21.0916029581634	20.2510373996458	9.90283062280261	11.4762929857589	10.6562690325758	24.5345320052511	22.3464251478127	12.4728780984848	14.790274760899	10.0531521898396	12.4444261602405	11.6623079744817	9.44801058518253	13.8884180659537	10.7856236338798	18.8754298346303	21.8227264962121	25.3182850988142	19.410209405511	15.8283289177263	19.2615412514099	16.9019397634735	19.381822926187	24.4993881583072	9.09824259859988	7.11678421460177	10.6113843881119	14.7236233264463	7.95565521252602	19.2556324589856	15.1515569814164	12.6214848388531	23.4256244565807	26.0124253697598	7.54681727272727	22.4656668581179	20.0497927184075	17.9079380048178	18.2136282318544	17.61472671278	20.7390299245159	14.4073760894572	41.5929087862319	22.7984707027512	26.3948477569816	21.0440032593583	8.77030114032605
Base excision repair	26.1658802587853	22.7099390514171	26.2928487873652	27.5684814830508	26.9169726077001	27.7411268444941	27.7720353807556	12.5735535120542	13.4038500263363	13.1336965780303	31.4368565712176	29.8593355878332	15.2049345252525	16.6206894271713	11.9282571016043	13.9252353634595	13.9669225494418	11.8124572127774	18.190727975713	13.5680347975658	26.964311368058	31.3291556060606	36.302709743083	24.9379495177913	23.8459702979693	23.2476977543424	26.5063057895321	23.0721320892076	33.9457526802508	12.0096762822915	9.3352277519107	16.0468405725524	21.6457183057851	14.7324987925052	27.7182771651114	22.1109666034656	15.9569181304179	33.408314087517	34.8641531547339	11.4424225276243	25.4326229864943	28.3464415304642	25.6105036747661	26.0787803363878	27.7642267665788	34.3868134148343	20.3540186592584	34.1446773149978	31.4897802186337	35.4538136527035	29.1274665254011	13.86097795964
Bile secretion	24.946314222453	22.1691636680512	44.3228672153875	36.9956664906684	26.2271031028845	22.1231478555749	19.3228995301328	23.4055463275188	26.3831819761778	25.8745295625468	30.5184771143471	30.5612942270001	27.5725323104453	31.6996214560795	20.8359618739811	26.3729339811131	25.367974426572	22.4204786463771	20.1656744695968	24.8123178049978	20.6885715627596	21.0198642041199	20.184299604299	15.7946984210667	25.9536451382797	23.0235046190091	16.7782045624565	23.0413059824951	21.392662719876	12.4500859816228	11.3568488197276	25.9181219252377	31.6746695914198	55.296298980187	30.614951155964	21.5478105388292	18.2144633396061	35.0984461395271	21.5602903539617	14.287646580483	26.5508984585562	15.8240919105108	20.308993985571	20.9967947797514	29.4739248803127	11.029592446761	18.7172084145432	12.5148341510612	27.61760854064	21.076725259602	22.9811242068738	16.728394176613
Biosynthesis of amino acids	74.3664059429799	71.2670743830949	73.1203236600882	104.831584191433	85.5611328485995	90.2087654530857	88.0179709322185	64.9107616256717	82.7737545693456	69.4493246105023	101.196333893972	105.70853352817	93.3137087011669	102.567449257015	58.1029349766318	69.8931099690848	75.3161737207402	62.2840742508899	69.0360908716089	68.8200613137211	67.0074037055594	79.0959076426941	64.6234408159619	66.7986153898715	66.4678282297595	76.6875717104592	103.904990141672	83.4892247539863	71.9293841709967	72.4876933423469	68.0667894959995	97.6965003714436	114.357942366127	137.352463099969	72.8372446602558	76.4456011746008	217.778656426634	88.7843379302801	75.5484921030591	28.3661750976311	63.5246899063416	65.8095570421646	70.2523944534226	76.3919253017696	86.5521072788035	61.9843337718214	59.7629440954529	65.488799132751	75.6435016474405	66.7047519804817	88.1420246365834	108.520824584179
Biosynthesis of cofactors	25.031800301807	24.7329656151251	33.0039742603301	30.0382488592556	28.2504656374988	28.5731632479215	27.4433242016807	14.3190369237714	16.0459507189542	14.4736774359477	21.8241540508719	21.1115044552558	16.8433827826192	19.0145072738538	13.531841684224	15.3436357228962	15.4986402141956	12.7877678861098	16.6313423080866	14.5076486942391	24.2765874111798	25.195310462963	27.7639496959363	22.9205220358151	23.4552694028955	22.1290043378907	23.6542853772541	22.6006075330001	28.2841219066937	13.3169015248182	10.8254679686506	22.7515810017597	25.1775874628639	49.2223212745098	25.9035857503355	20.4550213501607	17.9221736276108	27.2458111019413	27.9130914240238	12.7186006510671	23.329940226148	28.1877161050851	21.9791067957792	22.0503474306964	23.1334336803385	21.8649296184611	20.5049576041817	20.4164891258565	29.6040377369759	26.8922295796489	25.1586879973087	22.5314238257677
Biosynthesis of nucleotide sugars	30.2909356972519	34.1687931373452	25.5059079743472	33.4721975904718	31.916774160952	30.9933162494622	28.155447985258	13.0500847080782	17.4822758531493	13.728779354955	27.5331463050054	27.0062880349522	20.4659595385385	22.46189830001	12.4716188351881	16.2799441728888	15.4270895068753	11.9255547776123	12.905389682035	13.6395091699897	27.8097536365548	29.1315916103604	28.1779607520564	24.8632302031865	30.1681565541951	24.6507584159345	33.6813410793204	25.4716952575035	28.5033917148183	18.9904460854781	15.106652878498	23.2829432198545	25.7147493611794	24.9822366092428	30.5089351642205	29.1625214304913	30.9613778807903	28.3346723812021	28.4555382831536	13.1184594788711	29.2086589439599	28.4161000881733	24.2405893639723	25.0428406993333	27.6834252878966	29.0330434003317	24.9933977714324	31.2697410288549	28.8078457977715	26.6390259335806	31.208928317965	29.4895617690418
Biosynthesis of unsaturated fatty acids	66.9897968731196	66.3012202075841	52.936738603892	27.9504924992153	35.7498983830846	24.1971106458702	24.4461076960077	45.2031514446491	39.4942927817517	33.8330833197531	39.1395098342024	40.2868042341966	37.7538876145405	42.3924204392124	44.8631958198983	47.7085702435509	34.4934614411956	33.4204965966754	107.988690379448	54.6948106921676	47.430428335495	31.8642448302469	28.5981973590982	21.5296761371873	21.4855594966365	20.8267219851117	40.3498169761129	20.6292082260514	25.1641453384419	14.2649069679441	9.71223175352343	16.9101770049858	19.457356026936	47.2485227056828	30.6438288465784	26.5645932166974	12.3681304717921	39.7215298490879	28.7957686432547	8.76557578575813	26.1259552266004	30.3371574730759	45.780389908972	39.3775993255723	22.3723046895688	19.138637538441	18.062624034944	31.2518021434962	29.0009751987221	27.8735712926652	33.3499689019608	13.1081330944145
Biotin metabolism	7.02015428104575	5.78362387279955	8.78351398870057	6.13860806497175	6.52096401741294	6.58387631934395	6.94359134199134	2.86310939226519	3.13890835479256	3.63844196666667	8.06418465703971	7.73011270676692	3.42319772839506	3.93815458488228	3.24518092810458	3.85268451361868	4.16060870175439	3.18979307086614	4.40414869281046	3.49750209471767	7.3365118612192	6.60931555555556	7.49114144927536	5.65183598249801	6.47413343771747	6.05659284532672	7.31375640065147	6.35719660724896	7.2850516091954	3.51331727404194	3.0068704719764	6.22376092948718	11.0509163636364	8.13784215012723	6.19856120309051	7.35422454880295	5.19670728198859	6.78799866666667	7.54173761658031	4.46035926335175	9.62785642172524	8.84167949172577	5.68381743471582	5.58319185676393	7.2802631884058	7.08671537906137	6.73377714168714	14.1062977697262	11.0418381042885	6.8046760130719	6.34487343137255	1.69422809464508
Bladder cancer	62.3110393376375	70.4491009203474	25.0744962662257	59.9179183763952	51.8905198825992	52.5842174882637	48.883183335445	16.8678998558146	17.792567338009	17.9236682235772	20.135822878401	20.3560535760132	18.4360738663053	19.7303592682927	14.5210708637016	15.5613632798709	19.7609503465982	15.1341338352218	16.7577567312291	15.0890933173397	54.3545160225871	58.2236971036585	53.3373320148462	39.9377956056814	39.2569259972504	40.454947255341	50.7804834762056	37.2095988091822	59.8680874432296	28.0805645764774	16.1647928960717	23.4075229197936	31.5274741241685	20.2268588959225	80.9913979147149	39.9929518582401	23.8309080499732	57.6768956552603	50.4634503829142	16.4725687036787	28.6244272212265	47.6270080669434	63.7342963081188	68.2990473513618	41.4543711865206	41.7498072677644	36.7884183795769	25.3642154141628	57.9327517019683	58.4353611621234	56.7367882281205	57.9074369686845
Breast cancer	36.2915665694849	40.9632928363986	17.872740788885	48.3204238103886	42.3799909853792	50.1051296879215	29.8674251824366	11.95363679107	12.5864937835392	12.0811683668934	20.6457761406223	20.0808922622884	14.0620905076846	14.6381743529828	11.7409926920101	13.0128507533286	12.4921843250985	10.6108593478494	14.3480483743497	12.3450177212743	36.4773998983562	34.5828142261905	34.1579146435966	28.5168118000422	23.0769441485237	26.2613711860029	25.0038576618139	25.0686265407981	46.9454938048323	17.67423949046	9.79243364953946	15.2004070153061	21.4466785528757	13.8393677086254	38.7128116225166	21.3106119863194	14.9021426456597	40.7995718123667	35.63602887526	10.4724339903033	27.1558894201387	29.2563912722536	43.5262274676322	36.2071885793681	21.8193560241875	23.3748423755495	22.1724416433502	16.7480652055605	35.0162584418387	34.2809281841626	34.8084809283713	20.1149555055447
Butanoate metabolism	29.3311837441643	29.9291263322607	28.006203131199	20.1069834078782	20.2952603164732	21.0762389226564	23.6203557287157	17.8989332596685	23.8764971737403	20.0462001111111	24.065174246557	23.0086171150097	22.4419374499314	26.9366675767589	15.3432545635439	22.2133327539991	23.6297830773229	17.459095685331	19.6427412490922	17.6820689010322	28.4737257774896	23.2343801851852	21.6832422222222	20.5465127879431	37.3464163999072	20.1150616781546	27.307318857522	20.9430984280716	21.7186894891443	19.2185327211376	25.69878302196	43.2662433084046	41.4473690909091	113.28647796579	18.5817256941378	23.1359390178023	34.027792817622	24.2201051492537	27.6816151966993	9.90726633824432	20.9923813891847	21.2754039584975	25.1708732081698	24.0445764181157	26.0633294220791	15.957469827517	22.7932138438438	28.3582402961174	22.9545995148365	22.0828577390462	23.7449521786492	7.14861826991375
C-type lectin receptor signaling pathway	43.3044158808716	44.5347071427401	26.888087190352	51.5316108796447	48.111761369116	53.0238674696649	39.3153557305195	30.1649549123459	39.5848708880819	31.6081658134615	50.6447974704943	43.7486508292365	38.944035781339	51.4360406905919	30.80357725	27.892913728674	36.6935063943995	26.8070226533162	28.9047923322021	24.6912336633039	40.3908230484885	43.4109045032051	41.3345969147157	40.7596041545805	33.3233727438975	39.7114507410765	31.3426825036019	39.2490900543329	47.9638150364721	18.7318557283497	13.0757300082965	19.3796480556583	24.3749965821678	13.7332282725338	58.6214279775853	30.0269596233532	20.4308294538744	54.3491454691447	41.2578293149661	10.4193126612303	29.5465290329319	35.3519997671167	70.7218316820277	79.5315687427311	35.625256125511	49.5778185490142	28.255405202939	29.3604816773504	39.7778505108525	44.7348143262946	45.1751701894796	61.6055453041479
C5-Branched dibasic acid metabolism	0.713923865546219	0.892584701873935	1.29807628813559	0.976271144067797	1.00199589552239	1.41973838639653	0.991444675324675	0.646540552486188	0.696021416309013	0.865999	1.66970886281588	1.76060370300752	0.756683092592593	0.836819107806691	0.562073431372549	0.86123079766537	0.970783964912281	0.708431122047244	0.615923161764706	0.852772049180328	0.848196468871595	0.990331666666667	1.30071282608696	1.15326045346062	1.37006388308977	1.31704318858561	0.742672654723127	1.47508616755793	1.08422396551724	0.818702494577007	0.805658152654867	2.72059572115385	3.40282454545455	2.59534820610687	0.88697178807947	0.803976657458564	1.22742906479218	1.01010808955224	0.769352279792746	0.433232417127072	0.963259744408946	1.04398273049645	0.934785552995392	0.888661339522546	1.36167362318841	1.06698200361011	0.666290749385749	1.5475581763285	1.52026203947368	1.04053921568627	0.954649323529412	0.219996288916563
Cadherin signaling	42.507046953468	38.7451296827617	21.3825734228856	65.2865175769985	58.8999333587659	77.9804235797856	66.3974919748659	18.2625639273247	21.2510192795678	20.8426741976783	29.2322852915926	28.1626700907118	22.0044798982863	26.268257940317	17.7611405930153	18.6735543964032	22.1108318419307	18.2590131092569	21.7762649374451	17.0516635865753	45.280732610682	134.045853872305	48.3557954683106	83.4088513828234	53.9766023802179	70.8093551588213	254.460702083759	83.8716818982627	56.8394112592211	30.0273328442387	31.3098027975719	19.5044077812859	25.9559290841248	11.0119027289127	49.4864545927647	75.4317777261483	45.1842590540878	47.6461733142868	43.115513797979	11.7378875478959	25.7201678687235	49.1044490840126	197.391361613515	211.326096303232	43.8569179468599	35.2895953020098	36.7705440770961	21.5503636449395	39.0513590885849	64.6073080356388	142.669778349722	35.9871762236452
Caffeine metabolism	0.492785280112045	0.575561297558206	0.393605186440678	0.413044163135593	0.482314141791045	0.232566138446696	1.04341071428571	0.111794889502762	0.114243032904149	0.153924122222222	0.202286113116727	0.215942481203008	0.116820962962963	0.121942986369269	0.118566967320261	0.152173955901427	0.156846619883041	0.137827657480315	0.248900416666667	0.178104881602914	1.47088609273671	2.04256840277778	1.30432427536232	0.579123906125696	3.97675453723034	0.22971923490488	3.00071334690554	0.234892495543672	0.744386494252874	0.192293073029646	0.145584410029499	0.501385592948718	0.650413939393939	179.177431017812	1.22088437637969	1.13101770718232	0.165684574164629	0.394311437810945	0.875561010362694	0.203063954880295	0.886660479233227	1.68760722813239	0.667007063492064	0.799507517683466	5.71096623993559	1.01404713598075	0.480730786240786	0.625501964573269	1.39593727095517	0.94433265795207	1.97543565686275	0.33883201120797
Calcium signaling pathway	24.6118544241096	23.3962592472611	19.0999299196088	31.1631611952335	29.8382947401333	35.4398900073217	26.3490627883579	21.0845793285	27.7630695243346	23.3879083894598	37.8590160127567	35.5368093702636	29.5308478864002	36.3458632459556	21.8298300266605	20.4609351366482	26.526316646141	20.1981946716567	18.0015245057351	17.148197756539	22.5334655001461	26.2369616040843	27.6375012631036	29.3298108369259	23.4657604451798	26.6591419017448	21.0801484693129	27.0415101174498	27.6759598214529	31.5640868261984	33.8906504759698	14.7208152979629	19.4558417858426	10.0322242126543	26.9479263760045	22.3429373952351	107.168305679185	27.2463074643384	26.6664707264126	9.25169172974035	22.98578501307	22.7144790907689	35.4114544340419	40.6964528265587	23.9933734356801	24.5272899426378	18.7527625419778	18.4067455539325	28.8169071358898	30.4843746495647	26.9518601178796	17.4552233379767
Carbohydrate digestion and absorption	18.2148451483998	19.1168013668491	16.161350455824	21.0557370803282	20.9808996117815	20.6572850272501	18.0060798121028	25.6237765228635	33.3301207469638	31.3403890304965	47.5112759666641	47.7473462965925	37.1400100598897	42.1992709973899	23.337627385899	26.7326580685487	30.968440133632	26.2683675263863	17.8084803420943	25.0296249889548	17.8250715547645	19.1729775797872	19.201624079556	17.870660262022	20.2826387949185	18.4243374658149	18.2007785439046	18.6603868092692	20.4499618048423	14.0783481847972	12.7232758585954	22.0319439013912	30.5131382978723	12.7978652955985	24.6284269793575	21.2391234500999	26.5347619500078	27.2358804598285	20.2651465130636	121.216694496297	20.705814525865	17.559081256979	19.4435821423669	21.2128606027428	37.3184147713023	22.983922613872	14.2705625939673	20.4206571687738	26.5829237078512	19.98985079822	20.8893187797247	25.9815856418749
Carbon metabolism	64.2232803184752	59.4565114604844	69.701161889462	83.9321873319823	69.8187015937703	73.5608018341408	71.9689761456804	50.9730611933702	63.8420246411644	54.6863372571014	80.1805208802386	82.2123384207257	71.5683715275362	79.938267779861	45.2819387621483	54.8294934011166	59.2847240753623	48.6631862855187	52.7660864548167	53.5905736369684	58.0823577360853	65.354971826087	56.4554154669187	58.8496960016603	60.18276767414	63.8882888816485	87.4948121470047	69.6570388615051	59.939130185907	65.222711405074	65.7363716237014	80.8759931505017	94.1064247193676	109.708373406903	61.5679400505327	60.5453988767716	161.040060570851	65.8669095735237	59.016764524893	20.8763176651453	51.730851701903	54.604712062288	58.6227313738062	62.5906886513666	71.0320481827347	55.1960432597708	49.6395161252003	58.8013278342785	62.3959872364607	57.3248167331628	70.6371228352941	87.4040594883318
Cardiac muscle contraction	1353.55165122267	1390.60782193757	2211.25231753867	785.210649388272	1055.70466025433	996.599032352579	1430.88964708762	2879.91949632819	2791.70211714617	2704.09502204368	1875.45370855222	1850.06710181791	2617.00526289953	2463.69797466009	2920.37049620509	2690.61472304665	2598.01650987175	2875.59145280116	1963.99046066543	2627.79873414233	1454.02175281587	799.50058460728	934.772354397801	1568.28107169067	2055.65796309553	1744.54640282336	1102.00663464806	1771.45790909972	964.689350158541	2750.46678435211	3576.73310859679	2927.74792694518	2117.67237977012	2097.20906752961	936.561282284578	1201.91073256747	2382.22917888022	940.893034008406	683.086599648621	528.159621652378	1058.9388420921	1467.02419112619	1433.55848134417	1331.4344439114	1783.77616321895	1016.53282386033	1835.06873613347	1248.98844520462	1304.00395024753	902.921800778304	879.977677437458	256.132353836618
Cell adhesion molecules	75.5283285068422	62.6709408587333	36.3980024985426	60.0035336374555	62.6175312479798	47.6541505254086	48.6634167424932	16.4421508663828	15.507016637052	16.7931560380042	23.936419259123	24.9249150929074	17.8855332061807	19.1942126500604	17.5582106749095	20.4423256598677	16.2151901792379	15.9937089405186	39.4543397186837	23.3056179541262	65.1804831741803	52.1578122903397	54.8639742176683	36.4794496150981	50.538010565536	35.1596262453573	36.7933056278139	33.1904786393724	56.0897618559192	20.1185598528538	14.7913301483851	38.0526157355463	40.3657725246091	20.4859794021977	140.244369234931	38.0110356965901	10.7799676260259	107.64574825953	37.2184062407181	11.7216813240314	33.1277635862111	43.6289896347744	58.3228252358449	58.457294063255	79.5451025757716	146.224630020695	33.7736534460633	17.9137119323671	62.6565244437926	60.1938716081762	53.9552766257025	197.200149674152
Cell cycle	34.6258820032443	33.6479870727579	24.8531584998927	44.4060461104109	38.6774779789344	46.7527224791625	31.8351391057044	21.533661789286	25.1150162734286	19.1256884706751	35.8996218653749	31.8338437743885	24.1928826462729	32.1326483436074	20.8046118413999	24.0718093001034	21.5692263297801	17.1260430544204	25.3067376470588	20.6624539361555	32.4945570089396	40.6906851635021	37.4425429416621	30.017927421377	26.6773997001929	28.9222332575305	54.0770661728446	29.1996904320946	37.6751329725011	17.8327444331256	11.8330609390053	17.8431053286271	22.9288822382048	13.4538674782588	38.4213811482522	25.8867623963214	19.4719228027607	37.9027807559985	38.607889394635	10.2454334044339	28.7141995019614	29.929007271299	42.9119988957592	41.738457092217	27.5576723090564	29.8924663501348	22.9865694739216	38.8576154502232	35.2732300478385	38.6463070079424	43.1692642587491	20.9722003032142
Cellular senescence	92.6080699508906	88.8498026478618	53.8332315388961	100.154716250272	90.8510273729908	95.2014196975769	72.3930450724276	32.1334796568211	39.1815148841752	34.9507697002137	50.9956656280663	46.0913614688163	39.8752200071225	49.8453854003431	32.8140647252388	33.416603033024	38.473551862798	31.174994021805	36.4327238489819	32.1742097649573	83.4818509488177	81.9281911084402	84.5092209085842	67.5207868448993	71.0270357239976	64.9457535285042	60.6246478922367	63.7800656733626	83.5418060985853	41.1654783616998	29.9494585954164	48.5525557260848	57.0354326456876	30.3190947470151	138.757492231597	57.270385121122	39.1156935667826	81.5107311997704	76.2189154341039	23.4791917259881	54.1760989161956	65.8956952777778	99.3898099216196	105.992080723747	85.2250091592345	133.575549298574	54.3098590712216	42.0048968380713	83.8609210807467	93.1928668145634	84.2050372828054	177.669971405307
Central carbon metabolism in cancer	50.9192757579264	48.0425149191418	43.487873480226	60.1980609349668	53.5148237605451	60.0840895543111	53.4733343534726	30.0051156745936	36.8347525838154	33.2646021149758	48.6912108475906	47.3490205715375	41.0825771588835	45.718617597651	26.6432456254618	32.9826874014549	35.3783930582253	29.4316371898893	29.7016609491333	32.3552245505662	46.0429524736367	55.346594178744	49.5358965847511	40.6157164933762	37.4168694717255	43.8394734473334	56.4973804793939	46.6273445563047	49.6125049675162	35.7694244946399	36.8901718167244	38.6500791415831	55.579574743083	21.7603558656931	49.0210017199347	39.5795521458884	49.6613035751745	62.8675796694787	49.3342200660809	15.0156411986548	33.4907152150762	43.4163865268784	54.8370155497674	56.6058129110445	37.5827265490443	41.6263508538691	34.4180816234021	48.1726603430652	43.786994902746	47.2276840627072	58.366897942029	44.8698795856119
Chagas disease	56.2113352021201	80.3872222804556	38.4158548075773	76.4372356970754	69.1176720650424	56.0728173525155	47.9370046129361	20.1037914825046	21.8890971484474	19.1329552071895	31.566871320521	28.7102634081527	22.95570955374	26.8981378573511	19.1648688204537	24.129485562295	19.5498001052632	16.512552028717	30.0566436067859	21.1409507709204	51.8037283173114	43.4061671568627	42.7709543009378	42.5419852068417	37.5767008223832	41.0526016946431	34.648001153797	39.144864801475	71.6966439790399	27.6066955873846	15.1414055409509	22.8129383785822	29.2077998930481	47.534216986978	86.6970520529801	37.9596847118405	17.1350918701759	56.2649133088967	51.8467814411257	14.8694229021774	45.9134474960847	38.2461202371019	49.4868692961055	38.821349102174	45.789504686464	90.8442671490762	34.2803395596666	22.0991921312873	61.1963184502924	46.4093703607587	45.7126566683968	60.4813160371646
Chemical carcinogenesis - DNA adducts	23.5767841446434	22.2913242994346	57.409923476787	26.4054766470155	22.8851317045209	19.7813882155666	26.8086763674007	11.688955535271	11.2453134036201	11.7591345801932	11.7576050787422	12.0759285076822	11.4813729570585	12.3230406545984	9.91292433077579	12.0291203744431	11.5471006295449	10.5438022520826	12.7349903367434	11.9286837419815	22.3317280073874	36.7071033937198	25.8668186704474	17.3637330151154	21.0900479316813	18.4657416761966	54.8219382967474	16.733753564804	26.9819587656172	11.8271405903989	8.43871427247659	24.00306768534	29.0709543083004	139.414305287642	29.9805888069872	20.926568826167	9.68090817529499	25.3563545498594	34.6067745167831	11.7695656425655	20.4067395504005	22.8013155113578	28.0131649119526	27.4307344827586	32.5765219547714	16.7960457777429	19.8852358127693	18.8413199460898	33.8013149735147	24.2126245742162	40.6371386146633	9.11176620084105
Chemical carcinogenesis - reactive oxygen species	1387.49711802207	1519.9141764082	2060.43439826875	751.57311934569	1006.42219395757	854.456215303291	1391.65657478306	2444.67725074623	2375.54261606574	2509.17971959641	1702.68912266274	1800.90570776527	2352.2811720093	2101.34942175205	2515.07908852932	2355.46416828776	2357.13279149996	2603.51911017567	1932.89464546492	2330.89866271974	1467.3329819313	777.858966408819	928.692842758823	1489.08797533975	1740.01500237238	1608.89633009046	946.302233081316	1623.43808620856	973.676959805165	2381.35973862125	2857.48912285696	2459.67255064376	1959.67919459437	1979.66960598723	954.757573452321	1091.08597433912	1863.0581773024	986.993803006158	751.6375598822	557.308099589228	1033.22468009026	1478.48043818465	1312.93131088591	1204.3358881107	1587.33313414982	948.108329121433	1756.87181870264	1225.81418665876	1236.51337111295	910.179752445851	837.633895263519	250.227775122271
Chemical carcinogenesis - receptor activation	39.9383563157787	44.956662313971	40.4067093355274	45.4919308139296	42.6025679557311	42.9633804038751	38.5656357344597	18.5538167585689	22.0663410548356	19.5017632231392	35.2330978192142	32.0806665451858	23.3395726285509	27.0994535615548	18.3387410753855	23.7264366463299	21.2350618422756	16.3945208795199	24.1860517142585	20.0142799527826	39.4612203639832	40.4121604227346	42.2104082967497	34.9228451781866	30.3574891238827	32.5631033554169	30.2957624105025	31.3102233721856	51.1763091580181	21.2025006586568	14.3186373660753	21.6574883579164	27.4984650926743	34.4993094250723	45.3710651916833	28.5212535621949	24.4479945407933	44.2970405592668	51.8922871198249	15.3718135151263	38.2933225622693	35.0114884956621	43.9311617831417	37.6898380429296	32.4734224905023	33.0699937000105	28.6747393857494	29.5217924950753	45.6319662944274	43.6961392083889	41.1879191636208	30.2720178534984
Chemokine signaling pathway	34.5247478331437	33.146971912177	18.2962602076271	32.1300371586997	33.640250372357	32.2920506142969	26.2424951366342	15.2136653352325	18.4228972337715	16.8145214348958	27.0454153679678	26.1811686428963	19.8872493015046	22.4886318130421	14.725683030433	15.9090071222438	18.0086290592105	15.0552079976624	19.2215330976818	14.4017640155396	31.0320740252108	29.1433617621528	30.6312264809783	24.8689850123061	23.4939598104776	25.2961742402037	22.5524833490262	25.1097048386438	31.8245872234195	12.6638151526347	8.46890021697548	15.3999134710537	17.8844070691288	12.1619767123887	47.5716640402525	23.4336517066644	11.3303295737189	35.3336350398787	26.4851867068761	7.87150815924263	22.7590008920727	25.1586391662973	28.1488581280402	30.5054854492015	37.0150221824678	56.0436989393427	17.9973412341319	17.2313267841687	32.9377554842075	30.6109763014025	28.2857610441176	76.4675011727506
Cholesterol metabolism	75.8829504599879	73.3201949046331	225.89891254902	50.9803638305916	54.8331938030436	37.373720251128	31.3867822026993	42.4070275322284	32.6155657687453	57.4045137718954	37.3965605981454	39.3249063268465	29.4537368852578	33.8096549318463	31.8998426658977	42.8170282284276	56.8656260777434	51.1170612058052	44.2514567627835	62.0675388503161	61.7939046448463	44.5915227696078	39.229842344416	28.9412729308812	29.6542026988415	28.1486251559383	35.4098210924826	27.4766501080004	35.0812029749831	24.9120242341883	25.3383838664758	35.2420421342383	26.851178342246	759.525801365814	57.8725134985716	28.4624122261943	27.2785161589721	48.2121384524437	69.8800316143452	11.1046936891994	24.7569226799474	28.2005410179391	38.7021494539321	37.955220652988	89.4572829525433	50.6253903709209	23.3862971508407	39.4322386525528	40.2347055245958	34.5341655119826	42.0851205478662	35.1438386753107
Choline metabolism in cancer	45.4359084043721	49.5751958574966	25.8763528359252	53.6717477131749	49.7430207724265	51.1075648483447	42.3266128477708	20.6729404738851	23.7641494969249	21.6990365343643	41.1799368748372	41.0936400837144	25.8912078988163	28.5313244291572	21.9779098075601	20.5045873175819	23.144572479291	18.7343523727575	27.1975691328078	19.7483777037913	45.3000173155762	45.8057783118557	45.2742783863738	37.3199431188643	33.2722641777328	35.2028532570157	34.5215370605124	33.1823832899645	60.9844120618557	19.4714834458931	11.9918291850652	20.0531365919905	27.9470235426429	17.5552232316833	49.0556372274186	32.0141668382981	18.949982383485	54.4368886836436	46.920878335559	13.7732973867973	33.1753530865255	41.1908918187468	55.9072084817964	45.9670951926495	35.0829081896509	39.9174779359113	32.1028105747359	28.7683460256985	45.7249470110629	44.2227113071895	45.2282352480291	43.0646114174937
Cholinergic synapse	30.0195272820532	34.15330441645	19.798265862028	38.8379463594633	36.1123630001309	38.7680135870973	29.8516043016633	21.7188691906562	27.5818633980875	24.9182638678363	38.6127644508835	38.0486431104076	30.3127436816114	33.9779383300724	22.2702008476092	21.1495740456686	27.4437784527547	21.6469788033568	20.2160576074991	16.7883700397853	28.4601818093385	26.3971177119883	28.9429347826087	32.6069365339363	24.4277383915687	29.1859051554134	19.6348889280816	28.5461529607218	42.6287981881428	15.1500308486509	9.98300624165502	12.8973328812416	18.4437498644338	12.6445120560466	33.4222529051935	19.9535512823495	13.6680435405139	36.9109514523435	30.7594784819562	8.62653891610933	27.3589534678549	27.3394587821948	33.4260344358207	26.0567118953883	25.0244521599288	27.2278851678384	22.481453074486	17.6125009439359	28.7204268363343	31.6896990666208	26.8711659071207	26.5357648719713
Chronic myeloid leukemia	53.6892619465944	54.2985281352551	32.3136030695807	70.683934621153	58.5085473782404	70.4457754754742	43.793277836637	18.2614991298343	19.7269071148633	18.4926660526316	28.1291342585028	27.2661535466957	21.322123371345	23.3680075063588	17.8659419685243	20.0865028773295	19.5069428305633	16.7732185945918	23.4826045227038	19.4258006341674	49.4964215653799	46.3141393421053	51.4976836384439	41.919700599799	34.9781142660147	40.9126599284968	35.7333814589405	40.353158608922	53.4943645780399	25.2740188720174	14.4414940288775	23.9542902074899	30.30724784689	22.1686086435315	63.7002311310561	31.2442628896482	24.7758960302728	56.7588526569128	50.7155455433597	14.911111510977	39.462231830755	41.9787963475177	42.9163370373514	43.2906286908418	36.9858717359522	44.3467947050162	31.9328436405664	26.525670536804	49.3147597364574	51.7767117956656	47.0574204024768	39.9231198025496
Circadian entrainment	36.8469549475873	43.1897649159627	23.6897741041412	50.9082179656649	46.805414886521	52.2922566458293	35.1310665028786	43.604597524634	58.8466037224017	45.5804981041237	70.8050264494399	65.2549265277885	60.6302794711722	75.1244822814548	45.0213690563978	44.2329775522484	53.6502462850425	38.6740002816787	34.5273499140893	31.4607342279308	35.3772270016848	37.4627998324742	36.7182768041237	41.2347116979554	30.6471856718249	38.4504355644522	26.3640845448135	37.38539379477	53.2086337859936	21.1689332676611	14.2353458539367	17.4283170103093	25.2812171508903	11.2704554560478	39.7312193863931	29.8914105490687	23.4431785405692	47.2333426344053	42.1339749676834	8.55797536424218	53.7941706277791	30.5305692907801	77.9730525785865	79.8172132601384	29.0227702310872	31.1462868841416	25.5992144238709	27.3024756920165	40.2952487652981	39.036503401388	39.0234701231049	32.1720139052009
Circadian rhythm	54.4687923351159	47.4477633973465	32.6024983163842	55.3488559861325	47.7423031750339	73.2766410617024	48.3942317394726	17.7192362564875	20.8069520041618	19.3209084888889	44.9543198774751	43.7037157347915	25.3018010089787	27.7716133119297	16.7246604991087	20.0725480827733	21.1558855715045	17.2042210701503	25.6974800876411	18.3951027521113	56.9993912840467	58.790414469697	50.2782786429512	41.918334368265	29.6938633232112	41.264828632228	43.9236580145099	39.758311372549	52.9717699164054	26.8025421580227	15.3046964769375	25.2224708449883	33.1189360881543	22.0350025907934	49.9502406306442	34.2965954478487	43.9274213295547	61.8095207535052	57.3312052347307	12.9793292081031	44.2950770907155	45.7289444369224	71.6870618163199	74.2817056205289	29.9231099165569	28.3951295252161	28.3472000454173	35.5183311528327	50.8592520171008	51.6955027470786	63.6814620053476	23.7186335846636
Citrate cycle (TCA cycle)	64.3473404472456	60.6780932867689	69.7669992214689	50.6913192012712	52.4785779900498	56.5455854548963	60.3854722510822	30.272814878453	41.1425741459227	35.6214661422222	58.5947259975933	55.930704283208	46.7119281012346	54.7290123320942	29.225526124183	36.804481536965	39.8965471567251	32.14806367979	32.8593104509804	34.586551856102	58.7061325317769	52.3469385833333	53.4707398985507	61.7441700493238	67.73163455254	56.6900763937138	55.8684592296417	63.4340230249554	55.4390084022989	72.9231775885756	91.1939066902655	69.0919761858974	78.8938526969697	81.5148459821883	49.9476856793598	48.5123506187845	107.601586831703	53.9502110343284	48.1131467115717	22.0506034585635	45.9985211746539	48.6387225626478	48.4245173917051	49.8447155397878	65.0801224283414	46.6039104572804	54.4215732375102	47.0109796650564	56.1675991622807	54.6371182265795	52.8254950666667	22.4401503412204
Cobalamin transport and metabolism	37.9718854116091	37.0659730484573	35.8143411977401	47.4853576953861	44.2167948279436	43.8807630221901	41.1746546103896	20.6993202302026	20.826298144969	20.5208829851852	30.7861853650221	29.6529855618212	22.2324439218107	23.9998305782734	18.6231866448802	26.898093491137	20.4471416510721	17.8188774715661	38.4803818300654	28.8564255434123	40.6547153264159	44.7572941666667	44.8086287922705	35.8144700649695	32.6080068348411	37.6834783209264	56.4726857365183	37.5158607437116	44.0277913793103	26.0658043805736	16.4301800909538	32.7018005662393	39.0026322222222	24.6602033057676	43.3564248822664	101.995960966851	31.4092521094811	44.0283618043118	42.7369115256189	12.1722340607735	33.4503984061058	34.6451756185973	31.7903488018433	33.8646143715001	37.5903032420827	40.7777524608905	113.948649264264	35.6763545491143	62.5706126892463	45.65769013435	44.3570519313726	18.7729312570915
Cocaine addiction	49.0932349354027	51.8219977078191	32.2152438505707	55.1627436419059	48.3702938219616	54.994160570897	43.6231503790087	29.1185070289773	35.8946186546378	53.0965672428571	51.5935654306343	50.3603397046187	39.5043805563114	44.9260243441317	27.5874941504602	39.7390719232907	53.5331337794486	46.5496268680701	29.8662077711084	32.7512832586149	47.6519708540459	39.6021417431973	44.042705039929	47.8974565939311	36.5838215793959	44.1771171241201	23.5890383660174	42.8041657026447	62.1298953061225	21.3050773296737	14.91648238622	19.1857060812402	24.952993877551	24.7106484148621	47.833625095621	39.8580890528808	21.0954501948506	45.3889340039598	50.2123176853125	15.6575299097982	55.0126951731108	41.8435093942683	39.4210834863162	31.8973434466519	35.6251115360347	28.8894910904001	34.9490242862157	24.328820250419	50.1293189739229	49.3764157729759	38.7678713589436	24.8148109807609
Collecting duct acid secretion	46.7236359814296	45.6348115729699	55.4845544218456	54.5815264092906	51.9536427363184	50.5550783319934	45.2868426214526	54.025723038674	74.3326569448418	49.030466254321	115.733520605696	99.4262147897522	78.5891772057613	98.3337195291202	54.7914488990559	67.812807124946	56.6364252215725	45.6127912292213	54.1929034694989	54.9836844727788	45.5668222265456	54.3278289660494	55.2933845732689	44.1636633633873	52.9106928214645	42.6553116726404	50.9557703800217	41.4371915640061	49.6530071264368	28.5301605326585	22.528656188135	67.7949985968661	73.0086302356902	23.5253036301951	69.8599041182242	50.0481262124002	29.8257297785928	48.0612567860697	45.3514070389561	20.0546591446695	72.2917366205183	48.718734297347	54.7208841395005	56.5810269029374	43.1705059295044	67.2258432450862	140.965513895714	55.7268316505636	58.4740799783409	53.2630184120068	53.2283360196078	100.938402081085
Colorectal cancer	56.3257657287799	65.3569182667089	29.8514994950729	76.3541967175798	65.4448692545991	75.2444333312018	45.7535064678345	20.1638180817166	21.6057546985727	19.9756740724806	34.7459955637646	32.0740246655884	22.8158671838932	25.9629692746607	20.0738789781122	22.0750302696589	20.3906508339453	17.6878418307087	28.3807064671683	21.9301010064811	54.7991845199529	48.8951351065891	47.1988300202224	44.2698098509741	37.5488397511774	41.3243090455306	40.7317859254981	39.3949370865979	70.9188120930233	28.4671937744035	15.5592849253962	23.8571754203936	31.8882829598309	21.0116778319723	63.2201856179732	32.2876056360015	24.6728965323819	60.5936400647345	54.4005826527292	14.6814552955159	40.6038929051193	40.831034960828	64.737112948237	51.8454567722534	37.3308491281878	42.1654444643607	36.4053038114965	24.9567886945287	50.9675272351421	49.0841161924305	50.3858668645691	53.8278819464798
Complement and coagulation cascades	103.787708810797	120.461202900534	61.5588611194145	123.548819800655	126.460767593708	99.6011298829101	89.7776478025384	21.2332058142893	22.1470660358954	24.6780545219697	16.7103279611093	19.2906110735646	23.7966698362795	24.247775954292	17.3229593244207	18.6761493243721	21.5285942914673	21.5200554661775	28.0343672253788	24.1467690964978	78.6063278572692	59.9466709422349	59.7959304249012	48.0793326231287	42.8939991205637	65.691724917099	24.9607533035979	57.6247396578755	94.2202302351097	43.133434211201	16.6130402941472	35.9901747552448	39.9154269421488	577.851516403973	140.655469760686	39.271307112004	9.8097784948044	89.7541106499322	86.3911125047103	15.8954743134731	25.1167755747168	47.6785944152966	29.1429215102639	33.8802291365746	53.654192277668	92.9108723289301	39.4573002719455	33.9727374843544	65.7819305422648	57.3680475653595	65.9364016223262	47.8537522152723
Cornified envelope formation	39.5808691843874	35.2685410279051	13.6490984180791	44.6935501578539	39.4746623269217	34.3790185605675	43.5936662953478	7.50843190776334	7.77058031433235	7.74208171267606	12.364101978441	12.5431642239401	8.64749432168318	9.21109849887429	7.73413973672098	8.98530491587658	7.53677492480026	7.15630423052752	15.8345324196815	10.158561841761	48.1892026067299	434.692329184272	30.9878898489488	26.8882511840174	38.8958246806237	27.1725950340754	889.876148082152	25.0975551970408	32.0046243143921	12.809965726783	8.83072004580581	21.4154626634164	33.9574530132309	11.0705597174139	66.8577428713895	194.564893949628	9.32022506715107	42.3222037366688	19.5909018095794	9.96675806318575	17.7278285951492	36.5646292356741	405.302396180308	447.3078359635	35.029066082874	71.6655739740004	24.5677674048056	12.0728641642285	34.6446215288417	27.5082267955445	457.349887844242	324.637989319395
Coronavirus disease - COVID-19	389.543598259668	385.348946565706	233.274331215203	345.87775319365	358.548356432933	370.139709851649	402.996536637432	120.421610555595	100.028874155844	100.560393573304	154.979846939691	132.499930432738	91.2158978682059	107.278819644989	100.092938760377	109.558314373305	121.21086989337	94.1223240356887	166.45413776929	130.743023008067	422.634284863813	512.183038845599	549.614380867683	345.100641844424	292.720777677792	317.652133932089	340.213527272093	294.609258545578	498.42960786386	142.183971312224	93.6335673728116	176.262901040626	242.218126170799	231.587098747563	335.393582276598	285.606382044916	188.114580199515	365.163261061834	877.285035330956	227.876380747052	251.548624417382	374.126328008504	487.918009311615	474.334186759849	311.847446886881	385.336004917718	267.180465909676	140.637669921576	343.279267034569	503.665237469937	457.843797150497	177.447559833255
Cortisol synthesis and secretion	32.8398142441284	36.5510250391823	383.083964313429	40.8465353526728	38.6609887261768	46.9403305514861	33.5662949230769	15.3716182090948	18.2346859623638	14.646558191282	29.6977894634824	28.294643032967	19.8220495156695	23.0536042236202	14.5371645707391	22.4185346740497	15.1526815919028	13.1419022241066	18.2178112941176	15.2504878991173	31.134518353487	28.5805043333333	36.2591839331104	38.222464719295	27.2738222415288	35.2356802084367	18.333049695565	34.7642472104758	44.0898536392573	20.3445611897213	12.3321197661675	14.4718312366864	21.0591094125874	24.2071924122137	35.3154846151299	28.9488324623884	19.5081934532631	40.0707460693456	64.75962536389	10.7025381971951	689.293788469894	34.4922023333333	23.2760979787309	23.1331044956131	28.0715187179487	28.300858784782	24.9466421168021	24.1895316339651	44.3493704547908	39.2701495967823	29.3072568995475	13.4643408314973
Cushing syndrome	29.9447009807536	31.7091339066879	169.452066653909	34.0164916879442	31.1156187780453	37.9607262846739	27.4575744960201	15.3769425496346	18.3158124438599	13.8459248774194	26.1480534372889	25.2534828008732	20.5645556903226	22.9459713980094	15.3816957887413	17.5568320130538	15.2321037808715	12.2246046738633	15.4755775641999	12.8767560341971	27.9737225599347	26.5888082365591	31.2676437840112	29.3018525024251	22.1032973961883	27.2045460798847	19.3333541640223	27.1557046110057	34.6950704961068	15.1589548549437	9.9897215196974	12.5685219100496	18.1568992375367	16.2559052329476	30.3597901540269	21.9717001097844	16.9963059623787	35.1135039706307	43.3440940755474	8.41177637070041	305.009017396269	26.9904116062686	23.4783488703236	23.5168231606914	22.6979263141655	22.8952189216257	18.991772276928	21.3495367712327	33.4197917609885	32.4074280172886	27.0079879529412	13.9957102703571
Cysteine and methionine metabolism	42.330822254902	42.946315445454	45.7810721004394	46.6015873626805	42.5615177757048	46.6013616213754	44.7813268253968	31.7954603038674	38.6757918041647	35.5622498641975	44.1199328974462	41.8006435763019	41.0292616934156	49.1382271946854	28.370289654321	37.3666157349762	37.6472009642625	31.2903610345582	35.6740478603849	37.2025440275248	39.3405566677475	37.6860431481482	39.5543228019324	39.2101205502519	36.8786787067966	38.9435490023895	37.57780968422	41.0500619046676	43.255457311622	43.1594982003696	46.1856179318256	46.9163203151709	56.7841023569024	98.7280228845066	37.4099346274834	30.2837527644772	44.0671767425066	47.5523503402432	49.4517194645941	36.9064339891549	36.0553351982014	41.3760758188863	33.5600878289811	34.060862263238	33.3397320978708	28.3556036903329	37.9724005696606	40.5638634603686	47.4051995974117	39.052937862503	39.1256857254902	15.2940350809465
Cytokine-cytokine receptor interaction	19.2755939259071	20.1439082233465	8.38741524076928	15.9460737066998	17.1321740076134	12.1519555944881	12.2778484481175	3.64529104265491	3.62762143682895	3.95548283681257	5.26628010173942	6.00715772626009	4.19930419466268	4.20976169526742	3.44264035954314	3.74125771502312	3.65699624443263	3.43879183554707	6.11550788076847	4.207283201965	16.5677423935202	15.8234071871493	13.4406126906749	10.7894523626078	11.3405245651364	10.5564124879064	17.9034370930806	10.1576588780857	14.1249421757808	8.98099291439339	3.31107684082715	9.441588753885	9.73058461279461	9.02484718071298	29.7437370443954	14.4857272427777	3.83969894223408	18.442311376049	9.12968788524276	4.59248585151701	490.560238355977	12.4595712973709	15.656803484202	17.077089827095	20.3217214819695	33.1486392206056	9.92086448713176	6.60245384732998	18.0116328088881	11.9524294133052	15.9827115349574	48.3624516694131
Cytoskeleton in muscle cells	100.540251053305	81.6671302186867	33.5675905788899	290.569380545937	241.615348217603	314.900200356826	210.820830156624	23.1090715946222	25.8903706574076	26.2607768134478	35.8058878835159	37.3001607108974	30.1239362023526	31.3492648114939	22.690805315661	24.1135650914313	26.7350349759807	23.4963105707817	29.8401514581755	25.6840122960201	79.005079333929	117.390683208155	156.322128484792	303.10315718459	146.084927891172	259.571925688026	70.6307441456152	303.989419955245	164.142293412757	268.429293436176	295.257036830681	31.5021139934797	43.0165205423332	18.6531669488582	105.279085635605	62.3192884359661	712.47985689922	104.359741014605	98.6735894078143	14.6754704843146	38.0102986973632	126.838361408547	66.1178221473072	76.4760740906866	89.086675287678	53.8183118898065	98.3894649828643	33.4225596455599	66.8470696352559	201.564476960644	114.478249027013	44.4613623869182
Cytosolic DNA-sensing pathway	30.7112246162123	33.4178496592845	20.0297671087226	29.0568412655023	30.1578319635056	28.2053833756309	27.0026332055749	9.23096201724835	9.84342156966398	9.57588369105691	16.5785545817557	16.259966826976	10.8785702303523	11.9039824965999	9.24020812003826	10.6907227431907	9.73036479289688	8.63844149222201	13.358723711143	10.5528869398907	28.3533486737212	29.3928000863821	29.6107333987275	23.6522017524303	22.5244863638678	25.1657339829329	24.7230568940176	24.8785751145602	32.5752728301093	13.708163712502	8.91860989855385	15.2205902298311	19.402464135255	12.0513240849004	43.926101744064	21.4618088438216	14.1296926715964	35.140191543684	29.0201563749526	8.94619821082065	22.3006430382607	26.613514650147	27.384717176951	27.5516601942486	28.4168781129963	44.4787193255261	19.1271327593336	17.0357724295982	30.0787160602981	30.403623234497	29.892265053802	38.4908211570938
D-Amino acid metabolism	11.0390875840336	10.5933304287337	17.9149674124294	22.3577001977401	17.0949647512438	18.9173995682586	11.9093807575758	8.64788565377532	13.3572675965665	10.0405922722222	30.9939274548736	29.3826562907268	13.5575024197531	19.075306685254	8.36093741830065	10.5086726718547	11.8725988596491	8.4162479855643	11.6581870424837	9.94815881602914	8.88830800259403	9.69445041666667	12.3205294927536	11.3278336038186	9.53515502783577	12.5391389040529	5.56029805103149	12.429537513369	13.2195037356322	10.1281244107014	8.79664838495575	18.102597724359	17.7512162121212	12.1049804580153	15.05561651766	7.96486017495396	8.02454638753056	11.826388659204	10.3251847409326	6.11033687384899	10.9283849627263	9.26374513002364	8.55799276497696	9.12142923961096	12.256527568438	14.2524809386282	7.97551037674038	7.56848704508857	14.5049897222222	13.9481990740741	9.74188380392157	5.28990836654213
DNA replication	21.681297106676	18.3569519330873	17.550722787194	24.0373621009887	23.2372273590381	25.7906694806239	23.7915549494949	10.1425649478207	10.3007546065808	10.1313413083333	23.5521471209386	22.2010943650794	11.0755023467078	12.592897877943	9.74265402069717	10.7265261348898	10.7879853937622	9.49462743657043	14.6700922971133	11.0525156435944	21.8837781539127	26.294726099537	29.0568190700483	20.619055318218	20.3868810252842	20.4668328342983	25.1763155505791	20.2654516364627	27.4439066283525	10.6814904808388	7.82528593043265	12.4506670459402	17.2589499242424	11.4867441550042	22.1687028072112	17.980973660221	13.954494012157	26.1702173453566	28.2698465126655	8.95082078575813	18.1133571237132	22.6851824714342	22.0399374091142	22.4447894330239	24.7367255837359	30.1803334516647	17.1437741045591	34.9645805582394	23.5223035311079	29.182669869281	24.8476202058824	12.2850102888474
Diabetic cardiomyopathy	1545.44188000159	1681.75671895297	2266.3403376199	858.122529682098	1136.89383897813	963.538916851958	1548.7044512897	2703.58620424184	2629.818373105	2774.74540069917	1885.6077186984	1994.95951497153	2606.37711274221	2330.19664964206	2782.14453425277	2604.84159784509	2607.52351549765	2878.76760916446	2139.50426590177	2578.56717863496	1627.28495993258	884.333054108911	1059.61889057684	1656.58830095395	1930.14717157465	1788.72830527652	1050.60653028502	1805.41080695328	1078.09152151588	2658.76648952611	3198.23280853851	2720.07403845773	2166.77271536004	2162.64111449399	1066.87560322192	1210.64102703681	2118.06731754043	1097.92210058438	833.371112471913	632.873294224331	1141.24102299687	1636.741602477	1447.74424724575	1338.89530610848	1760.89002666786	1054.23765479001	1940.63579389167	1357.0937718947	1364.00310202203	1021.92102808613	939.956925331974	303.75777856935
Dilated cardiomyopathy	75.0848776847662	65.9262328502162	34.295143267601	204.165377112329	183.793469110577	266.569806314288	200.242026555944	25.6264138036549	29.3524309702047	26.2826206772436	34.8763295407526	35.039371623771	32.3172469316239	35.8329050725622	25.6192555139517	29.0912974595929	28.4150607095142	23.5351987049515	35.3641929901961	25.9568521679277	62.679335144792	80.5394325801282	107.209857575251	301.908490861483	145.285003264212	259.132313019183	71.5225466797169	315.957931155903	149.93174875	297.493398444227	452.783164987874	29.0128991272189	38.4976063111888	18.8407071814445	88.6792046203197	57.119048379728	458.782154689557	80.3986930680253	76.1079818473495	17.6946430856885	44.6963759603097	121.764171559943	47.6681726652783	52.868574931009	88.9322592409885	60.4170500013885	99.8449099950387	27.6689753641769	61.8824474940958	180.904074700855	89.1539480141403	62.7051454737044
Dopaminergic synapse	38.1678446466769	40.9686170670074	29.8962698220339	53.8605292064715	48.9683304050769	55.2754638455466	40.1555775521448	45.1153580344885	58.7938550390168	53.9975933787879	71.3179224275244	64.7664697063682	61.8229492244669	74.8835996761293	44.381184949495	44.8471855603702	59.3824300207337	47.0486916329635	38.6684272114528	36.3483923580063	36.4975559764474	39.8497309816919	40.3438185144928	45.2099569790989	35.3882856389574	41.9209204534176	31.0398393618596	42.3876609054448	53.4595248066876	20.7731053671202	15.082524572439	19.5304592854021	26.0317227823691	16.6821382179621	43.8688309575055	33.2479174640047	22.9403427491294	46.4886926415649	43.5002290308526	12.0145922792148	47.526208579969	37.7864768751343	66.8044066621282	68.3492020949883	35.3579492910994	35.7587791633848	29.1346800111682	30.6541495255087	40.9854579385965	45.10799310408	41.3895672682709	36.8910172917846
Drug metabolism - cytochrome P450	46.4108235818327	39.2844491577026	42.8521685854721	43.7354095983656	37.8681022761194	33.0687174194749	33.2711534953618	10.0486538303078	9.91150323359902	10.5122924066667	9.9432848076328	9.71162849946294	9.76336185238095	10.894790220393	8.18761791708683	12.6152256014452	10.7807733363409	8.7492309696288	11.29754075	10.439094440281	39.0631230150083	36.620667047619	26.1996494968944	23.5764831643369	28.4619694795705	26.4868026100674	64.6295736400651	25.4909647346575	36.9692256551724	13.825421740626	9.85548603097345	26.0843418695055	29.6702545194805	168.075964890403	38.8423630870388	24.0010397813733	10.5199168113867	33.0400811046908	35.0879446854182	11.9220673977901	18.8655441323597	23.1269719670719	31.1980174502962	31.3979096089428	39.5259869951691	16.4960620675606	25.4814464078624	17.7499966939268	33.4760600269424	31.2818341876751	43.2481997621849	8.43568960878847
Drug metabolism - other enzymes	34.8573462214636	33.4414302608603	44.4272995686441	41.5389477362288	37.8511711996269	34.5444950638567	38.7168499464286	15.4420345476519	16.4003676625536	15.51050449125	23.8015666547834	22.955392418703	16.4614339263889	19.0679309507435	13.9059770122549	17.9803031220817	16.2292397618421	13.7838300580709	17.9759888884804	16.1549254344262	34.8251044340953	51.273966515625	41.9441018695652	31.5117182887828	32.8433298345511	30.420019117866	66.7248483251221	29.4514388259804	43.1569592887931	16.8728854503796	12.0662232624447	31.1978658425481	37.7117132045455	97.9388337762404	43.8550943431291	31.9154135	16.3062251173594	36.2676718158582	49.9865474112694	17.5692909861878	30.8257071952875	36.4900442562057	39.0171784959677	38.3858020215517	40.5062108019324	32.4382591615523	26.407314659398	25.8423883445048	44.8510778717105	39.7632263553922	54.1346548897059	29.9390817814446
ECM-receptor interaction	89.3496976258144	75.8453544627988	20.9573262129118	184.683339596029	154.638031864414	154.317194987723	91.1405720925142	10.7231326420014	10.1276002497951	12.7003616734082	18.4560777252261	18.9943693486525	11.44926982397	12.6460479683388	12.2671331632518	11.9651654872557	11.2622260658388	11.5189770503406	29.8304283972241	17.2354405452201	66.3926167120622	96.6075596254682	130.315963844651	109.192677659757	60.40569428491	93.803926017788	32.3377329453208	94.2963876594765	91.7866711584657	35.7102897655317	22.1814537173113	50.3380615643907	59.7057581409602	54.9928759216056	88.3636650928269	34.4964709547458	12.7787762216697	77.3519800600369	79.6767104802934	11.14833567633	26.4932555332591	59.8739066786198	51.0534855334058	59.8065605840014	44.7888986495142	28.7175415089441	43.7237311451288	18.9660976105955	48.2536973109271	116.836327124917	80.6990062465301	8.41733968432983
EGFR tyrosine kinase inhibitor resistance	58.7999891527497	58.4502473827443	31.9998152919974	79.6774023889723	63.010110812866	62.7333587072487	57.6069816932435	22.9970815651444	23.7688691242462	22.2374085029536	31.8984374880044	31.2622978875987	24.9191808021566	27.1320952345772	21.3506079702159	21.741131844555	24.7143648341106	19.4740700264128	28.567860009928	22.47340869475	59.1702202007093	70.0796483016878	74.1820691634563	46.6336203848826	40.9980458988927	47.703197067877	48.4023568228673	47.7802711304407	66.5217848625055	24.5100459252039	16.4463862394981	28.514628182814	39.1865719677791	20.3536476451831	58.1211823518317	40.8077377928526	26.2852203218718	64.0935425637635	82.5117797691349	26.8502536939646	39.2150202058479	58.0212974755364	61.7367151597348	61.8628687262868	43.3420754564912	49.1665483352374	36.7981090678941	31.4184001284168	63.1778605377896	74.9595123827253	65.7694145822785	28.8072248304617
Efferocytosis	48.9249212225909	53.1961568164802	32.2861804288028	76.2273071086581	58.4021604479989	52.4405358854978	40.7840906228803	20.5688861846782	23.3519641160712	21.4001009284501	31.0199286861045	30.5216621742254	26.2468759450342	29.3976948798333	21.3465304665917	20.5826301876131	21.9393277789697	19.0768638111239	27.0729063372674	21.0651919550312	43.6459558984114	44.2405742064756	44.8583059346441	35.3425773950717	36.6946077862585	35.1762549877511	37.6220724199672	35.4048105567855	47.2570465143861	26.694056757119	21.6964727209571	25.1382826071779	32.5254924435437	21.6739848011377	69.5330150633779	36.6263014600415	36.8590074843879	52.4598507594828	40.5301066968087	14.0873539933842	32.6402322543294	36.5394384982157	34.1677759989042	36.3088146709693	37.7683758164867	73.2143656692497	30.0563740255716	31.0181603644728	56.2970798179499	48.1725353136839	44.7508221899588	40.4107059279295
Endocrine and other factor-regulated calcium reabsorption	34.4302513115057	34.1725332451544	36.6864681560601	42.3914452418452	39.5914429188961	42.0281905807826	35.0056900784122	42.7777306442197	57.6231003919346	46.1029405308176	86.8370476738642	85.0471633983544	64.5827252410901	76.0771965406467	40.9380955279319	52.7508063416783	50.5419924018537	38.9636343567078	33.9190516666667	39.4419400546448	31.518546079583	42.2711607075472	43.3541739704676	38.0018901886792	36.2237418808839	35.0116842183623	36.7020688925081	34.9665158796623	40.624633272609	23.8498396975402	20.3737942523794	37.7914763171263	45.047351457976	11.2915911263143	41.1783688941647	37.9652212436151	36.2438517832265	42.8743880236553	39.3001800078209	34.9362375956427	56.7798594779673	80.777326039074	38.0658756838536	41.8813871160102	37.4382616343086	32.2957357605068	25.9870754225581	33.3256653399872	48.438780659274	44.9741701233198	43.0651728412875	22.1688350565098
Endocrine resistance	51.6991979761905	54.2137046548481	23.8512908629944	56.7676858117055	51.3562949354789	55.6987406990171	40.4367486228355	17.5597671172882	20.7188625178827	16.5439712138889	31.764625731799	29.3677047904919	22.6696842951389	25.2546551134603	16.7255424473039	21.9660000620136	18.1559450730994	14.4336875217356	19.4753970338031	16.310551507286	48.3287218616245	47.7212438151042	47.9379484103261	35.897287996967	31.109228933977	36.7972636768507	33.1438578072408	33.4984469071227	63.1058638649425	21.8519012689805	14.20878597276	17.5742823888221	26.3022484848485	19.0253412833969	49.9165149794771	31.7182747398711	20.5354951995467	50.959482841107	46.9742308522237	13.0242175693485	43.7619896771832	37.2799579410461	56.1027293759601	48.1006501914788	30.8903811619364	32.7384596784747	30.3471478849304	23.0305276396437	47.3208578932139	47.0962519614651	45.8127821629902	33.3189059136312
Endocytosis	69.4850738374225	64.0377210708592	48.1086082048873	68.1289791291437	66.9125731792843	64.1687788088388	58.6922536546185	32.2357827808471	37.690914340969	31.4750066742972	57.4700937018833	54.5434057935501	42.6478520885022	47.405504886311	32.1174749159776	33.6264612224775	34.1371170055661	28.8094537849034	41.6230230096858	32.4644676142823	61.9696257944619	64.5272906208166	66.8194014160992	52.9644542639292	54.7077736718901	51.0218019441538	53.9997307527831	50.6387484432561	64.5850513779255	28.2404782948715	20.9441012179692	39.3215861866698	45.8861270281124	22.5505560844906	106.829675823559	44.2321811870687	31.4117441656111	65.7065875740574	57.9290654932684	18.298033757128	50.225239370004	54.2774681642884	60.9022222219755	62.9042588501486	67.1912993655783	111.055508154785	42.8882552336126	45.3347705532274	68.2482950964677	71.5893358684411	65.9772910415781	153.895512910021
Endometrial cancer	46.8405951166329	47.0555853110498	28.8665607516072	69.2160583759497	55.1461164873906	71.7098513089475	38.6433317353336	19.5129962078491	21.4466102338316	19.7791478643678	30.639214893564	29.6343603720508	23.1451030351213	25.4414010710165	18.5223534354293	19.4764560599758	21.071859261948	17.2425522298398	21.4618857936105	18.4085963877897	44.2906694542466	43.7184657112069	45.1490825937032	36.4747580067484	32.9565178439277	36.2009066762214	37.5247545692463	36.41838113621	48.5718003091558	25.8112593215648	14.9930456534178	23.1757067158488	30.3751209717868	22.0345757587523	52.8925011124115	30.4797874480854	25.158141382472	53.866507395265	47.8955671636591	14.016373172509	35.0149153872425	38.1097967039618	45.0470458843159	45.8570538148267	33.5135301632517	33.630692212125	29.2722633084809	25.9480573738131	47.711449563168	44.5719449932387	44.2669638093306	29.795372192425
Epithelial cell signaling in Helicobacter pylori infection	51.2152283783513	54.5026800177659	38.7491800828087	50.883666687954	48.3799786998934	49.8733056452347	44.6286260816327	34.6255458374112	45.1906104396076	32.0982622333333	71.1612124069108	63.2940298039742	48.6535350216931	59.3505005050451	35.418846129972	41.0668812279044	36.0395324165414	29.1664347536558	39.1263204320728	35.1450817135051	50.2129929777654	51.1959055	49.6377084596273	40.7213997575861	36.9880460805249	40.186784931939	47.7081083243369	38.885120618793	55.1565025566502	24.1079140570189	16.168697437737	36.1696331483517	41.3561377402597	23.2778378833152	76.5958864723273	41.0815286369376	24.3332202060775	56.798823193177	48.4612270207254	17.4755524538279	49.7703667243268	43.9428377649443	52.7719286954136	51.8212692663888	40.5864293837129	61.5921627637958	36.139878039663	37.8978450976536	52.2967757389307	51.9054231867414	53.279159684874	97.0282735995375
Epstein-Barr virus infection	104.14006926488	92.0011486006933	55.4377960841555	98.5117875859052	94.1788795021163	90.5645155731473	69.3275655702009	19.9384176861549	19.8593061712895	21.2500806736318	28.3633899561758	27.4552667553211	21.653539079602	24.5641459117054	20.2820035007316	24.6385457051319	19.8948818849612	19.9418477982137	39.27441631036	27.0377105355735	89.6830248301295	77.4634065671642	80.9138653926022	57.4435983515596	66.6541001906958	54.7476871207239	52.0335032431491	52.7753203172196	83.1534465843198	35.0615510962541	23.1883145812971	48.133161279181	52.4606990321122	33.0084767135696	162.798810319265	53.5945853986971	32.4985163429187	97.9714828595084	70.4203683504756	22.615651633545	54.4945024737336	64.8510544529127	76.672355328427	76.8549445773124	97.4567568786502	166.866058171776	48.4087957058687	36.1059933791189	92.5240387928777	86.0033988423894	77.6562797685104	184.109851194649
ErbB signaling pathway	38.0212984129181	39.4072907443632	20.8345329036889	37.9749187938684	34.3937802221247	39.1823393421299	33.4044251673033	20.9708316691583	26.3448402878061	18.8877921388235	35.9300938432788	34.1922479557718	29.3575450888889	32.9448727216269	22.4209532493656	18.4993651801328	21.7388772854489	16.2794269615563	18.3606116493656	15.370946471874	38.350840117647	35.2300977745098	35.6154513196931	32.57033317984	26.819367398993	30.5625937860166	30.5602284642652	29.5487591359966	43.4165076957404	15.547669652418	10.7006181814159	15.3316295938914	20.8320128770053	13.4676831050741	38.35392137164	25.3654543548911	20.1300080139508	42.4933034446005	37.7262103486742	13.7919158514787	27.2831551659463	30.7257303775553	37.0538326605223	35.3526868090186	27.2703324035237	27.4524524684646	25.7517582613094	23.5482245967604	34.8965565865153	38.4023022445213	36.2038224532872	22.4020631405758
Estrogen signaling pathway	60.3521843936699	71.4053406975963	52.9409979886181	84.0359527706297	75.6794694171478	69.1117978426484	71.5490428154327	39.7368038532887	51.6351999937345	41.5151943060827	80.0998378360431	67.6905278656495	53.1786810570424	66.5591552959054	40.9400244170603	48.4252079104774	47.0552504064541	35.1571960773608	46.6512254465436	40.3838688935423	75.561179347326	197.678204723236	70.5037110536338	58.8136724843649	58.3254960078021	55.4663566718589	319.156682858841	53.5236593800174	79.8770092474201	36.1119152795415	25.147486164169	39.4455718564009	48.1134395288653	31.4639189209896	85.9862132472084	112.496564635641	38.0496106249888	70.5496660181937	79.6274664157936	26.053777647901	371.913052866771	63.9318007897189	325.070629945396	340.894933422719	59.4818428996086	58.5980066560384	71.2679465616313	47.5147207576078	71.296611699428	69.0684333648204	205.436249708029	55.5295243290216
Ether lipid metabolism	50.2992205842337	46.7487506188506	15.7620297232791	34.4032957423902	69.9168459031374	34.897874396763	50.2013245269017	14.3360285827038	15.1138904230533	15.0330108836735	26.0038867567966	26.6609625264692	17.5983964852608	20.029567465291	16.4623568019208	20.1152109147939	16.0742051621912	14.5182540615459	37.1308724739896	19.8979115367458	33.6902805407766	29.4705979676871	33.1298893700089	27.0880273386586	26.5512310250948	30.0332646538715	21.2793777836868	27.3001293091782	35.5077299507389	44.9573249665767	11.1120481406899	12.6844079689953	15.5851513543599	30.1777533400841	29.8793544793215	25.6111410508513	9.1307517820967	57.961687980201	39.4708827609178	391.85674550513	32.7802405105301	39.4244161202779	29.4259529621618	30.8144541552536	46.7080835886819	21.0587069078317	18.2530371212957	18.8540990259292	34.4200152968731	29.0920924783247	32.5202211752701	9.15967919714337
Fanconi anemia pathway	12.8726274678928	10.4650870242037	9.43831500863447	13.3137670330988	12.3119346395382	14.2761254842585	14.2979295883362	5.49211853330554	6.21033310794396	5.91015136100629	16.3424846863293	16.6948184146687	7.29329510202655	7.51728202426878	5.49837179060303	7.00389645620733	6.42523936047666	5.15719078517308	7.40121957824639	5.77719261470255	14.4037796795389	18.1633969575472	17.3582969319114	11.2681976367812	10.6043621727656	10.5082439795871	13.5133370170856	10.3207758285407	15.6418699414444	6.30044507469406	4.24279066789113	7.98944014876633	12.6048513379074	5.50193182413942	13.1309885914657	11.6883789846763	7.18593896733865	15.5411031377077	15.2377793332682	4.51513513447305	15.1236521056122	17.0326593918105	16.7303773442889	16.9208774580852	11.5693781031811	14.3218310299026	8.65813973343841	23.4399482084587	18.4767272001545	16.7987248686644	17.9077648601554	4.8396360344463
Fat digestion and absorption	74.5273719024819	75.1631244633731	38.1700482633031	29.2752986450532	75.551467559875	33.3565894574765	51.3409643008155	7.60725544391623	8.97041406627408	8.9361346372093	11.2930366954916	12.8092468132541	11.1322913996555	11.5258377133224	7.83896857364341	9.02811561578138	8.7499977372501	8.07194922816334	12.3704460670315	8.97990419240056	50.4010553773414	22.3399570542636	25.8893365318504	28.2787308109008	46.6311477938535	31.4681720843672	23.5464274914779	28.9327241416905	30.9077644907779	54.3308137723856	20.3676466659807	15.121765657424	17.807088012685	300.773831663412	22.8116416017249	23.5433199948606	17.2525277926878	55.506917696286	35.4974035751295	2693.1938246351	19.5674450806152	37.0728517573808	24.6383432879648	26.6575233529702	120.205431162791	14.2665232121568	918.247144246043	34.6153375845411	31.1775209693322	20.6974806961544	25.517126372093	11.4422442477338
Fatty acid biosynthesis	79.6727856107999	86.0502297416241	17.0579542391714	14.5234665171846	28.1351855451907	12.7924883156456	19.7113599134199	10.2761898342541	11.8282287291369	10.7024968962963	19.3561531407942	20.8803120614035	13.5997210720165	14.5602829161504	10.2065350174292	11.2806499567661	11.0163450701754	9.50380576990376	16.9144821895425	10.75315356102	69.5750349729788	16.5481686574074	16.5925602657005	14.9624020723946	16.6090230654141	15.2106052577888	18.4896355456026	14.4749525727867	16.47926348659	9.73051204025066	9.77891476032448	13.99472625	17.8290472727273	45.2421237383376	33.2598593671818	18.699674048496	38.7489787951644	25.0139835447761	13.5795207743235	6.82401899017802	21.5978209353923	24.7526685185185	29.9401425021335	26.0334243191866	21.1334342431562	20.0810204933815	16.2949057493857	34.4521511325819	20.3483878281352	15.9204596732026	17.8281042352941	62.3641810958904
Fatty acid degradation	93.8870485114976	87.998347889941	67.1305692928656	65.1602698930824	65.1025330640403	57.8416760286743	57.7134634158864	22.7579562739304	23.5737527926939	24.5055057620155	30.0299510729578	31.4417607737367	25.3260495512489	26.06725538947	19.4720725481076	22.7086464736223	24.1146387343941	21.7108776094122	28.2370583447332	25.1533398881688	80.9836757474437	42.0646756007752	45.5132170475228	49.2101283787534	57.2246436320823	52.140619991344	48.8949084849633	53.8358353940223	55.4077357738573	42.2019210851032	49.2273419546203	52.6754994856887	60.0263846088795	152.414011440618	57.6470498995072	40.5179485635359	72.7168560885882	60.2073349573065	47.2132516676708	22.1235247019144	46.1602304562003	48.5079769115949	43.6010492462401	42.8004046261798	56.3156035546568	42.0740782293678	45.0688025901377	45.506165704977	58.4032314460084	52.5073391427269	45.7420929097127	38.4680443076834
Fatty acid elongation	48.8079904426771	49.7788977597956	45.5854861525424	38.4496936077482	38.8693162726546	36.446256484908	37.6438076669759	26.4872911089187	28.6888077237891	27.4613626369048	38.7205834218669	37.7141470622986	30.8320494312169	34.1167543786511	25.4285372268908	30.4738672304058	28.3708728558897	25.4555870683352	50.5836828641457	33.4697183294301	49.0448405100056	39.9336434821429	38.4603936490683	35.0657641774634	36.5931825902177	35.9130648369373	43.7439569922057	37.3123670721925	36.9673625738916	31.8267478091106	36.1749446262642	41.7049105116758	45.0019887987013	60.1312658846783	36.6112082539026	33.6826887884767	48.9902459845442	44.4515008027719	38.3826187675796	12.2978148924625	32.8155740175719	35.652993556231	55.9766555524468	55.6786954675066	37.0479914544513	32.1006524703455	27.9099464566515	39.2909978217736	39.6397532106307	38.8294471685341	40.7678607710084	22.1112702099271
Fatty acid metabolism	77.4162318187626	81.4932672937027	63.8467793351175	36.8579221249628	44.9328578194554	33.5560999388123	38.7859923239918	34.4324826606572	32.46657684587	30.3181860017544	40.8286514700108	42.927440507189	33.2336296120858	35.6750640063914	33.0916011461988	35.7923616833914	30.3681748839643	28.619481798591	69.36717000688	40.4142323526028	67.3311413598198	40.8028987646199	40.8475975743707	34.0597689904953	38.8455485499762	34.2513949466719	44.1153037596434	34.2616698667792	37.8249053176044	32.0805854922556	36.4161901133364	39.6360091109986	46.4608776555024	80.0687687705906	45.5687979046125	36.0229760250073	53.449573574615	48.9748210688662	40.9694146577584	18.2848324556557	44.0403909836893	45.0616860974244	48.2930592979761	43.4565963855926	40.1391939028731	37.3852404743809	31.9991504000172	44.959539013052	49.0970606250641	39.8449380575622	41.7002895531476	35.4803107900199
Fc epsilon RI signaling pathway	27.1420045639165	25.5998536361055	18.0840818500257	27.1572232726631	26.8909641446178	26.3318254003859	26.5184288252656	17.2082630353256	19.4480534562362	16.2824837813131	33.9044707269445	33.4465135321258	20.409610845679	23.8046758533288	16.774436849079	17.8809723275557	18.1341883912812	14.7063513260558	21.7562301916221	16.833070187945	24.7382806405495	28.6599122790404	29.1629155467721	22.6446369888624	21.4586372607073	22.5117586059102	25.7087582064949	22.4505140028629	27.7066445872518	11.0180775695129	8.12776508346742	13.8597761407343	18.290053415978	9.45371804302568	40.4230600072747	20.3525543144149	15.1996602932133	30.8154180915875	24.5498107324541	7.59942646199565	21.5597647429567	24.8073991521599	29.3541383312387	30.3637027021542	28.7514903220612	49.4949810392736	16.5454589442335	19.6414738998682	27.741575662768	30.6501423499703	29.7102212566845	102.975572488396
Fc gamma R-mediated phagocytosis	69.1198186991007	56.869032069219	30.7552394126673	66.0445219799286	64.8297736335428	65.6909705982177	57.0279955393028	29.6613350962489	32.3675423555455	28.2252462936842	43.2439015154855	41.7454196897507	33.5866870822612	39.6403335147721	31.5202800565531	29.7060564308827	30.5107909913204	26.0123182536262	53.7360265273478	33.1751371084268	57.3120543729265	54.462354872807	58.1648285308924	49.3137708232634	44.9105703395231	51.8243307504245	46.4619440324019	49.0965166985646	58.4611787658802	35.1411016880922	16.9009607042385	23.670199194332	30.7946336842105	13.7451039148252	59.0907681249564	38.7695071131143	30.7014790719341	71.2982937945012	49.9236244505045	11.7565461834836	32.7945836233395	46.9772612135125	46.7503409801924	50.4204444898785	48.38391556776	68.103830501615	34.2321457374887	35.6706367462497	59.7711879602955	60.8282139023048	56.738752504644	111.244665697581
Ferroptosis	407.590699870875	353.49182625296	199.693729765192	363.385142858619	339.54317858846	257.192395105715	271.291766236934	150.384613409244	132.385684837224	131.113915462602	99.1180107581228	91.4482078635614	121.482439256549	140.019089943785	124.08524942133	122.312713416532	132.317009804022	123.364478641252	264.944872611191	163.714101222178	276.790980200721	168.638149319106	180.126571230117	167.682261038477	167.191151502622	192.547235971676	114.544263083737	180.649666199296	178.590362565181	111.391970547061	60.5834289348155	276.339454519231	246.16600195122	316.073133885682	509.375046561541	149.686600742488	92.3393758572366	299.657955182017	217.32606386579	61.9547555807843	161.347496300164	169.814433641239	108.04011060807	122.034166828298	185.243602679392	403.220367008893	167.54873100797	110.599733283846	257.378890541649	167.97145935597	165.901792308465	570.143305169031
Fluid shear stress and atherosclerosis	113.724427025271	121.385863283002	76.272794915742	165.176369434977	146.58493517234	167.963181919541	113.784029866393	46.214697523749	56.0330466060456	48.1500597184652	72.2272113502844	63.6846980816249	57.1173384945377	69.8894069278704	47.3031554673438	51.5745538949696	53.4673424798687	41.4750488803603	60.987357085273	48.0437518359083	103.811936604009	117.13872588729	109.949409286831	121.189506342954	92.4497484678812	111.920554035025	115.28791414208	112.248855332205	142.238398327958	49.2507488233275	30.2065765992869	57.3179140564472	72.9430500196207	50.410645067549	144.287518463957	74.7751016546763	41.3026509506429	112.734787538387	125.363435367727	30.5294256123057	71.628089025674	89.3785906257972	134.059484441866	132.881778628514	82.3090666406006	102.495073605433	82.0940435000795	57.6739801784659	112.132923430624	132.770476285795	123.914191729158	114.135714401749
Focal adhesion	103.149064785756	90.0526400716852	40.8198171159591	216.012467933903	186.904927361275	233.055447163674	134.151243979684	21.730753309994	24.1410653095653	22.7003490356436	32.249399012403	32.6092335168987	26.8352547951962	29.1338737522544	22.9258661225005	23.3237552409755	23.8436688134445	20.4301878071646	38.7509914686469	25.3993151942325	84.5470347532458	106.231311336634	135.251258155402	175.386587791299	99.01275298828	156.747556135297	67.3344290278002	167.545252048058	133.245189515193	86.6182799282661	81.7818511609568	46.050912653751	58.4945134473447	36.9295257352052	112.87927023605	51.4762230211695	91.0733254475417	98.1970927528447	94.9934740750526	18.9464969755484	40.7648421734729	90.0145305959905	58.3774462030996	65.5389970882685	74.1688472155259	64.9846840048969	73.050676987496	34.2729726382312	73.4445010327283	162.394134322462	100.356863163366	62.6296369101636
Folate biosynthesis	22.4462962489996	20.8116940739839	146.592648449153	21.1353794506659	19.9756690045309	17.1798250439322	24.5343164888683	18.9423342541436	15.6243664025138	19.8197263261905	19.0191112274368	18.2219590628357	16.9109155568783	19.9177046720659	20.519764337535	25.6464478627015	17.660306716792	21.719633730315	33.3656586572129	35.1204553551913	20.9047785978321	21.1216470684524	16.8163262732919	15.5624302761677	21.7143748546078	15.2532328730946	26.2941538849465	15.0237348223835	18.256873091133	12.3206030322281	10.8132197005373	24.7399362122253	40.4464383116883	40.2036686191385	24.5362454351939	15.6959017127072	16.2919910845267	27.8585916487207	19.1055968134715	8.03797862273086	18.1467021793701	16.2209621567882	11.8905471434057	12.7383024782114	29.8080111991028	15.8232329486849	32.1981916663742	12.6304397851967	19.4853358255013	17.3986111204482	24.1584423592437	35.2361515064046
Folate transport and metabolism	15.7191417009562	15.0923150907596	16.8906386721216	16.0977929003507	13.7007640748842	11.1853880348321	14.9957174160322	4.60312930272433	4.40646006511766	5.47113518045977	10.1088929553093	10.8637587477314	5.64951309706258	5.3821693129086	5.37142556457066	6.10834179927546	5.0719212183908	4.99677538827043	9.22361903482082	6.70415827774637	13.4185973614652	11.8334488362069	14.0530052173913	10.3613221858283	11.7467072334605	11.8183571583811	12.2500390256093	12.8082882328355	15.4547195600476	5.81816335701997	3.84525968950259	33.7599940384615	29.3939934169279	54.2482205725191	19.97303270781	12.499010855401	7.24297459362617	16.5810184472465	14.8435271413257	5.87805550962088	10.7917770607029	14.9862927573979	8.57342541765983	9.080655197567	14.1667458004331	17.2922117838914	11.1771134779293	10.0705693536565	17.0453168330309	13.163715661483	11.3404083083164	14.1381461218706
FoxO signaling pathway	55.1154452083603	50.1394860499279	27.3786597702738	58.604985256193	50.1956176446613	61.1136192535901	38.3111034325674	17.4529349005525	20.1190347695609	18.4815116028205	30.8944143965565	30.0136056570272	21.5952762834758	24.5259315610523	17.128790107089	18.730151463933	19.8445585754386	16.4979102129013	21.9242094166667	17.7857836519546	49.8469979645316	38.0137851826923	41.6531992006689	36.2837585478245	29.6086031536856	35.493027534644	26.8938707714858	35.2140226293706	46.142534464191	23.288583436843	14.839776539823	24.9921109726331	29.8164113146853	27.5453688326483	55.5600711035405	29.2266280165746	40.5480013626105	52.2683358342135	46.1821938485452	44.0665739813005	34.2928665863849	35.4589409699945	33.7586598853834	36.1298634823505	32.1383693470829	36.4739923496251	26.15236803024	27.0963819305091	42.9946225801844	44.9754054952237	39.4109674158371	43.2913886068589
Fructose and mannose metabolism	39.9854054886399	35.6312206781185	122.729866724105	43.7797834539783	35.5668524274461	35.9470751607976	43.4959851443001	36.5602800199509	45.706032786123	36.4426398888889	54.390380897513	68.1198627234754	52.008265308642	54.0281810935564	31.028086043573	34.9356601869866	38.8762648089669	32.2541264457568	29.1663667660675	34.0810225607164	35.9860256420233	44.0670436226852	35.1161691304348	29.954261835057	36.1694913999072	31.1920837027847	55.7430443141513	32.0359985630818	35.3392872605364	31.7276512352374	27.181991442355	96.6478576629274	108.414082045455	101.458385602205	41.1591155596946	36.8770477102517	68.128672241918	45.0475767645108	37.0538099107657	15.7108486410374	35.5716721388001	35.7965535047281	35.5587801130739	37.4955547590628	85.9619918196457	37.5984732611312	41.848843525116	37.5678330803811	39.788530587232	33.1406895152505	49.3365411764706	52.3910908824547
GABAergic synapse	34.9254947332641	32.2211909076814	19.9540256602552	33.6863167430013	32.0769868950193	35.8394928941934	26.7542058514519	27.5056884139301	38.4902166007619	35.1515719235955	55.1703396114063	53.3452480865084	39.0722935688722	45.9384975422915	25.9684231914519	32.7681584317755	41.176441408634	30.9876509152437	29.2326744740031	25.8409474237122	31.7783767914135	29.522390252809	31.903396912555	25.1870581212625	20.1756949703268	28.5002804187693	19.6657792846686	28.0846393825232	31.1784029949632	15.0210046849789	11.4945338316595	16.4764862402766	21.9723449744637	13.0656868625096	33.64593463911	20.1626427847787	20.6881563540837	40.792836715244	35.2361311230133	9.52293804488174	31.2853505323617	25.8143259745796	23.893709757331	25.5015453867016	20.8921829902839	27.4842663477062	21.1134416472959	20.3242737925419	28.4631205448781	33.3748626775354	30.1882691222736	32.3226844227406
Galactose metabolism	29.8270789644608	28.2950440172487	124.651444792373	35.8927042200742	32.141084818097	32.0441561287988	35.4520682224026	14.3446907165055	18.0266877105687	15.372309215625	25.8314998804152	26.4280178359962	21.9659015416667	22.6510435513476	13.5832609362745	17.2581232769942	16.5495085230263	13.6318392667323	16.4920987760417	15.1820712807377	31.2789423863084	34.1072715104167	29.6340910733696	25.2233941109785	28.9772126161273	24.5834555939826	35.8767277453176	25.6356135294118	31.0284783943966	22.4779228884219	20.7849155918142	24.0524377614183	41.7947140056818	26.3956757108779	33.7951693625828	28.2756411723066	53.277425194835	39.2427381152052	30.6066927202073	9.86134155473066	28.7498912619808	27.511616683289	23.5663518788402	25.0735319653515	37.1308781219807	34.4418329038809	32.8632705781634	33.8496898452597	32.2678497025768	30.1375792790033	37.4440854650735	36.3759914153954
Gap junction	38.3742929158108	36.2015499992429	29.4205523367232	53.4079808698211	45.5889119419569	45.030399143753	34.4665891702742	37.2308586611418	45.9135962865999	34.3842585588889	58.403123664661	55.0344685735171	46.9008670395062	56.1223024919455	35.6655512971678	50.7965401962819	38.7904900522417	30.4552372025372	64.9302829199346	41.2323285173042	33.2484083043666	41.9831991944444	46.0557333961353	40.6442705104747	32.3977571438181	42.8345526713537	34.1248517674629	45.6216328867102	45.6156909501916	20.9966440650759	18.9765890258112	15.9740783525641	21.3288806666667	9.53289876081425	42.1625341460633	29.6053668311848	19.2395012359413	49.1431160825871	41.0394518244099	9.21151614057704	40.244400172879	31.2661165606777	36.0365457144564	35.5801729952844	31.3546292490607	31.7857801403931	24.4720249339339	66.3117249779925	39.5375044002599	48.1738545068991	41.392209675817	29.060435812647
Gastric acid secretion	79.6281457225785	79.0319129400161	52.4643155428189	151.85711302074	139.096179397093	175.032879809201	99.340516760082	70.0551929536202	89.0296888073187	71.9608837631579	92.4200059020521	85.5690506094183	90.5941992251462	110.951537432988	71.4637855732714	75.0209610751587	81.1925444404432	63.0600093136138	71.2005228605521	58.9499942364107	72.1022708473275	91.2438689364035	95.4859344565217	139.142182001005	103.08266862158	123.260912168604	89.0128109289817	132.686906912703	114.761029160617	38.1180446061194	25.0837004363647	45.6372585450405	59.4500198086124	21.7150544997991	106.905591056988	68.0341069562373	39.0569192928838	92.5000594275334	90.7457863989637	28.9113001555685	67.3410125021019	73.8450234751773	110.835370430916	127.310512474347	85.2718507506992	82.1129245292609	120.849530814367	48.5509825556191	87.9111594892659	131.352709538184	97.091722878483	91.5873259254768
Gastric cancer	28.8384054417443	28.3510885609374	17.8229245032066	38.2299129941594	31.844234304407	37.7895528210193	24.5306862021762	11.4525394979095	12.1058556078181	11.4549750574324	17.8611316440628	17.9810508537391	13.5684705027528	14.423950129358	11.1294219356121	11.8683392480808	11.8849816043148	10.2817479559481	14.5308582468866	11.9570484751145	27.7483330071511	30.4452848141892	29.5036355522914	23.9841203794427	23.2374400791345	22.6600854870565	29.2571299257197	22.8212601114082	29.5537306011184	14.5478351606379	8.99536144582636	14.0040501175936	18.4840689127764	12.9370419519806	31.898517699123	20.38171156264	14.7899943403489	33.839253964401	27.3409059711525	8.95732629087651	22.1648937816251	25.161310658664	33.9391524147881	35.2998831068535	25.4366389933412	21.6505439072105	17.4775653994289	15.8723693391761	30.319419178817	29.3452699677619	31.5032563628776	18.8245627605096
Glioma	49.522959625957	47.3447696293015	31.5019814250847	74.2808414144068	62.2424678029851	76.5724920366618	42.0040714632035	43.8298584478821	57.9904824566524	42.6323743973333	65.427746420698	57.7894714907268	58.7253209397531	74.1092313933085	46.754622046536	37.8724317582361	51.401857128421	36.1065060860892	34.1823165986928	31.3597220735883	44.4679184300908	51.2271301666667	51.6067168	45.7039128607796	36.6310143593598	43.6996813703888	35.2895747591748	43.9506456872252	51.009467508046	25.6206426779465	16.1385437970501	24.0087551	30.4328172969697	20.5893848183206	53.7959563924945	32.3749916515654	27.1802871243684	55.5943078278607	50.4012795606218	13.7008165944751	39.9243197623003	39.7926244884161	83.7561136346134	99.2928118026525	36.405557652818	38.9504842565584	29.9215914142506	35.3202240753623	45.5162955382066	50.4401437446623	51.2722902298039	30.1084890410959
Glucagon signaling pathway	49.3351266245177	44.916259144997	39.7769273450592	59.8456400409738	53.3758306068713	63.5511092581165	52.8003262313159	42.4693933957052	56.4437793801117	42.9286364559748	73.7212264859342	65.5484090917151	58.2636372568134	73.9657343182297	43.5696833418424	45.0474252048308	49.2335918874545	37.2673482064329	37.810351554754	37.1253031673368	44.5794827257543	50.2197003537736	48.0681932608696	52.57681979556	42.0923456461969	50.2574375417857	42.2371044705304	53.880045034978	49.1185875081327	33.3015546277575	31.450281265445	35.4654732764877	46.9346561578045	35.6907980213884	45.7493157751781	43.9269910518086	76.4754255220972	60.1302459193185	45.7352521507479	18.2554253398311	49.4781473401049	44.5789642389268	73.2348974925369	84.3108324827336	43.3741625275727	39.9708342047544	34.6998862632701	49.4003686500775	49.0938085364945	50.0481248859292	52.6714176059933	33.0439201036209
Glutamatergic synapse	29.0050590533431	26.386569592919	16.3188642086957	27.932805121776	26.7555166823491	28.8680380015101	22.3889190208921	32.0533569190488	43.4934719828326	37.6866988542029	59.1199670990425	61.1225551405688	46.5674818776167	52.4660558441894	31.6741680341006	29.2829698169514	44.0219558508009	32.4039464306744	22.8105108866155	20.7742440042766	25.6590149162578	25.7932769166667	26.4259076446125	21.5201739597385	17.7393748846328	23.5524224792318	18.6900572278714	23.2454664231574	27.0308663148426	12.0973775444685	8.95808905732974	11.6104536195652	15.8784708221344	8.76218490607368	29.796665964152	20.5881092202738	16.5413876056128	35.3555038452953	28.2725421049786	6.73166698270478	31.1260448726212	21.5171367533148	23.8823742000935	25.1999923789644	20.4101648338584	28.2391777202951	17.2863680446534	17.6328977357698	29.9898451545894	28.2142920051151	26.8689627872123	25.6943436863934
Glutathione metabolism	146.562026751929	141.345903457067	83.2798483782337	79.6301488696848	99.4017678286201	88.4922556437403	89.4835748393712	26.9431032742076	29.1584291476545	28.5657360064327	31.777355320793	30.7346713329376	30.2137470064977	33.753939712385	23.7712442270382	32.7733744897263	29.9746114256694	25.2793044073767	34.3745260371517	31.5481681027706	122.016839771657	85.4036749853801	68.6683048665141	56.5676900762048	59.3155446244003	72.9179277758913	108.337292913881	73.0948872746036	75.71700969147	54.8159954835027	35.1501067924235	151.730059082321	113.740184449761	66.3989844114102	122.334454512316	57.591127909276	50.4174024203234	131.325597871694	71.3910208490137	31.1011323301347	66.1710396877978	69.6580280297375	61.9488913417954	66.7198134168644	80.7680870844987	61.0945088789664	55.5008443833786	77.6303024917366	156.761804101775	61.0016803130375	97.9739781981424	56.1262309106203
Glycerolipid metabolism	63.5456826085434	62.5643037547913	73.1083202272246	29.4545869465042	33.562084063666	28.9685458142637	30.5220697260552	13.0012803012776	14.741696243294	15.306338959375	21.8500409386282	23.673465721922	16.8686612482639	17.0584731238383	12.6967870710784	12.406746588643	15.4766641485746	13.3737514160925	16.453048001685	12.4597672199454	52.4413504872933	29.1552722981771	29.8481625747283	21.81382940446	24.4961532819024	22.7600586360112	29.752843786136	22.5911429094251	27.8556517834052	14.6689753009761	15.6825582359652	18.3664385682091	27.84495296875	28.0809904663645	28.9607775794185	23.9666024395718	18.4438466836033	40.6676460006996	23.1652312564767	909.628534527797	27.5778466229034	28.4242678972739	25.9821274313556	27.1503989806449	32.9627958967391	21.5900632553023	629.846038876305	25.5112600041516	33.9738742406798	27.0199683435458	28.5082729558824	18.1752857191781
Glycerophospholipid metabolism	48.6591163893008	45.2159938395631	19.2613001698239	29.3645602872632	47.8652517047117	28.7023067886836	37.5480372727273	15.372922225111	17.1692415362282	16.3202408062091	29.9560083060806	31.8525060179861	19.7636495366739	20.7783285509148	15.3472251334102	18.7600602670329	17.8908570853113	14.5585617994442	21.1142776129373	16.0224683933355	37.1241785986496	27.4862028513072	30.7049816624041	24.5790543532688	24.084571069221	26.5289031095217	21.5463274623172	25.1351459452658	31.5779093204868	29.9035607517758	11.7207275863266	15.8783252384992	20.1150924420677	28.6538019020356	31.2063746141735	24.2137361943451	15.8291118098902	43.5476608334797	34.0389092715635	193.980943027299	31.0049565059826	34.2055431480323	25.9118609174422	26.7055155272533	37.1825719877806	26.8145307528138	19.4461470140194	30.6876651364024	34.7703142363261	27.950198479431	28.7774657658593	20.9312213480087
Glycine, serine and threonine metabolism	24.9731645364146	21.3987951183986	37.2448013372881	26.7490498347458	26.7211508134328	31.0356066714906	22.4785828701299	16.9709188066298	16.6468877167382	17.2253585625	18.5766118348375	19.1823757424812	16.6850182074074	18.0371225966543	14.3791033970588	17.9204573015564	16.7831233035088	14.8568299340551	19.9382615294118	17.640778989071	21.6739568589494	17.234285	18.6544116086956	21.4367209027446	17.4701605474948	20.9393349950372	17.2875090366449	22.5445906666667	25.3789458275862	10.5437287798265	9.99658958517699	29.9661284855769	30.7358394318182	115.267784960878	24.5586429163907	14.8531538107735	16.7767299107579	23.8870111149254	26.2130740233161	38.8609442430939	14.1588368586262	20.7259044148936	16.6182152860983	16.4012288202918	18.6637846207729	12.3251287355596	18.0005731928747	14.9831726491546	18.9801882083333	23.1286247990196	18.3288757897059	37.8937585115193
Glycolysis / Gluconeogenesis	100.916000547704	90.0175539313923	82.7691935423729	135.147700266436	109.534016436567	114.235790165329	96.8244870267611	67.5722544399799	85.6086607816361	71.9614015025252	105.737569360026	109.340287303486	96.1628845785634	107.323088087192	58.7451687183601	74.0536696645443	77.7314482711324	64.4986783607731	67.0032790470885	72.5592518115582	83.6271953950006	82.1925774936869	67.7965822859025	78.3104441194764	77.6115000866705	88.7193626325288	118.095975431349	97.0845161775509	82.0200816248694	83.7292934611845	76.6860588445294	110.387801129079	129.557977162534	136.153518311936	85.1002941834738	77.2386686254813	231.003199679558	89.1917398658978	70.6294434589418	21.7863310953457	63.4176616042211	65.0450997888459	76.8826528259554	84.2118937603488	98.7532866315327	63.7566748906028	61.9717409139305	74.341666987264	70.6118518148591	74.207636734997	92.640530426025	104.096481694026
Glycosaminoglycan biosynthesis - chondroitin sulfate / dermatan sulfate	19.9910537314926	18.8030575354912	15.9874869281679	37.0736914437046	28.5080491986496	24.9079312707601	19.0976789363018	9.2171969350171	10.5785905640711	10.0077040142857	13.5794168334193	14.4184531059792	11.9104795114638	12.4818996937511	9.54916491690009	11.218781482305	10.9397340718463	9.01440784776903	10.8216276447246	9.70948206349206	17.8623551352603	22.0675598214286	29.4587469151139	15.8294703682237	12.545673426782	16.9375723265981	10.2965409229099	15.9639852346999	24.181389408867	14.2529284443756	8.35562431837337	10.1360596886447	13.0158997835498	10.2516783515085	23.8840922894986	14.448842738753	5.41879096693445	26.2675289289268	39.5221346484086	8.96980937253354	27.8976057781835	23.0716634312732	13.9307397242338	15.0085697555892	14.4333101656315	21.6271543046244	17.2350555551656	27.5030975983437	26.5951963150933	25.8432800311236	19.302343815126	16.8167401435095
Glycosaminoglycan biosynthesis - heparan sulfate / heparin	10.7702425320962	10.6721343931005	13.6230327485876	15.313913041137	12.9083985105721	12.1233494012301	11.9292584794372	8.39569618324125	11.3949198855508	8.74880068611111	17.2805476970517	17.5803995614035	14.1672785308642	15.19282511772	8.76637148039216	9.70281085603113	9.67156060380117	7.84163547080052	10.1330031331699	7.75418073770492	11.3661738067445	13.4372019618056	16.1915045833333	10.8157337997216	9.04837642658316	10.8521180448718	10.7568661122421	10.5747216807784	14.5783329885057	5.5050436686551	3.89698709439528	7.72953847355769	12.301016969697	7.44437399491094	14.2033267108168	10.562316427256	4.25158330837408	17.8510661797264	18.9489327310017	5.12740936694291	13.4390903181576	13.9649633820922	11.5001554320277	11.7331573104553	10.1695709661836	16.4535537274368	11.8816065489353	13.6981674959742	13.741619977461	15.9322677832244	12.6462867696078	5.86355337847655
Glycosaminoglycan biosynthesis - keratan sulfate	16.093038922569	18.1681709990265	13.7779040484261	19.6107779479419	19.0875333022388	16.2860551643581	15.046370974026	10.1083677545383	11.3418131790313	10.3774128809524	10.5326039608045	12.2352064983888	13.2824465608466	13.3836012453532	9.39093358263305	10.4969295441912	11.6764402255639	9.04396339145107	14.174131530112	9.22426015222482	16.2929345025014	16.0660691666667	18.0532151242236	11.9253358097511	13.1765954712198	11.2900854076569	13.8913397568637	10.9611060491469	20.502126182266	10.2335260148745	7.68897196902655	9.9420760989011	12.2039419480519	10.2190821973828	23.4672894761116	17.169365718232	8.77903331557807	19.8277580959488	26.0832055144338	7.83677568271507	18.425213441351	15.9288100607903	12.4584123644942	13.1971061112164	14.81942626294	20.2468489969056	13.4849893067743	16.2385474672188	27.8951939536341	17.6140909710551	17.4846884411765	13.5808709277709
Glycosaminoglycan degradation	36.420505301489	29.5524556253923	36.4911235504014	39.9915520952275	34.6900297702278	31.985919150735	29.7425436295284	21.3595985141029	30.1311685023718	16.7343393894737	23.7478046399392	21.8181378373565	23.2974459766082	29.1690542692232	20.548718255934	18.5318049109154	22.8403836195753	13.8102426170742	14.077080879773	14.3654480931838	33.4402482971534	34.9584845833333	42.5751083524027	22.8450307511619	22.4430865487309	26.5444260676505	15.5063532693297	25.42424261563	35.6651861887477	14.045144143167	10.4052497578016	21.4739642105263	25.0795774641148	17.8310558617919	46.9892058278146	27.3307062779878	7.41658250225196	33.6515660117832	35.6177703572403	10.9255864960744	29.1422941903481	28.7759966666667	21.3032089683887	23.9570921206199	25.6297290007628	51.8106385483565	20.8257066662356	18.8550621141622	40.122402192213	38.4624472721018	30.2606778328173	21.5050099357672
Glycosphingolipid biosynthesis - ganglio series	28.0502776106443	24.7493277683135	19.1878797129943	33.5174961920904	32.4072098333333	28.6778125779064	23.3807577662338	15.8000095248619	18.070727888412	15.2728758	28.0313650589651	29.8332213508772	19.8368470271605	20.5504013358116	15.4657215058824	11.0723810920882	17.3584987251462	13.2677566955381	8.96435795098039	9.39273633515483	23.0807271050584	21.7431576666667	27.2299888405797	19.9352791742243	17.9692656130828	20.706173325062	11.5156827415852	19.4590498882947	28.0953065057471	12.4197014750542	8.93697915781711	13.7169887435897	15.5701816969697	10.5122278396947	32.1345951269316	18.2270604383057	8.82261194213529	29.7637861761194	28.7840384006908	9.9413856611418	16.6458775910543	18.552423858156	12.161004718894	14.3552793908046	18.445192489533	25.6405395451264	15.3325154610975	12.9677748985507	30.9038337923977	27.0047017777778	20.2623374156863	14.8010642108759
Glycosphingolipid biosynthesis - globo and isoglobo series	18.1591981577965	16.7478582771153	12.6197037672316	22.3082064237288	20.6791791915423	16.2954345335263	16.8148596536797	4.30478736279926	5.30913454649499	5.33693809111111	11.5294683417569	11.3818154010025	5.76604772592593	6.57787771251549	4.0779603869281	5.91219033463035	5.70771174035088	4.52567980577428	5.50858436601307	4.94821763934426	16.3751743268482	17.7299360277778	20.5389442898551	13.0702642322991	13.6906285052192	14.3518311066998	10.9219063756786	13.5362724242424	19.3090312873563	11.0821289240781	8.72580493067847	11.3684492692308	12.7597398787879	7.20775883969466	24.4551332869757	22.0888892375691	6.04802831621842	18.8583270139303	15.5038527979275	6.3073939281768	12.8262802875399	14.6669759456265	9.0638247844342	10.440885137931	15.4369349146538	15.9901499157641	14.3178958427518	7.34325425925926	24.1000730838207	19.3453417734205	17.0646579254902	13.0675852004981
Glycosphingolipid biosynthesis - lacto and neolacto series	9.43950986253761	9.72606306770143	7.51266907972379	10.5968001569366	10.6861565657822	9.74334097014525	10.2615475998076	3.99690050542255	4.89897389127325	4.0872226382716	7.06390384944511	7.48368927457533	5.38177134567901	5.82878375189316	3.74745583297023	4.69210555555556	4.63581217673814	3.59845767716535	4.80194992737836	3.82316053025703	9.727549572705	12.568535632716	10.1536726731079	7.92993915053478	12.314098022114	7.97683500597372	18.045855681023	7.72426271010761	11.1840274968072	7.08562096810476	5.37705965175352	7.51003222578348	9.14941612794613	5.21510563330506	13.4037887012509	19.7013164211173	4.02774836231097	12.7334236804865	14.5412530857801	4.69650047575199	9.30924608803692	10.4815465300762	8.1614159816806	8.7473251665193	11.2687155770263	9.67091575879128	10.0442426208026	9.53301354446234	11.4182894574399	9.86302418300654	14.8258763420479	10.3671526147318
Glycosylphosphatidylinositol (GPI)-anchor biosynthesis	15.753674639235	13.535196508841	15.8124768872005	20.3132466656926	18.2062210254761	16.9653052203204	17.6321254814151	8.32311159458945	9.99286385230132	9.13885311724138	19.1617496726005	19.8690993946072	11.9911739246488	12.6927224868607	8.77404883975659	10.904886651013	10.2012195414398	8.43077811566658	12.6885631000676	8.98166319766346	16.9028358526768	19.2789371408046	21.8220791154423	14.5416093984034	16.1751547901519	14.5599755728587	16.1045925109514	14.1892278154773	21.0464642092747	9.12490886678136	6.62207100778151	12.3441471850133	16.8877294984326	8.522568342985	18.596865886047	16.8847264069347	7.77286946589664	22.1933093041688	20.4704987171699	8.78610065536293	19.5692224358268	20.1949128857911	19.355595420838	20.0021854280618	16.2449311677495	17.2790902688908	13.9848362196052	22.5714542711977	26.7966281468038	21.6938638359252	18.3753687119675	9.4395486340018
Glyoxylate and dicarboxylate metabolism	60.9833354822596	55.9301069505962	43.1285892237288	33.170981144774	37.2035499104478	38.9582981254221	39.5055881558442	25.3378375709024	36.3166520243205	28.2808181	39.2584565848375	40.6956950025063	40.6395862839506	44.002066070632	23.4455708457516	27.5649961880674	31.586702148538	25.817812019685	28.3797968856209	26.7051571056466	54.1381892049287	38.4079341527778	35.610079826087	35.0468212513922	36.9133281802366	40.5720874433416	34.8581211525516	43.3733297866904	39.6216942988506	40.424938757773	44.3203084247788	39.8129857820513	45.4119243636364	109.562859071247	41.9288262213024	34.1926933775322	69.5603639690301	65.6077189950249	44.442765611399	16.0079921473296	26.7665620031949	30.3709597742317	36.2965032585765	37.7530092820513	34.9910863623188	33.4832124620939	43.0679796863227	33.0519958961353	42.864415411306	35.6367593420479	41.3854878313725	22.6917014371108
GnRH secretion	19.0804536040354	16.2039998796848	15.0069690895127	19.9505033524232	22.8322385989972	20.8136177419501	19.1461024066558	20.0538015935773	24.8159489826985	22.52103161875	33.8503397715478	33.8271894331532	25.8153182563657	30.2600576707714	22.3613516556373	19.7548198887403	24.0713816732456	19.8366349194144	40.6088951409314	23.3408396943306	17.3685888399805	18.6286924023438	22.9881468070652	21.6629006749702	17.0753551996347	20.2937887724876	13.7607935250407	20.959641651348	22.7165453987069	8.68769634151302	6.1350018310979	48.4114355934495	55.7615407528409	6.12719014790076	22.348643865118	16.2283869388812	11.2090715479829	26.579646161847	21.8631420636334	7.37279386697169	163.601816660343	19.1966819913564	15.6453666664267	16.7335407878813	19.8773070946558	23.5017408918096	13.6747787722666	15.6868198962107	19.8489139766082	25.1873313970588	18.4964528979779	27.685384182363
GnRH signaling pathway	54.9628400295336	55.2316052770165	29.2731063352985	64.2340757060612	56.2087842545425	60.5894004453218	48.8986506775833	39.8881554678117	53.4164812782236	37.2983181050725	72.7056204571496	64.615202855917	54.2893114251208	69.02045997818	41.9389725924979	39.2712772195906	44.7468535030511	31.8568573040055	33.6448499733589	29.3637667652649	50.16208886652	56.8706318931159	55.3111900803403	53.7921370789665	42.2416178907597	49.4387234769123	38.7910075881603	47.004431959428	68.3391184257871	24.8917368867302	16.8896105300115	21.4078373651756	29.9769381422925	13.9576984089778	55.3612245189678	39.5360730969253	28.6939311735941	55.2958985171966	53.2977477038747	13.8368822817079	155.855651630435	41.6839730789393	90.1865037762973	100.18343772186	40.9949480187986	38.3367667917124	37.0328659486166	33.4889616359483	53.682093207793	56.7683718222506	55.991508797954	29.8779190033299
Graft-versus-host disease	217.975121869209	178.390327948718	107.8701726093	139.138093066058	162.92200343762	110.903059616312	123.460952947053	24.0077767757473	18.7274486156047	25.0801754504274	18.7500686087198	19.4727788384423	19.7659025555556	21.1152438528262	25.0301994801408	33.1757552449366	21.4415658659469	24.4653038946093	72.3070030165913	41.2661538307412	181.851419663274	136.069470277778	147.757771683389	86.4694079034331	134.471803235373	82.093614503404	76.5682157959576	77.6077367759038	146.021359345712	50.538008131153	36.684864874064	109.966518269231	110.44675960373	44.6422512106087	444.039149317371	90.0451324479388	25.0105173471883	172.469579207042	80.1438269456623	23.22146373424	87.5620535586139	112.019593014184	147.392632498326	148.712855145889	246.100821249845	496.754188852171	83.4200355068355	32.3782393695033	164.74674388439	165.145486671694	135.742980262443	644.549210196379
Growth hormone synthesis, secretion and action	43.1743461264671	57.2734395200417	26.8493877688752	57.8643188387729	49.0934481432712	61.5820337119518	40.178608985725	18.454411194466	22.4744551686589	18.2838861057851	34.0193366333502	32.7419917470329	23.7697369063361	26.8467171980706	18.0144942417761	27.6370390770814	20.2944044793388	16.4245812286068	21.8155253439475	16.7089070040193	41.6547684956748	38.5650088429752	41.11313189364	41.6551030408884	31.687093949516	36.9045861068843	28.1858064601448	35.3243035391347	64.167999031063	21.5685961888457	12.8703015499525	17.3880265734266	25.0915658677686	19.7646311756356	49.0737062009469	29.047779320579	20.4508982964901	47.4928306871839	50.8008914315077	14.4576166325739	687.555311839305	36.9647936009026	46.0796762729939	35.9910096055199	32.3322978153072	34.7336669764597	35.6240866207079	22.8373370635206	43.7262409209318	44.2587097963593	39.101334939718	35.7686810145837
HIF-1 signaling pathway	87.1400428165395	93.88761351062	61.2806823029078	132.643915131978	120.442296854717	110.625413801033	85.4793581186703	51.6095792513559	60.9244567889908	51.5480226562691	76.8366530033451	78.3844693340001	67.3217875008495	74.8212599979537	48.0795641737723	52.0391778988327	55.7159608256881	46.2765504735245	58.5761587272891	53.060609375846	78.7508757207368	85.6976671559633	80.3479688392501	69.9562123791903	62.3965075635403	73.1951168033328	85.7093316706512	76.0207015110631	85.526812919962	370.283656951979	55.6143739721523	75.6300603669725	95.601239324437	62.8075830670915	108.58069028252	66.7271276618176	153.351072785604	93.4907851196768	100.370610912678	63.4650647587308	59.9694583887798	74.5687673638493	79.5936491548641	82.7493593000024	76.7470453530116	79.9071026098765	52.346347160697	56.9067037375349	81.2385028134557	83.77250430653	89.9338847841338	87.5698784469935
Hedgehog signaling pathway	20.378654148714	20.6569249515255	15.0770042625578	22.5686585755008	20.7909568236092	22.0814112329957	21.7530048217237	12.5540954123556	15.1335181365587	11.9167818024242	27.1380302343288	26.8233563602187	17.1602795643098	18.97713339439	13.1149806745098	14.7097052147152	13.220617014992	10.4157682870437	20.442076026738	13.6215504341778	20.7108546016979	21.8729587272727	27.4995868853755	22.787327143849	17.5446412723477	21.3586499481164	16.4818060959431	21.2665514619997	28.8177667836991	15.845765866693	12.0526540148833	10.0670916608392	12.8795237355372	6.86308011519778	25.4009596559302	15.7762446589653	13.732592190709	28.5836398404342	26.5304464342911	6.26282969060773	21.189755832704	24.4446753623469	19.7807634210306	20.4146354680492	19.445470420729	27.6550668303249	14.722977944159	25.4639194426877	22.8834154494949	32.0588815424837	22.7995543272727	32.0045457613495
Hematopoietic cell lineage	50.0564683877675	41.5369432824602	22.5357719975537	39.6412739673248	42.1322454212187	38.3362038169693	30.5816543553354	6.79528936777354	5.14968413034821	7.06808083367698	6.48426415757937	6.4054709634912	5.17863862657503	5.45152177288928	7.47828576672731	8.25483245697782	5.95250248652559	5.74396542495332	20.2484894289468	9.36687072784632	40.0007001520318	27.0804532774914	25.1654944060959	25.8995953436016	28.3631939523922	22.0609435442941	29.0990948831391	23.7453320076447	29.1753967863491	11.7501440358253	8.06781048581334	24.7256584545995	28.1927465323336	11.3490060785394	88.4910501879224	29.8097034066184	6.86383087124745	46.1853849021388	15.9545283937824	14.0470702899129	16.0198017272158	24.5237441215179	23.3896738035061	24.846891719079	63.1813294870262	95.2216372109122	19.3773705597913	7.17282872130086	41.6530465093145	26.1498280176538	29.4798932929048	99.8077862145819
Hepatitis B	43.4745216552708	49.0631575563715	28.1720323577219	51.1008867971629	46.4660509923983	49.9025528452778	41.2238802903928	16.4274714048934	19.5531889329033	16.6547953921325	33.3237253929637	30.656601859151	20.9427402627099	24.3282928044979	16.9312169053708	18.3960247603741	18.3295568865642	14.4476032691837	20.2966946200219	16.159026548213	41.9608663047103	40.9831992080745	42.1686422117202	40.2361315232956	33.0655606145049	36.4282951776274	33.8309095509539	35.7931276067581	55.7313081494967	19.5161711793158	12.4847352041994	18.9131945216197	25.5264481027668	18.2517449717889	52.4586818506026	29.7058841649223	20.5396878089265	49.2825198303513	46.3434166034821	13.1659906779108	32.3108505520608	37.5691124791859	46.528542848556	39.2849715021336	35.7163361550695	43.5639835686257	30.3388708018069	26.310171494884	40.5961895622208	45.2517841769171	41.9054059265619	45.116050403456
Hepatitis C	41.1069679873768	45.3020886826036	32.4742379405679	41.5779069065045	39.2764362965206	41.5211560246772	35.9251773781413	23.7214553924805	27.3394622610222	21.3066332709957	34.012414657743	30.8431451357289	26.8650137243867	34.6025238439627	22.7084609526356	25.0673095783011	23.533675125769	19.087626192351	27.3595432687166	22.5814237658789	39.4788770332003	39.0371957765152	40.4606303557312	33.6675442294579	33.28404337581	32.6950611430505	35.7914267343162	32.5559047928097	46.0910773354232	17.922883841874	12.8766172500287	21.1040467757243	26.868801227863	18.3752062146823	51.6032867464737	29.7225379593887	18.8936884867272	47.1460390283	41.1678559272593	12.5154959047858	29.3954705537115	34.4592140024869	39.2831997947214	38.6976365118502	34.299676252588	37.3185773285199	27.1498886910878	24.0510344111927	40.2990126673692	44.4825181177319	40.512480894194	26.0523354359464
Hepatocellular carcinoma	58.9126308381556	58.5502011844454	43.517702100477	97.7902606347052	85.7523372189204	103.613543384317	64.9505438579983	22.1846861947927	24.7975666613554	23.2994338383234	31.5468523813744	31.9648340216559	26.9955871461521	28.9714146310353	22.0053034507456	23.3749873699294	25.4642027383128	20.6037242081192	30.5372150915815	22.6238260672098	54.7210480928027	65.6647575998004	66.9030593152825	75.8542004863304	54.7062371958796	68.7343911155852	68.903263534592	72.1569620158613	74.8966665207516	25.6894937873927	14.7290204135976	30.4503770773837	40.049211066957	25.3010521650592	73.4139714985922	40.7834494796043	21.0312137101591	62.5539745774421	68.4051104920729	18.806815579118	40.7191359952938	52.9999112188389	52.5118793755346	53.875769576391	50.0128387584252	58.7915966389243	46.7932490539805	34.0205980293037	58.5181081510663	81.4380568705726	68.8306807030645	53.1645814619578
Herpes simplex virus 1 infection	114.073274891753	108.875713420148	70.1910147231638	93.2741727548358	100.02303035374	83.8756926110525	81.6554817785604	19.6435957926772	18.3829953068548	21.0361224822975	29.8765472873198	30.2075624858757	20.2812680527307	22.2049992352929	20.4261080022156	25.0775846993779	19.5075643679255	19.3920587799724	45.0923587875263	28.0928917544997	100.294415549364	82.2341149411488	90.1603265954311	66.3812431260871	76.8694954822311	62.123688842579	56.8630083736359	60.820461211517	99.3180729612313	35.2922773758839	23.6787917974101	58.0673713602781	61.9204224345146	48.2275464822961	195.157492954129	62.244974818179	23.4276384573785	104.397151557889	78.0294010787155	21.7207155957175	62.53719029476	76.9033602566414	77.3227773429839	77.6531614174497	122.148228391332	210.639282151584	55.7531477130443	37.7804171473021	107.129498563122	97.0702282419408	84.151907519774	213.369082157798
Hippo signaling pathway	61.6044500632945	60.8779353347093	33.7734531012603	121.881685519339	98.095657318695	119.777679182901	68.6567357309357	30.8695993596827	35.3088781286453	28.5479490773504	39.4576049377488	36.7899616813669	35.4456190527066	43.6916960418454	30.4109960769231	31.486876137384	31.7230040472335	25.382190202655	38.5638133380468	29.4535459051422	56.2429648091889	63.581680713141	69.960177789855	81.4449264488097	59.4274833501954	74.9886967185213	61.5314636323394	80.8921629252937	78.6428545689655	27.9367114476612	16.1121985330157	28.728569160503	38.1879309149184	18.9798039665297	78.5814944160723	41.522813238419	20.0193016051501	66.9087033149636	64.1428396811479	17.6420976466213	37.7103731090768	55.9755936886252	49.8198401327347	51.8373989601612	51.4396203657253	56.5392556046932	47.3384204192654	31.0812537146971	59.6824121367521	89.9435063650075	66.9223912895928	50.9242777376505
Hippo signaling pathway - multiple species	27.5699233493397	24.4361754733512	10.9261432336562	36.144556970339	32.118724505597	36.9185730721522	30.7295053896104	10.9168585122336	11.7439855640711	9.6053959297619	18.2426609502321	18.395843306928	13.6972740674603	15.5880988927244	11.0756682436975	11.1778982740411	9.32206389724311	8.97290347019123	25.3106231845238	14.4218341354411	26.2213681642579	29.3064236904762	37.1036565372671	33.59616867627	22.3424040150611	30.943131338178	18.9662197574453	31.8161676285969	35.3755590147783	12.1749994205144	8.34418106431732	15.7436609684066	18.5731571103896	6.298904728735	33.0500369057474	19.731788301105	12.5632092149843	35.7864453219616	30.5308639748335	8.34725564325178	14.7474783900046	26.789111550152	21.7448761389072	24.0422431015536	20.7684972463768	22.7836862184116	18.7061616286416	20.4682404485852	33.7224268859649	43.5565329528478	29.5077728697479	17.9113673701299
Histidine metabolism	29.0603896778712	25.7462823563574	28.5670346302003	33.2997176242296	29.7343562584803	38.3183069556637	30.2896285182999	19.6032211551984	16.5673702341007	21.6337304333333	10.6399389858878	11.364458773069	18.9223865892256	19.3566301318013	21.1999631461676	28.7593585815352	19.4959181658692	20.7431055225483	44.9380891488413	29.1600530501739	26.241017819243	23.1581084848485	22.243533972332	24.1687147439792	24.7142748624027	27.4182412711482	47.1953148386142	30.7562699821747	33.6916414420063	9.90492099092881	8.7280847928399	24.6856501617133	21.9956516942149	55.3159948507981	29.0526034045756	23.6739859844299	13.6808909190931	23.588437421981	30.0377521997174	6.10153714590658	13.2610214086552	24.9917619261767	31.70832859447	32.4902351772366	32.9116576943347	13.2205100754841	24.1369666584767	13.8528639635485	24.5839104744817	30.8945775519905	24.2794462754011	8.0137612758972
Homologous recombination	15.8580727857484	14.0500699621889	21.7277281281521	19.0240121424142	18.4085483354569	20.0083216543715	17.6889061799176	7.4909780689934	8.47441616350885	7.56413073739837	14.7508160561768	14.3339341931047	9.47378963233966	10.4849209574757	7.1750059713056	8.68395898168359	8.4948764775353	6.84546340407144	9.4522881252989	7.84592638411302	15.9204791325804	19.4129742276423	21.8915500742312	16.2162019413237	14.6016696384745	16.4316847993706	15.7416030809565	16.3130817503587	20.9653807989907	9.27352909898947	6.79411892995899	10.4765338789869	14.084354767184	8.79110561161795	17.0418068938782	13.1234989071554	11.5046258661816	20.8652747397161	21.4072431997978	6.62228019134888	15.4511747424608	17.3311002326587	14.8793564939493	15.3367238772077	16.4712492918581	20.232586162719	12.1126476215018	27.9755712071403	18.3198547546712	23.0310161995855	18.3540982625538	10.5703379561401
Hormone signaling	26.6291905608023	22.6574434085616	15.6465157278806	26.3772820407985	21.8778394349925	23.3306693394761	16.2258380733945	13.4936499508338	16.3256576995314	14.6559564602446	17.4600926285894	17.4518779209492	16.5044816678559	18.821814281914	11.9286281471488	50.6217322325349	17.1709289217769	13.5908532888463	13.7672867154614	10.895043710583	22.518127262164	19.4337283390673	24.7497630474671	17.7637629482604	15.9211549376568	17.5955907015048	11.4434033405552	17.0257864987163	21.9226306184752	182.420686593962	12.3220042468742	10.3461534227241	13.2069640533778	13.8410744716017	22.7146105926849	12.9064492072583	8.36338858779525	20.8134435453923	20.6207796786614	25.893930510923	925.26804239983	15.946750797547	12.773569953917	14.1735621869905	20.1477635378717	16.9916157892558	14.4483818709285	11.846276816691	23.2112909536456	26.6313061986568	17.6349208664328	17.0472596986644
Human T-cell leukemia virus 1 infection	104.381653325031	108.145835316704	59.5579025774983	97.6432743026689	96.8192701389546	88.1023065914047	79.290578063701	22.6280121764456	24.2128444134154	24.7587334208145	37.6703872105788	34.8677406028646	26.0904540782638	30.0758720420865	23.1438632536598	27.3533536651584	24.7659849587997	22.5626826565005	39.3151409304853	27.7958839893183	94.5749980864306	82.0144106089744	82.9358788628763	71.1863808982818	74.198650832617	65.5549275296139	61.2036816151783	62.7196830467572	104.766618837572	39.2010571887791	26.8137999780763	50.9792327027497	59.0317830481283	33.4266138121308	165.918836738935	59.7160021771956	30.8436418116142	99.2031013986628	76.1534711490399	23.2180803109922	59.1506138535267	71.1746481229742	90.5893008458272	81.9510211824718	99.1277295317726	159.557012155284	59.6098197052709	39.4404373833257	96.6193077695086	90.7849714562446	85.3521122419484	188.953273001583
Human cytomegalovirus infection	82.6144056294465	79.3168398031086	49.5737184445778	78.2027845878019	76.6789566368379	73.8811554105247	63.1185039535685	29.797649963575	35.5785009884538	32.4390428654867	46.6299132158717	43.283034493812	35.9710473080957	44.4797325333092	30.5491655714038	32.7103147324472	34.8795519248564	29.1227015770678	39.1670722707357	30.1703321304222	73.7139698935126	69.5645416537611	73.3060195036552	56.8169916902866	62.11523840865	53.6548466580294	48.5248118893949	52.6697085909327	73.3368564235581	30.9419036085463	21.4230757092372	40.8985384087815	45.757150925181	29.4727900602918	129.756991709693	51.7074519124334	25.8338803448406	74.6151883841632	61.0380879703334	17.7696751477778	53.7174704615624	61.294774262223	78.5436089659883	83.3028776014648	81.6863622335514	134.170544272867	44.557533079733	33.8222837858578	82.904916158464	80.821985207068	71.184835669443	171.648220914987
Human immunodeficiency virus 1 infection	81.7462230413198	79.6199128436948	52.6527904820562	76.5026043010464	75.7738100341602	69.8657374938002	63.3280911883422	31.3374808953908	37.6535518130529	34.4630784555556	49.8384561485399	45.9470675110311	38.3464027158755	47.1996461334799	32.0952613342539	32.9976708458011	36.9871102617577	31.0241400393701	40.4935254025131	31.3798534398009	74.6961329951042	70.3001550332551	71.1114672055522	55.8631482654879	63.7171881588207	52.3638345621454	50.1131632166506	50.5158508713481	81.5126034401813	30.0787400915544	20.7051086038057	42.2239930254605	46.5458504396073	28.2375058126366	130.655548670522	49.9558748891137	24.3443893030063	77.462268304814	66.8576416434357	16.4476324554509	52.2278541947532	60.393982720008	88.5389961676871	88.6225226773639	84.0894870635731	140.297177002424	46.1240687868406	37.9074984318795	80.3500354429207	78.465080126423	72.258265581055	183.934422271587
Human papillomavirus infection	65.5968048234702	57.7597043767016	35.6586587610221	89.3016675558144	80.3508005044641	79.8660481140341	58.7355756993761	19.6347575961009	22.6212346632003	19.7676497570997	35.5043279279505	34.0319470651705	25.0036561227481	28.53604003257	19.8900452767016	23.8050664326942	20.7851571716754	18.3007890243119	29.2474437668088	22.9201550953395	56.1391072134905	65.873239177996	77.2615416458689	58.2911322212288	48.1839572161288	53.7336791253664	38.5411743275239	53.2430777112515	64.7300442639858	27.0767330360244	18.6761235582039	39.0365982256565	46.0069853007416	29.3188663022071	88.3378300554211	38.373300194622	21.3029307197941	60.6930751293683	55.6998640624266	16.1071109513278	41.8280871747922	51.3817659494118	49.3984774453432	53.123106028192	53.0082783558825	76.7165331431937	35.873161310525	30.3355804182174	56.8408789646384	76.2093740864483	61.2629507659499	93.4304965146185
Huntington disease	1032.726671809	1124.43619998713	1502.88167042445	566.67585063235	759.500228944771	649.153295414473	1029.39349584458	1792.61065573506	1748.03388081433	1837.58567457307	1265.59975561754	1335.94081206595	1733.97771662915	1555.1068816369	1842.73377630274	1731.63842363566	1729.54930451729	1905.06418930673	1427.79832367679	1710.07313850127	1086.20100513739	583.650223262758	698.388646448095	1100.53085423538	1278.66799332744	1190.017146302	702.592938506668	1202.80976590749	724.552320283051	1743.79800818466	2087.96132160049	1811.4816123387	1441.81638591946	1432.76809652585	717.052292188828	804.84980888279	1371.95162751173	744.708631841752	557.092944244148	409.178054874656	770.364696956947	1089.72546573659	962.401354018373	888.891216146286	1166.5010769197	700.657043976175	1286.54000721734	924.518983037105	924.656261741385	682.701443855358	624.803733071278	184.723294404655
Hypertrophic cardiomyopathy	76.4484953886201	68.0089671185449	33.7580892223934	203.62542828775	185.124420092718	269.069692344867	207.81342780139	23.2447139020035	25.8843852343174	25.086768649495	30.5297007238449	31.7908252005013	29.0449330426487	31.2340458142766	23.773588123985	23.6429908627127	26.6777039415205	22.5584818070468	34.021865734799	24.3401942059944	63.5369147553355	81.4801006271044	108.351802683355	312.907985315446	150.158012953122	267.137811962804	73.8164537490541	327.133381317093	153.183466576106	306.114843758628	467.142222454188	29.684761517094	38.784297943067	19.5394483102012	92.8614797023212	55.0372920341537	478.270446815218	81.894004950098	75.8829284063432	17.9483213385234	34.8241956727014	125.410346808869	49.3681832112213	54.6619906067304	93.0249508959157	61.6637501429457	103.359355097908	28.7455198350656	57.5542807289267	184.854788830131	90.6713578437314	63.7361488327861
IL-17 signaling pathway	52.9116860327673	85.4922363259512	41.9562972786017	67.5974875591455	62.3523306883551	56.3159092960082	51.7171973633658	22.7942570850599	26.762016735515	25.1668587927083	43.7313696822353	37.2183003191573	28.3431686423611	33.4373069559325	23.0657792683824	29.6613580690661	26.3523747664474	20.9546669541503	31.1890195378881	26.3914125745674	55.1813203716764	360.893422825521	52.6949413722826	47.0631370952665	40.5510986747564	42.6309671900848	559.259726114448	38.5098382666741	86.9858230747126	32.0523752008767	18.4562623151733	28.0342475841346	34.8662917613636	28.4978034601622	119.794012403767	150.359033434622	27.9060319390536	60.0109346993159	78.1496106892271	19.9275134507366	51.967153531017	45.9149916903073	75.968573734799	57.3100669665948	40.6507858776167	154.683254451715	48.4947835554873	33.5828545687399	59.2064195714547	54.1156978090959	360.379730764093	618.490673397676
IgSF CAM signaling	55.4893740016675	50.5561033457351	32.1965418392381	109.494453865498	97.2850146846454	131.974373546409	86.3986337592842	33.3630974746392	36.5364384565146	30.4759267617614	50.5998534659455	49.1660103461413	38.9572742590115	45.9797713886437	36.0814540334448	39.3103116162825	33.2878679900252	29.129785676665	84.8679085294118	45.6469460515014	48.3694881164192	54.766979694816	64.5202992845718	113.287921219578	66.4991626409535	102.840394437621	52.2350343864456	117.382660836538	77.0894582850882	26.2554292404182	19.2497568267381	25.3832294002444	32.6911473396169	80.9273162212464	69.2094292688099	35.3561221567287	20.3274359743971	88.9395012215345	50.8642434342454	13.0974927439531	32.1101132840031	55.7100602899737	41.6573597928065	44.0765995111912	51.6609102165027	51.8883189779409	47.8994552560131	41.8133674676458	47.4209570328972	87.3271072476884	57.9810190948259	55.7278698347751
Inflammatory bowel disease	63.1151548606005	52.8977943901725	27.7974259634534	48.7087802697961	53.1609624778452	37.8228136991226	36.8886984476461	7.9268180179558	6.12120370909335	7.4675500109375	7.78803227493231	7.07252662770207	6.67944679861111	7.01663828822026	7.94825075980392	10.3800543318337	6.2569919747807	5.83705489419291	27.7941868328738	12.2972116547131	53.6272555420112	37.7047500130208	38.2250737228261	27.6264708864111	27.8262466698199	26.3686409611507	25.5203717302015	25.3523497022616	45.82233984375	15.0109919702413	8.86057054480088	25.5618230844351	29.3555056960227	12.7179952355677	113.073961917943	26.1498161213743	11.464043073235	63.7530194011194	26.8574608112047	8.67782257337707	23.2639328609225	32.011828657469	42.8312666066628	41.579691496187	63.218743888134	105.633027054941	24.5840472070792	12.7230619572766	40.6212710455501	37.3198340808824	37.5000088979779	78.7398983775685
Inflammatory mediator regulation of TRP channels	25.1649612566057	24.2389817063875	19.4037328607374	33.3039858029006	31.2113566048623	35.7165175102571	26.8490229455081	32.6159299817737	44.8341436564754	31.2848990931271	55.7192161892888	50.0959300616231	45.2250464536082	58.3504008645997	34.9432152173034	32.0004142087529	38.1277020763248	26.3347386500528	25.1314008934708	23.0671667432821	23.9432221001645	33.9946177878007	31.1964215598386	29.0993408766577	24.8102603430687	29.5016925036453	25.2035813297962	30.2392680820332	29.7690967365802	15.1891380434734	12.0848306573305	14.6349841782316	20.0619384536082	12.8717356559377	30.8914867675975	27.0158464430142	20.0133127075089	32.3627532195722	26.5795149105283	7.15456497266048	33.8783097118013	26.1343257819697	61.486782946775	72.5318891503733	26.631328707605	27.9147920841862	18.8743170974442	24.9743990938294	32.9795531354374	32.0233974678256	35.51852605943	23.232797522692
Influenza A	71.4422308545065	71.3266670441928	42.793274262014	90.9743012144815	88.8114715057068	95.3369029200647	67.8184146348357	21.1238464364641	23.5827937909619	22.4756340429412	30.7267164708006	30.5430356028306	25.9333647165577	28.6266016114148	21.378522805075	23.4696604888991	23.983322177709	19.9178540057897	36.8549257474048	23.8548013439409	63.3519206580453	64.1312957696078	67.7221992915601	79.4764240930787	64.4504591219452	72.5520584562838	62.544298706553	76.2575448679878	79.6452956774848	27.6820208999617	18.4906921552577	36.3095251397059	45.9155584385027	23.1989101443646	110.855297124172	46.6926060513487	20.3747117776499	73.7871663338894	65.9496954928376	1133.17189571872	42.5829489874084	57.8703623788068	53.6425617767236	55.409733678421	75.2569597405513	93.8998512575918	53.7901040121405	32.6703608650185	61.5644674307706	83.8526717362553	67.2417888249135	80.3993428260933
Inositol phosphate metabolism	23.5527787700208	21.6730977774866	20.5529266414602	28.7682425526945	27.7461857979334	28.6219318280827	28.0116342124542	17.1022584417056	21.4423951282051	18.1017030700855	37.9580524983801	39.8368319250048	25.836497359924	27.6399838594986	17.0516196023127	19.2617749770528	19.5324066711651	16.5203884968706	22.0017117420814	18.4084527721732	22.7783680604609	28.8160947970085	31.6916800334448	25.1539955241417	21.967925593919	26.5433508758033	25.0524980946713	26.6399560651767	31.0492404244032	14.4018659750264	10.7232322115385	20.3888051738166	26.5246238228438	10.683498354864	28.1731012315334	19.6436041096473	20.0035958925773	32.1249374739763	29.2315014368274	8.80976033432498	24.3984109596953	25.9311737302237	25.2285956022293	26.2036012949738	25.2387765452744	28.7310206336203	17.9079629389529	35.1959068490648	33.1825329550907	33.0497586785654	28.7314391259427	22.094583048025
Insulin resistance	45.3019647580143	50.7968681984668	29.4991741967985	41.5422071831842	39.6143829436153	42.9330777264566	38.20521998557	13.9842395441989	16.137602739628	15.8577664549383	29.7816918906271	30.3602869420078	18.8956104492455	19.8259491477351	13.8499394753086	15.4545797452803	15.8443887296946	13.9666210852289	18.0440391176471	15.2703792187816	42.3879180043954	37.1442561188272	37.6466484661836	36.1070385224962	31.0586120339442	37.300453712894	30.5808341752624	38.8764076048062	43.1956602043423	21.7582008234916	17.4495337192724	21.8874448557692	25.8773361952862	43.4887443384224	47.3062864108106	30.2077880622059	53.5619209305669	50.2917413565506	37.8667514973134	46.8037557149069	29.6040993696012	36.8257587086288	34.7039292224213	35.3879639855339	35.6697675344427	38.7978162765744	25.7767367060242	25.9250747457058	38.6124763845571	39.8748258635923	39.3925119738562	31.458152789078
Insulin secretion	24.2993818894535	23.2246228887524	20.2268454485613	34.3070380146334	30.4929705093717	34.974996551846	27.5812813938387	39.9761490851857	55.120143082643	33.9204610054264	68.5782899697759	62.5623718088827	59.791505749354	72.0213086725167	39.4010263643411	37.5620312306579	37.9364442647899	28.9720601226882	23.7084797281122	29.4692253933155	23.393231251018	26.410845247093	29.272281289181	31.5622295878892	25.986049346264	28.8153113944832	19.2007641674873	28.9352484216308	29.8246499558941	16.3273502850225	13.8292661314056	18.6197981540698	26.9784135095137	13.2085805454465	27.5165256637918	28.3983842502891	25.3074804450731	42.1186557870531	27.6910359085432	58.3871346823204	41.4869674793818	27.6215273787729	24.4968073620191	25.5240086462896	28.9762231766094	20.9008122857023	20.8129327344152	18.9957148441186	34.6499465670475	31.1241665230278	27.6679040820793	12.3754608220626
Insulin signaling pathway	60.5301273185917	60.6173708353747	36.5113601256959	58.4305763412409	56.0911506433163	62.0858053720938	56.7314609365817	33.3062206206396	41.1610645208483	32.6513108445256	57.0532112717068	52.0314255589704	42.0731150424439	51.9107016240198	32.7298326629455	33.4712854446306	38.5154762807018	28.2876236993505	34.7582942865321	29.4953544585378	58.0770425874066	57.0284644403893	57.987378076801	55.1985131717854	44.1696490587142	53.991758513702	48.4398372725219	56.0434605904472	59.2485713365215	26.7945890320946	21.182404449002	28.4743504274284	35.9249648706039	30.4012425617095	54.1045681791705	42.2907027225068	66.1942786482073	56.5547448176272	64.942421880413	48.3478460975118	43.4822722098365	52.4541622216183	72.4748932678529	79.8035447943813	44.2365208678021	48.731180479591	37.1028106935203	39.0312262606227	49.7169882859521	60.5872339835886	58.3638383443538	43.5855810198071
Integrated stress response (ISR) signaling pathway	102.799447180834	113.704217786004	124.438209369622	131.214442013934	120.367783390499	127.970325372092	110.802335866633	53.2523661187845	64.8465249942225	60.0730523884615	99.368603479589	85.9361492235396	67.0044060925926	81.6604283414355	53.4607461855204	71.984581816073	64.8022549116059	52.3613940604179	76.8766650414781	66.7565739281211	104.988194363589	117.731958237179	114.473697265886	98.3759993505599	81.4050660683315	91.7573981804734	86.760928122651	90.6873762895928	118.806817380637	74.6167152452862	54.8958799263955	69.4734825314349	93.5391681468531	83.3882249082502	125.895311171676	81.8463375478113	93.6375475672372	122.139607777268	165.222365129534	53.383323507756	113.049155527157	96.4845746481178	91.7044073065107	86.7572449431239	75.9747408296172	88.6492878561511	82.251160959176	82.3712527238945	117.664972530083	114.103655160885	119.294663090498	78.7397737632915
Integrin signaling	105.765279684137	98.5680995161616	40.3780942261374	227.141820957293	193.929730963276	226.538639383521	132.543273769651	18.5862146765048	19.2603684473119	19.9760024135965	24.3564135412312	25.3793713558567	21.6442249505361	23.2526678741929	20.3282912840557	20.7417461637313	20.1367381038781	18.2119229501658	41.2362054492389	25.0467076103681	85.1649741204178	109.897906614583	144.019223363844	165.078257504396	96.6033827634326	147.933770660507	60.450067456819	153.850521012994	137.859405181488	41.8013464452278	23.7912007887459	50.1560736013411	61.8117122009569	187.756647480414	120.603887730263	50.61298686246	18.1359135779662	99.1334613898272	102.674296805972	19.7057256815208	39.0839590505717	86.1311434047219	56.8683830679521	65.8684276030469	75.586530326087	71.5242440278833	71.1437704097698	28.0039491094584	73.7340852426708	168.075683122635	101.904001827786	70.6000157253228
Intestinal immune network for IgA production	63.720213450146	48.9236171771358	30.6364875073927	47.1522795239812	55.8317773872658	31.392378813314	30.312522091738	6.69390019395792	4.37035233859921	6.44054410567376	4.36011656732468	3.8098856718925	4.20898480693459	4.490487699913	6.58325893032958	9.69688126003808	5.01970867263904	4.658995618194	31.4379123195661	11.7022822195094	50.5976774439109	32.209086498227	38.8611707400555	25.3967521962119	55.421372686892	20.9846076400401	18.0811938183519	20.7705759468275	37.2471547835657	12.0636039834772	7.42510095744681	29.8808505482815	31.5334222630561	9.06726080802339	126.415045307172	68.6840771012108	6.02019662383603	64.8581581101937	14.9957319435564	7.00904502997532	22.6429302895792	27.1272099200241	25.9253496316632	27.5453997691743	91.0504403196629	133.683240355634	23.2337544142402	7.58220298643232	38.9542762252706	33.3954185328883	29.7014881088861	77.2822208444397
JAK-STAT signaling pathway	33.4282945456147	37.4856021960848	16.7941537003958	35.6914106812646	31.1882325636786	33.6110193084742	24.4041543790341	19.2458782644655	15.3473968196654	18.2289783850299	17.0632515145161	18.4047853095313	17.6511137804391	16.605846806313	21.5361117743337	30.5543026319346	14.6559681008509	13.9372638669904	82.0381622531408	34.0500407588103	28.3881477941005	24.8471466991018	25.9745480890393	23.8759774725966	18.3545817131499	25.5417263915841	18.8438927582945	25.2844185795254	31.4431273466859	11.7447786718537	8.83368774005087	11.1460085139337	13.7937849863909	12.2185742905791	39.6472522675179	16.3225984209482	23.5917749194764	29.8276092525695	25.0290850330427	7.53616874102623	873.251867729525	21.3908133199558	22.5044834895187	22.810248218682	22.4518494966589	32.4561941676214	17.1905710771087	13.0879397185339	25.0266825707357	27.6449751418731	25.8317914755196	49.5133132301027
Kaposi sarcoma-associated herpesvirus infection	94.8786408255364	106.043346641142	55.5782588972567	90.235072032697	90.0714377865825	87.8712611938473	80.1684760965323	35.1714165606311	40.3367854477678	37.192634185567	55.2733003898545	49.7128445339509	40.5910377676594	49.8443172249262	35.3617619464322	37.417299988367	40.5114898158799	33.3862859268204	46.006795007833	36.2573512438736	91.6973157204461	89.7756151696735	87.7992933325863	70.4620221786039	69.4618804383058	66.7513041040137	61.9395966935592	63.2368668088098	107.789556880555	37.8527232778362	24.112862093673	46.1825847992665	54.9701365229616	42.3825792498229	143.209138687957	57.6302065478157	34.1338287332065	91.4445206316357	94.0921844794616	23.8210469257276	60.8066443196864	70.3270551429407	107.583978238396	104.812430205365	84.2387069263908	133.947792731401	56.4674409296082	41.2059135034115	89.3196563304094	94.7072173327269	91.1491235867192	171.72433081184
Legionellosis	118.010545962635	152.664714380932	106.801217318402	129.082263818478	130.837521760394	116.069146410999	128.941769081633	45.6424264206788	49.6170027605763	47.724620675	101.159011809567	88.8833345273899	55.9975475033069	62.4518553876792	43.5122387142857	54.8694821060311	52.5340228615288	41.0346850667885	67.9230536370798	53.7769670716237	119.561746645359	138.683007641369	146.668110054348	114.196316909308	100.037870047718	109.246050904378	108.940038478362	107.432666260504	152.22810601601	74.1366413615587	52.3031030771966	76.0832507348901	95.0148567694805	95.650063507361	163.964749907167	102.654184553078	120.98658280475	115.037491448294	203.629282311251	68.790291769929	101.452391697855	114.545956401342	127.253505843208	124.619386900104	103.042707738958	128.864794877514	90.8866942242892	65.2513254654072	120.308815103645	147.296310394491	140.06993544958	135.265485825698
Leishmaniasis	99.4025608274661	109.878714739629	57.5685277031608	93.7184569460032	99.1219962590762	80.3031261904017	80.0216922744823	28.4257187076303	27.9709454210648	26.5656565337838	41.0400704917553	37.7433121601301	30.4178013543544	32.9408635753039	27.3840042538421	31.7525317672731	27.4112442897108	22.653876666844	66.7158837559619	34.8130830911239	90.6951770191398	73.9538118186937	79.7824974853114	64.0577388718313	57.5543980104948	60.4419289343438	48.1562532676732	58.525630375536	112.295668821062	39.2873422278244	24.1391099405047	42.1335618503118	51.1665122481572	49.0250576444192	149.848200858914	55.4369435374048	50.458234896088	101.962420119403	101.998399553984	27.3660816339406	53.5881622528279	60.9889759243818	84.21108713746	69.4173787726719	89.5569379971276	140.259011816275	52.4538230207849	26.71659104387	75.3471697842579	79.2885420703056	72.021852081876	153.574550557033
Leukocyte transendothelial migration	104.672202769669	92.6495609145521	50.7864687900684	183.513020252379	169.322136183883	224.613754549978	127.544874658236	28.2155293079384	31.4374900082825	28.9398573856725	32.1327171163468	33.1469311983907	35.1201957462638	38.0523949171721	30.5265388844169	28.4447566810021	30.8749905395506	26.2483717177787	47.3343881699346	30.6113371182053	89.7242343714588	95.2621331396199	109.141688627002	168.790286129464	110.448934321503	152.59527053241	85.2330643323904	168.305288188073	125.217916627344	116.243225396164	122.360549096414	43.2783743429487	56.3121121610845	23.0650172790277	130.66627131303	62.7685820243288	139.39833324733	101.104989718382	85.6456702863376	22.9689210511777	43.0078548139118	88.8056309537141	69.7290115079365	76.9826434481595	94.0698652788372	101.685031478878	79.8931818636579	37.9528041357318	82.1671901590233	145.693276486068	97.5939583498452	140.875512186319
Linoleic acid metabolism	45.4265339331595	47.9612910333079	5.22882092811222	20.7334883985973	83.6387502509007	25.9807053505664	51.3445108687864	5.40609564107449	4.31543285777712	5.2505154954023	12.1564654201419	14.256407797511	5.2903616807152	5.57355889501346	6.26913402163624	6.32711806789212	5.38880146279492	5.39042630057019	14.4140259736308	8.52824474656114	20.8422154957735	11.643230158046	8.757412023988	21.1317803258991	20.5492359160608	27.4502181013091	14.4114956188925	24.5987923209785	23.8851505350773	63.7147189550453	11.2259722490082	5.40734913129973	6.61203115987461	209.900551481969	14.7833207958438	18.2080409182701	6.45723426186662	55.379488483788	36.1749433482223	654.794529438941	8.65745916382065	29.4872311066275	24.963975397002	25.3249253745541	67.1706417724471	5.75278328768829	12.1535641625011	10.8196391212727	18.8764177717282	7.87066328600406	20.108226841785	3.30973355734959
Lipid and atherosclerosis	49.042176016481	61.8309503068817	41.8952537871502	60.884937921758	57.6230000298507	53.300706756302	46.774935923286	28.769651055891	36.2167409282363	30.9212343234109	54.9751877716397	46.4838924978143	37.5780298206718	47.2299042171695	30.9158280627451	32.1556527943173	33.875466446022	26.1751386843069	36.0836324076607	29.4684847558775	49.8735875263777	48.2753186666667	47.3231923195147	46.3806236852972	40.3050573632082	41.6966205983034	40.9372509987122	41.3978647278531	59.7011853344026	28.0324070291076	18.9957410703849	28.561260200805	35.865305141649	88.1303757947807	79.8732286332974	43.0890871442888	32.1021971515892	53.9835900355432	58.8647363638993	21.9349378283438	44.3273450069099	42.7669131677387	62.6397314153538	61.6270214604281	51.869988273003	60.0363472314667	38.3646085596252	37.2612326137513	53.9224279643003	50.1609486800426	51.2162409983584	67.600965861334
Lipoic acid metabolism	27.3040379087424	25.0532067345109	32.5261328010705	26.2455457459857	26.4126717812255	29.5345932104501	29.6171193574846	13.052546013376	16.6244407815677	15.9775823210526	28.9225047539426	29.7397474119509	19.5780035945419	20.8562704069654	12.444328245614	15.7119395515052	16.7100186371191	14.3516632552839	15.2641417647059	15.14135081392	26.3574086821626	27.7298037719298	30.6016581464531	29.6906680165808	26.9778105362048	29.9482643241478	26.0927043871078	32.6572407364668	30.7370850272232	28.301404542756	37.0181843258034	29.0757000759109	34.2446102392344	25.4863268842909	25.279956124085	22.826765963943	43.9977222809162	31.5744211500393	27.8341436487592	10.1327817199767	27.0440490499411	25.0652801885032	24.8527735524295	25.650701703197	25.0404716196288	23.7268226524796	24.7680155541187	32.8179173569794	35.65991216759	30.8636054385965	27.2162225232198	10.3534181654323
Long-term depression	26.2220167851208	24.1940096613057	20.9041764458489	32.5118425244183	29.000932161017	32.02278526086	25.29275914814	25.3081354855324	30.9524111071507	23.5102683875706	46.8436541865019	47.4024002727157	30.8890449064658	37.2602456581186	24.7590430295779	31.0214913895667	27.3567183812073	20.3008135239557	25.4916953531073	20.9236582800778	24.253076554112	29.6194012782486	31.2081623065586	27.1795058063994	22.4364376069495	25.7650572103293	22.5692837787777	25.3582584658147	31.060427030976	14.516371206662	10.9811950944953	13.9639353161669	19.2232745762712	9.73547057187217	32.5893947365024	25.2773823026501	24.176740142348	32.0933264745763	30.0046560920348	7.9499864369323	41.4485539075107	26.0183624107465	27.9564409294697	28.7348838668345	24.9275341333006	27.3244230288197	17.8569994619581	21.5027073528208	38.1943043760531	33.1480771042428	30.072149329013	27.6188682347975
Long-term potentiation	41.3714686642418	36.650045322027	27.6298399595244	53.1152932503795	49.2469978335932	59.2628763725511	42.3808449021128	51.183801509854	70.0416286407021	53.8965446706468	89.0256767606013	78.5035444388957	70.2162531265893	91.8670815036343	56.2699233842552	44.6450415854579	64.6056243671118	45.3587676560113	39.8006936062335	35.6724026270288	37.4230708307683	43.3465255161692	42.2973408825438	51.9920168111709	39.7868913146169	46.3124972749157	36.1336958719432	48.4002497829037	44.3316384920226	20.3910131304432	16.3058656102232	20.738657412457	27.9704249525102	13.7580223852113	43.6064932900069	33.7953446021275	35.1046577593694	49.4982913176654	39.5891172113526	12.2429479347736	34.1340382132469	38.3513333862602	84.8070781009698	101.018720695594	38.8855365873531	39.9318921698367	30.5309885793392	39.03740460199	39.358791930261	47.1461584342991	46.2489410395083	29.919899091095
Longevity regulating pathway	47.443918484405	43.6637357307199	25.9045906429252	37.6327715494668	37.9300205911454	41.1423180544399	35.9814281788998	14.2732662511639	17.2534745681632	16.2423390985019	35.7491122443516	34.7733480573625	19.8019245892634	22.0880192222547	14.2965659277374	16.0302761710313	17.4053113475261	14.3140694320092	19.0656906769112	14.7559612457788	42.9924762095047	33.7201331601124	39.5354050757206	35.9355698680647	27.7932956731017	34.3966503733237	25.5443174521465	34.990337990146	38.5736374118559	16.7724191664432	12.7456766871333	18.136451755618	23.6273206843718	22.7811040140664	37.2673262705558	29.5460658215904	33.3335645592154	42.1410196085863	38.9111795231996	57.4513469405301	28.250193106939	35.2443481472627	29.0381355380659	31.127099494233	28.4553962812788	31.8586173625928	26.1284303806973	27.1067416848505	36.2695718716736	41.8919149665859	33.3479799167217	25.7798997822771
Longevity regulating pathway - multiple species	49.1489978201773	53.1358435093697	40.0217814476243	63.6107609301195	58.5484654294103	53.7325670221347	43.5467125356611	26.2553184448872	30.2695998044044	30.7418384262295	61.4042747765876	52.4450140583015	33.8111635027322	39.5082462709489	28.8801429270331	33.3791597435734	30.2496801978717	27.1765883232219	54.4898390019286	37.5902862080086	43.0328758018116	45.5365122131148	47.9630988382038	45.9989157177511	38.0652298080016	46.2720480437701	35.1188074451327	47.2606780082406	48.0283031147541	50.5167260833541	50.4014999847672	40.0624222399117	47.9565661102832	32.8838856732574	62.4244875127565	32.8179899293542	67.6866073758467	58.9537942297529	56.4641986188737	81.7120971687347	41.9775029555334	41.6498993837926	32.2025848369469	32.5015426533896	34.3759255745624	43.6050361632242	37.0990209521892	34.9875303543993	51.4096730193654	52.525622407586	49.2786830202507	43.0553462746259
Lysine degradation	31.4597831361433	29.4846377612828	26.9392147979553	33.623292996368	30.6067759511964	34.8649874304551	30.8737247804576	13.3189466008945	14.2104462395259	14.1129065534392	23.3234296905621	23.8708058712257	16.0358576431511	16.6787878804508	11.890858800498	13.3391392761411	14.2403292793094	12.5917637751531	16.8195120385932	14.2208168184578	29.3312221601507	28.500152228836	33.0125125465838	28.7530822835928	25.3584647907347	29.3832865039978	23.8249971777571	30.2154672670684	33.1940377120963	16.924819935957	19.4353037687878	26.3237112637363	28.3941065367965	38.0223906131104	27.3972693204037	21.7453599815838	27.094034713199	34.1877691104004	33.6099190344601	9.80329741164606	22.1073443506263	26.7213356298548	25.6577096423085	26.1952380388194	25.7491575431332	23.3099976058679	21.5259450781951	27.3951558009355	31.1399744474612	35.1378274779541	27.1445112194211	11.0507104425863
Lysosome	52.4813220565736	46.6591884402345	51.0811436295691	63.2337614816044	55.7495319546844	51.6144153740868	47.128009105513	26.1527611830748	32.186034738094	27.5493945643909	49.2144670465255	47.0405386671498	35.2068157713818	41.3176046977501	26.9182832497047	31.6594305605301	30.8017570465722	24.9318393019321	38.6586170840224	29.4378062826168	46.4050301197787	53.8778103698126	57.8676895966475	41.1722352228964	38.7428925323842	40.4624615497225	37.5194349084939	38.7506109357215	51.6985082772469	26.7301424462274	19.4421567158901	37.5660768883225	41.4867373713034	21.2965396236856	70.892333497234	43.1832284434977	26.3685963466089	56.1339909768027	49.4416021539006	16.8746360126695	47.7974829740688	43.7366991477969	43.0764221249977	46.6962477133468	42.2160649552801	64.5483484660664	35.3750756684724	39.3145190301302	58.2775735070692	55.2815968769194	49.8002945017718	61.54882671718
MAPK signaling pathway	47.3133490639667	55.010034006142	29.472876935888	90.2344427608979	74.3610012974842	85.6541696482728	55.0777945263432	22.3587589626564	25.1436873587208	22.7167795987737	41.1057959004141	39.2603347632459	27.2009105378422	30.3312416603051	21.474135747131	24.0475568383587	24.0306495773045	19.8950804765228	34.2919003524821	23.6278052700258	44.2891186456802	54.2711982720178	48.8711136920169	59.4114661322148	39.0032688826359	55.3890262317734	50.9392509819376	56.1692897921175	66.6761744147157	28.8083464557926	19.460010189274	23.7267524041677	30.6810592550927	19.4886163242615	62.0355932155751	30.017219981707	32.2305726684302	54.0052935409075	53.2828915091757	26.8834152096306	36.6447791587507	46.1984749822102	52.5765694002538	46.3273458627343	33.8718334952256	40.0212504611038	35.544746975997	23.5549481954341	47.8312464042911	64.2180619817693	60.6047270123943	44.8975125606734
Malaria	72.4942424929972	100.277466212606	18.7350882481356	77.6900692101695	76.5125477865672	65.5649586836469	42.6606292831169	15.7471537082873	12.5625103802575	16.08370194	16.2817678960289	19.1705188849624	14.2144975792593	13.6233214334572	14.5405936533333	17.6736260848249	14.9960983340351	15.5579162629921	25.1608568911765	24.8202310666667	61.9052950766537	55.1885555	47.8477031043478	43.5081002396181	33.2025752922756	49.4384679066997	36.1528958504886	40.7565365297683	70.5511058137931	37.8633758802603	25.7712917314159	43.2040406788462	54.3609129090909	32.4767260022901	163.430677839073	30.4601388375691	11.6015276432763	61.7915002343284	38.8772058715026	8.77784947127072	34.8862484408946	38.6096577560284	38.8508970227343	40.7136230506631	31.4226813652174	199.22098059639	27.0611105341523	16.4479133125604	63.4223475447368	60.6986864627451	61.0657621058823	6858.0937717213
Mannose type O-glycan biosynthesis	11.8304212130069	12.1327454151544	11.2741338393515	14.3462101344878	14.3272490330954	14.0319205159504	14.4094263805759	15.7839318880615	20.7875510113827	15.9384884188406	25.3617964322712	26.9174038787185	25.5506970805153	26.9018870890577	17.002895599318	22.6799264219252	19.21410068955	14.0641558130777	17.0654889407502	13.2076909313376	12.8657222153612	15.5141751086957	19.112837637051	13.5498704690256	10.6481560479259	13.2516042755421	10.542158590143	12.6859252235914	20.9577293253373	9.23037313118929	7.15306462774144	8.92369138795987	12.3915764031621	6.74147002323266	14.9172141880219	14.0046281239491	9.2977692117572	19.7455456099935	23.3868085447173	7.12946131275522	22.0563957341297	17.5401520551958	11.9116191384492	12.2309855939338	10.5188783301827	12.4419008491603	12.7492722508279	19.3420137219072	20.4641234159675	21.0275229383348	15.0991256930946	5.60894121555038
Maturity onset diabetes of the young	6.16530457013575	4.52457427008256	2.98606838461538	5.68456514504563	4.03537372416762	6.82218881331404	6.24462860639361	1.51728230344241	1.47445028392209	1.30981617179487	7.05683193001944	6.13698163389242	1.55784163105413	1.4630349042036	1.74501461840121	1.89349210416043	1.27922864777328	1.19989731677771	3.12099115573152	1.81472456704498	8.04367463184675	10.908365176282	3.88578132107023	2.88077849550211	6.7693400907339	6.53581083603741	8.38258294600351	7.00432889345948	4.09390952254642	2.82037282412815	1.03035366746086	8.47201589127219	12.655958041958	17.1631534204345	6.55347529100866	6.7235864322142	2.907668576735	4.57501896440873	2.5507293284177	167.297787029324	5.98341360776604	9.90954953218767	13.1122792331325	12.8020124321567	8.84315643812709	4.59770477228548	7.47138243432243	3.25097299331104	16.4931898301844	3.20723580693816	12.2760947669683	1.33329803860523
Measles	42.1287948511256	52.7601104653921	30.4248824519774	50.2317279788136	47.5552975011056	42.7604695629522	39.747719948052	14.1162895494168	15.8250180934669	15.7954916483951	35.6557317836609	31.3335665051518	18.5022633607682	20.2529966413328	14.5614699410312	18.0770650883413	15.5643192722547	13.7162118795567	23.1533627087872	17.6645389232949	41.7092008004035	42.1650972407407	42.1918827890499	38.0092106604791	32.90549507044	35.5420374281776	33.4929143320063	34.231286530138	57.5861046257982	22.2106452475295	14.605400061783	23.6645500740741	30.935932989899	18.7204723754594	63.5687073953888	30.0156669723757	20.2449023761659	48.0378980666667	57.0029979627711	17.3369244571312	37.0868937280795	36.9752260530601	48.2701926736076	39.9268812842126	36.1477660654858	52.4971067605295	32.9494857324597	26.8596550740741	43.2546007557938	45.4164368395062	43.5752793494553	57.291904430054
Melanogenesis	29.7417464833458	25.8788678865519	19.8160490766907	36.5421628916345	32.9582517729422	39.0026575850754	28.0913698881317	34.9786196723374	46.3208335299367	32.9828147062706	53.3589669825214	46.9394162696345	45.9571510715071	58.5874553796606	36.3011976101728	34.1445363216088	39.8918913204794	27.852245345755	27.4357989866045	24.8491825601904	27.2299029936048	33.076921720297	34.3186894575979	33.0380616574116	25.7604429215155	31.1533040242734	23.268917699713	31.7769117842961	32.0720878627518	15.1826378432594	12.1798419907123	13.771196147182	18.5033047524752	12.4326849675006	31.4949091487443	27.6591884513976	18.7384499412961	36.2645141728979	31.4912727774073	7.82707926508397	449.444113712397	27.751977459097	57.7972630671777	68.9264535437403	26.5288439900512	25.3552521103049	19.5979851998443	28.2700204350218	33.4018381437091	35.2749022688151	33.5267337839255	19.6052765473534
Melanoma	39.9281396747588	38.3343663725629	21.7357044613936	59.5405011290607	47.7308081996269	58.5673141741036	29.8684543380231	14.2115123135359	14.7301477765856	14.2673700217593	21.789741790012	21.5434585019841	15.6219937505144	17.4164666331062	13.7346820925926	14.7485278512754	14.6836418055556	13.0091191557305	17.92083865128	15.5187056952034	35.3725017712387	36.2492300173611	38.5899939311594	28.0713061972951	23.889437223672	28.1161055366005	24.4214136289812	27.6160142758467	37.6292659961686	20.0525497134852	11.3207140406834	17.9603304607372	22.328337550505	17.0085195054071	41.4952158719647	21.1815020426642	18.1839833496333	41.7989832541459	39.706106488198	10.9351535094383	26.2202543485978	28.573872517238	29.5837550221881	31.5594817567418	23.5042085352925	23.719402043221	21.6318743963281	17.7387564613527	35.8368657959714	36.542739691358	34.9010665171569	19.7569839518472
Metabolic pathways	228.081761518486	245.510128533738	329.705539172423	134.422067164965	171.278953916291	147.013936827208	223.414179962539	364.037519762047	356.711176961363	374.102399208977	267.802856895791	282.348947373723	355.555359214139	321.724849907004	373.357192504824	353.336749476931	353.401307181317	386.152268447181	297.639668788555	349.92244682687	235.913600410745	136.521125263774	157.23158243445	233.15255583926	270.201625492204	251.129490442992	159.706814314049	253.652239644153	163.606596467223	359.764647794838	423.589891401119	375.785774025207	306.46366303243	318.939304074616	164.415367007907	176.420589725802	310.891457843816	172.467058145568	131.292024317679	141.18028541685	170.351886991484	235.243051358312	207.682171555802	193.807978040089	251.129641428959	157.200128434936	295.698912024071	201.484778430599	205.957531986335	153.720280214264	144.995081423515	57.924519096639
Metabolism of xenobiotics by cytochrome P450	44.6354668162465	37.4731020781374	55.6602528650847	39.117812588983	35.3245866099503	29.0387810485287	32.9582610874459	11.8741211064457	11.4163193527897	12.0457595466667	11.4847723172082	11.7115054260652	11.4413402083951	12.3563957055762	10.0255921783007	12.2133132627756	11.8966887789474	10.7981207821522	12.9181445509804	12.2672912699454	37.220157013489	38.6473710333333	28.8421831594203	22.6255222879873	27.778018068476	24.9632022944582	65.0148053939197	23.2587206726084	34.5059215356322	13.4938802033261	9.1063997179941	26.0701213897436	30.6719114181818	157.522668552163	35.9483873679912	24.8474608825046	10.4812305691932	35.542368638209	37.5737862487047	14.5504278744015	20.6463039041534	24.2405575224586	32.2054208217102	32.4966429299735	38.3431462048309	17.8569759677497	29.1736079921376	19.3486269674718	34.5436412551657	30.3787562649237	44.0091239772549	8.66839610892487
MicroRNAs in cancer	39.7503717851714	36.8846562499505	18.4719066507686	44.6184841830903	40.9714022367812	54.651977544397	32.0735256513641	10.663854467429	11.3888196533253	10.7175427328165	16.0960166901743	15.652180265635	12.2849273715188	13.4793482386675	10.1304644217966	10.7471935649866	11.0101651449748	9.12482094579747	14.4688904844961	10.6849007626975	34.0866166886104	35.564813129845	35.1187520593192	31.386391079536	24.4857595126313	30.4112741905669	27.2555949044896	31.1121082188506	35.1304562349639	18.9321751603356	13.3782311996639	14.141200602266	19.2631592917548	10.2616484388129	41.460916630538	21.1030843126044	13.683672346904	47.7405205733542	40.4042037309716	10.7338092131355	19.4380352512569	28.1081427671945	31.6163980402839	33.18379618983	24.9246738621129	29.649828490471	20.0848692692799	15.9406087231772	33.0331339789882	38.0724478654304	36.9834583146375	23.6198166026142
Mineral absorption	278.620429261205	292.077110247871	146.33920809209	255.073103396893	253.124469289179	213.118943952243	178.232803517316	115.810425228361	106.725209613734	105.953589563889	70.3565642178099	70.6286247042607	99.2119632197531	110.653633490087	94.6167800771242	91.3549477632944	106.020834376608	103.180376453412	178.113625763072	138.405656315118	196.591212062581	113.252474048611	112.564841246377	115.246650083532	125.048439374043	128.611926635649	81.980625441911	120.945760023173	120.331362166667	68.9190202783803	36.9097392979351	236.929697897436	195.699790787879	324.614198437659	349.927058365894	92.189986014733	106.028389614303	224.169350313433	134.152610946459	63.7025136823204	89.5202659286475	126.722026559102	93.4520745686124	103.49126863771	134.973747219002	236.411258722022	136.329540150287	34.9518187294686	221.659737005604	101.264002819172	118.095289402941	328.845083481943
Mismatch repair	21.3336836731214	18.6040909221539	19.008310082535	24.6203240327929	23.8465844484101	25.6288847404518	23.2028974929418	9.4607023925054	10.081813965292	10.1083751275362	19.8149311395385	18.4782934619157	11.2048259130435	12.4036488750606	9.22887159931799	11.0197570478768	10.8733846010679	9.13994125470729	14.2788986061381	10.6395361867427	21.5661459862967	26.3078330978261	28.1847790926276	19.427513237522	19.8703171816284	19.6963960233035	25.4824415344852	19.4932558188018	27.5400278410795	12.0823880967651	8.87216054059254	13.4706155602007	18.0616986166008	13.5370926999668	22.4206287158077	18.4466716958924	14.7200504252153	26.5359552089552	29.0932125749043	9.93633532188326	21.0595622461453	22.2920309173605	21.562123665932	22.0867637769577	23.3334644444444	27.2738231549207	16.8649602008332	32.923057805083	25.2525821999746	28.4625922392725	25.1459688618926	12.5890367745953
Mitophagy - animal	94.6115422980066	88.4461097934205	66.956297148593	106.465101282911	98.5449438831329	114.496305597207	94.8654414953978	44.3143231266427	48.7907371248802	43.2908852750809	73.4699325544145	66.7834965384335	50.770536268968	59.4526307893312	41.9245709994289	50.1996363507234	48.8802354556294	39.9538290444156	62.0600216923663	49.3493989575044	94.9810047036379	103.969393345469	109.766052823976	92.4814821250319	70.6114672051402	87.2693670273916	70.1296538502894	84.7308499563886	111.170158901908	45.0672078141651	34.3639648904545	49.8501260474235	66.2821442100618	34.901130231231	93.7300280857391	66.025088103846	68.7186151512094	102.028084352413	134.024703906635	37.3929806259722	76.7079878876516	85.2865963141224	86.7653323460546	87.4416664270815	69.3902303944468	80.280086188006	66.9593688280337	75.2425942819286	93.1283288776756	112.012846369059	97.9408565505425	83.7861067513813
Morphine addiction	25.8177377317081	23.2446559344403	15.2867213693425	27.4476545690538	24.529240858209	26.6012441244573	19.6954128029114	22.7679806903042	30.9241241866717	28.7910560479853	50.2746442385052	47.9334355316864	32.8174275588116	38.10229003023	21.6702829855635	26.9798714602129	32.8138468891459	25.2367564545297	19.7263704255548	17.9753205770732	23.0628163404883	22.4373070467033	26.2222028380315	20.5777251511973	16.501035844135	21.2798401224334	15.1385293077281	20.5543822191534	25.1699651193634	12.4742827606017	9.23895345691919	10.7708465352916	15.2731335364635	5.94257443503062	26.7317648149698	18.1661117861696	9.53678439735081	24.9154340880761	23.2249983237488	5.55365293424807	32.6671999673489	20.9082389728002	15.6285538878479	16.6987993494039	18.6129250209694	30.7081055056135	13.4186147638848	15.0200643350852	27.1416476243493	26.4841361753932	22.2477064046542	36.6054921853489
Motor proteins	64.435271342024	55.8905332631809	34.4284112754455	186.469848007062	171.268754183506	242.761367758136	146.414471670996	31.8847278076215	38.5390321798173	28.2926653182906	48.71317719726	46.8952630811645	43.198856202849	48.1635114475264	31.5527955455002	37.5243330928864	31.5349488059379	26.1557716351706	53.679248379085	35.0183884741488	56.789376161329	71.554250224359	97.332694419175	214.320341503335	111.076828005888	193.460722746707	62.4610185601771	225.854322968234	128.12028641733	194.689634619278	219.319222056841	29.0462264215976	39.5835710862471	14.8589093609317	75.0158566786382	50.083112492421	462.374618258981	70.1806717227708	63.5418543658828	16.1986714266893	36.8792456567543	93.6894529250773	45.0648087229903	48.4194553192546	70.6096621184194	52.8718142075349	77.1231464630505	64.8553855698006	51.5227044985005	150.373413252221	75.9009787095023	50.21749096644
Mucin type O-glycan biosynthesis	15.5899398951581	12.0591920773911	8.91552146246973	14.1783494007264	12.6454440799574	12.6897065685342	12.4762448719852	4.97282079084451	6.56161499570815	5.15888320952381	14.8600738679732	14.8310743716434	7.7598395005291	8.58661394370685	5.92811321904762	6.04643248249027	5.24976564310777	4.54736579302587	8.2297538837535	5.29130786104606	12.6978615075042	9.988714	10.9752098136646	11.2280834565292	15.408653039666	11.1013924594116	12.4744568655188	11.3226645179526	11.1124850935961	5.43414277533313	4.8274506908976	6.68507893131868	8.17751490909091	4.73865808069793	13.9898898538316	16.9809528776638	6.54475784876004	16.7826504972281	12.5675731502591	5.03649210418311	9.54099276312186	9.3076683556231	7.56296049374589	8.43039128457749	13.719570847481	10.388598689015	12.0237958427518	9.19820247688061	15.2680534532164	10.9063509897292	11.5349218218487	8.14734721473048
N-Glycan biosynthesis	42.0374267239396	43.5066713245315	41.6250503801453	54.0503430557657	51.6641805577026	45.1946166110192	41.9412062360853	16.2236145945146	17.2914482832618	17.7978989553571	26.0483151205518	26.0820497710795	19.0995921481482	20.9279629182156	16.110889960084	19.420223180239	18.960212504386	16.1166273186164	26.380161615021	18.4105459455503	43.1159219858255	48.2264392857143	55.9874345263975	35.9947910428742	37.0968556251864	34.7839423178837	34.8532625360633	33.7429001527884	53.6770086884236	24.6726259660676	16.5880922732301	28.3820477747253	35.0531896753247	29.7997125395311	51.8261938907285	41.8389466949487	17.9894463875306	51.3443740754264	55.893571226869	24.393215914562	45.4339358957097	42.8978655990375	32.8014482414417	33.8497498166919	40.2458877622498	48.6276813312274	35.6994191843629	46.7216907940821	58.0736136103279	53.7188797607376	43.7208483172269	25.9109452506227
NF-kappa B signaling pathway	35.6858064408263	42.0802958955248	21.8770761378748	42.9446751916965	41.5702268053961	40.4435100943449	27.886419468032	7.4457092578623	8.1391415355728	8.89464826698718	13.8459845258262	14.4210455968045	9.60739967450142	9.99831312875322	7.67219651923077	9.00141480582161	8.18961900539811	7.86766066929134	12.7963963499246	9.47454350672552	32.5941693768707	29.8913623597756	32.2668977048495	27.9713055950523	24.5563152477116	26.5895741284119	24.348480609653	26.2947677661799	35.3533278017241	17.7129200540214	9.0509164259275	19.455666816753	22.4823306031468	33.6756373201703	59.4491976340423	23.6355539348704	14.0991981319353	35.3022797442595	30.9240280923675	10.2939381167658	22.3388073685181	27.5746109564239	29.3781587743708	30.655339555958	40.2501219825344	55.388112682241	21.347146252835	20.4326610154218	42.9652402354645	30.7970789441931	30.5261859168552	49.6656984971022
NOD-like receptor signaling pathway	57.3279390512141	56.300882932613	36.5401509511466	48.9594359573552	49.4331000993695	47.8289795365935	48.7462108938121	21.5297445058646	24.9319321172339	22.1959570185383	38.0287916894149	33.9773030171686	25.9903595090117	31.0472881633302	21.150084220195	26.8651024644708	23.7105387100103	19.4763111465746	30.7717217778127	25.3438273954589	54.2505177798123	52.563075162656	54.5141987514532	44.9777937876023	40.0200623734831	46.8109090913072	41.8818280465606	46.5087087902618	56.3968239738152	26.3605573920911	19.8992385714117	27.5032613934595	33.48891587263	19.9633642468466	71.6315994512519	38.1501664924513	33.56718701888	58.0192934937345	54.7948026469203	15.5338422929654	38.2459888679503	40.5003458745781	46.5984411965138	47.195363048412	118.130553793691	64.0165762213556	35.5754661825803	31.2153569672428	54.0303328045939	55.6554437918982	51.1765520836741	77.7096180198587
Natural killer cell mediated cytotoxicity	69.9388634795518	62.8809141688586	38.0196074991186	49.7069218228814	54.42483252	43.1261257219103	47.6495011345455	17.9514181940331	19.8024185898712	19.3513471029333	25.4953383910469	23.7129086418045	20.5908947327407	24.8824843901859	18.988827232	19.2852464130739	20.280790848	17.9276188910236	27.3287112670588	20.6012486382514	61.1156893403891	53.2564377233333	56.2991530678261	36.7646806680668	50.1655655934864	35.2060041772705	35.46006563557	33.4968390401426	54.1129252965517	20.4731110311497	14.9022093258407	36.1169294215385	37.5269681090909	20.1020922164886	132.249111476954	37.5459350307182	15.2985893039609	55.4610750816716	37.5628400551295	11.7038910939227	34.5867606609585	45.5074318604255	54.0463421189555	54.4833059502387	74.317963111884	159.926545094874	32.4188806533661	20.8606535399034	60.0234094546199	62.5338578410458	54.2562630569412	276.802127155168
Necroptosis	127.399171318932	110.66674006459	71.6151534491005	122.725055461682	114.837622555398	98.6715282381718	103.958993836348	54.8611896678304	55.1217173071961	51.0459257353783	56.1609059207991	51.7651047848148	54.9287461229266	62.6504738153123	48.0746126207145	49.809036523597	53.5732936099451	46.5323433689194	83.8103902267533	57.9724223158671	94.1540062361844	76.944206357362	78.9853947185916	73.5101873438072	70.4889292329367	80.1563070853568	61.3510348502228	78.2050291460254	78.3639989528242	44.0951857568902	30.0467079027092	85.4646911166824	84.2091836698271	79.250666308247	155.294771159144	60.7437248801817	62.8401114690927	107.202006957147	95.6534490091866	28.6832075599092	63.5633710786178	70.6184411991472	58.7752935638423	61.8364168443963	74.6272832376041	124.516209807092	67.8305739607483	42.3216358054	93.5724299735407	77.6562008288223	78.3495105434861	160.792576701938
Neomycin, kanamycin and gentamicin biosynthesis	22.8996901288515	23.2371005621806	8.49714844067797	33.4453202627119	32.0957073208955	28.6972463791606	28.764887012987	10.0689105966851	15.5935328497854	10.4340639466667	35.1265535884477	32.7708078646616	19.6071541481481	21.6359153234201	9.77071305098039	14.5740669805447	11.9289943017544	8.80173082677165	7.14903685294118	10.4081763278689	19.0177248871595	23.56507775	14.4993154782609	19.1588598854415	22.4639820292276	21.6175576923077	34.74906552443	25.2017108270945	19.1798719310345	24.4968910672451	16.0876837212389	9.59510711538462	13.5518289090909	4.51831526717557	38.0820960430464	21.3510316022099	30.8714827334963	15.1163475641791	14.2672366217617	3.01160613812155	20.426846313099	19.6165825460993	29.4664009831029	32.5478269920424	21.5739854782609	59.4061869169675	17.3287815429975	40.2005045362319	27.2242553567251	14.4077647581699	31.7614157647059	125.836814351183
Neuroactive ligand signaling	12.4151793627803	10.762465508291	7.70242865939869	14.3462695794651	12.1738186467787	14.9704478647943	11.2582282640475	16.0612601082762	21.8151304345763	20.8933019708543	30.4137970034287	30.7365178595987	22.8338452858738	26.0752882836114	15.3555822711597	17.7531843622783	24.2867959012607	18.3115105949037	11.228106440536	11.7936760751847	11.1690058021626	12.0101426528476	14.1875350426043	11.9092511889999	9.13977805195078	11.2675243769717	7.98369153143568	10.8771480049087	12.6549115993762	5.80475995748809	4.35008628073998	5.75363787301894	8.10571526267702	4.05097600329894	13.1109577154814	9.48466880479747	4.71013455830497	13.345770479337	11.5279070008071	3.08338810558316	226.4998781513	10.845082774689	8.44173656693606	8.9112655654266	10.3668345568422	14.0484786782287	6.99546129344511	9.1639089562547	12.9875337653913	13.5847389608172	11.755256394029	13.0260461111285
Neuroactive ligand-receptor interaction	10.715129161443	10.8099818330954	5.96161143289052	8.36550186051305	7.72677438170633	7.7739303911683	7.1606441003861	8.00546404046588	9.2424914361443	9.12532413567568	12.1098242282174	12.197718677911	9.38074687137137	11.0444330276299	7.87314998410175	31.3678934852245	10.9387377736368	8.78108669738242	14.2339782778219	8.8807608787476	8.68521574166579	9.56657642117117	7.46349954289072	6.54646420828227	5.83209968611409	6.30946593823352	11.3277301550753	5.9136918081611	8.30647653960857	3.59982039233159	1.91424241090648	4.31845484225572	4.98552162899263	14.3719442704766	9.40222950742796	5.63259024548305	2.35924325959823	8.39608976700282	6.01934268813892	515.563868706884	542.576283925222	6.91146423135902	9.15127975953834	10.8010287526704	7.87321467345607	8.74620552327056	6.76661705312438	6.09976621752187	6.96633142559665	6.77056261508567	10.432582609539	15.8789591597052
Neurotrophin signaling pathway	54.2669363054634	51.7191654262523	37.5478874231591	62.3465350838556	58.3549112140976	64.7150870459327	49.9536067630689	44.4552169181485	55.3566330583907	41.0967768072829	68.9665155428814	62.0808550650787	55.2376803087457	69.2663067673612	45.42928352348	43.5387372690711	48.2945811239864	36.0471473665057	46.0174946712803	37.6338564687514	52.1460762732564	52.8021433683473	54.3012781622214	52.2260755131265	42.2518611676988	48.7559884996976	41.3671548903731	48.9484185106128	58.5748412141408	24.464888917771	17.6574542479735	25.9219177884615	33.6966633613445	17.4844074219001	63.2629114243976	39.0821113598589	30.4674204671159	66.9417242092061	56.6133013915618	16.6343637320674	45.420210128064	46.2580993256451	73.432953665208	82.161617669126	43.4719713904112	53.3518824818736	35.5527584781038	38.6666548311209	55.2462722308222	58.0722711259406	54.4490279154721	53.0832414489781
Neutrophil extracellular trap formation	49.2961559788603	53.0143199329216	32.6693970942797	72.7538700628972	69.6695323754275	79.9354116578479	56.4527985457251	19.0263811708679	21.6980415318759	20.6057134861111	30.565811441411	28.7857364812422	23.3964936545139	26.5614822417131	19.5369457001634	20.2860967771158	22.4959174674708	18.5344051904938	29.2666102290135	20.6423753648679	47.0124529451402	53.0251358138021	56.125787807971	67.8088024301412	52.3743137013961	60.8296768377792	51.1672045063959	64.2099018179033	66.1646553340517	22.7205939622876	15.7115436732577	25.5687886007612	34.6337371496212	131.950965190045	73.1217327944778	36.7811467213398	19.1330403125637	50.7072294923041	61.4081529517487	18.0688111010877	31.9970987253727	46.0251974519799	44.0471957725294	44.0518541416611	48.7664732976047	64.9354442922684	42.030478030431	29.2367097960698	45.7800278361812	69.9101856379357	55.5488750778186	116.27506663495
Nicotinate and nicotinamide metabolism	30.8920177049739	34.4938705170588	28.7134170929913	30.508926037563	29.2552733632513	33.657686385184	23.7230623095823	9.29732044646857	10.225077917875	9.86384334864865	19.9558673431554	19.568748181264	12.0181057167167	13.0544759328846	9.77240224059354	10.7184912546009	10.1637465519203	9.17153959885082	19.0501962281399	11.6060986471718	28.0032106046903	22.9827630743243	24.8263648648649	17.7472361788041	19.202062036337	18.5981372127959	20.5575117510344	17.2941752247435	26.8358908387698	43.5019805704403	24.970634223272	17.4423220504158	19.7484054545455	49.2231980554983	28.6923468856274	17.103719644617	24.942406024582	30.7457070673659	23.8633658437194	8.69121561669404	16.8432443191434	20.4558446252636	18.4041374322249	19.7265679708223	20.9516553022588	26.3270510518099	16.3550600657414	19.4954797258128	24.0180568195827	23.4929683518813	23.6433182416534	29.9080695294672
Nicotine addiction	3.13046679852429	2.68455732953837	0.882731111202976	2.20857949927656	1.2396531206771	1.39329988704952	1.54180304402914	16.5892048847864	26.8363029236889	11.5829547317073	62.9827855111385	63.3919638951036	31.3263824588979	35.6087451681929	20.2593370090866	12.1057675790073	17.1489031305092	9.55428036393317	3.50687223577236	5.60904863787818	4.0275731161621	4.06688660569106	3.44314046659597	0.725477248384656	0.858466543103009	1.15850308055438	2.90479150154922	1.06579956914917	2.5587231118587	0.982255888048251	0.559161406755882	0.74821314727955	0.917732594235033	1.02398239992553	1.68747247859796	2.68564397655302	0.191124699147236	2.02613463414634	1.00269169594338	0.43937229281768	3.89562364684797	3.45420216312057	2.25210775055262	1.95709466681762	1.55336055025333	1.05331758915206	0.689688672619404	2.16674034641216	2.81293269505063	1.88328930814602	4.61148181779053	0.166212136500319
Nitrogen metabolism	45.388448259186	45.4058874716905	10.6363235333998	17.5850890416251	21.5411587313433	24.8051141176471	24.6465417112299	33.8434747936302	38.6490114011613	37.6211544882353	23.8338010150775	27.272481103494	37.7517101132898	36.7240221758146	26.205736994233	27.8399782032502	38.0660829040248	34.612426415007	35.1857210986159	33.5382148601736	42.9062584493019	26.8589584803922	17.7245987468031	18.6472990186719	59.4769421245241	24.9134177346373	22.1458043408699	26.6480091747929	23.5505936916836	8.48415997065204	6.19662293857366	30.7836723925339	29.616288342246	45.7508138549618	35.5259083920919	26.8913349236269	173.618164178772	62.6236149332748	32.6082758305395	9.21191408839779	12.8716808306709	16.5118730204422	34.3710781494533	33.2858994554533	17.8451126001705	18.9045125695477	80.2625108729585	23.772078266553	27.6025917991056	16.6037124990388	33.5106711730104	29.695597260274
Non-alcoholic fatty liver disease	812.717860839336	842.380385175557	1287.72780158266	455.553542135841	610.905238750485	561.585235224219	827.079757507168	1648.42628512126	1599.30581360236	1546.8449900316	1088.38391744432	1068.65391039132	1498.43125747354	1417.19540495486	1669.07053799465	1541.7427176252	1488.61171257371	1643.25013528121	1137.0870680494	1507.82496889717	870.958854053767	486.607911896645	557.460889158667	900.468861490717	1186.98543990985	987.297319967774	656.197991210923	996.301702488367	587.538009641738	1440.90222717216	1828.31137720794	1680.99562302135	1233.21379600945	1234.64365103648	572.57147848854	708.666862126713	1178.48341884649	572.398118953576	423.812569690465	341.341644828155	636.483133827642	854.263116425117	854.553577064556	789.15898360691	1034.07268699134	611.536442387829	1064.08301862791	734.005461576479	779.8294993853	532.802207742976	531.596782680672	176.022978800116
Non-homologous end-joining	35.8068225048481	30.1111445629668	29.7501268604954	39.5109396219035	36.2677178846154	44.9848120026717	40.2162225674326	11.8619123289418	14.1734610201387	13.1212339	31.3384649819495	28.8916895199537	16.9926775840456	18.799377246211	11.8900068536953	15.8848215055373	14.5694461781377	11.7732769351908	18.8384705618401	13.695930357293	35.5583662002394	41.7343032371795	47.2421047826087	34.8666244042592	30.3011219078208	34.3771561443023	35.3232513029316	34.0711768641163	45.4220771352785	17.1913796946438	12.873427615725	18.2783018786982	25.5646444055944	13.3938590311216	36.4137559755476	28.6376233744156	24.6162567124318	41.2163797347876	45.955284599442	12.1835529133022	32.6165228557385	32.5807787915985	35.0219988691953	37.2760382401551	33.0216667038276	37.7683282143849	26.3807834133434	54.6602346562616	38.8799390879442	47.1783241528406	37.9668010226244	21.612158932848
Non-small cell lung cancer	41.3955581104108	40.0055509954098	26.6615871049906	58.2173095327213	47.5810918786277	59.8367134702123	35.1661679888167	25.6893490707489	30.3558723652837	22.3057202185185	32.0237606172282	31.2585960197368	35.2755053909465	36.9519809164601	22.2832720315904	20.4212100691742	24.6990305692008	19.9377707912292	23.7478828240741	19.2001040285367	38.1056400226978	36.7763283159722	39.6255848671498	33.4558862526518	28.1635813262584	32.4551381923766	29.7888752105954	32.7500517555457	42.1045884243295	21.9316257546999	12.7088094103368	20.6317812166132	26.6829087878788	20.0216903000424	47.9710207763061	25.6414931230816	23.7772422059223	47.2088129156302	41.4847896430628	11.7366137223757	33.6006168752219	33.4368625930851	35.7564340631934	37.6141133547009	30.6957618887547	36.2328509045327	24.9660532585995	24.3485813727858	40.3602471369396	40.61332235748	37.1565213472222	35.2356374472464
Notch signaling pathway	36.4140830145392	31.1002481441821	21.7723577853107	38.9551424347592	38.9371025983179	45.1851961633703	35.1394868027211	13.9552520257827	14.8004854656312	14.5685018539683	33.3712202051458	36.7146565986395	18.5989677378013	17.4299685625774	13.8934327208217	16.240445428942	15.4550215210248	12.9384638057743	18.6656975848117	14.3193786859225	35.7157496065715	42.0519742328042	46.378199910283	30.9330818089177	27.1484141528316	28.6630047658435	30.6157456023473	27.5537087522282	43.6137264094143	15.5031419271425	10.7933253434471	17.6216995528083	27.5876863347763	12.4002149575912	39.1476330114054	27.5080778628431	16.0806823312764	45.966405312959	42.1761519812485	23.6632957226169	33.6556427435468	38.5382789879545	37.4770295130812	38.5019652980927	27.6373007752473	35.1827184912039	21.527119030069	34.7753078571429	43.627958076209	46.4405675007781	41.7089977553688	18.3678055772994
Nucleocytoplasmic transport	46.9507898948283	44.272233789829	35.9030787774639	49.7280864593142	47.7419404847291	52.7520025044219	51.3321460834536	21.0317113459177	23.9080261675409	21.3603625305556	49.1077439975264	45.9681289320523	26.8968180411523	30.2676745425444	20.4260093304285	25.5077097074506	23.9668011091618	18.8804304265092	28.933207480029	22.2403049549686	46.8974624818057	54.596787654321	64.1885244806763	47.9531205095907	38.066969958053	44.418820824143	40.5072793155085	44.1972798100284	59.7851880779055	24.1318933552262	18.6182296093494	26.1738369123932	35.3919740151515	16.1886366249647	47.1676032436534	37.6261111791488	46.1730276530381	52.8901281137369	70.1454736878718	20.9540313699611	46.0127592894332	46.7649733504071	45.4474817997952	45.5705290454612	40.6001063092682	45.7639139266613	33.2791656847757	56.6896664814815	53.0410721745722	64.9212698650448	51.5324002461874	26.257349042249
Nucleotide excision repair	35.7341711236107	31.695600293455	32.3258956834336	38.2835561481684	36.7218562367597	38.9906651283787	34.4222463510683	18.3153817332026	19.9560594164475	18.1066941860215	35.0822018429021	33.1930592553966	20.9876000537634	23.8739299106607	17.6239845686274	20.9450262099912	19.7205207221279	16.327025982347	24.1679667892157	19.058661921382	34.7664427795908	37.8422675537634	41.8985011851332	32.6726651393487	27.7500302383999	32.0019772216441	32.601447098613	32.1540793439135	41.1043359899889	19.1273588230355	15.3937484142164	21.2837310669975	28.3154200146628	17.2193556002216	35.1180903086947	27.3910418347888	34.2815632727344	41.16474995065	39.5749110722046	13.2248613299768	34.7608479557869	34.5500562668726	33.6434597334126	35.0362785753401	29.745130345956	35.2297838040061	24.7084929250218	44.0901848620851	39.9981001808621	42.0375154121864	36.0948145796964	16.722430100229
Nucleotide metabolism	34.4768800664844	32.6700062016379	28.9122203348989	39.5386358081478	37.9860209750944	36.1075575397974	33.896379054921	18.5992032463556	20.4548941460262	18.2821837180723	28.4464938106215	27.4825532878884	20.506030134315	24.3015357105746	18.0122909714151	20.9157182504336	20.5076960891989	16.4559702115549	21.7537871669029	19.2664852103496	34.3961863604613	40.4282516716868	41.5002497799895	31.0126215547632	30.0457331637196	29.6176181643696	36.8799508469055	29.5924727298499	41.595046368924	18.0661188390874	13.7806313351637	23.3981802594995	31.1144862322015	18.3834536553849	37.1602388665922	29.564207756773	30.8658728435502	38.3747334900198	44.6856949996879	14.9352204706117	32.2376466530659	38.1500337379304	32.4680454920141	32.8651959798345	30.402744726151	36.8515972706711	25.3424390021018	29.254524103079	38.3218078915663	39.5043841798567	39.6378265194897	34.3130048902459
O-Antigen nucleotide sugar biosynthesis	45.0603170249152	39.3291618434502	31.988549396967	62.3716406801963	50.9933489414768	56.3182422842562	35.1171864114833	14.8997313608607	18.1935880257511	14.3283705649123	18.8709343739312	18.6221653244954	19.5885256822612	21.9685075719037	14.4169188648091	17.4789186770428	16.1145568125577	13.134070511811	18.1081133436533	16.9301642249065	38.054439609871	37.6133387061404	37.3289038672769	29.8585916116066	37.0976797307988	31.6072243620217	34.2775700351449	31.7937609269162	35.4066649001815	22.0799225071355	16.8521808430368	18.9024729453441	22.7814772727273	30.1871785757332	35.495274411816	37.7648933759814	31.6632067655385	44.7326613825609	34.9853467602945	14.6692037859843	33.8319673734656	36.2980078518104	33.1875546341661	34.6401908823119	32.53047331045	26.8770127417823	31.4862053989396	47.9673881795067	33.6937505940289	36.4561885964912	38.1227103281734	16.1883426545192
Olfactory transduction	3.46886571709336	3.34912725120422	2.76493279333096	5.21718887489629	4.80246543784574	5.53012090969812	4.45117555444555	6.58499685636647	9.22430884740438	7.46927711313131	10.5645129378203	9.22844807595913	9.36655868419236	12.0182946008267	7.07618112674254	5.64474176956636	8.79884844493518	6.43633249885285	4.92998883735546	4.39088519214846	3.30751261335293	4.22847671231546	3.9226289044289	5.37100511691173	3.88129663211528	5.07921954450016	3.00631726991792	5.58103983259165	4.64071102242585	1.95324635620345	1.51937986163542	1.87303540613233	2.35940652680652	1.00327208606915	4.30981677291252	3.06446797086891	2.15508502296807	4.59497135852208	3.85413961580734	1.08388248811961	3.98407182421413	3.79081451569707	10.7753685768712	13.2569954710851	3.8288414319336	5.36792861536778	2.64225698504608	4.09352280857629	3.00324753390859	4.89915340143517	4.52932555793227	5.92660783597059
One carbon pool by folate	22.5280609387439	24.8845561297409	19.8252444692239	26.6516653384255	26.8677377101335	27.464038808744	27.5827490328093	14.0999800843268	14.9304838310368	16.5385555333333	21.5507899049971	22.8560757627622	16.8480495146199	17.2804604705537	11.6346929050568	15.4686670387057	16.9180987922438	13.7290213675922	16.7668823955108	16.3395772706356	22.5443024165472	22.6008614364035	26.8377324713959	21.6705249541515	20.1721065948797	21.8132787429803	20.9159980318875	21.5997835012665	28.7384585662432	11.0654827634433	9.22211838379134	30.3280039473684	31.5059402392345	86.91502022499	22.984519563001	18.6398015905787	16.6622514550894	27.2147602254517	33.8670998745569	37.8678897586508	26.3555262266689	25.7020656373647	17.0343933511197	16.8691791525897	19.9719176735317	18.6424731797454	22.6349324608819	23.3642048951182	35.8281514931517	25.7408882370141	22.4761242198142	6.44182630759651
Oocyte meiosis	32.4164473939431	29.476728839839	24.3693778948661	41.1473779898981	38.4360719938352	45.0494444986262	31.4131569649915	39.5367794335015	51.5653956720781	36.9130932007246	63.4287203557788	53.5478207486107	49.0507269809447	67.3357773320403	40.1905410647911	38.1584997050696	44.5156492913806	31.774981513751	33.9410529070759	30.2224425821652	30.3011719847178	37.3742986141304	37.4711816320101	33.6026167040227	28.6333049450849	33.4963951379149	33.4052147676203	34.6636446732026	36.985446091954	17.8238388811343	14.4689243620944	17.5621191513378	23.0541464690382	11.1318104909282	34.8906867262933	26.3426730338698	24.4709359519507	38.9012093360372	34.368421208981	37.0139918027864	30.2644049863407	30.0079663434063	53.5958136628153	61.9819624531965	28.6172701634811	29.8001131588448	22.9123222255457	41.1207947640552	33.9040177830748	40.1627070962395	38.5439646317136	19.6675415176783
Osteoclast differentiation	51.2932269402003	69.0615065412214	28.936680922188	62.162196513707	55.273995451436	61.4555601978906	42.5910362977174	16.0072006315922	17.576214741839	17.1781069462121	29.2362157761733	26.5480052144566	18.9363628762626	22.4792754106117	16.3420012153892	17.123894145148	17.5672236674641	15.0186595657361	23.771862608066	16.4206612998841	47.8221521237177	41.895127020202	39.66603085639	39.438269930209	33.7173111221294	36.1357330953455	32.1041956185224	32.9722805935019	69.960959169279	24.8627316955893	14.7098092640453	19.3036195971737	24.7361105027548	15.6872386531344	71.839497771172	29.2807796605558	35.1451622815255	54.3392216915423	56.9998122923536	11.1768167805123	34.8714565057121	35.0497656278208	55.7230643172509	42.7817219016759	37.2533704819939	65.300892658626	32.898353979041	18.1740213440565	43.2061692570441	42.1620998108536	43.3167502727273	122.374747819352
Other glycan degradation	37.3924473459384	31.7425885936021	33.4384296967985	44.5151316619586	39.245254471393	35.2501440271748	37.7556338816739	9.13961339165132	10.6897114401526	11.1853427518519	24.2877227918171	26.8967233312448	14.3043067304527	13.9580086183395	9.65865174509804	13.2900249697363	11.4880947153996	9.80563914041995	15.4536470479303	11.7044910382514	34.2120554669261	37.6522186111111	46.8341260144928	30.6376850822063	35.4270359812109	29.7353175958092	18.5822000986247	28.0124599762329	42.6020432950192	16.6662599807182	10.9149124360865	24.8579062019231	32.8878513636364	18.0810762998304	45.4275278136497	35.8701847759362	13.5323081200761	39.9229406401327	43.9305039320668	15.4636931860037	37.3526482108626	39.024344714342	24.2506811213518	26.3233478617742	40.5024955394525	49.6835788888889	28.1348705514606	23.3415737828771	53.434696600065	44.477354557008	33.3274577843137	23.6073558412896
Other types of O-glycan biosynthesis	24.1326293677054	20.9654517067717	13.1726477083333	27.4919638493114	24.5794993182525	23.151994377412	20.3893273376623	7.49086403890424	8.9821405239628	8.01925768125	20.4735468456679	22.0454552568922	11.3690428364198	11.2816125232342	8.39455908578431	9.11227710197795	8.44997513304093	7.08901275590551	12.0032620782271	8.25009605418944	22.0024111952821	21.2087193315972	24.7955741485507	18.845770032319	17.5442479497216	19.109882204818	15.0383561224213	18.47026045306	25.3036324353448	9.91631107601229	6.85602157448378	11.2812859294872	14.5862798484848	12.0419387977099	25.3618936796358	21.2884382654236	8.23936406275469	27.5914154561567	27.436478472582	9.48550688766114	17.910900058573	21.4995914997045	16.6894449500768	17.5169919344054	19.9973193347424	25.1291812191637	15.0357576279689	18.2213859093196	25.7658226766569	25.6619474305556	21.1394950637255	11.4486968646222
Ovarian steroidogenesis	20.5189396191025	19.8121646744831	296.394366023264	20.1039924850449	19.0608474019608	19.1666106878352	17.8580000662083	10.829730491821	13.5395803475553	9.54220462222222	23.0917254187018	22.1786785588972	14.3830629099492	17.2048984517822	9.93707062668205	18.1755350423438	10.5359736904025	8.38926439092172	12.2741987226067	10.148889724633	19.3910953009842	18.6323722303922	20.1999966410912	14.645230404792	14.178264376356	16.3050451651827	12.2712445104426	15.8675543144245	19.6818529885057	13.0066986512696	10.0492525316675	9.23724668552036	13.1785857219251	12.2856187442	22.1413260891443	19.3923802220778	12.4305396658517	19.0726739695639	39.4697968891598	79.5205523908569	224.349898548518	16.5453939758031	17.8376839417487	17.9645591077651	16.8820463815478	16.0616089799674	12.9659493973117	13.150433707019	26.3389463908955	19.9777265115981	18.4523382226067	15.7906700151393
Oxidative phosphorylation	2269.09592906309	2483.45275692809	3383.27106804604	1213.5852303842	1640.00155087742	1385.92902624241	2278.54715560477	4061.04078071864	3948.16677472776	4165.33161966592	2828.70987872326	2990.39040935585	3908.65883725152	3492.25433721495	4179.4509640357	3915.01318331726	3913.76331289631	4324.20357825567	3207.29665448346	3871.7873931274	2404.07879839422	1261.51615942786	1514.42277350097	2446.76611450041	2865.06477251846	2647.19183927095	1543.7867996547	2672.69786740868	1573.96132219249	3945.38684416292	4743.8815003908	4075.19770708022	3235.75978581411	3240.11748194827	1548.17064078766	1790.59205658366	3074.88499598703	1604.38232933003	1201.33155765602	912.112423074957	1702.5559362832	2430.9712922613	2142.41482495208	1969.21731184459	2610.27433097015	1544.01397269142	2909.95807167333	2024.82825027435	2019.04063112682	1479.65290451371	1358.22894115759	395.013637159068
Oxytocin signaling pathway	80.8316259277567	80.769804594092	47.8317670251468	154.922068878642	141.880218892059	186.579591674659	114.562277720907	43.0085500754703	54.9486508813712	43.5551234039216	69.9850581593167	63.9852838893803	57.9146381009441	69.5913278822558	44.2962614830194	59.6697256336309	50.719374456599	37.885367507591	46.0667014552095	35.9316973127612	74.973551316345	83.5410478458606	96.049401372549	159.5174846881	94.0468786833954	141.384254134027	69.6258531490707	153.79361084012	123.937078016678	259.830398488793	29.3646619013535	34.1787249239568	46.3947376827094	21.3253040884598	90.6570815007791	53.9085714917127	46.4535488015565	84.2084904342991	96.3541593081378	28.0832043704185	60.1307601309278	82.3184448771613	93.8823572566087	96.0364252765209	71.3594240620757	67.2966084667658	73.0339498895152	45.0011660561713	70.4917232947292	127.093608973472	86.8452913771626	67.4910415358256
PD-L1 expression and PD-1 checkpoint pathway in cancer	42.9280030939792	50.9499373056677	24.7829964696248	46.2151921681584	44.0912060959249	44.8201366680759	37.7548605209397	15.3826432025576	17.8606180117664	17.9304782917603	32.7738100547601	29.4320106931655	19.192797224303	22.8022727467524	15.8394654144085	16.2402849189	18.5578260134043	15.4949239878793	19.0946921403393	14.7420335912077	42.337539290867	38.3602899953183	35.9531748607719	34.3182144941139	29.3514150723652	32.8464168229849	30.4435853901475	30.9777471505538	57.7293948469585	18.6867668441834	11.3875227451029	18.1207729775281	25.0509214504597	15.7913151192212	56.8788890339683	27.5047186312	20.4301683643307	50.3252597422438	43.2987980829016	11.8706946564033	30.7241804505151	33.4026454673679	55.9465338473222	44.6064113390755	34.4943936633556	49.1096361233927	29.1198116442592	28.3286742930033	39.7597181426178	38.7158331027392	39.7031132590879	53.3638518889837
PI3K-Akt signaling pathway	58.3234549288375	57.5955649019729	31.5471861868194	86.463153858832	76.9297835963687	79.7107057813548	56.8860818330552	22.1480568526806	24.4801227874218	22.3688899829609	35.2644800120001	32.5443974512748	24.8806437886406	30.3733459859608	21.8612549185015	24.7648277291698	23.7273868591591	20.0120988566181	32.7959092495071	24.7494528126813	51.9120395192162	62.6482933880354	72.2290450230751	57.4374541790109	41.1817039665388	52.3338960723346	37.1428518418012	51.8707149970623	63.1976794644577	27.0706446454756	17.5442906490088	31.249758263859	39.7788362874556	30.9891355903237	63.6396797849532	34.0473394652613	22.9996196435986	61.9948717209205	73.1486518402466	28.2171302841137	435.808871164082	47.9979282894528	43.9524462925538	46.5021072322289	39.4894236495021	41.848154509711	34.4747046404403	27.5374452943082	50.7712617343347	69.453144590134	58.8814756766349	35.2751724098527
PPAR signaling pathway	223.517200152034	225.47712517641	36.7385524736842	41.9061638263827	63.9967146754713	40.3371366261711	40.8635899419002	29.1490882233207	28.2574170154732	25.650491820614	30.3782782077712	30.4644478907796	27.1964554507797	30.3965604275093	28.1830686682147	30.7652689760393	25.6872014649123	23.1152640183382	51.8432310242518	32.2093346052632	174.873116030872	54.0582782675439	32.0289167791762	34.1971785692752	45.5311248596308	33.8119208005746	51.1016486681382	33.0007271791444	34.4889028856624	44.5398909387487	51.1639034693759	31.3280068142713	34.1209043660287	405.144181413218	46.8518306986319	31.5423879805176	50.0485694880003	53.7557558692066	32.4941858440142	11.49664407713	28.333871494451	31.5813272662374	37.620261807543	37.9767047822142	71.048926592296	27.4326366711001	27.7401943825165	48.5529075610221	36.6763442822792	32.9828324853801	57.1042984442724	42.4917407512945
Pancreatic cancer	49.7313996268244	49.0606873852327	28.4675398416592	67.6411341084969	54.6299499602317	66.1196129248229	39.4989729340396	17.4542188419599	18.787211420262	17.4048917390351	28.5811993406802	27.629313715374	19.7379816569201	22.836844212972	17.3124251635707	18.8404778399549	18.1173106523546	15.6298480061127	24.6437638177245	19.4230064725338	45.9122164435286	44.5478907401316	45.0042809439359	36.2258852480844	31.5834538380398	35.6519407147055	39.740344605906	35.5800143646214	46.2476623275862	26.1384774611828	14.7321108980554	24.8429259387652	31.4448261483254	22.4260976978706	57.6105727585831	30.5360381353591	24.4838801053597	50.9984920530243	42.7141158167439	13.0508003024135	34.1562214028081	40.9002850275289	41.7166014356456	43.6562990738866	34.5207351201373	42.7735060687821	28.4174818973878	22.429359465103	52.5311385839874	47.7592430168559	46.1649143065016	51.3016482627646
Pancreatic secretion	33.4805111157796	31.1719428755386	17.9413909135926	32.7026215304088	46.6584781324993	33.8965941989444	32.9313972179781	22.7929378133463	29.038941795422	23.5613006196078	34.5323680006371	34.907042476043	31.050071503268	37.7437496253371	21.0606632795079	24.07005031281	24.1516439215686	20.5086489875714	20.2165866676278	20.9823765295189	22.9625917696651	22.4747811519608	22.174472173913	27.4194267097197	39.3004624106595	28.6546538802121	28.4292492733282	28.1651664795009	27.0622112914131	33.7149876606695	15.565126887038	17.170489270362	23.2695293048128	18.5030622129921	27.3077134088105	28.3198977093489	41.866246216741	41.982679881036	28.5529884699787	4313.1607803063	29.4955267571885	24.8920451091642	23.1619342061986	24.6731770952307	46.5326496466799	19.0871618093013	25.2833490781423	14.3565293482997	31.2594276377422	25.5190120543381	27.1893070184544	16.0355698180841
Pantothenate and CoA biosynthesis	23.0699570534881	21.8362499764744	28.3535585956416	30.1221297427361	25.224294246624	30.7589364399421	25.7467524242424	10.2570990844515	11.794080286123	11.643403284127	18.0069705793364	16.2642232133906	11.74235964903	14.1655289237033	9.21331408590103	11.0482467074301	11.3313647251462	10.1655830821147	11.7817386834734	10.5044555763726	20.6606620270521	19.3872963095238	21.0178314699793	21.0226478986248	18.6205179868774	22.6308062424672	19.2749037311928	24.9082113190731	25.4950008702791	8.58540487862824	6.93300233038348	17.9478484020147	19.4545111255411	36.6663378207924	23.8904851584674	17.2810743672718	10.956035794621	20.9586099061834	22.7263486824574	9.63518430413049	16.5482155484558	22.6625348446471	22.9086377558335	22.2659740949855	18.7778866275592	21.2813612343132	17.5180211969112	15.9025239901081	22.3894442536898	25.2166452878929	19.9976969943978	73.4176590511771
Parathyroid hormone synthesis, secretion and action	46.9732467793204	59.4228229065995	30.2546390617539	65.3617015692705	55.9768485918235	62.0852297259171	44.0717890434783	20.0669593317319	22.7974507046091	19.1819469466667	37.7204471662219	35.6814862857143	24.4431443938808	27.4681037213512	19.6496244671782	23.7812933804771	20.4675001363844	16.7625312458062	26.6664701534527	19.4095599757662	47.1429363806462	44.0000609963768	45.0666564536862	46.4765607278199	36.6378349621494	42.1723443044557	35.3571318507294	39.038117831202	72.7420001229385	24.1370452470056	14.9364833332051	26.1522876906355	32.1436217786561	19.8198048695652	58.9692470169882	36.1270604357435	22.4462297066015	53.7069647444516	60.4420706086957	14.6360720468412	49.1106285606334	40.1472060370028	55.9224801854004	44.9732443833468	39.1924985032556	39.9346640257416	35.146384638607	25.3165128903592	51.5358191369184	48.6840619869281	45.3561288296675	46.5827673970437
Parkinson disease	1188.84916280385	1296.09864930517	1737.496774065	673.879000937917	880.212046447817	760.977431730543	1195.02019214164	2073.559275015	2024.93111065262	2123.34340073396	1469.9948227426	1546.75103014503	2007.28149154363	1806.97483997661	2131.76347563648	2006.02783847652	2002.25325978855	2199.51779628358	1655.40782489223	1978.85341068357	1257.27080340941	688.018902053683	815.683914684905	1281.56893899743	1482.11873549264	1379.6311073766	822.501519148032	1392.90663496825	852.351836865556	2007.448068753	2403.34400346774	2070.56867998019	1658.73807121212	1651.43481772651	830.011768699432	941.113131443293	1583.88206410263	859.242580067192	668.71038114009	480.903780820762	899.978061034569	1266.31299117991	1138.0059391151	1052.86386119378	1351.98925647361	819.097188708338	1491.01070267942	1067.7901193196	1065.76093510245	802.123771016376	735.787998567966	226.945736545165
Pathogenic Escherichia coli infection	82.6104615312792	84.1894836899661	50.9639009849341	142.711724511642	125.642917547678	151.507615671695	111.731880074118	40.681165910207	47.0909874279273	40.2321447484848	58.9903834482004	55.6911972423483	50.8877779809203	58.3310702739289	40.8095593295702	48.047076914672	43.3198335137338	36.6200768649089	70.0636910177758	46.9591318289452	76.6194320076249	86.6153562962963	88.9976894268775	128.663674112606	93.0952032791379	120.578281516029	92.6625779106209	133.7461312737	114.922509710902	41.1419567855343	29.2398775258112	42.7839999324981	54.5835978466483	32.8665846389467	106.870804122517	65.0274283573302	65.5727800849571	92.5309626013116	87.1575487486262	24.7580263975389	54.5549683351083	77.1956179731714	81.6475389258173	79.1666632082764	81.9591944951935	83.348844513547	72.2586066327898	63.1090493592934	74.494899561625	113.310419007064	92.0582241428996	103.440730890851
Pathways in cancer	42.2293413050843	42.5429285732699	27.3536423357851	58.0675081783658	51.5372351168685	53.2068281948502	38.0200337346239	19.2524383163765	22.5151711826059	20.2113741254717	31.0691905261903	28.9116257910342	23.615356355905	27.7071705718594	19.3228175886053	21.0562307853315	21.6322556057597	17.5962290803001	23.149109872734	19.1648346763584	38.6527658035387	42.7157632177673	42.6210137325677	34.582845813122	28.9787935340923	34.5631387604757	35.5547419078422	34.3503187889887	45.1571952817176	20.6927574573323	13.5145953718484	20.7992703728229	27.8445162161235	18.7906120772721	53.7351955123391	27.6503272369436	19.6810500290631	46.0041652196846	42.9110939948187	11.1214381735641	31.2135331174272	45.9931523395557	45.8369452427615	47.2349735868825	31.6172364962173	40.0633939179211	25.4216476168467	25.6035814417555	45.4574653023833	42.9072805565421	43.6418902280799	41.67929039578
Pathways of neurodegeneration - multiple diseases	685.0065731023	743.879331849276	982.761970398234	387.796984484003	506.841842524066	438.386053746701	683.19661455364	1170.75647059578	1146.40320928112	1199.37267531296	841.307775379441	883.747645201791	1137.99559931668	1028.55364493455	1204.2113352975	1133.23499409737	1132.7490069725	1241.00485323505	937.136033404391	1117.46223909733	720.976388026722	397.503109857318	471.324093509317	730.193580452408	841.234314817942	785.143053999103	469.238146342246	793.120785301495	489.382040142712	1134.11301889189	1353.28879114998	1178.33592555187	943.318392278457	931.004453556755	484.806152805074	535.948889593876	902.993952562563	502.138675942838	385.973032981016	272.596543877849	514.325096628117	721.254949399026	646.335835493391	600.917219786071	768.789740218508	471.378336918818	843.927462271901	611.521401614146	618.055288719532	462.757826191437	424.408208349481	135.213526621257
Pentose and glucuronate interconversions	16.5279773983648	15.0568326258115	95.0949657819515	14.6736114154833	14.7123656050827	15.0495248679939	17.87737998947	8.08792869941765	9.03582325948266	8.61542275315315	13.5228893570104	13.227557442593	9.80814021621622	10.6999968431629	7.25930299311076	8.57855580818172	9.42362093219535	7.81984737816557	10.3156498370429	9.40284550878748	16.0432593979388	17.266307972973	13.6745393419506	11.528452990389	23.1822447226767	11.0239254463148	20.8880316660798	10.9313161733391	13.6816578844362	9.34777002169197	8.74579019193973	27.6141620504158	32.4933904914005	61.9477061409119	14.9563636531233	14.5192300925788	15.515588007335	21.8545515127067	14.9789806567708	6.35577695385994	14.5492147379328	19.6392040770558	10.3597485481795	10.4813759194207	23.5719776850764	12.4535774875598	24.0712264340262	10.2285950750751	17.3997234364628	14.047965209327	19.3198513990461	5.75630991787553
Pentose phosphate pathway	48.8355900975874	45.1868894707919	47.2567547490432	46.6417216450246	40.5338695016851	39.6607831945287	54.9738588269795	38.3066176653003	45.7866487498269	38.6245484505376	54.7403298835449	69.8007239316032	52.0917339187575	53.5861737090778	32.7249072751423	36.892682431279	39.1159321777023	34.5090254178308	38.0862708807717	37.5537560620483	43.1554933896071	48.1666813844086	40.7007111781206	35.7480356817307	36.1058688167553	37.3980153437925	79.6535813139645	39.1978703651314	38.9611370077864	28.6289005695893	25.8198170767913	102.102661119727	94.7494305571848	114.965088428958	49.0787754945524	41.5154978738193	63.1344785361622	50.8388493630236	54.9737138258399	21.8761297549456	36.1295603040297	37.775023738275	39.5858609276052	40.6765778005476	86.6026957659342	45.7907516792826	34.3476504454308	53.1041224809101	52.4530964511413	39.9141751001476	54.1961187703985	110.52619425461
Peroxisome	40.1910630321285	39.0170976291538	45.3415667616908	31.9801082137023	32.0397373664808	29.7066811160706	37.3177623220153	21.4453413459362	23.9521350990227	21.9884981538153	29.8407795685268	27.5421214131715	23.9360573471664	28.4354348295785	19.4036837236003	25.98155322254	22.8263442139083	19.2066246328622	29.9992784874793	25.471940899335	38.9255428088228	35.6203784437751	35.263007826087	31.6887463409725	33.7964652571874	29.4284064653652	38.8992963280484	30.0394471013466	35.6916663523058	25.2773776815723	25.541548620322	35.6507283595922	42.380093263965	76.5982236144578	36.9811515309583	31.1648457624975	49.0787977388282	36.5478695128574	35.5241024190024	13.9716227927178	31.7448153608684	34.6573144415962	29.9069892956156	30.0879930307437	33.8172197834818	31.3782225971032	30.5017547855303	33.6447003515511	45.9552123210385	33.6390309717301	35.5550042111977	29.93486871701
Pertussis	93.3341500076394	119.296604124649	52.6365461985472	118.136313696071	115.86775203867	113.547239420753	90.9673489947715	38.1841691554854	47.2200193211081	37.5405311969697	56.9205548919312	48.0535818147642	46.034380954786	59.817258789649	38.5119286208301	36.752895876497	42.8919992285259	31.6545532181205	45.5276802552839	34.6263062642822	83.0445671448785	77.1571345995671	72.0552309373235	78.2090561280724	64.1610638153079	77.3939166781605	45.324702666991	76.3321181396856	118.702792019704	39.7512318379018	18.7451243049649	31.5425514772727	34.2070152656434	105.080409417567	221.09341589533	51.3258307541078	23.1611243060363	99.330250096918	100.703943973488	17.7140315717156	44.9961620658894	56.9903271621995	110.162873166357	112.376259714251	67.8773555517912	124.449297121759	53.3661992405629	32.4719587213752	63.3010555118858	78.00877644767	80.5515069900688	77.8059546242176
Phagosome	98.8598476514875	93.2449005576018	68.1250679058083	116.109516490755	111.44461655684	112.579404364071	84.2409541527642	37.0148377236696	44.202919904833	35.843753388274	59.8840330193633	55.8047109594639	47.0177928618065	55.703524450828	38.1768720292955	48.3723709998308	38.6720029479232	33.1020501286919	68.505643757072	46.3000607317653	86.7824170691008	86.3742455467721	90.8303317992782	86.9641258792344	78.7244747626395	79.6509045874322	68.6657870430405	82.5705305095362	97.7498177606651	38.439278085962	27.2401414840498	55.4907630985862	59.7803965073661	154.151882140271	193.565804911329	159.094308676654	27.6175497435662	93.9230911857118	74.1920545878474	26.6334613851462	62.323588577454	70.3615106768424	72.3413468172407	75.7468441173819	152.037987550935	152.525697034146	61.7673810289305	58.8101423976055	88.8396336140582	105.010646896071	85.0590505370844	230.185887109062
Phenylalanine metabolism	39.9957339154412	30.9259533975724	23.1095321694915	43.8390503403072	44.2885903428172	54.317460561686	36.0504464935065	12.5178127071823	18.8161451019313	16.2761926791667	22.1649863154332	20.1622095300752	21.7765403055556	27.414905420539	13.3687653676471	22.8634822689689	18.3824415592105	13.3047253813976	13.7189661917892	16.526895556694	35.9460066767996	22.6505438020833	23.2993879347826	36.0718288842482	28.8591041584029	35.6812424937965	52.921840840798	39.6552607553476	39.8780398275862	32.9835998562907	37.6801475013827	42.0104453125	37.9121647159091	155.327475553435	44.5158267704884	23.1912264019337	40.8074017130196	21.1993089272388	30.091779384715	5.60166010186464	14.2117071805112	25.2142284507979	24.6473863565668	26.6448907037467	31.6271718025362	10.6196721254513	27.8326052979115	21.1361932110507	20.7259751927997	35.8586037663399	27.0436894117647	6.37983620096513
Phenylalanine, tyrosine and tryptophan biosynthesis	10.2130815826331	10.2753664537195	29.3729219265537	14.2162701977401	14.2423577363184	14.359042633864	23.9340973160173	18.0530968692449	34.6128897925608	23.5915297722222	52.0115413598075	46.8779070363409	42.5340831481481	55.8786529925651	22.1894212679739	28.8412334241245	27.3538829766082	21.0201715091864	18.245525122549	22.2852832240437	20.746258654345	20.2278802777778	18.82955	20.3120499045346	23.5600276757133	21.7006894913151	27.3654159663409	25.8334187581699	19.9292527011494	70.032809186551	85.2324730825959	38.5346664102564	44.5215996969697	218.743525019084	15.5287382312362	25.3848368416206	91.9598989771801	14.2315374726368	17.8961612521589	7.50303752302026	23.8842830031949	23.4016593617021	18.2342104889913	19.3718193103448	20.2698209339775	15.4535837665463	23.8394877764128	41.2177836151369	23.1549005092593	19.5019016557734	22.4142185196078	4.39651958489
Phosphatidylinositol signaling system	25.4430015251668	22.8931510230246	20.2505510906867	34.8214799847108	32.2637761728728	36.8334883073985	30.3613010603829	31.7537161810104	43.1338769616389	33.2142513381443	58.5779115244334	54.9576915270134	44.9801826284842	56.102052128157	34.380451269052	30.3904646299491	39.0340130345451	28.5480342783505	30.6738375111178	26.4473263151372	24.7192505329135	33.7398540506873	34.1356955445988	32.3899749103167	26.5029548832404	32.32834350055	26.270588495752	32.8430674904901	32.8000882047636	13.5011145944495	10.3032775408266	15.4165457791435	19.4722229896907	8.99694991658141	31.2938472014747	24.1554406749445	18.8025673679833	38.6817724294507	29.9116481053363	8.44440034544626	27.6204538743783	27.0368270121372	62.1989716901832	73.8443950255681	29.4065570476617	32.1740971297778	20.9091333650802	33.4879853543503	29.9224575938988	36.285848285156	34.4952558775015	21.3213933301665
Phospholipase D signaling pathway	40.3988110283565	36.6184310329981	22.372424126306	42.9674617980903	40.1286740786649	42.0806227094939	31.6948021499733	20.6649225596004	23.5948406437768	18.2684069858447	35.4272430357055	36.1177413925224	26.3424055022831	28.5508058975404	20.6131495047005	50.1442732642183	19.9650811216054	16.6695108062776	23.9211168647596	18.9885612470993	35.4411405023719	35.8281183105023	39.5228486360929	29.4668310458692	25.2871557136729	31.0619934054523	24.6182594523895	30.3913000852196	36.4483407368918	16.8946222058955	12.0391609587526	16.4932433285037	21.7132980946451	18.689549670344	41.6140220175996	26.2965913664573	15.0438718555113	40.7726585495809	32.754851513947	35.8533286142435	32.305089866515	31.8784436454386	27.5222854632494	29.3375426817703	28.1690267447555	35.8689231212601	20.8915844024099	23.0623075900007	39.4616032677441	38.2757643661026	34.8912766998388	53.1406636863474
Phosphonate and phosphinate metabolism	18.7141422432306	15.0656074929018	12.9100734011299	16.1075216737288	15.5528190360697	17.2593295610227	15.8067972727273	11.6711310589319	14.3302656151645	11.4956882611111	19.6117981648616	18.271516773183	14.3977025802469	16.3836264126394	11.4815087124183	12.2030052723735	13.3661779766082	10.2873441994751	16.7070779248366	11.9320667030965	19.1508104507134	15.0461342361111	15.8794198550725	12.7467621439936	14.0255973242867	13.420774681555	14.6065201085776	14.000466631016	16.9487310344828	10.9724587418655	10.1532641961652	10.3834312660256	11.8767865151515	18.8647332697201	18.7679960126932	21.1714655616943	9.75369148329258	26.943096221393	14.9018254835924	5.41888623388582	10.6811883812567	16.2678051359338	18.3929588376856	19.6057989456233	21.3239885426731	16.3747088748496	14.2474951678952	72.7827992310789	16.0368748416179	15.5523455010893	15.8724044803922	12.593230890411
Phototransduction	30.8687089360572	28.0796086682723	24.2269653547633	52.2579206319404	46.5428149897066	56.7429419876241	35.0887723152709	67.6699866031625	95.9955768980317	67.9868931241379	106.420175919333	86.6788344179414	90.2835163729247	124.317015412127	70.6404599918864	60.4543536280692	83.9930767525711	57.7087400325821	53.134745030426	49.090439683437	28.8592866785187	46.4637145689655	37.2887897301349	46.6145293136367	36.4602715427255	41.8834752862155	33.4349459749523	43.8933276101789	38.7078421640904	16.4354136876356	13.5142505729326	19.6369770988064	24.1879099373041	10.1754088128455	36.1660793999772	34.2122788264431	19.9095528766546	46.3976871322697	34.6868530444881	8.32315225662031	33.3589742877603	29.8283171386647	147.346785341914	182.916688254825	34.2591171780776	32.0190899863065	24.3333176065407	46.0426297626187	29.338280643779	40.0130443092179	49.8470463427992	22.3302910112939
Platelet activation	85.9456996596865	78.9752705079134	39.1329550716238	142.212972959609	132.226444186627	151.802783006396	92.771954512987	24.913739048298	28.2557149993078	25.417263683871	35.1847986700827	35.0181271531652	30.1441064396655	33.8722105303394	24.7648538757116	28.3696991367516	28.1619350158461	22.6355773593472	37.2865249513757	25.3837183835713	73.45807390423	105.64912719422	125.996755887097	110.39608818943	78.4149316021281	97.7822078794125	67.4156478508196	103.303282485912	103.381294699666	36.0294703255545	25.7524108451684	34.1658451736973	44.9943998020528	185.845121770192	105.890002443121	52.0369169256817	29.7898564286418	78.3836865964131	85.394374320575	19.4819251354482	47.8189639905184	66.6102904964539	60.8197698781032	68.046074020172	69.2894055863332	85.0593558052871	58.8943175861932	34.0697760343619	69.3698726054046	126.027166567573	92.6390667865275	107.086759953903
Platinum drug resistance	32.3521070139289	32.5010808370866	44.611587983283	45.3122113301022	36.8865734635044	38.8768233513074	36.331727678349	17.3977785862408	18.4194447380798	17.259994130137	25.7311380228475	24.6755121346174	18.9421066565195	21.0653536797882	15.1190267042708	17.7965539997868	18.3139090939678	14.8854494903462	18.585272056809	16.4045691780822	32.3489211889025	47.2592600342466	37.3675911435378	28.2303090567888	26.6520680450139	29.4568997637581	62.0979193476418	28.4595297575269	40.3334392489372	17.9714494556206	13.760473539823	24.8660259009484	34.3690360273973	25.4231526424762	42.7850427045723	29.6425323772043	17.0738604431122	39.169315102842	45.247718674143	13.7265785926739	30.2098631778196	32.3319460784028	40.0410883864655	39.3226980104284	32.4312638706902	29.1729962687305	25.6781311642153	29.6511961071405	43.9265866574541	37.9770173023547	51.6148647091056	21.0552116887016
Polycomb repressive complex	30.14729498292	27.1553937576349	26.749618711451	37.799510668148	34.701808207135	39.9503749592319	34.4253088280013	14.7474587872254	17.4999768114728	15.1839169731707	37.6737585700449	38.029159339813	20.667167697832	21.4979038031553	15.0105362022956	16.6903669896555	16.8310010154044	13.4194693599962	18.8198095432807	14.4787076962548	31.054856841843	36.6217644969512	45.6938061346766	34.6299600020374	27.2993163391721	33.1450682276221	25.4477146389132	32.1534794611104	43.141673608074	15.0857811412095	10.8779542456292	18.2608856648687	24.5793911751663	11.7517082405511	35.7866759130189	25.054719002156	20.2903679758781	42.2070259850746	47.4811505573108	11.6657575468266	37.1839717509546	35.4478118461339	29.8257778058147	31.060302772045	31.095607869683	37.904453994893	23.6818690399712	48.9520679453871	42.1940060348025	47.509916981508	34.9947566119082	21.5661309944416
Porphyrin metabolism	300.181806252892	239.48154084253	149.233435544584	274.235832484801	251.443704454899	185.916493325678	204.9108983738	108.974518104732	88.2738012922187	91.7223134028985	45.4934087576519	45.1506529094475	79.7529354251208	88.5260051575885	85.8304560613811	79.2959973194045	92.2106084553776	87.2079065602533	198.422879759165	117.710691065574	188.341502766029	112.642680733696	117.933612060491	113.259018717962	121.323127924117	138.634451989427	72.4559548346551	127.984853562737	114.616553178411	70.0090694331793	36.3599571715083	217.065602462375	178.505748913043	249.544405238135	365.556881243162	84.4190143970694	45.0436760869565	217.471398032771	143.439101904708	40.1174989628873	92.9218970231976	105.41130179926	62.8647342897215	73.8568723699689	131.679535616467	304.804310984932	116.9414635493	38.2868970064062	171.308269530892	107.579230880932	109.806953075448	455.529331634902
Primary bile acid biosynthesis	15.6439994463668	15.6577502264756	17.5262113579262	16.6383876545364	14.960661786655	11.5311676359922	14.8571601298701	8.19933798180046	8.3789713127998	11.0304032235294	7.64734764281164	7.93725572313136	9.38346077124183	9.97050542532254	8.85425382698962	9.51626895857176	10.6484420990712	9.88989171607226	17.2277150663206	10.825447769206	14.7158507141222	14.5594327941176	15.4511366751918	13.5936808830549	13.2836604605182	13.5887083462268	10.4721275723319	12.2904515120059	15.554552515213	7.87157565777721	5.10799066241541	13.7492010690045	13.8539009625668	107.158371324652	21.9362700155824	12.6816037374066	6.2474943499209	22.1069912589991	16.3064646814995	5.10348023074423	15.0825598421349	17.9565777138089	12.1447840534924	12.2564718739273	16.8035381273089	9.80584345933319	10.7101391573927	11.5104018243819	17.3750203207774	14.4529287120338	14.2928193217993	5.38097707786975
Primary immunodeficiency	10.6711849027178	11.328646520558	7.15257674851122	8.07453701958314	9.97583281262606	6.18608374388861	10.5461943418743	3.15239489024937	3.13739120171674	3.25794673423423	4.13430444336033	4.36044362731152	3.3491846016016	3.43075748116146	2.86719764281929	3.7746872646966	3.11765980369844	2.88593961374761	5.09536575119237	4.00823920691183	9.34423327058576	10.5745239189189	10.0143582021152	7.27270265561504	10.946369368617	6.62466421031453	9.39048604850779	6.44979852290793	10.8503763466915	3.54846533915694	2.50947239655585	6.32679346933472	7.24232135135135	4.35732023829173	25.2711296326293	8.07462154248171	3.49084631005088	9.79246163735377	8.33048291555805	2.56939955577124	6.16469203177619	9.45335125646923	10.7233769290489	10.8145092823858	37.4846093615354	69.9235858835008	8.42018672554619	7.93541220133177	12.9632672735894	9.84163468821763	10.584740009539	59.8371418915553
Prion disease	1153.77737341603	1265.87623334922	1696.54698289643	642.542557720276	851.245484892175	722.611871485485	1157.34470910571	2021.05978603835	1969.95497973649	2073.08702475196	1431.72864354879	1507.49302433533	1953.13978901634	1752.5730870181	2078.72693529484	1953.32511866388	1950.4060869911	2149.0752383275	1613.68883779898	1930.13327653789	1216.37020857562	653.327787876838	780.979556734335	1245.89017757941	1444.19890263578	1341.39584435247	790.425696724528	1354.95071591132	821.191658112323	1967.10021068441	2355.33954338626	2025.33113426223	1617.93343682152	1620.49630607867	808.703910958195	905.930178807686	1546.49927139809	827.859079612654	633.749715324215	463.191623445726	865.832259130215	1226.71256518695	1086.45635263204	999.865536694833	1317.33656025629	810.354158420047	1453.83010914204	1039.74278678584	1030.54439929937	769.376086660419	702.255389372621	225.937785619277
Progesterone-mediated oocyte maturation	30.17476947691	31.3600065725271	27.545493610636	36.0568156795211	34.0195063367794	33.6240503280713	31.3533183009651	18.9742768123068	24.262874476513	21.1230394125382	40.8423181131388	35.9639197799545	25.6355001583418	30.880954814979	19.338581925886	25.0289973376647	23.7178611369709	17.6998743704399	25.0663812110991	21.5610090479771	29.7335398270446	33.8890137461774	40.1626188272836	27.4808315561297	23.629177414338	27.9137959316593	23.7125893422586	27.6284348545356	37.7968602372667	18.8300753599077	14.6360724632622	17.4061402073042	23.7504322018349	11.9837656611107	38.9094605320797	22.6175851082163	23.4062703822256	35.1007383452006	47.0984280581832	46.0433557453495	33.3372204751297	28.4601398021992	24.8359802946772	25.3967536588957	24.4907421858795	30.0381240277548	22.5087862840656	37.126423501529	34.2638354431568	40.3552155519578	32.8452559757151	23.3499384569333
Prolactin signaling pathway	34.4781046140456	52.7489064752981	107.11919847845	42.36795831023	40.1759830559701	37.9426605391772	33.837853961039	14.227147863457	16.7509707247088	14.3513547547619	28.5800211820526	26.7671402040816	18.5185703592593	20.1705699314923	13.7049260537815	17.0974505013897	15.7433183944862	12.1203641310461	15.7821396421569	15.1344858376269	37.7136892584769	32.9164926845238	34.6736853291925	34.0741948407774	26.872651993737	30.223797686636	24.8520913150302	28.6406392872422	59.6931629014778	16.8271055029439	10.1441769235145	16.0486810755494	22.0473933246753	16.3404930643402	46.0291134375591	23.1421479581689	15.7737067672022	42.2294976307036	38.0960246639526	65.2764334411997	1109.44703842629	31.7222396073961	46.4710233761246	32.9091801705191	27.2560752394755	30.9700960587932	26.842802020358	19.7383261532091	35.4169373155806	37.0209930280112	33.7400011588235	32.0386009946629
Propanoate metabolism	69.6054187657563	68.4002301570486	58.5378346991525	53.9145486381091	52.3135734316698	58.016652087102	53.0572847037338	33.8814503401243	40.0679587057403	36.23275985	43.5664158619134	41.2575854617011	41.5903814375	47.3886230622677	27.7012924497549	37.2827612159533	37.953267504386	32.5138307012795	35.6469063648897	39.4257831796448	60.9942390831712	45.1634845182292	45.0334211548913	49.9392673217482	51.1652321861952	50.0492144455645	44.7845547521376	52.7168420036765	47.4680440732759	48.7855805436551	59.0435957093474	70.6831111538462	80.3425186079545	73.9552317104008	43.6090955339404	36.1834286688536	61.7953317672677	52.642087145056	50.7115882966321	20.4762328927831	35.1745387899361	41.0401165259308	40.34726109303	42.4089400182361	47.1328825166063	34.4420313955325	44.8400779929361	47.9472205397041	50.1936554363121	44.6963713031046	46.1075649191176	24.0490716531756
Prostate cancer	58.0210891720688	59.6047570623834	44.4444860926554	77.1584041543584	66.4504316862118	68.6962060089587	57.8417579876314	23.8249782762431	28.2626106650317	25.7783179139683	45.2908792116211	40.103707084855	29.5320256680776	35.0107162025137	24.5943769837535	30.957040140819	27.655854552381	22.2333571451069	34.5736650345472	28.7621632688004	55.0753910555864	67.2189356190476	66.6200553954451	51.4730079836345	43.9775710891739	48.4724584511403	65.6863238161936	47.7158149678296	67.8966245385878	28.892183552319	20.3419907899284	32.3169098644689	44.9444375584416	24.6716080559796	74.4681128319142	52.8448244819784	32.8096606092677	66.5898479710021	77.1678359338761	57.6735381147066	49.5014224381561	120.739619007768	54.370934289518	55.6003662974612	44.1723542650103	49.9857994908028	41.3015324469404	38.3139352778928	70.3291514777221	66.8765223635232	69.4612838005602	47.0111698460535
Proteasome	91.910073331811	80.5857569565217	83.9299794937362	95.6523431600037	91.959958915477	99.8511890983452	84.9068870412196	41.6900144198895	47.9666402715059	43.2140970130435	67.7942979461623	61.7812093658058	49.5575082133655	59.6242083360272	40.5661962728048	51.2522255430553	45.7803360518688	40.5929546062992	55.5932101459932	48.5799454133999	85.0907073452039	87.387431576087	93.6629602741021	85.2527745698869	74.7149385581374	81.4382874749164	79.3627681086248	83.3964456451988	95.6152263793103	49.6879692407809	44.7772931670835	54.3697079786789	70.6180636166008	49.2525967598739	99.0820557219983	66.0246162046601	105.318062191719	95.6647855639195	78.4479024476233	31.8834153284891	75.6774483574108	81.5004490178847	81.1592765584719	85.5629517953523	79.4480034110481	103.942947344216	64.1186599439162	94.7285115464188	87.7162523083524	99.0869653580563	83.1719523388747	64.4374939961557
Protein digestion and absorption	64.6451503472845	51.3306879156812	17.8867474737535	113.820557047885	96.3169236172294	85.8173665669566	64.2551049300214	13.5134022249638	16.1311740118338	15.5410046508091	28.4404212631874	30.1917071530769	18.8735223685725	20.2942803284369	12.82279540415	14.4760828087341	15.0068527852155	13.5663111562572	13.0871039810584	14.4535204854369	46.9474152982509	97.0584940776699	131.815292904179	74.5230457865468	46.9293717163589	65.410575353056	21.974324073875	60.168279477528	71.1844650719786	24.19748697934	14.5028526179225	21.8928700522778	27.2786401147396	9.9836941132439	52.2612252298592	25.3320709837473	15.3357363342987	51.0876303056079	77.8170350274159	3475.92224351982	25.9008401119762	49.5351092253667	41.4963000952977	49.495424043934	53.6697167778247	20.9897203571554	106.949433846759	19.0941632163126	36.3833083659797	98.6921286997906	71.2796138812107	5.76296473164952
Protein export	67.993562423421	70.6662396384019	70.3791485839256	92.8658972259431	81.3281829128551	79.1329435315812	65.959686137411	35.2089702370344	39.6535863367022	37.3749089827957	52.3787679573774	46.7650812733447	39.5434563130227	48.5341230819043	33.3179699329538	46.1335052240492	40.2842727651387	33.1831041300483	52.6423965322581	41.1161873770492	71.4096233067654	76.2415738306452	87.8996717531557	62.7626881876973	57.0904629079399	58.4261053069719	59.452142205527	56.8496098683227	83.5151267741935	42.3392630711637	30.4640223565515	46.4170506916873	61.0616819061584	50.2666437306082	81.5825538143559	66.8491040741401	41.0711338749113	76.2731002407318	82.4505042787899	51.2975354526822	92.7053706832938	72.1935306932052	58.3996405133541	57.24315003936	56.6799399594826	69.988299852102	59.0052504803044	82.5922041234222	99.2635296816638	84.3476423824584	69.3278049506641	37.9171225955088
Protein processing in endoplasmic reticulum	70.633841395379	79.1909159428268	70.5801877068678	101.022639804546	91.0360694456906	82.835778418728	73.3698859927933	34.1542969725034	39.0764363802129	38.7238695776493	69.5469256591056	60.8915427684819	41.629492039392	49.9788462154845	35.5517810182478	45.2440303990014	40.6574478720211	33.8924250106959	58.6900338456307	43.5705253185508	73.3597133881379	83.1105885187861	91.0217741517969	67.7308791466056	62.4078002693473	62.9867064243606	66.3127250125209	62.3243826595778	90.2386744189755	52.012523311098	40.3910753707351	50.1419914373055	61.2970118759853	50.4218809716278	98.1277543254029	72.6674346565324	54.6956117825091	82.8736906673281	100.656487831921	50.7218795080318	83.6625579672755	74.8175402750789	61.1718460043686	60.5471539051839	61.6566019351596	79.8782066999854	63.7074943738904	75.331784934657	104.762257300561	90.5373089138237	79.8703485222713	53.4529932706829
Proteoglycans in cancer	102.122457929401	93.8917962871333	47.376821446665	166.821215583523	151.739725102658	176.857388296218	111.739403823738	25.3487677386548	27.7807919676297	25.5114239029851	37.9380106977747	37.2025102111622	30.1181779928137	33.2204931158335	25.5664368202127	25.4663468910312	27.802519745134	22.5935371539938	35.6872897097844	26.3668924954463	87.7508778192694	106.990852943615	126.687879604153	122.838466629502	82.6212701122779	114.483740065059	71.4705036461828	118.463826222985	118.808155143249	43.0841828544911	24.7757117027693	37.614108246747	48.7124768113976	41.41802005184	117.993142176617	55.3006213006789	27.5309006672019	98.2697438692359	104.667477216508	24.9759331450482	47.5377455128511	81.1596398643308	75.427389464964	80.5795405586128	71.5070013577042	72.5043583679078	65.6320385992641	36.1005621182734	79.9518123057956	141.438701206061	100.964721756512	66.2377560184755
Proximal tubule bicarbonate reclamation	69.2208371130191	60.4462361388045	31.983861146647	108.66060585759	73.2321296641791	55.580552912603	40.2007640880858	65.6240622411722	80.0079369341295	78.4290144666667	96.2970580411238	96.9353730892449	84.0829918228663	99.2407352755778	58.7493610946292	67.9989068025715	79.9578942608696	67.2492223776104	51.2034018883205	72.262225685436	56.0176424564372	39.2411316847826	36.1792446880907	37.5922183075646	63.8434239720432	61.4241351407919	35.2094036092621	64.0886269231961	46.7959091304348	39.8851317532774	41.2425711639092	84.1183163294314	107.366552490119	68.9580107401261	86.0681480686726	45.0779424573625	52.0415135330073	69.5192654438676	31.757901115116	25.0510993730483	39.9861969398528	33.8456986463151	42.612166512389	45.4632715609503	53.3324073724008	17.9551165499922	49.8100006217284	30.3259562812434	56.7258797470125	43.3426434327934	45.2980233017903	11.4608541258325
Purine metabolism	26.4902638556534	25.3958751879343	22.2445806803874	32.2261139744754	28.7827238773395	28.3235983189764	25.2566497619048	14.4628902990441	16.4884328581647	16.7034066846561	20.1347058131339	19.2926567517007	17.0288116816578	19.9812313846108	14.0470830510426	15.90898743623	18.1641453519911	14.9790573712661	17.217822605042	14.6348382565704	26.1185039208511	28.1248561937831	31.5309658557626	24.667122805243	22.8287016457898	23.321410523455	21.8280845001551	22.8369569411199	30.6415255117679	14.1524077968874	11.1890262547408	15.9023844345238	22.2629403968254	11.9239808278808	26.3799515812572	19.5765264513724	24.903179342958	29.2279206249704	34.9713433530718	10.8568479568973	22.947339146762	27.4115521127434	22.0755685971521	22.7051718475012	22.5049019741584	24.7863610357573	18.6607819104169	23.3766019724331	27.2771282103407	30.3162128078639	26.9650326965453	14.6296101928285
Pyrimidine metabolism	32.2641708688388	29.898284673481	26.755088980672	36.553779789994	36.1311858680283	33.7647275037449	32.7867775142401	15.1809514471261	16.6646989082147	15.8427413192982	28.4960561954525	27.6621442764807	17.1459307823262	19.7488859557816	14.644583128999	17.8810989931053	17.1235378965836	14.6359787477552	18.7062608307534	16.4831563387978	31.9103191784422	38.4351871125731	39.4295498932113	30.6437280818993	28.8444225165733	28.503180547647	34.0056230481742	28.7264656002752	39.165851246219	14.9034625939034	10.1211927142524	21.3562838107287	27.648397830941	21.3066374353823	34.0829920701173	28.6533958999709	14.9804609314546	34.5486438127782	37.217845708572	12.791613012019	29.4840480051567	36.5112738720916	26.314604278438	26.5434997896598	28.4594860310196	33.8429150959529	22.236468968059	24.0963505263158	36.3251990897199	38.0962582983603	37.068359747162	30.2781208293461
Pyruvate metabolism	90.4782050320128	78.6414671463338	63.7890421618817	79.3864462858872	71.7210528594274	73.913323519596	61.7570819294991	33.3603120374338	42.6508121030043	38.1773772108844	49.6818799749503	46.9023445695872	46.5496993983371	55.1315978142781	29.1777581304522	39.381322564917	41.2409436920874	34.1479542423268	33.6979402691076	38.6096851377272	72.6092257674899	47.778922414966	46.9059888464951	53.3628633169354	53.6738728332836	57.597734750595	57.7979604583527	61.8006157310197	58.3519434834623	53.9240296914427	55.8279502302691	55.8299819368132	69.6650000742115	107.361617414706	54.5276527811191	42.2739998782275	65.2930924963824	61.2179778489187	50.6951843671355	16.4390134676965	37.802683117298	43.7168405427703	45.9657209890592	48.3819646521951	51.3854821916593	35.3168066588079	46.3927988341774	49.4077823010944	47.5565417496121	52.7982727837802	51.5995075282113	25.0456654103235
RIG-I-like receptor signaling pathway	22.5262756806334	23.2769782500473	16.734218007533	22.9179908689383	21.5963483545813	22.5857828424988	21.1865075883838	8.73478458179865	10.0597734942775	8.83840625416667	16.7910350100281	16.8337818859649	12.0279829753086	13.197303884242	8.47750781808279	10.2536241655858	9.01249970614035	8.38009867946194	10.9507986186002	10.0978783128415	21.6221295806312	22.8970493460648	24.2461435990338	18.3386447633254	16.6108726542566	19.1023423559415	18.3205399341748	18.867028389285	26.306534066092	9.50912991564232	6.10971112002212	12.3418649826389	15.2982762878788	10.1570631472646	36.0262247291207	16.856378868938	10.0463524144254	26.7832266540216	24.9944846596143	6.57248326580724	19.2666077360667	22.3306280663909	21.4346268441714	21.3065624926319	22.0323629173376	31.7233718025471	14.3970483596096	16.1119498872786	23.9996916816927	25.4480555482934	23.4651812745098	25.8812913242009
RNA degradation	42.7004150759535	41.6064998558511	41.2864713959148	47.7179032733051	45.3074021962304	55.7934612041263	49.5057079337329	20.4624448314209	24.7655529531198	23.4374763064103	53.4851562510414	51.0371824860228	28.0763606092118	31.3165613659327	19.6151251845148	24.5197026339419	25.9306212847503	20.4312371421361	25.0820812236048	21.4699686296763	42.8147797405966	46.8183281944444	46.7648964158305	41.7175078557004	35.6270958294524	40.20199978431	44.0626213547148	40.7924886308789	52.0701050574713	23.0991944159853	16.9808659402655	27.2197444538955	39.447841981352	21.2082581782149	45.6890493827475	38.8097529855504	59.7270973819823	51.7418252194795	57.1460806895177	21.0292774716674	42.5310276419268	41.5734405450991	45.197056561503	45.4887763347616	38.7526444363929	42.4960887285939	34.2818331244881	44.2422853561254	43.4316515393987	48.4602533475783	48.7615768453997	27.5580754588562
RNA polymerase	36.627007219888	33.4860132428099	31.4747763649053	36.5140530539631	35.9309946674715	36.4343128994637	33.2238266424752	19.4644723513162	21.2670459252714	18.9388649843137	34.9750306540667	32.905188344759	22.1447257657952	25.1110649114367	18.7131500657439	21.7921424341955	20.7637213839009	17.4434318758685	24.2618197693195	20.3787756027001	35.2452790547036	35.6404527941176	40.2179833759591	31.9696802505967	26.6114770882967	31.3613172697416	30.0991670061314	31.2477537700535	38.7140610953347	20.4918116096721	16.6997868987507	21.7872011792986	29.478539197861	17.0249180478222	33.9841051407285	26.4627671140722	26.7860612861355	39.4533784302019	38.5189869079549	13.9257572603185	35.1154458231535	34.2406601981644	30.3274150058733	32.3121462732095	27.8266115686274	34.2663328349968	24.8604693561208	42.3443364563797	39.4672012641899	40.4975674932718	33.9063668027682	15.7514485894806
Rap1 signaling pathway	56.9555030180072	56.9469386771315	30.9726050493947	91.0189694634786	82.6482574465174	98.9733664450417	62.4323836332715	31.2723638113654	37.5382991416309	32.9930241274603	45.0711662057762	42.7159623988543	38.850681131746	46.2295199084794	32.2979189708683	31.5689878541783	37.6230130573099	29.3118694780652	38.4157670880019	29.2070912661983	51.9405850289049	58.8049064107143	62.2537252339545	75.4225246062053	55.018846177453	69.1691871552641	52.5844459987591	72.8548550901452	69.5785217422003	24.1176486467307	15.6975711164138	27.1572976662088	36.761244038961	18.320627889313	73.8486814164301	40.1195581199684	18.4865104196647	63.8444671431414	54.4771562272391	33.2401602332281	40.5297292062985	50.6257162700101	60.2345451706532	67.1215954958949	50.51113947366	61.9638821340897	42.6680144029484	29.3087407753623	58.162936677736	78.8159917161531	61.6864213081233	77.5024965405325
Ras signaling pathway	38.6197896346624	36.1848614136794	19.8128837126578	40.9086711014245	45.7763179471261	42.6531728909074	35.1888758828406	23.9319853915599	29.2840575162086	25.2967598316312	38.7696392950304	36.668068700048	30.3711720285264	36.6362217924543	24.1301966736754	23.7413124963987	28.4720400389698	22.2769565268889	27.3008902511473	22.0490285869085	32.8475821175594	35.0141665088652	35.0245432895467	31.2495491989032	25.8809154765691	32.1445916331767	27.5676878290942	31.6624956561611	35.6965719809244	22.0001023848248	11.3823150433063	16.5493100339607	21.041930901354	16.4606412026961	38.980121851557	24.0329669072529	14.085288829319	45.5959464613528	35.071275092713	105.175484862936	25.3465553517776	31.8477066686283	45.5380886575808	51.3790735704047	31.4807839804708	33.8391685674783	20.0148336705526	22.151738236715	35.8446084601219	36.6969830065359	36.7716887118899	28.2915491264672
Regulation of actin cytoskeleton	95.0001863322829	83.3288569789403	47.04323550263	190.976963383986	167.21268142756	206.879768555442	123.819389759292	29.9725298792627	32.7053454639633	30.2934307077586	37.1602139676958	36.1868875852346	33.5439115306513	38.8626372952186	31.5819663076403	30.7182904719576	32.7216173380218	28.0496885796226	53.5806017366041	34.4622613741285	76.9015907528009	81.0515702855603	97.5807938005997	152.455514266213	93.4659946162083	146.351542945474	66.6457952547596	162.483712786742	112.468699060642	80.8770136098437	72.256215829646	38.0176129625332	50.0616823471787	32.5656385956831	112.199881451387	50.6679947042294	83.16725014691	97.0638999081317	74.9510967279346	34.8018786711755	39.1092544414454	80.5959506551113	56.4354973371868	61.5244727012828	77.8795262535399	88.025576299639	69.597662153372	38.2474924641846	68.0191433577838	125.931986007719	84.8708002352941	94.6027067913965
Regulation of lipolysis in adipocytes	246.910413555524	242.487831152658	23.4292078471704	38.2519033524849	57.2711778225398	34.5593929517526	34.3911015232225	15.9094359256485	18.2606887109915	15.1838193338983	25.2489049923515	23.9050996865044	19.3367765775267	22.914611275282	14.9414537660352	21.7348364466135	15.4838110169492	14.3690273054851	21.3056819001329	15.2677823997407	197.900190339972	23.7883765819209	26.3206957848195	27.8067270624166	20.8917743455646	29.638140174959	14.6219890548225	28.9005682162603	28.3644821332554	585.738637273797	24.4160677212389	16.205720976206	23.0917710015408	16.6314580275585	41.8491517743293	27.0311781496395	20.5769753182628	44.5178164629395	28.9125493035918	71.6178073962918	158.462275436183	27.2676701292223	21.4578331255695	25.3293950123634	22.0734337222632	26.5822473499358	17.7162475342523	18.9418920883485	42.0402417595896	29.1327986551457	23.605497891326	28.9794628361863
Relaxin signaling pathway	76.15254088637	72.4286467029832	31.026641611352	119.034471736631	111.934340460199	124.921042850155	72.8400291865499	21.9451311700715	26.1411445859534	23.5615695901809	36.8242908935718	35.2010109209069	27.8704184211886	31.1524152125299	20.6341235816993	26.1564318604651	25.0966395832993	20.8188379768663	24.8477677583979	20.684428505528	65.8343996142129	89.473289867571	116.019315419616	68.4139199957448	48.9090197905844	73.4308969078808	34.8493646778022	70.7173140163606	101.490834806202	31.9438942812221	18.1492470441449	22.9622860092427	31.0094665680056	19.1504850606545	75.1649129353406	36.6367919302754	20.6954246468983	65.2162920382969	70.5639402381813	14.91958393186	47.5363200742997	59.0134303636814	56.6607537028305	55.4932018869903	44.1268425191926	48.5543955021968	44.0071296030703	30.9119251752612	58.3406554266966	108.85684582966	72.7032544309165	48.4797676941122
Renal cell carcinoma	58.0702156495352	57.666971485569	31.426174611152	62.7360289010685	56.297504417586	64.5347064485413	47.3921545529832	26.3103805933221	29.4336760222678	25.9306668922705	42.0897838533982	39.6503986749482	31.355522993022	35.7225351742902	25.6068959505541	26.4973355625106	28.0213206168319	23.4636767145955	32.6287675291276	26.0539371996515	53.8875937855975	51.635192397343	50.9190734971645	42.2626361644357	35.8312175329037	41.3751469773798	42.2913645385451	40.7675133648506	56.2909993403298	26.135837736804	18.1535581015134	25.750812559922	34.5756311462451	20.439039682487	71.9719839550341	32.7807126335175	31.9660983393572	67.0239278855721	47.8463364924533	14.1302244395068	34.3015256220771	44.1583051932367	50.425449078341	49.4393171989006	36.9501037247077	42.0728768272903	32.4124390154186	34.0141961384163	59.2667616687855	56.6093049209056	53.9595962838875	37.1946242389951
Renin secretion	46.3982093537125	38.373100122707	21.7461875824122	72.0351268653279	55.0349077633571	52.295101220034	36.0211406060606	40.8793241052126	55.3312590775642	45.7816505487923	65.541116016324	54.3290227345538	52.3825899758454	72.4897634787996	42.7830134737141	43.8808724812496	53.0717543183321	38.9748215748032	37.5339743854788	34.5933660362715	37.6589115739018	47.5571148128019	40.6724401008192	40.7241665442219	37.9335039702278	47.6044029327148	36.9207879162536	48.5079399987083	42.3257465217391	504.752165589299	22.4467885904835	23.7786096279264	29.3121495256917	15.6880319626065	54.1885278306459	35.8970403266875	21.5553617979519	46.4061728057538	31.8545827205827	9.7064732756826	41.6548303255082	31.1140210787337	77.3005647289566	93.672324007996	39.2940276384513	32.1794133746665	22.6028985176085	31.1628531337954	51.550524864819	43.1667229932746	51.2874217519182	25.2809904589673
Renin-angiotensin system	24.2431714389234	16.8293248929709	17.5559870773766	17.0004101842299	17.3362925324465	14.2993274020009	14.8561684867307	7.91707261109777	8.73002262175779	9.31572627826087	14.9411509088055	13.9574994475319	9.4033990821256	11.4679367690318	7.18502802557545	7.84007075790898	8.07217048817696	8.16022947278329	7.46393642369991	7.8431730411024	19.2436641541194	13.3339837862319	14.816361247637	11.715176793608	19.6634027339566	13.3816485435322	8.86908123141198	12.8773458901031	13.6158686056972	8.26507578515514	4.98556772027703	30.4989299832776	13.6471173913043	30.9104256057086	23.161685794702	12.9060327936584	5.28521524396726	17.2890124341337	13.3326284636179	74.3773441916887	9.80980434504792	129.198124711687	16.000753167034	19.0655273543997	71.5149183679899	14.5672224501648	8.21431893814763	15.6449210480991	17.0115810869565	16.2207132793407	12.8229712890026	24.951531063945
Retinol metabolism	37.4944736609426	33.5766185257882	16.766637385409	22.744640492815	21.6045303217608	17.967240895992	17.744615802748	3.40652997037393	3.46943863096349	4.00678522463768	6.65798913514362	7.1533640051215	3.78940619538379	4.42009841818868	3.26989947200909	3.7088006366661	3.28515906432749	3.7129599166952	6.33017902884342	6.81913201631425	28.107708555236	13.5966767270531	14.1810832073094	16.940964887759	21.9565269377629	14.7460609889596	15.4344151699476	14.3229300452091	18.8477365667166	7.73809128768588	3.54751561113249	13.2717090314939	11.5512426613966	119.654294128222	18.6099359593051	11.1205088902234	5.9711785858049	26.0355932608696	13.4693849267853	7.03021112458964	9.97589249664305	18.5036415006681	12.8316329341704	14.0980593003498	29.5439128495414	7.72409837388165	17.8921315350924	10.703068926346	15.5744997993474	15.9420304272047	16.2742742105712	2.52055320194199
Retrograde endocannabinoid signaling	903.117810647974	1010.75252483051	1217.32138220201	471.21215333391	632.732341396842	500.374810878447	891.486558931885	1407.16915673582	1368.00297776532	1556.70446340227	1014.94264222132	1132.83302875147	1431.56279356589	1211.42399832259	1466.69503320075	1391.80107308372	1428.11369327796	1583.9631339496	1272.4347509934	1411.43740540686	937.039612028243	459.859636825397	578.665296569062	927.972257888071	967.255679403945	1017.37884526831	502.244077755878	1029.06434235124	623.080061827352	1452.49653500553	1674.35996990338	1335.47105583137	1138.28769069264	1147.68768014696	609.333703214511	635.521070790018	1098.56972273548	652.547383309879	479.444361686229	355.383372887586	612.534132909087	915.21605059174	780.053215609371	713.167139128999	925.596320262907	556.068247587367	1105.91718882582	776.833034743994	720.699036759757	578.531554520919	484.8934519996	140.239281647563
Rheumatoid arthritis	68.4273387002493	72.884708440197	38.9959877183833	63.0723238265971	65.4488962202723	49.3379589782287	43.1773555915513	23.2097711274361	28.5704179535915	21.3894442424908	44.6955219034395	38.1383845393704	30.2838808270248	36.9181848506883	23.7078637405732	30.325446060632	23.277057331791	18.5522942004846	37.7916002380952	26.6281910820873	59.4146270862017	48.5871668635531	47.1281956617296	37.6520937540979	35.8033532317787	33.9412279783492	34.2312711196621	31.5850872476543	65.6904644486548	26.2526115532407	14.7193394831275	39.1168137647929	44.4727024475525	20.6913641657579	119.162173828688	42.660403580839	17.0450667351353	68.5488270877481	37.2711234100097	14.8424010090462	45.3401581739985	41.8128898951758	58.3725302241691	49.7626971218702	61.0002034485321	106.959926010632	35.3368634711235	22.5775782322026	56.8757541647388	46.5331534712346	47.245128874596	94.8426865724686
Riboflavin metabolism	30.7973033088235	27.857005455707	28.2738417881356	28.540146440678	27.2235461380597	23.2178600542692	24.6315448701299	12.0929778798343	14.7005894742489	12.362773425	16.067859467509	15.0488621146617	13.7482879675926	17.3913305576208	12.0985801029412	16.3546504182879	14.607848377193	11.002484640748	12.9364638541667	12.4790404166667	29.035367942607	29.70049484375	30.8292032065217	21.9018874373508	24.2529356863257	22.6368693641439	30.5460183937296	22.1639672170232	27.9291337068966	13.0110978796095	11.0965200580752	22.52011828125	22.8985161363636	27.1180923043893	46.3189380380795	26.9219047651934	18.3415716305012	26.7251932873134	28.9062698445596	13.3455566747238	22.849351813099	28.9097633776596	22.7989630875576	23.1297836140584	28.0735076449275	41.7619233980144	28.8002286578624	20.7116003109903	30.1586256140351	31.4375901470588	29.2294244779412	34.4160430712951
Ribosome	472.552827192113	454.471635998794	302.487236964959	431.089233317939	436.392165611479	466.930791001561	502.073284562235	161.559403853746	136.67031981627	135.711209899438	208.915777115158	178.126767748585	124.397942598419	147.267437728374	134.199460046045	148.046150864119	163.917416584073	127.456253305538	217.19015878525	173.903030377602	525.942880041752	651.747421692416	707.229685637518	440.253755104449	373.515144147217	398.322419717846	444.416735876276	372.75280139438	617.258512717939	178.613892528821	129.174012787859	230.521209435501	322.881646062308	143.75266302363	396.947263943188	364.625648171829	258.488305972913	447.588872062552	1120.35810064883	297.399786116457	328.210092393833	480.671548800901	622.788776381453	609.687728065598	391.155317519948	465.233398278911	340.312175709494	196.39646674578	437.145073406761	648.078121379158	577.934147393919	207.151892543062
Ribosome biogenesis in eukaryotes	31.4687048579667	30.5908836558773	26.2613982987039	35.4463769937687	33.8881958639157	36.9419070068954	32.329117683728	13.683879121872	15.8276875097198	14.5628873592157	27.4648766056488	25.2989134776648	16.9868430052288	19.9612808134704	13.4400317005767	18.0022401286336	16.1663675397317	13.2427538805002	19.2299040813149	15.3091630858245	32.278460369192	36.1910702598039	39.0197970690537	29.2276603714727	25.7910281139629	27.9430900540067	33.0431555002874	27.7662706408724	37.5462866653144	15.1710497123899	12.0150458019261	17.7743928348416	24.4662552727273	14.4370379901212	32.5153212512661	24.6262977692558	22.0686415735654	36.9165755661106	40.1399898975922	13.0120615940851	29.1428760529976	31.0291894881101	35.8742204328183	36.819159000156	27.2115317271952	32.6548289798259	23.3260967397023	47.0631165967604	33.4813859549364	39.5186748112265	35.0503383910035	15.7921403286206
SNARE interactions in vesicular transport	36.4405337900008	32.9825520711373	26.9172268248588	40.187211780945	38.1160611940299	37.7953839411481	34.5068164502164	24.2455667286121	32.3563221706334	20.3808988030303	49.4295678601904	49.610128304853	36.9845691279461	41.6521328275318	23.9780649661319	27.206419645089	23.5197289718235	18.8376973323789	34.0495773737374	26.3964397549263	35.5055638208938	39.2624487373737	42.5355156785244	32.2551474318363	28.3845934155754	32.0124038596887	30.8211251016681	31.1205338772754	42.2984141588297	15.5294004989154	9.92514975998927	25.3470870075758	34.4091460606061	14.4666923305575	48.197636106763	31.9910389134438	15.6602263065866	44.5474108240615	38.118891716125	13.6604299531224	40.5123935395488	37.630933030303	33.4006950728483	34.5107612257857	32.3920115868833	42.1806023542282	25.4016068021741	29.4732544934856	41.9461729611909	42.9603248702713	38.7905278983957	25.7335857058757
Salivary secretion	26.3797745858765	25.3498563247557	20.1696206629795	38.1399007435326	35.2714276861744	37.4348800440247	26.2000948051948	46.1460936917709	59.3870868457195	48.2131701838597	68.0959866513395	62.7102573601108	60.5705464962963	75.5205130420661	43.9889730571723	43.8277016027033	52.3593422958449	41.882352655201	31.6200639783282	36.9711891855047	24.5858219721483	29.7452066096491	30.3072186453089	32.6070676555709	28.6647679852763	31.5958204278438	22.7974338582205	32.147185691153	31.8985779673321	17.2828938490695	13.648867866558	18.7766993603239	25.6283707272727	7.61224836239454	34.7453334466713	735.413107385868	22.7048136199974	37.2562316252946	28.2762809233706	64.8606799174179	37.1290427180091	25.7057304654722	60.7790019143019	74.038530102471	34.6906435397915	26.6930655895877	27.159090750291	32.3643093239258	33.4459154530625	33.0486683371173	31.4931439417957	45.6913649278364
Salmonella infection	96.8884356998864	96.2054439085815	64.4820864879178	169.118485524386	151.131868615057	189.325902363492	122.260521468732	46.8823087678892	56.188443336953	45.8023837360107	72.282657704899	66.3732465116104	60.7717164416183	70.6218021865902	46.6462123338846	56.0771708990046	49.8531795658423	41.1919277946431	75.1351783803843	53.2735123999824	87.6135502661229	103.194813468876	108.302370436529	146.054606312985	99.5900582901124	135.785555840932	101.340136085253	143.871174348947	132.16281893782	85.7295472660272	80.9104420983936	48.6995698304757	63.2783888134356	32.4495562550967	118.853215706734	69.4527253852981	123.650040947114	111.48730290793	102.964096185155	25.4094664536599	63.7700266157281	89.3269983583981	87.0646095026496	85.2836403144141	83.6729370030848	89.6326956432227	77.517822475652	69.4065471000912	85.0097136486296	132.062865375226	106.69101468533	104.407987109084
Selenocompound metabolism	21.661887587741	26.4155007626015	39.9043638305085	31.5615805907278	35.7133309218613	26.1902385392015	29.119016065699	9.52622575560611	11.3822669553143	10.7101362235294	22.0313339180293	21.2924049314463	12.7461687494553	14.7928978482397	10.3193148327566	12.3523933348592	11.3348345118679	9.40345786012043	17.8696896741638	11.3570567052395	21.6881842343786	21.2080388970588	24.0579178516624	20.8684450708971	21.7493603131524	24.4758915880893	16.4044353056141	25.7508236164412	27.5338314604462	13.9389589332653	8.25845996356064	18.8042008597285	21.4620917112299	33.268092350696	55.3332137865212	19.7054687422814	11.0954218243923	30.0272877427568	29.2720349984761	11.2611643158921	21.0378727776734	24.9131676387151	16.4384585199241	17.1810640989234	24.6217093577721	22.1728837269059	20.9468340757335	22.6563256294402	29.0168851092191	26.4686593694733	20.5759223044983	11.6695052736063
Serotonergic synapse	35.8023314520808	36.3578730647664	21.9735057339588	49.0263347835956	38.0142000906183	47.8538800724881	34.0218086317254	20.1554644662589	25.2914538638105	24.1616720360119	36.5879419523595	34.2676233237111	25.422486994709	31.9574140447424	19.8870511137955	26.0277852584769	26.9779841889098	21.0599514812992	24.2852969866071	19.0350184162763	32.3704283119094	32.3954219308036	28.3063197864907	28.3551482230225	22.8411362349016	30.0244712389224	24.3062649160947	28.7502598648778	41.0055161791872	15.9063585547722	10.3838211717762	15.7991158791209	21.8954893100649	28.9189804198473	42.9964973879494	25.116703965075	12.4142645064181	36.1018934247068	35.6165173700037	6.9675525081393	35.4662121730945	29.8117528299139	40.002833182878	36.9971337941692	24.7717657638889	27.7500272347215	20.8781541161372	15.4756081064527	37.6843449105837	33.1950642985528	36.2240097652311	36.4976901278687
Shigellosis	85.808245749916	82.8646909022828	53.6278488934237	136.089022501525	123.459500333284	157.280882811867	103.782777597403	30.7343286453039	33.7885920964807	30.3994889393333	49.1933315663538	45.9254340890226	35.5659863601482	41.4422159220818	31.1273507604706	33.8419830823346	33.0464599983158	27.5642723968504	46.6079383121569	33.9147113331148	80.5306079037354	89.716402325	96.7236448556522	119.705654463198	82.410479948476	109.219220670769	76.954333830684	116.75084697811	108.913913517241	72.2977786036442	69.2848732142478	40.3202872938461	52.4109539309091	34.9864368734351	100.767459248013	59.9896747874033	91.2431804113447	89.9511642247164	96.8405272978238	25.9705867534807	51.822522766262	78.692100164539	71.6693739154531	72.9374127648276	74.6271127513044	84.512295826426	65.4887323190172	51.1126977218358	76.5725723843275	115.527194200523	90.650236932	93.0663657326526
Signaling pathways regulating pluripotency of stem cells	24.0841062683947	26.0978169320009	15.8721464351874	30.0940091298639	26.8661063064957	34.6065316226738	27.5547334068045	11.4763094058828	12.4957522229946	11.9180102631455	19.1722948489856	19.451020145081	13.7806789449661	14.4155835936436	10.3455492844518	11.279114736395	12.3188512942921	9.92456390650992	11.4952159876415	10.0437008747018	24.2443233927495	25.4333036326291	28.3909499173301	21.1396744846886	18.6403228301332	21.5219997925768	19.7737617487498	21.6936954930833	28.1115674259349	11.7110854093978	7.31654633943039	11.0250584134615	17.0492338412292	10.4411070169874	28.2786042049482	15.9048233993464	10.6347313208099	27.4299045638007	28.5231184134861	7.03110326569917	20.8420718332358	24.3617483233443	28.7138658801194	27.5690631560317	18.9824756613595	19.1901593829766	14.7762039780946	15.6675004769681	30.764261166399	28.6532793224708	26.7359824047225	11.8901200775262
Small cell lung cancer	48.9379100389721	49.5394814606326	26.0862013198231	113.196576347412	91.7230938595068	94.8792285245076	44.5348911208357	9.54223325426375	10.291179334764	10.7337778771739	18.3431917379532	18.6727178677672	12.1743368091787	12.7609423428156	10.019802986786	11.1285426336491	10.2203256254767	9.64947324289627	14.6055121403453	11.6412588827512	43.2829364836745	39.2893534963768	45.3789089603025	44.7804604519041	32.8904789255242	48.4513227578487	28.4175876308242	52.0760051362086	51.7222859857571	26.3848872474771	15.0152150976337	22.0510173860786	28.3477400592885	19.856874854381	70.4163975741434	25.9031457206342	18.4017483281067	56.9679679033095	43.4251425287227	10.7206303086716	28.3088588484512	35.8240518605458	37.1292862387297	37.2501911120401	32.6141220951481	33.9261207667556	29.2007169362248	23.7134833931947	41.7706860796466	46.7425379362035	40.7410866630435	21.8887762534517
Sphingolipid metabolism	51.3857722202699	45.6999241567291	47.6949170064715	60.4764603593991	53.7488368697422	49.5804939852651	46.2607246540732	20.7020263164239	23.1867240850566	26.5624176012121	40.4826491132261	39.5254052638414	26.9128053441077	30.9340460973302	22.5966027971479	25.8142810201627	26.9389576497608	23.6596668911954	44.6693663877005	27.466165822156	44.7154072882915	52.1070473712121	59.903657715415	35.0077437392059	33.2559644813057	34.3607775181593	29.8542503683743	31.9685308296872	51.8181544702194	28.7879047004536	20.6072842855994	29.1501398811189	33.1184119834711	19.4991300846634	56.7504783085491	38.2386637609242	23.6251793256279	57.1012253039349	46.5566548252473	14.0656298468106	38.3693526825443	42.9426087433914	51.0802560885351	56.0606445080781	35.5031562924901	48.7698681332458	31.8871851391557	31.8337765353535	56.2590632567783	53.1616508496732	46.4250047497326	45.6601257980301
Sphingolipid signaling pathway	38.1318866192283	34.6024391144145	33.3813633387097	43.7429260307887	39.7541000987	38.761616585827	34.2161579461667	20.2930179664944	23.0646508362176	21.1489694763441	33.4212002690113	32.4312728465317	24.6949850540621	28.3369074967022	20.6602434101834	21.4685748842099	22.6063592560838	19.0565991764034	30.1947341939437	21.9512399396263	33.657753156301	36.9607390793011	36.879149684432	28.1820300546616	26.6410525195299	29.2307036342352	31.7271917847011	29.2890816425162	35.1626558982202	17.236914983906	13.4108751320297	24.0059962616315	26.3119911143695	19.4677185699335	49.079475917806	27.0410898908394	17.7801047973026	42.2304231688734	32.7621342800435	10.5502776688647	26.4642789925796	29.9062075408945	38.0015950190773	39.9438533169333	31.6110861726664	45.9262522187609	22.4947522008005	25.3286745496338	36.1986244143794	37.7477475242463	37.2037130877609	63.251927934359
Spinocerebellar ataxia	46.303026768947	42.8502357514936	44.1582918663165	50.1071106030676	47.7553957189405	52.8560914058009	46.8950981205414	24.88574631624	31.7230675403494	27.7877953622066	54.2828183912137	53.3115019384729	35.0504686609285	40.9571415749516	25.3872582098868	29.0627057554667	31.3970607931801	24.8866196509371	28.2885852413007	25.7547004117602	48.3636895728065	46.3767469248826	51.0444377342315	47.8481841431645	43.0861555658796	46.5046709556845	44.3001753683993	47.5081105911225	51.9439572292375	32.7284390110293	28.5935823061822	29.4004573699892	39.6014927400768	24.4227773841522	50.4049819128346	45.3552459010972	71.0798108260443	50.1251753923691	50.7951357231993	31.1513658658859	42.3705885245016	45.4737208233443	46.9622120147768	49.4912359802182	43.2713714319249	48.7791707316825	40.1603469988234	49.0102103444581	51.1625315739025	54.1021318512381	45.9125618314002	28.0562873435006
Spliceosome	54.6120627223595	54.9745990124261	46.1023489577268	63.7536131110419	60.747907846137	61.0507789314719	59.1217591963331	24.6027912528437	27.0859536089371	27.315639802549	69.5637079244001	63.8614857428129	30.8535679130719	34.670472661054	24.9493258016148	30.9298284220645	28.9149588158927	24.3570684207967	37.1047377505767	28.4744442867245	57.44324492607	68.1928284779412	80.173857314578	57.0306201538678	48.9970451539973	54.8779252224493	51.4353776046177	53.068665922722	76.9170269513185	27.808603330356	20.037745187012	34.3531760933258	47.5993687486631	24.2794890909295	67.8816951492014	45.3761680331492	33.3284024395225	69.9755290158033	87.4161283565986	23.7548209519012	62.0437552454426	60.5972277142261	53.6492486737147	52.9259505749727	55.2211023796533	69.4973213905288	43.9156548618297	62.0818229141802	72.8192774861541	82.629757325644	65.3090212245675	36.8220472248187
Staphylococcus aureus infection	83.3752799927054	84.4197480687465	33.9282971532486	54.3180985948535	75.5001771991604	41.9114354961107	74.2277126907468	5.6287643663674	3.76962917605508	5.44255702152778	4.5263524232852	4.11303472196115	3.41330961882716	4.01584324078377	5.40129043178105	7.71273727099546	4.28589977046784	4.0414306906168	23.197546786152	10.4054216729281	87.4920787220331	234.000294331597	42.173907201087	30.7896308388027	44.9825063913535	39.9413534165633	412.063096028603	35.0124948458853	57.5233366020115	26.3350824272415	8.85544710430494	40.9621278375401	38.8849815625	164.348757784272	113.170449492274	153.201313033494	6.11241929069886	74.344300787158	44.8454967389896	15.5842064206377	22.1825761651358	45.4916941252955	378.130453759441	404.046120358781	217.33852391254	128.824533538282	30.8853603027744	9.19754957226248	43.4039257928241	32.73327708878	247.111049814338	122.577951379592
Starch and sucrose metabolism	30.9311962834578	27.7788294567481	19.9467157937853	32.0968767178672	30.1695934121061	33.5110907858981	33.1243062806638	12.3592190684469	16.2562482224607	12.8203180583333	26.7969191526274	27.4652757393484	19.4407410257202	20.191210145601	11.5701115250545	14.8916957674016	13.938530588694	11.1174586603237	12.8640937758715	13.3463616499696	26.1446903539775	21.6875523148148	20.6513408937198	28.4019512383983	23.5425480468569	29.2295200055142	23.2840241512848	35.4979624504852	23.9345574808429	20.9174192329477	20.2242039675516	14.4266718936966	17.8083359343434	21.8302565924512	23.336827843543	24.3538696362799	119.724942651453	21.6364110609453	18.7579563816926	155.288350362185	22.0296597923323	24.8254819818755	19.502792869517	21.3878013118921	25.6358481025228	25.0729425742078	14.7670231442806	22.386616592861	23.0827610380117	24.0575235530138	24.0767752908497	45.0835626995987
Steroid biosynthesis	25.7905411162465	22.9758907504259	119.867186820339	18.1292489978814	17.1318052723881	17.79776026411	19.0416886233766	14.186667941989	16.8180239806867	12.1010299166667	21.4971257021661	21.2195036879699	18.4491548981481	21.2922372936803	17.7679223039216	21.1561946400778	12.9015362157895	11.3527298149606	64.843641497549	19.0536097786885	25.0126594951362	33.737056375	24.1794720434783	16.7712543902148	22.7617622296451	14.8331690545906	56.6421465236156	14.7166125659537	21.9038680862069	11.5826183036876	7.60713688827434	15.7962692596154	19.9040405454545	52.5713944255725	39.7944520703642	29.3032270359116	12.0372863551345	27.1913715843284	32.0862919300518	721.484502820442	33.7910143434505	29.3131148652482	49.4832023056836	45.849348846817	24.939917352657	29.2324118501805	23.5254878095823	30.8795884939614	19.289071254386	23.5756646960784	39.6136377470588	10.4610851158157
Steroid hormone biosynthesis	11.4927067588882	9.53325091757306	274.314002997653	7.00313045306388	7.18130320206659	5.78513730535456	8.89985361238761	3.11117394135147	3.30258555298778	3.11113622615385	4.32954289308525	4.25940977270098	3.44648833447293	3.85446056105233	2.81066660935143	3.00017217779108	2.93033022186235	2.82271804482132	3.78810865233786	2.91475442034468	9.82888698593236	9.22546291666667	7.62561284949833	5.89167629998164	18.367521772282	4.63410801565184	10.9036058013029	4.22977370739065	7.00190919363395	3.79976478191223	1.84106953301566	14.3312325266272	14.0838488391608	91.0670576376982	8.65624711309221	8.0932136719082	3.04281932913297	8.6889875761194	8.58115106815464	3.68607295665108	4.5035258451708	7.80809828914348	10.8852916020324	11.5592888261579	24.251137982906	5.01974085531797	7.41077868266868	5.64739370642884	6.85398966351777	7.2410744032177	10.7210634325792	4.27522048778619
Sulfur cycle	41.891462184874	43.3981756132879	113.078094084746	37.4288622669492	37.1176559701493	30.8025785021708	27.1239320779221	19.7718608839779	21.2005901287554	24.4888615833333	25.3013023465704	20.1406744172932	18.9925981111111	27.5743989033457	25.9461289803922	25.1795852140078	25.2935947719298	21.8212583661417	71.8547906372549	27.9210295081967	43.0048221108949	42.9587775	38.5692452173913	22.2982274582339	38.6907468997912	19.6511453225806	27.0758147801303	18.673686087344	35.4873427586207	11.441743318872	5.64121363938053	17.7647205769231	20.2357695454545	29.1473726335878	107.776149751656	46.7554327624309	4.24321901589242	46.4734108358209	48.9519207253886	24.0709087845304	18.7837773642173	25.8789974822695	32.5955454147465	34.914094801061	40.7591493236715	19.4915773465704	30.6276246191646	17.113000615942	35.4420032017544	33.8817880718954	37.6364666470588	15.6381449315068
Sulfur metabolism	45.2577191470588	49.9916798875639	56.4280125423729	44.5305550741525	41.6966628283582	43.3418906613603	44.6201797012987	17.1634068950276	16.2491389184549	20.3332235666667	15.706205765343	14.8483861503759	16.329536162963	18.6009368773234	15.8764911058824	15.8432645214008	17.8002546526316	17.8682048897638	27.9686558039216	18.6081952240437	45.048142077821	43.3623914166667	39.3359266086957	51.3949511408115	149.401912373695	41.0620939156328	46.360250271987	38.4749538520499	51.5601637241379	16.9728240195228	14.3393785309735	31.4102731826923	39.240036	77.8070116030534	69.4325925844371	42.5816667071823	24.6755321919315	46.2515693164179	48.2949148186529	19.3067960662983	21.6172258402556	41.7659723617021	33.3328950107527	34.5932227374005	59.8993263816425	34.9916285812274	49.7706424864865	19.3913033719807	69.2843651359649	38.3862274183007	44.7898232	34.361444494396
Sulfur relay system	22.1070568732493	22.6615431899489	35.5042996525424	20.7520265704449	20.8012004850746	19.9303868361071	23.1717901785714	13.3505010497238	14.2245250053648	14.6880313791667	17.0696736687726	17.3017479417293	14.9980330324074	16.9765648001859	12.7140332794118	13.8828667071984	13.9565317631579	13.8155973523622	16.9460596936275	15.3016122882514	21.918271276751	25.6982823958333	24.1581589130435	22.2201835859189	38.801640026096	21.5425043486352	28.4273830618893	22.0973846969697	25.2134915517241	12.9506522722343	12.7536122262168	21.8935104206731	23.79697625	54.3110854866412	20.7404633567881	17.1963262638122	15.8774612072127	27.379232869403	32.3898804533679	13.3353213052486	16.2814318769968	23.614619339539	22.3797332853303	23.2068575862069	29.1195544202899	17.2704665523466	23.5989644226044	24.4140915821256	21.3103947642544	24.7357177287582	27.43565075	9.04858250778331
Synaptic vesicle cycle	33.4481237224377	31.3609689184467	38.2703685567145	38.9372121591156	36.7392660017222	37.829881282979	32.9364363086913	57.8979132752515	82.7747100088038	48.8029076568376	136.593247483569	124.662388823019	92.156092719848	112.669025174912	57.3851103780794	55.0275119230769	56.1391734385965	43.6346235912578	37.3589940152086	46.731662920695	31.6077314766038	40.1527493803419	40.0603807413601	31.5189314971544	28.4900503168995	31.6706090879303	35.8683887409171	31.077583203757	37.6045546330681	20.1100707475388	14.9163403256183	32.2797522978304	37.6104196270396	14.2282592934038	44.7660197924096	30.1497251699958	20.8055032463482	38.3826408966705	36.5163653567158	12.1907624698966	53.7879349135742	39.707503738407	37.7582582468786	41.1293085397538	29.5488964040629	46.641227803388	25.8632381610282	36.6157915387712	38.2593083614485	39.8076331146305	39.7160742269985	47.1248337412587
Systemic lupus erythematosus	50.764829233853	56.1918387712021	33.7004875411447	54.8781236248772	60.5728700097339	47.9463706284737	43.2439892781856	8.03424202057811	6.91164106238726	8.67428459299517	14.048276736776	11.5517449858341	7.2434794777241	8.51745865120414	8.10309692696789	10.0291977361417	7.8980258171879	7.39149789170375	23.0032862134129	11.7389490191653	43.9437988198556	39.3444366908213	41.0540961846251	33.2685655710629	29.7918565715107	36.3391247561765	23.5672267377142	35.7965542695497	54.7389417141429	19.0404371951335	8.41204714906374	21.0980400383222	22.7786740052701	54.4685100378914	79.4630830603945	24.0010404836256	7.57597785346019	54.1443242196626	56.4273155170083	8.43897600228201	20.4846087387137	32.9226545577654	30.2888434584474	29.6514938970899	47.698546352657	94.9666715178151	23.699162756828	18.9831091703424	33.7530141727053	41.6036564947428	40.3296906568627	53.88309131265
T cell receptor signaling pathway	34.7471807660254	39.6815361725823	20.295242670402	37.8816778130691	36.1047967398544	37.9801006549377	32.0073172995599	16.9699235085156	20.298960056397	18.5130719	34.6136795632067	31.0049811374511	21.6490210104071	26.1155308249101	17.0425959536542	17.5459547062418	19.9678823265188	16.1178489285482	20.0688585217145	15.9086638973942	33.7859179806734	32.2253251618457	31.313048810636	29.2490098214955	24.8942557916803	28.292009486701	25.6167455349019	26.8561868181082	47.2400751581647	15.8613930872519	9.92533462352812	14.9597040305149	20.0455560781367	11.8319205797741	43.7848383622954	21.8460856833021	17.4054135499808	41.3054824335759	36.5182053119514	9.69229396511575	26.1652398368231	27.1808673240138	42.1968163482754	33.5145150269636	29.4759809857468	40.1088642897634	23.8750016652791	21.8872560985348	33.3738668147987	34.315507959812	33.1798655289256	39.3003168234822
TGF-beta signaling pathway	43.367179491342	46.9260725926901	21.9242565553159	68.1292283917565	60.9104886987788	68.5159363175898	46.0175829291617	14.5488372601708	15.4448635622318	14.3878081569697	22.9463201529373	22.5701691555024	16.686082859596	18.2737795038864	14.3828497137255	15.303935439335	14.3516908315789	12.7077227788117	20.5942779870767	14.9581824202683	41.4821843162363	50.0360168674242	56.9664043359684	35.5674705135604	32.813536601822	42.5540949269118	29.0262983072253	40.8594161539459	52.5118697053291	27.616974040426	12.1379979231698	17.1547350454545	25.2067798512397	31.545014907356	55.4167131086695	24.0034716398795	15.3939092419427	49.5947775683853	62.302019672162	8.78466789552988	29.7639029244845	40.880752453256	32.6153147986315	33.9318008877502	33.8222899108476	26.0089431732852	27.3068712591021	21.5356137588933	46.9574116665338	53.5287022869875	47.172523142246	19.2960535105853
TNF signaling pathway	53.3175215250677	73.7558816311033	29.4379904748635	61.460411884875	57.0975093172907	66.5283651645858	45.9793642747083	12.6269219978462	14.0199954819233	13.2756015449153	26.6105221902344	25.2708272393909	15.9714255555556	17.2544557819293	12.9539649222333	14.413535083097	13.5863677633066	11.5409024796477	17.7895243980558	13.4789808067056	50.4397542521269	42.6512297457627	40.5706042409727	45.5616170804175	35.6902739014897	39.7408143691382	34.3732266720035	37.1912132726064	72.9613035680888	22.7079858272363	11.811909270474	20.1773902566819	26.5304302465331	24.5157848877604	78.6427640673757	36.6469437222586	18.812925792549	59.0761865237794	55.6392143215948	14.2646224129132	35.7303760881573	41.5340698545498	56.0159913720743	45.4001305628737	37.5179101129944	50.9838382735728	36.6799058749427	18.4198612400721	44.0314724925662	43.9975565376094	45.7562882542373	58.0979141347067
Taste transduction	5.44948704168726	4.79757206092795	3.15955110069791	5.6843724775673	5.89383965364355	5.45543009466247	5.40330489839572	5.39458887422815	8.10049320878566	8.05320011568627	24.2024334627309	23.3495321804511	8.40598528061002	10.4453221884977	5.33503973102653	6.37360406179904	10.2283349853457	6.7769338012969	3.60943321107266	3.83484588492446	5.51769361089494	7.3545579754902	7.83482808695652	5.83037604632879	6.63034428957387	5.6213413630127	5.88998848285112	5.32940449218832	7.9012078296146	3.23396179992344	2.59181674310255	4.37402881221719	6.58044440641711	1.1388540363718	7.55901908511882	6.77080001949951	1.83285781619445	8.70747043459175	6.54919089058214	1.55137525251869	5.79529495959406	6.48049500166875	5.78198103948676	6.22946616944921	6.49142310258596	7.28513575875982	4.5815291325336	4.90706727593066	8.56097604695563	7.90572292964244	7.65624966366782	2.95813374858985
Taurine and hypotaurine metabolism	30.7298056171218	24.5338870560051	10.8703156292373	35.0108775622352	26.729986588153	20.0834710980463	13.7500321022727	8.35389981353591	12.655636236588	12.490032375	21.7936446344765	22.1060415930451	12.3067764537037	14.8607970004647	8.03349713235294	14.4679981663424	15.3427054385965	11.1834785531496	10.7212045404412	8.44234327527322	26.3096688047179	18.8854272135417	20.3463864945652	9.74325434367542	11.579616381785	13.2278851861042	13.2895532013436	11.5156601838235	22.0606807543103	11.364702095987	5.38958497096239	16.9844307271635	17.7202214772727	42.4762494823473	25.5752437675911	16.3101084323204	6.90604989303178	36.2040459309701	14.5146623056995	6.77357675759669	18.2272196884984	17.0368244215426	13.5828237980031	14.8042057219828	14.7308014341787	10.0139722224729	13.9945285411548	12.9632202158816	24.7434217361111	16.9221926470588	17.3151537941176	3.32726863247198
Terpenoid backbone biosynthesis	25.0330227521008	21.9814575709824	34.0127320819209	26.7309835893362	24.1960243081468	26.0781858779547	24.3743686417749	15.3575776703499	19.3786060425608	14.7809631736111	30.1230324909747	29.1427885009399	19.6678275216049	23.2197874039653	14.9905659444444	21.4379902918288	16.5355604795322	13.1441618339895	36.8679586335784	18.2686786156648	23.7979474675746	31.9465248958333	28.381388423913	22.5444318307478	35.7910214613779	21.2804183002481	40.2035036380293	21.2910994852941	27.1909555603448	13.4371110556761	12.2854795870206	20.9749756370192	26.8961034090909	61.4352757681298	29.0708703738962	27.1190631307551	23.4816098904849	30.8576424452736	26.6844969430052	9.498234821593	27.3358616041001	25.1059744547872	37.0004257917307	34.0664576851238	24.3805742532206	22.2838719855596	23.8045316943079	31.2554180787037	25.9076274281189	28.1966794798475	33.4545801715686	9.77265826951017
Th1 and Th2 cell differentiation	64.4623736509989	61.2882818217047	29.36265010393	57.1975793066679	60.6523191934558	52.9070406914648	43.7485108491508	13.2460948655212	13.8982401358298	14.991611132967	24.5868249375174	21.3767570288358	14.9239768925519	17.6411122582622	13.7258520133592	15.616956587848	14.7423945837671	12.2933886203167	27.2401172586727	14.9070699591665	56.7113287302775	42.5728219413919	42.26290870043	35.3986352010281	32.9925705994632	33.2267094909061	29.0307973203995	30.9490886805352	64.8750535505873	18.3251876367667	10.2519005416707	24.3747687943787	30.8065520979021	13.0784294845231	102.122481788989	28.2170155995386	14.8281994239501	69.5140175571593	41.0268740095656	17.9708000719446	31.5164224418074	36.9590779296236	60.6758078123259	49.0968664502871	60.9683963534533	97.0715339001071	29.8456267635068	18.6331675768434	45.9940060166442	44.2241208647562	43.6082234117647	71.178668729216
Th17 cell differentiation	70.899187844708	75.4413987633938	45.3304078498337	70.8029969980596	71.6749982448738	59.8299872027537	56.0694112914189	21.0209364873238	24.8215825269744	24.2978608856698	41.8411632460609	34.8941109567142	26.1891006413984	31.9257750908522	22.1705426919553	28.2019459460344	24.9810163298901	19.7637067473692	37.5642538730071	25.9345517634442	64.9112227115532	53.7938725739875	57.1573281267777	45.8552149445721	40.9833775759468	43.5126454061826	36.1314149179579	41.5576880732004	76.0176259394135	28.004320486549	17.3615914924324	31.7861943637671	40.5186737807986	20.3953435446244	114.129144309123	37.1611141090515	29.6716353351004	77.4830770118566	66.0001826652462	16.0172605075644	47.3185748854916	46.3756998203752	63.4475474433295	53.0881989714668	64.8905597033726	97.8262371679207	39.3180156956532	31.7698934960946	58.8864033718642	58.0422566135239	54.50408679989	74.6039600591241
Thermogenesis	1359.61402466302	1480.39976474059	1977.4082671251	755.586371047124	1000.16908260693	861.924637873024	1359.27174158655	2363.72943193825	2297.04464301172	2424.81723965137	1649.0766372435	1744.59520066367	2274.67228316979	2032.60701392089	2431.8496251707	2279.17949802129	2279.38558646541	2516.13200515169	1874.91592881292	2254.47741992004	1432.84296954032	765.338597027417	917.390193850931	1465.35121210261	1694.814442296	1576.75843870968	924.447392686874	1593.98571080438	956.81358272578	2463.51823591045	2765.17548697381	2375.44204048243	1894.97069743015	1892.38479940964	931.554775253218	1061.13830645883	1796.24189242848	963.163705874071	740.980999985196	542.265245765468	1008.56722978853	1440.21524928817	1268.64511139386	1168.49196924506	1543.41553208963	923.936292526294	1703.56754338769	1192.22022877063	1200.0341146621	908.397676402116	821.447527951362	253.323438803405
Thiamine metabolism	13.906402225957	14.0937529346962	21.0960320225989	15.3123607146893	16.9861091641791	14.4288498408104	12.2059954891775	14.6946186372007	16.1910467238913	13.3416866422222	15.8559974464501	15.2163830426065	15.579242417284	20.3033987385378	14.4818109882353	14.1029847211414	15.4713007204678	10.6989716036745	13.7953780686275	12.3312250163934	15.0554657756161	12.15286075	14.556547942029	13.2080828544153	12.1333842045929	12.1533303126551	10.1127163745928	12.6207996268568	18.0556785977011	16.0523968329718	14.1959570339233	15.0157499294872	16.5364632121212	12.3336684783715	23.9202184238411	11.3913869650092	23.2226378647107	16.7791992169154	16.8974889222798	4.58603789686924	15.5559843556976	12.696211964539	10.2898755176651	11.115186418214	16.0252185120773	19.4758415523466	10.5944825307125	21.7615404975845	17.4921301111111	14.3958976252723	12.1511363411765	63.2702489373184
Thyroid cancer	59.8302325796805	62.5631024269073	34.3285791360513	89.5218598814705	70.0972796782977	92.0231980247976	46.1820357809758	20.4478139345976	22.4559228546572	21.9725158477477	29.142246524539	27.8766459418817	23.3486933413413	26.3642279091731	18.9184708987811	23.2879963886844	23.6818160806069	19.3288553064482	24.6609985771065	21.3423743390932	54.7608471600589	51.8240118806306	51.6705340893067	43.2831176365865	40.4532671156125	40.5740450345383	46.8405860890043	40.3495237789661	59.1888555731594	33.5085309984171	17.7362887790002	33.4343153300416	44.6315742014742	31.8296801103776	65.3402546751387	35.1418895400926	48.1649897677262	59.1409150701896	54.9822317224478	17.0178385232194	46.1439094456437	44.2966747546483	57.393458991157	57.3672407000502	41.1875475140358	41.1262471841155	35.7750137871041	30.6120782784959	91.5286159159159	49.9987111111111	53.3709300238474	38.2433583615496
Thyroid hormone signaling pathway	63.3573301655208	60.3383454698917	39.5703951127609	113.507978927896	103.198618089614	128.551733353985	74.3900909262638	32.9551656682343	39.4830408182882	37.0809498429752	50.6839492761882	51.5780954017275	43.6322081692684	48.3072363829918	32.5564101669097	34.9403149287713	39.889212754531	32.4733814937854	39.9307258629071	33.6305150846769	58.0737483438917	71.1449137396694	77.5881087423644	93.1917783003609	68.5153646696803	84.6890544277423	65.8974946096589	88.9535713270282	86.8586128127672	80.621139179649	72.0216537775177	34.3162915813732	47.8104590082645	19.0557260081383	76.743950225494	47.6999164015342	93.1182920127705	79.2384573226841	76.2974501438787	19.2555115051824	44.6325356903335	59.167296397339	56.9299935783474	59.2036145903939	61.497479678205	62.7340506638422	52.7270748116637	39.6362153493432	62.6438976790634	99.5748901885162	73.7266785610112	59.1897155672427
Thyroid hormone synthesis	98.2727820041083	101.937216191482	40.9979753256497	68.9320829225989	79.7036754855721	75.5531975697057	62.6253398406926	29.5196289672192	36.5345673258941	32.4309742128889	48.236125255355	46.3063877538847	38.3600957777778	45.879615286741	29.6679896988235	38.9068220513619	34.3554230287719	27.2936211653543	31.6868024555556	31.7490806936248	83.0042097488976	50.6202385277778	53.1730661681159	50.7495396741448	47.6270284475992	55.1479432880066	40.4750259830619	56.1106818524064	58.9236042068965	42.1129649619667	24.8576945631268	108.490281464103	82.3435664969697	475.931892135369	92.5590534428256	46.8542341119705	33.2654855268134	100.103350448358	50.7614833471503	27.9928617955801	161.592704893291	49.1466981976359	36.6444142918587	39.6478017121132	50.8417937288245	48.7889717030084	43.4666461641278	30.4081025484702	285.597721987134	49.8451486588235	55.9271218996078	32.8603200964716
Tight junction	82.4472006184709	75.17403329522	48.8250978542373	173.802662824277	154.399295020632	208.910658731932	133.864420340718	29.6577789002275	33.8639644011613	29.4373540956863	43.0147215357825	40.7703040793896	36.3991067067538	41.5131301834682	31.2294393861592	34.0838569656672	31.331443028483	27.1087646232052	57.1177481542676	34.4581231407907	74.9953323279927	82.6735203210784	95.1037363043478	177.359527444616	107.380460477711	160.64918522712	83.9666188554321	183.409032186642	119.686442292089	39.5568443976011	86.8334185819886	40.0333707154977	51.9625221283422	23.5334466219129	102.098595502435	57.8472110773481	100.56690988451	90.1703425582968	76.9986014769887	23.3292977564186	44.572678103364	87.3674207186066	66.6521475710671	69.6137973747854	81.5878755044047	73.079431286048	79.2209807165776	56.0375615011367	71.1634390245958	133.726629163014	88.4085122747405	78.7662875058238
Toll-like receptor signaling pathway	37.0911173578691	45.3672315395293	20.9820790734463	39.2204973360013	38.9883470304726	34.5782501132283	31.3239981084656	13.9979255304891	14.8505158631378	14.5174574929012	23.6485799578821	21.943103866611	16.1096375174897	18.9229272411538	15.1699716136529	15.8574529928664	13.918883011371	13.0055947849227	33.3090552110566	18.9414214076098	35.7937305861796	33.6644282175926	31.6524656400966	28.3836143982586	24.5755539677569	25.9374792355942	25.7024516541501	24.3225133853238	48.7272383939975	15.0492839734474	8.28674501946083	38.4305524581553	45.8705506228956	26.0110343705824	49.8302712521462	25.2560965745856	13.9730775585212	42.0304415892758	35.5978725925926	11.0623599427051	27.2605566855993	27.8119297044917	42.9219526418046	33.4735428296002	27.1920745473251	40.7263281036903	23.9942396817272	15.5476064063339	31.8346853830951	32.5124726373759	33.3586928218954	51.5342694211522
Toxoplasmosis	60.0783783991597	58.5544428101285	40.0362779084746	61.6257371280817	61.8764364511533	48.5523249321142	44.2834398677686	16.8101367870417	17.9213139676161	18.1835821466667	35.5444444256646	31.9521760034176	20.3155517265993	22.2449544352822	16.5682816071301	20.7807392596392	17.7240523317384	15.3496374795991	34.1735931635472	21.4435971987084	51.1397858698267	44.7972162007576	49.6899775889328	41.0933314196138	37.3188028946669	40.9262266541845	34.7283672246076	41.8293905903419	52.4167833605016	25.4613231114179	18.0007497481899	31.3805739676573	38.9824207768595	19.2513641405274	108.746909945966	31.8631989161225	21.9942289465437	68.6095312299864	44.4265384884597	15.5162383525866	36.440298281731	40.1568038465506	37.7170764165619	38.1243758762961	58.2488813939394	91.3086190226452	33.6018131235202	25.8530360219587	49.0885662959862	51.2726210029709	47.231706968984	73.6880154212612
Transcriptional misregulation in cancer	37.1001512609969	39.063327008809	22.2560435124776	43.6243997349033	37.0150097646816	45.8513154382622	31.6159456562031	11.5267681445904	13.1447558179309	13.2764093773869	25.8489473916514	23.5375431059432	14.6276227517216	16.6030154250808	11.8649203273229	13.71323973447	13.9134560565988	11.6343599784355	16.0061514048182	12.1730851657193	35.8668548567741	37.5647817294807	40.5658004194888	29.8310450154112	25.3483752172134	27.2879090737808	27.5087629267674	26.54300802148	41.678711216427	16.5813189470127	8.87730229588207	18.119511991206	24.6866208405665	17.0930746716406	44.9703485466239	27.8326007248952	17.4046529728103	42.056044438761	42.4958663891999	9.6589155197257	31.3469140300544	32.517595660216	39.1321289782245	38.9816349506818	96.198275909742	40.4715841924424	21.3389939112022	24.3502305231471	43.0905670251844	41.7431673090945	36.8396949367425	64.2729783178032
Tryptophan metabolism	43.8836324473123	43.3900613636732	47.5464954519774	38.4935796791768	38.3482479726368	41.7475945462063	36.2898406555349	15.7393584306761	16.2758612824443	16.9150412857143	15.8996378941035	15.8583014312567	17.0089515731922	18.2359989422907	13.229122945845	16.9317425551232	16.7682883350042	14.6441319478815	18.6637720483193	17.1721797749154	39.1164582823791	28.0496009424603	31.5695333643892	29.3814963592454	31.5356314494483	34.4335585294813	26.0737761357996	36.4196158059587	39.2064165024631	20.9110215860965	22.328734721871	39.7540354441392	40.5886678787879	83.8417284460196	39.8575087567014	23.7550913404367	31.1540673559204	36.1084621972281	35.5548091315075	11.9155931419363	20.5647982534611	30.8472446800068	27.7376606795406	28.812191540672	35.4400887957212	19.3918012523638	24.345184973675	23.2478735639521	33.7196357156781	35.7562610410831	27.3401988165266	12.0652413760897
Tuberculosis	61.8216118977195	57.9055650896544	50.5887912496409	62.7141161200086	64.5160845560334	50.8107875320301	45.6964345447208	28.671858137466	35.2587223112922	28.4937431446328	43.6314878090518	38.5697105392719	36.3813209845156	45.628327621658	30.2952465951036	29.9025905363934	31.5520240602637	24.2845622507674	41.339259681511	28.2538870890062	51.389105048803	46.7096042820151	47.8947988626873	37.8906822335936	38.0175333393487	37.5524389590781	35.7894006014097	37.1929174323494	52.025509924021	21.8303176787137	15.1277529438528	36.0243541362451	37.9969735285054	38.3348440680123	100.326021777229	38.7050154293473	22.5554231918832	67.1349634632768	38.503988601329	13.4476581741424	36.6697268278551	38.7912448681733	59.1480020269555	67.2548944201921	63.2657147127378	106.305668561464	30.3280290802204	27.7617800604547	49.6254478781346	47.2892713862117	47.2296145244267	111.906629008098
Type I diabetes mellitus	209.613258102908	170.707999272735	118.816117612591	149.519276189972	163.373242907783	122.645609883881	119.558316796537	46.6668469481715	43.0827180053137	50.8492439587302	43.565102408458	41.2291209980308	39.6966633897707	46.0231953947601	39.663210589169	51.1245782536594	48.5712673851295	42.912875612111	75.5188142296919	52.2848833996877	174.705477715861	131.806497797619	143.369846004141	84.4493828139561	129.630785136196	82.413171022687	75.1000863486893	77.2409798327816	142.855998119869	50.3049092516269	36.3001261467552	107.168784590201	109.464508896104	46.7781917766267	415.2543493342	89.741686089187	25.7424881025148	166.332639524165	82.641225363928	115.737491424625	104.242004320706	112.952651377913	140.123144239997	141.78560951402	232.856178707154	464.876510747808	82.8764438884989	37.0233090182885	161.988325739348	160.122416996576	132.46711107423	598.692578549487
Type II diabetes mellitus	41.5649420009743	52.6549216532109	24.7961757907148	32.5031208695652	30.9009629615509	27.5655763779651	28.4094219028797	16.595449619265	22.1527170199664	18.8387938971014	41.9450929516559	42.0207482755803	26.304259989533	29.6937727881041	15.4753757740835	18.3918613271866	21.5893908413425	16.1863356821294	14.066429195439	15.8189299311	37.5785370233463	26.7042716938406	26.0401628638941	25.0270058337657	21.140144321957	27.2850150372208	27.8432306135816	28.5304709858173	33.491980149925	19.2094045081581	14.3042495854175	15.6468614966555	23.2055314031621	10.5683267490873	37.5782509159948	22.6072959872688	31.0487051477623	28.6439988646983	23.7204126548772	88.3387846847226	24.1341296423114	24.8796140325316	23.383308054832	24.7892986763349	22.6137966330603	30.0549534272485	19.6902049262899	22.7673279332073	26.1376188602848	26.2004342270531	28.434208101023	40.2952965991662
Tyrosine metabolism	70.9247004034392	55.666242429964	43.3258546986817	51.5809484433851	51.6970058768657	49.2284854381733	36.9047883549784	8.32368551258441	11.2094845064378	10.8459933018519	12.3546758022463	11.3718539943609	12.315740909465	15.2391063320942	8.2931696546841	15.5109847762646	11.812364125731	8.68034996172353	9.76956604438998	14.9798617334548	54.0852905571768	17.9940048958333	20.2563983937198	30.9151484069212	31.20074	33.4673390818859	38.003135638346	34.7304910789265	39.5206760440613	21.560147049289	20.3532084531711	26.5861030582265	25.8640372474747	152.377288544317	40.3347206033848	18.5225710328422	23.242278261342	36.034141708126	26.5743293681635	6.82553384054635	12.4860452697906	21.1693604531127	21.9610477227343	24.9759075003684	31.246103870102	11.3326350421179	26.118203981709	16.5107200315352	53.1320844952079	32.8939253649237	24.3940885702614	4.25913233845302
Ubiquinone and other terpenoid-quinone biosynthesis	31.8151909372082	29.1143747018739	29.5195412824859	38.7604823446328	33.4105856218905	29.3055587108056	31.1765743831169	10.5832670488029	11.3178414985694	12.7838606388889	18.6242037635379	17.7721282330827	12.4390948580247	13.5764732094176	10.3860066666667	12.3007260797665	12.3670691432749	12.2524617191601	15.4574137132353	11.9628511020036	31.622853271725	29.0114663541667	33.0131705072464	23.4877592243437	21.8730583716075	24.5050006823821	24.2343833998371	23.3577389022579	31.8685382471264	14.3833558550253	11.0701927507375	42.4853715144231	41.0660939393939	166.434816275445	24.6919376407285	21.9647639779006	13.1714498298696	31.9714512164179	32.0296904835924	11.7525237592081	30.1369691453674	25.297033498818	20.5686099667179	21.0369275198939	22.0991831360709	19.8290412545126	30.3642735606061	24.9536287983092	37.7913924049708	31.769271835512	26.5205705	8.40116172270652
Ubiquitin mediated proteolysis	51.4789086051604	52.9314322969504	40.688929408212	59.6568485906541	55.8427889510196	62.1597601464503	55.5611847265411	26.7611357509143	28.9140124267062	25.2757359823944	47.8614927393603	43.4208838194959	30.3680923969744	35.4006798075815	25.081602736813	30.2649038636488	27.9382836805041	22.6498817810802	35.1440778414112	28.3878051304549	53.7360793386584	63.7270432687793	69.1917342345377	53.2141250749605	42.697599350172	48.5293601494076	45.6130546626829	47.0772819835053	67.7359182272948	25.1292377257035	18.7478666641219	29.0192338603738	39.0380016325224	20.896658529728	57.0693946273668	40.8280965757529	38.5274575218671	57.6640331496742	78.8287506272349	22.6783031588981	48.44488800117	52.0716272153131	50.9078923416845	51.0770228146598	46.0355745584133	54.7985927055473	39.6966375345191	52.8640756031843	56.7874882899885	68.0272664678266	59.4975563835957	36.1736742340343
VEGF signaling pathway	47.9390653127113	53.7110641628973	39.7050826236119	134.653527676067	102.786241543361	102.845484955088	64.5550736766682	27.2441109116022	32.8007680028119	30.7990687517241	45.3919421984315	43.2912068848846	33.5453971538953	40.2753184264838	27.7989144942529	26.7988308795116	32.1655762601331	26.6800250807765	28.5709001233942	25.823689522329	45.6695132886086	102.62708558908	65.2691630584708	73.1426096045593	47.4688914754157	62.9528818610422	133.594510690217	72.272830268609	71.117736646849	45.7500560516867	38.8422178089716	32.2292871286472	41.0252484326019	19.770168149513	63.2771676461521	43.7840901971804	61.0870378602141	50.656360110911	53.2676848249062	18.3526721642218	36.6071800462708	61.9514340774028	79.5852776688384	74.4623303660935	41.0050680076628	46.3906291777667	37.262286640261	30.4068495797934	65.0882940194596	102.723077658328	120.288248100406	51.2792352963027
Valine, leucine and isoleucine biosynthesis	11.5779542647059	10.9183377129472	28.023051838983	13.4774313771186	13.5245619869403	11.4313053907381	18.5659681818182	8.54064607734807	8.10067935622318	14.9970526416667	12.3785799097473	14.4522098496241	9.89085901851852	9.87510270446097	7.62486687254902	12.7892910700389	11.7424178245614	13.9325522145669	10.6987993137255	15.6643025409836	10.0430251945525	9.88313479166667	12.7581760869565	10.2034717899761	12.8733872599165	13.3924607506203	8.12149154723127	13.3149345766488	15.3349664655172	6.14961315618221	7.0940704590708	11.3169684615385	14.2779995454545	169.611838683206	18.8256530504967	9.15119860497238	7.58212067848411	17.506132608209	24.0227340673575	14.6377194751381	17.7413478674121	15.0719598138298	7.39375825268817	6.64353975795756	10.3967126328502	8.51561221119134	15.1635466339066	13.7441759057971	19.8275159502924	13.8447737091503	10.1592016617647	3.90631620174346
Valine, leucine and isoleucine degradation	40.4584446606559	40.1617870088018	59.0804943107345	35.2101157905191	33.1095840928172	37.9929900750724	38.7415240909091	21.2979389007827	23.9181391067597	22.2979516715278	25.7652326429001	25.405543881579	24.4756344220679	26.6749942805143	17.5503068063725	21.9793100372892	23.255237994152	19.4255022432743	24.8721971333742	23.0377107946266	38.8261177184663	32.3367846527778	32.0855959601449	32.3702349333731	40.2728947934064	33.8379799183209	35.2337024742128	36.0771143419489	34.9847462643678	27.8665848391179	33.5740707305494	44.1159351963141	47.6010931439394	97.5429725111323	29.9737254656457	31.1604021144107	43.835154547932	37.0725969449627	36.1396333991796	15.3237638081262	29.3918687207135	33.1018623249113	33.7669242930748	33.2618651690981	32.8108139221014	23.671759851083	30.9139941584767	34.2309674471618	40.3449678435673	33.135348912037	32.9523624901961	11.2860822200602
Various types of N-glycan biosynthesis	46.7377960497835	47.7900379270559	44.6843341124807	59.3273143143297	56.570316640095	50.0882989172477	45.2345849822904	17.5094784894525	18.2991214007023	18.6771751886364	28.4661396972432	28.8134249615516	19.4559739419192	21.243072831193	17.3665053877005	21.0885167562787	20.1911130334928	16.8126157695061	28.6324789728164	19.6383202632886	46.9708246940219	53.3143100473485	62.0324325889328	39.0527824598611	40.295839776523	37.4383531271148	36.5742084538792	36.1876601494896	58.4418793573668	27.4487774304871	18.3540251116251	30.3651965690559	37.3534579958678	28.6557554354615	57.10490844559	45.3551514779006	20.1475704853856	56.3209311590909	62.4155184326425	25.9765043269714	52.0195567673541	45.6034052683752	34.9798392979332	36.4062465098264	42.1027867149758	50.9331898162127	38.7773085096046	49.7049808300395	61.7091012735912	58.5449067810457	48.1153347941176	29.602109051851
Vascular smooth muscle contraction	69.1676488024683	55.459187462438	29.7892427210399	188.402251946922	179.69044476602	248.173167331208	161.254386709306	29.579889395173	37.226418391042	29.7077172185464	45.503176311175	41.7213709050823	37.0462436221108	46.4180388252229	29.9324657862303	62.2041262584477	34.5035553306952	26.0320617749097	31.0002531929087	26.2927857241464	52.5918426209005	68.2717498433584	98.1030238901602	232.420948301362	111.965138723531	204.328526680162	41.9207542865715	240.517009525418	126.77177	325.837505149153	31.1097340242198	22.6961994368132	30.444455570745	22.8361305090972	63.9189622479211	35.9639422793171	27.6620041778039	66.717174126024	56.4700519229421	152.376457155527	36.4201193605419	98.5247546733856	60.6239498267558	72.2029956035979	75.3551879415931	40.8894876906164	72.7290580065028	34.5287026582761	52.0491235095414	151.16416664357	73.158348916851	27.1189766881712
Vasopressin-regulated water reabsorption	53.8289325592055	48.4543645725569	41.3726651209553	70.1104318668143	61.6879551543419	66.5090001174188	57.4217693713105	51.0784222312908	61.5404711500195	43.9926184969697	79.0524407359698	74.7443925341764	62.3454863350168	75.7296501089895	47.2340434153298	158.772851336222	49.651056523126	39.276863547781	59.1031761174242	51.8493519473423	51.1691001361868	69.6954833333333	60.8499235869565	48.4320733716641	41.6547711710002	48.7681443418678	92.9157592700622	48.621449879274	58.7132681426332	28.9251874433051	22.6916891673371	37.9468235620629	62.7171369008264	27.4913077272727	62.0537062451084	62.6054898392767	28.0485236763725	63.0856033958616	55.8129055051813	19.4520231359869	75.7870810397909	54.9878591956802	67.3188493359866	65.7735384277791	48.4227341370224	59.9093672021661	38.3014304573375	44.669047312253	71.7144562430223	63.5616900653595	77.112597040107	74.4490484139024
Vibrio cholerae infection	138.098270719048	135.495202326405	101.639055714576	246.388340848305	223.219504644776	267.585508408972	158.856782737662	70.6854082265193	89.1805379467811	66.5797637513333	119.274091749458	108.233335836842	94.678551382963	113.626765669145	73.143896505098	90.7159257540856	77.6730465235088	60.4288088393701	95.8596824823529	73.6212618295082	127.635534963813	154.233165491667	169.652359191304	205.98921161432	149.73549131691	183.620918128536	149.612499018892	195.239232395365	189.2079658	61.9472124685466	37.7060593880531	85.8834253538461	104.9539594	53.1507276603053	185.792802573179	117.120842898343	44.0239305792176	143.32841153791	156.760500907772	55.6637288834254	139.91803864984	133.02922695461	111.500852190476	118.539079698939	127.765798505314	149.80514511769	123.634704121376	86.1133130927536	147.406411303216	217.297055146405	156.034320898824	177.939574982067
Viral carcinogenesis	88.3266110132779	81.2613953804656	52.3090805360585	84.6052151606638	81.4792162589625	83.0516254937431	72.2814425044563	26.7668593919944	29.9925797435412	25.8045551236928	42.8900486474481	39.4061840087351	31.2160504264706	38.2908356503754	26.4598633785083	31.2338712176699	27.4615908331613	23.6996651487957	38.2304411610919	29.8382681988642	78.7155033021477	72.7184600776144	76.668014043052	62.7849869866395	61.7846893552745	63.1115198137741	54.6783965181708	61.743927338611	83.6290889300203	38.3353225814512	23.7097260671525	40.3464120394985	48.3529440106952	38.3185174590256	115.107458574698	50.8405824935002	32.4148771596793	82.1245068470881	65.6158500068577	22.7264611740332	49.7151696327445	62.2953320080656	68.1968270746363	68.734728974424	73.8653550824098	113.649464472641	47.1338472176856	41.0683077329023	75.8423254523564	86.371088521402	75.6653219965398	145.122114612299
Viral life cycle - HIV-1	41.2331679246065	39.8680019694316	40.167918408212	48.0820180424922	43.5818115014715	47.118963581256	40.805800069508	23.074001144658	27.2792237236293	22.3170713953052	43.5781796908527	42.9745079646299	31.3172120365154	35.2426453175559	23.0955551858603	27.0583553279991	24.1447852700766	20.7738576827104	34.6347277734051	25.527304195336	39.174785527758	43.5242466666667	47.6323627924066	38.5055015835826	32.2437842356435	37.6533149414602	36.0164114187732	36.8052770859381	53.5636317241379	17.7093227643518	12.8337558086127	21.9661167849404	28.7699074519846	18.6355450833244	47.5826471912601	29.2077209960314	20.2443754151314	52.359407756359	67.8571507567686	13.2536717737919	37.2399201790937	40.0362368329837	36.0529564637286	37.5088696762805	40.6575709893175	55.8667782701988	27.9182927553033	44.6813057205552	43.3028396550943	48.734981519838	43.2362102377796	47.3334024543525
Viral myocarditis	217.629271716836	187.332225774111	106.225749760688	242.612391491272	243.18699539374	251.314373663088	176.789924058926	44.9890288909046	44.8437274396259	46.8404696791045	45.4028248731074	45.3286185787229	47.1995435035931	52.4169757698496	46.3053102001756	52.7048549178233	47.0347137302959	43.6213644823128	94.0597993795727	59.1560954416442	183.821639348975	167.95808409204	184.041387715769	194.528203942222	174.257395524258	173.737686647161	133.837747229812	181.244214354165	203.63596875965	150.372878797552	127.11284441091	99.5104652855913	111.374928358209	48.9043010009115	373.448169335277	109.019395941288	119.007147179688	190.084264986411	138.408077877968	37.2281225096891	95.201261184016	139.107205281571	150.728748323589	155.372939392692	221.10016361742	376.945197853871	121.782868896182	55.3461737908285	170.381322942088	234.685809476149	172.973491549605	485.513903102545
Viral protein interaction with cytokine and cytokine receptor	27.5197479840336	30.5368148729131	10.9412673216949	16.7144228877119	23.6157271820896	14.3600340635311	15.3223214753247	3.58573417348066	3.52164510944206	3.491478315	1.65889670469314	1.84206212744361	3.93306581148148	4.06714825204461	3.42928886392157	3.32563503891051	3.04598682140351	3.1709673976378	6.21080450441176	4.07467150382514	24.0570723505837	21.3437671166667	17.0626715347826	14.2618143747017	17.1997959388309	13.379819974938	16.4892514040717	12.7868996149733	19.8583963517241	7.70884918524946	3.80867399225664	12.5478440778846	11.0718073909091	13.1540865003817	41.5892575172185	20.9571264022099	4.41426153288509	23.6783316649254	9.94322171709845	6.25306119198895	11.1042370079872	15.6127142989362	28.0912276840246	30.8456611855438	37.7935369	57.6484386888087	10.7291388513514	4.1384003678744	26.8957193885965	14.1355574392157	20.4540064129412	74.4746602165629
Virion - Adenovirus	26.8525258228291	22.3679945017036	37.7941932711864	26.4294780720339	23.2234243376866	23.3729707850941	27.723048051948	5.35551417127072	5.20763653433476	5.68338690833333	8.02502553249098	8.21668859962406	5.82315018518518	6.4143417472119	6.93694740196078	7.54937810311284	5.36103080701754	5.10114220472441	17.0628776715686	8.10034204918033	27.9401349659533	24.8067814583333	23.2255509782609	16.4640678579952	18.5329286273486	14.9245544044665	27.6595223982085	13.7462679679144	23.9604075	7.40499868763557	5.7820089380531	13.9829290625	20.5179286363636	11.7241564026718	38.4164139279801	44.4210758839779	5.28724222799511	27.926931630597	24.0281036528497	12.8393230110497	15.0895264376997	31.7062121808511	24.2470308832565	23.5396041412467	22.1841482971014	22.1268548194946	19.4941650737101	13.4615718055556	23.1033783881579	25.8258140359477	28.8493880147059	13.9962596014944
Virion - Ebolavirus and Lyssavirus	17.1607288118581	17.8236922274276	23.4872609124294	14.7345806126412	15.9041235074627	13.4144444874578	18.7637121320346	7.98139112338858	8.32842809728183	8.27434359166667	12.1459054422383	12.4835337406015	8.72190609876543	10.3626574814126	9.68571825490196	10.326413080415	8.26536469298246	7.83164958333333	19.5968171037582	10.7588091074681	18.0575208625162	21.5106302777778	16.4276817028985	14.0166470465394	11.4990003549061	12.740374245244	24.0406253474484	12.7520424925728	18.8427312068966	9.68379229211858	7.16488438421829	6.8481321474359	8.80981068181818	43.687327321883	18.3480276007174	24.8098630248619	8.87378219845151	54.4369820497512	15.173892029361	5.35026620165746	9.96166778753994	17.5609834338061	27.8589241052227	28.4180647236958	13.5678132809984	15.2698392779783	10.4377002457002	10.3991215297907	17.241276464425	19.0924305174292	25.6239737598039	6.8515700456621
Virion - Flavivirus	56.0504681162465	39.1701908603066	18.3055257288136	59.9411715748587	47.15478210199	41.7108000192957	36.4371508008658	11.0847147605893	13.5608727181688	10.6856183166667	18.2187610589651	18.7932276879699	16.090511191358	16.5273215365551	11.0603864313725	10.5214944033722	11.0260264152047	9.70033154855643	16.0607332189542	12.1589322495446	44.5536347178988	51.6051001388889	70.2481171014493	36.8262745266508	30.9563434168406	30.2245293837883	20.9303968838219	27.7321328461081	45.165902816092	19.9233590744758	13.2670637721239	22.5547141185897	23.2570659090909	13.2833053435115	37.9064851131347	28.675716694291	13.4452402770986	79.0764181368159	63.5694315284974	6.27091432780847	19.4896625505857	31.8183067671395	23.5950776267281	29.8091360212202	24.9218542431562	25.1593476534296	21.2083577108927	23.1621427012882	38.7775607358674	65.0356455446623	41.6445423529412	4.35042564964716
Virion - Hepatitis viruses	67.3236071151439	60.6146062195078	59.759922308691	79.8667311526325	68.5348865584312	72.8413765018321	63.308056728378	22.3429685682379	21.9945822326728	23.4255491929078	26.3408407819341	26.6577228483443	24.1167280756501	26.8234028094598	23.1632489853984	25.5774238794602	21.6959167764091	22.8032878195678	41.3308243752607	29.2301132205557	64.5263852516765	65.0437736524823	70.7223700832563	61.641271995633	72.5421681486252	55.8871483316615	52.5837460108116	53.5425403102363	73.4274254218635	31.4437406687589	19.4780893588778	39.4928424263502	48.3887647195358	29.9821057008283	79.8842943056925	62.6783950041143	28.3928786667013	82.3796619441092	56.8553749024363	23.1633814023745	42.96708505744	55.0853103259393	60.859233943197	63.2414680416502	65.7443404409497	44.4958683186113	48.9240509362748	37.3813593262411	75.7427911419062	80.5761026241135	64.5545507171464	28.3963457306378
Virion - Herpesvirus	57.0131091238718	48.9863134885482	40.536650440678	88.5364801765537	63.3979967371476	170.609170319987	109.158506897547	8.08091049723757	10.0172715498331	9.05293023333333	38.1690106137184	43.5117255555556	16.823269399177	13.2088943246592	11.1843191372549	11.0563167617812	9.68606497076023	8.19984555993001	14.3872825762527	9.87809315725562	54.0665127842629	55.5430167592593	66.6607576811594	102.201853243172	63.211728072373	55.6042055583127	50.6428334817228	72.4716997544068	64.9376888122605	22.3225393950349	14.6620858013766	37.4848701602564	45.8421309090909	26.4109261068702	73.9161189422369	36.592924198895	15.4183412496604	53.7199179187396	49.4124655843408	14.365224106814	58.5288823251686	83.5924047438928	48.8689197917733	51.7982754022988	57.8301768223296	71.8315908263137	41.5592588288288	55.2553358105207	74.6839908853151	69.8374659114016	60.6324232352941	57.7666171855542
Virion - Human immunodeficiency virus	20.2215457478992	27.2581740749574	27.0181130101695	16.5265686144068	23.0933616940298	10.0418706570188	17.5531672207792	3.33630777900553	2.61323200858369	3.49178784	1.91439646931408	1.99233446616541	2.5874157037037	2.38077420074349	3.72367440784314	5.08634300389105	2.35687220350877	2.81119654330709	23.1986521764706	5.36162259016393	13.7172302723735	14.17644175	11.0884566086957	6.54502266348449	13.0816129770355	5.07798101240695	5.96514523778502	5.2671391372549	15.3799630344828	5.08526514099783	1.97940412831858	8.68381486538462	5.23529872727273	15.2558655267176	54.9058831324503	8.94281110497237	1.1654521393643	21.9870502716418	7.06456410362694	1.9172486961326	13.0197832587859	11.7568513829787	4.98047413517665	4.94375965251989	86.1077966183575	136.522879429603	8.20350715479115	4.23310582608696	17.9844721081871	6.92981082352941	11.9175523764706	188.794479987547
Virion - Lassa virus and SFTS virus	79.6107448953699	58.0769576250125	25.5492438544367	319.295533392323	256.06352915496	409.736074158509	348.780040381971	13.4252489860253	13.6908013304721	15.2379549235294	16.9442189212147	18.5216533348076	16.9676869891068	17.7442245025148	15.5401024936563	14.8213368276493	13.1003959091847	14.6896950717925	29.4618826211073	17.9430235808422	59.7361353398947	80.7515306617647	130.745810537084	446.833913308999	191.05054440501	421.154304272369	62.2328636204254	527.120750769634	177.933258032454	25.4131594717366	17.2911854060385	27.5272968834842	33.8866345454545	20.0836083677593	91.7058436492014	48.2381629151771	23.8571797655688	72.2160975390694	68.1329583968302	16.0832757491063	28.3666390415335	140.744472386316	52.1917640028915	59.6767443002028	104.275949531117	45.9223371204077	125.09213728718	34.9786864464336	54.4198095476436	209.12016053441	89.9674737058823	26.5865535089004
Virion - Rotavirus	56.9320820728291	44.8689886626916	24.2982138305085	149.088331536017	96.7820706716418	114.642243241679	40.981882987013	4.93876997237569	3.77878587982833	5.63952361666667	3.61605696750903	3.59345191729323	3.76277225925926	4.62456144981413	6.58052333333333	7.09343270428016	3.93776592982456	5.35893043307087	18.8131587745098	9.89566336065574	44.7365167607004	34.312148125	43.4896743478261	47.8681120167064	34.3079865553236	57.5395679900744	23.2813627361564	79.4037026114082	45.2288884482759	22.7640423969631	20.8171898451327	15.5892569230769	17.2817859090909	9.73797948473283	63.1644735761589	30.0746658287293	14.6767280562347	35.5132617313433	28.432070880829	8.11094599447514	11.8983142332268	29.8657839716312	21.8262860138249	23.6127571352785	26.7388852898551	21.7492770938628	28.1450363022113	9.62072565217391	27.1104868932749	59.225071503268	34.6750975882353	5.11646386052304
Vitamin B6 metabolism	31.3281998366013	36.0416300170358	97.2918329491525	13.7182653142655	18.5597413743781	20.4510493077665	23.1955053246753	62.2321347790055	70.5907109227468	45.0429772166667	42.950577521059	47.0024146741855	72.3709403333333	71.6862958859975	51.0936395882353	48.5385610830091	50.5562370935672	38.528703011811	35.9724429575163	36.0706894535519	27.2602049740597	15.2488406944444	15.4430896376812	13.1075643675418	14.5409806437022	16.4292523614557	18.036716970684	14.4228477183601	26.9336734482759	8.72093868763558	5.30931162241888	26.660977099359	30.0080142424242	87.6824051017812	19.6841565397351	17.3290786556169	6.64299780766096	33.519264340796	25.0562545595855	23.2491307274401	26.1539568903088	18.4898910520095	25.6589066461854	25.7604620822281	18.3185634541063	12.382028032491	15.2764527846028	42.9288144927536	22.6947716423002	14.6767661764706	17.9087475490196	4.24620610419261
Vitamin digestion and absorption	14.3257666111829	16.0737705759402	42.5956180612777	9.76239196952412	9.52332980769231	6.8282627652232	8.50248975024975	3.98777328941776	3.88754991086167	5.40837250769231	7.36565959594557	8.16013012001157	5.41009874216524	4.92010597369174	4.65607645248869	5.06765606105956	4.73302867476383	5.17636915051484	8.33482283936651	5.44259108028583	15.0112695592637	8.71151857371795	10.7828970735786	8.24868849917386	10.7547414967079	8.39863778297385	6.27106689050363	8.21452967777321	11.793569933687	4.83927637577173	4.06899016848196	12.5431198335799	9.16447160839161	385.159198583382	11.9546162926643	7.32192688907777	6.77103341498966	13.6891956555683	15.1048892586688	1393.88652891628	8.87244783484886	11.4882393016912	8.0386223401867	7.34300362324015	118.981482081011	10.6437971133019	61.901873958609	38.808335859346	12.4733227946469	10.7717496933132	8.82143069004525	4.98383306734362
Wnt signaling pathway	30.6120888475842	29.6508730478638	16.5670894476683	36.3014168246672	31.2740202152374	37.1839626500527	27.9678002751486	15.1446581677435	18.0961198586358	15.3816197949153	28.3614417020539	26.6708974521048	19.6449204703913	23.1650177266713	16.48788911665	14.6697839488668	16.3825661857469	13.4215908912763	16.6450176492744	13.0740627489117	32.5127817715272	34.9185747339925	42.0271524686809	26.0218935417931	20.4639377169952	25.6737284759782	21.3217745531754	24.9127576389015	38.3205103039158	13.6712611994314	8.32171128331083	12.7158256274446	16.0063847971238	9.3609272519084	30.0324711684813	22.4804790816868	14.2667623229456	39.8963492307109	33.6431459559146	8.33745508724288	21.77083694464	26.5182884719718	29.8950393919828	30.1536335587226	20.8965973429952	24.6941052889106	18.0977189396022	24.661148026147	29.2205537409555	36.456613498763	31.6660744017946	20.110517982495
Yersinia infection	76.9813395133053	81.8948975210442	40.7411965002493	151.15165303044	132.490833748628	152.668387824551	87.1370249971352	26.8038538938089	30.5031508722545	27.5123458026961	42.5781245718305	41.2327706429677	33.327470714597	37.3824710520993	28.4024012102076	29.0648085388533	30.1539001349329	24.7321184732515	42.3623892106401	28.7603856284153	70.2299056969558	75.5444323805147	78.1402286476982	104.3140745504	75.4557282557104	91.1225041223909	73.644756421369	98.4124509309793	103.939449452333	31.9040105850453	17.5727807060125	33.3677558095305	44.6162152874332	24.0593944925909	111.225384105595	49.9958191326779	22.2568000781138	84.0818840704565	77.8112218927156	21.0503627553217	46.6715065896918	65.5551907086984	71.8075522979353	66.1677617270635	70.2609790178318	89.5403622629539	60.6964409611215	36.2895359248011	64.9524588253569	100.595939792868	79.9393172789792	118.276769385668
alpha-Linolenic acid metabolism	57.0319168829132	56.7594928988075	22.9881940935593	30.574930940678	101.945584764179	34.8755447293777	63.2751874337662	10.9329023889503	9.4092008944206	10.495557492	16.9156683104693	19.6729043263158	10.5364733540741	10.5034802988848	10.822937465098	12.2994428171206	10.1311448519298	9.97176066614173	19.9324434843137	14.3124327562842	27.9266147626459	19.3123736166667	17.6119887304348	27.7505926692124	26.6893968050104	35.4907376019851	19.9957802833876	32.1031421426025	32.7378251172414	74.1201476824295	13.2564521256637	10.2526103269231	12.3265823272727	59.4720062137405	21.567603515894	24.0587002033149	8.71900505476773	69.3912112256716	46.4084079005181	760.564406292818	15.0098340945687	42.0110472666667	37.0795618568356	33.0028392249337	64.6376221333333	10.7465364115523	15.9277643577396	14.9791558193237	25.3994367298246	16.2230786352941	28.0769931717647	8.37663169663761
beta-Alanine metabolism	44.655910921659	43.7620301192504	38.1298622733734	44.5915350314379	41.9580048784304	48.2073294248635	38.6349347507331	25.487458914632	26.5140290377959	27.9200626247312	21.5381367148014	22.6271745221926	27.231447614098	28.8666887288644	23.5936551170145	26.0644822003263	28.4683175721562	26.1085941300483	42.2556405218216	30.7095066455138	39.8716103407807	30.1259657930108	29.7441767882188	34.43853464085	32.0873065283858	33.5333193708477	47.4096843448566	35.9330985273992	34.6068616685206	19.3258822125813	20.3287070047102	40.5486785949131	39.6004174486804	72.1981462533859	37.7180319087802	27.9636688665122	31.3764560288666	33.4446479547424	28.1768903710513	10.8715036125468	24.4762987570854	30.740154988561	33.2377866701353	33.8014568225379	30.4253342699081	21.8063980074531	28.7437127811683	23.5051095987221	32.0369245618751	30.4739075859161	30.6333524990512	12.4760367452698
cAMP signaling pathway	35.7299219512605	35.4644626539466	21.2912776607156	65.4657997719397	59.6376072495854	79.1789526118025	46.6798560051948	29.2298784822591	37.2723785724368	35.0646080586667	47.2900646408343	43.9020454875522	38.5619474584362	46.5889332133829	28.5093096388671	42.4605455337657	37.6137791814425	30.9034579504812	23.97097808061	23.5347185753491	32.9732463891051	34.6890557444444	37.5514008193237	63.1180508552639	38.2316563754117	57.1665263312931	24.482132674629	61.2364053062389	49.5019226681992	184.836740446469	43.0372543514258	16.4458497094017	22.3177427151515	11.0829889620017	37.6751526559235	26.3519374067526	31.9133329334963	42.2036325037479	33.6004790282096	11.8967349835482	268.427653635925	37.3675132428684	46.9089513635091	47.6514017006779	32.1967998915727	27.2397168219815	31.3827834769315	22.4611271000537	32.9729151153346	45.7122319363834	36.9956049877124	27.5845108326
cGMP-PKG signaling pathway	46.6836585138031	42.3066802065844	34.9018934006535	87.7971373767102	80.1105237223521	107.872623714714	68.6747883030825	32.1112993866072	42.0671864933554	36.0231663126506	56.000040170284	51.0316690003624	43.0874326628737	54.2763073843329	31.7473477753366	31.5222541758474	40.1109881420419	31.0358721416374	28.8954776503071	28.3763695987228	41.7924550112512	46.9658183960843	56.7871604819277	93.9825868277885	57.8761766886334	85.8158497427427	36.3071152328205	94.8121478031914	62.1459269380972	294.307936682827	69.4130792163344	26.7536105780816	36.9745044742607	18.0352095723351	48.3030110241961	35.0242881957665	78.7796396744189	49.4911922850207	50.1158811011923	39.5966401031751	33.5171370364525	52.6996888229514	54.8591379111839	63.1933679553226	47.5857918113032	40.2759246379018	43.2088592121311	32.0780341297072	43.6235051479603	69.6580911973384	48.5999010776045	29.5141472126363
mRNA surveillance pathway	39.9363014765081	37.1425896824672	31.1471290117071	43.7003258762887	42.1240503219726	46.8361719894968	44.4200950662739	19.4636601418238	21.8103784598027	21.2470717360825	49.9422228847371	47.4341039543446	24.2033532584956	27.3250530203503	19.5303837667273	23.5670795346785	23.3298005812986	18.9402158012014	28.0788481791995	21.1656621441046	40.5316280117534	48.7344808848797	55.858062689377	41.7822639192481	35.001981940684	40.3244041664322	41.3242655052218	40.1050401845012	53.324259488091	19.7336896509158	14.7639244831676	22.3617279946471	31.1749926148079	16.5779917907453	44.5355375553014	35.0130144694424	27.8904087010057	49.3611527938144	58.8745075866674	17.1256615555049	41.977616932578	44.2245223312861	40.8789747064785	41.45336999248	39.4540234857314	45.9390079824333	30.4959596666582	56.0521250507993	50.2358881369446	58.0437095364194	47.5247397713766	24.2563930303886
mTOR signaling pathway	45.5774570088163	41.2783379201066	32.7525810254237	44.3343805079313	42.9182136478664	48.9567042281717	45.4689553238428	23.0087079370307	26.5825283765269	22.2805997324786	43.5460030459132	39.565838731203	27.3603613043685	32.6154456512725	22.226044350176	24.866563674798	25.325121634278	19.7314908845649	28.3127936444193	23.2277600700574	45.6672554490921	53.1884735202991	52.7798273968785	39.0229522406829	32.819887662866	37.0592123291659	41.165522901946	36.5987282724302	48.0054759460654	19.3694970425218	13.7457370956717	26.3260329493343	33.9049291666667	16.5125651291838	44.1268665151129	34.5389539350475	28.0543879093004	54.1957690202832	69.8565490480935	45.2082831279218	38.214934206398	42.3813813422895	46.3228283284099	46.5055289349112	34.9419515217391	41.0207938716097	29.8592002394002	32.9580952683327	44.7838140726683	52.1398839576001	52.3338527665912	32.9261166636332
p53 signaling pathway	42.9586534647993	50.6540903220897	23.0952738413559	75.7901594375706	54.9179729412935	64.8218296551857	33.8258834978355	10.8484510637201	11.967101162804	11.5537171386667	17.3018814300842	17.1544807819549	13.5033782785185	14.4708326651797	10.4172639247059	13.0721058645914	11.5160427663158	10.3091693427822	14.1230018562092	12.512050164663	39.9564228472114	58.6650344	38.0685147536232	31.6697067013524	28.514733230341	28.1012366825476	96.9576218067318	28.3323100370766	39.7837485471264	24.6453712425163	13.9010289817109	19.5793727807692	26.1109888363636	26.2616440554707	58.2706112260486	39.1011018563536	17.7352243023635	40.9854055460697	41.1829631385147	11.1343011605893	30.24980765836	35.0595297829787	92.7544224782386	92.052712976481	28.7128820373591	27.8404281670277	26.4986243692056	21.1485057922705	36.1857159869396	40.7688724374728	67.0697540352941	26.2001327566625
