tissue	ontologyId	gencodeId	geneSymbol	mean_tpm	freq	freq_log
Brain Amygdala	UBERON:0001876	ENSG00000173372.17	C1QA	35.0688483425414	0.0060105469253433	-0.0443475463174142
Brain Cortex	UBERON:0001870	ENSG00000173372.17	C1QA	16.1856728518519	0.00277410724310259	-0.0235626031438306
Kidney Medulla	UBERON:0001293	ENSG00000173372.17	C1QA	27.7758954545455	0.0047605875560063	-0.0367262412789443
Uterus	UBERON:0000995	ENSG00000173372.17	C1QA	58.5152635947712	0.010029092893209	-0.0665898177281398
Skin Not Sun Exposed Suprapubic	UBERON:0036149	ENSG00000173372.17	C1QA	24.9724654070661	0.00428009992528329	-0.0336764245948639
Whole Blood	UBERON:0013756	ENSG00000173372.17	C1QA	67.0641549564134	0.0114943110317379	-0.0740571125964755
Kidney Cortex	UBERON:0001225	ENSG00000173372.17	C1QA	55.9997735576923	0.00959795609737196	-0.0643356474829207
Brain Frontal Cortex BA9	UBERON:0009834	ENSG00000173372.17	C1QA	24.0541814498141	0.00412271269768058	-0.0326609147824359
Vagina	UBERON:0000996	ENSG00000173372.17	C1QA	49.0297433529412	0.00840334333998933	-0.0579395469067789
Prostate	UBERON:0002367	ENSG00000173372.17	C1QA	75.9455497517731	0.0130165178535471	-0.081529124050363
Esophagus Mucosa	UBERON:0006920	ENSG00000173372.17	C1QA	29.4330542508143	0.00504461258615355	-0.0384956444979672
Liver	UBERON:0001114	ENSG00000173372.17	C1QA	42.8244980916031	0.00733980918961654	-0.0520395534176886
Pituitary	UBERON:0000007	ENSG00000173372.17	C1QA	73.9452741214057	0.0126736850800694	-0.0798698183342864
Thyroid	UBERON:0002046	ENSG00000173372.17	C1QA	64.9014877192982	0.0111236455115698	-0.0721949790433499
Esophagus Muscularis	UBERON:0004648	ENSG00000173372.17	C1QA	97.8697264705882	0.0167741631483343	-0.0989275628492795
Brain Spinal cord cervical c-1	UBERON:0006469	ENSG00000173372.17	C1QA	129.369467107843	0.0221729908311553	-0.121841755500735
Brain Putamen basal ganglia	UBERON:0001874	ENSG00000173372.17	C1QA	27.3000269291339	0.00467902713308216	-0.0362136846517484
Adipose Visceral Omentum	UBERON:0010414	ENSG00000173372.17	C1QA	310.42208407155	0.0532040996827243	-0.225176709823467
Nerve Tibial	UBERON:0001323	ENSG00000173372.17	C1QA	154.581079701493	0.0264940788542792	-0.138780918795758
Ovary	UBERON:0000992	ENSG00000173372.17	C1QA	59.2185655440415	0.0101496337597776	-0.0672152240757888
Cervix Ectocervix	UBERON:0012249	ENSG00000173372.17	C1QA	45.40730125	0.00778248296751868	-0.0545206028961601
Testis	UBERON:0000473	ENSG00000173372.17	C1QA	15.4144175120773	0.00264191965696185	-0.0226259222259637
Skin Sun Exposed Lower leg	UBERON:0004264	ENSG00000173372.17	C1QA	29.1137485145889	0.00498988589275409	-0.0381565469719308
Adipose Subcutaneous	UBERON:0002190	ENSG00000173372.17	C1QA	213.10272535014	0.0365242655853562	-0.174403401975559
Small Intestine Terminal Ileum	UBERON:0001211	ENSG00000173372.17	C1QA	196.531400338164	0.0336840603517338	-0.164775354142475
Artery Coronary	UBERON:0001621	ENSG00000173372.17	C1QA	244.631919776119	0.0419281414345021	-0.191860546691078
Brain Cerebellum	UBERON:0002037	ENSG00000173372.17	C1QA	6.62417345864662	0.00113533541295425	-0.0111066068110966
Esophagus Gastroesophageal Junction	UBERON:0004550	ENSG00000173372.17	C1QA	94.5579181141439	0.016206543152955	-0.0963848465948379
Muscle Skeletal	UBERON:0011907	ENSG00000173372.17	C1QA	10.1119857212714	0.00173312120467822	-0.0158969012720131
Brain Nucleus accumbens basal ganglia	UBERON:0001882	ENSG00000173372.17	C1QA	27.1594297192982	0.00465492978836656	-0.0360618568725355
Bladder	UBERON:0001255	ENSG00000173372.17	C1QA	117.509313506494	0.0201402462977052	-0.113465613335016
Cervix Endocervix	UBERON:0000458	ENSG00000173372.17	C1QA	64.6727086956522	0.0110844344418555	-0.0719969601129651
Spleen	UBERON:0002106	ENSG00000173372.17	C1QA	1514.6738465704	0.259604140474658	-0.505089632292207
Brain Substantia nigra	UBERON:0002038	ENSG00000173372.17	C1QA	70.2392199453552	0.0120384942030997	-0.0767598616815465
Brain Hypothalamus	UBERON:0001898	ENSG00000173372.17	C1QA	41.9558574319066	0.00719093046410582	-0.0511965904242108
Brain Caudate basal ganglia	UBERON:0001873	ENSG00000173372.17	C1QA	33.0811167333333	0.00566986410635148	-0.042311191518784
Breast Mammary Tissue	UBERON:0008367	ENSG00000173372.17	C1QA	112.611945700389	0.019300872882253	-0.10992214006197
Minor Salivary Gland	UBERON:0006330	ENSG00000173372.17	C1QA	59.0150995027624	0.0101147611521323	-0.0670345067336138
Heart Atrial Appendage	UBERON:0006631	ENSG00000173372.17	C1QA	46.8160117787419	0.00802392576183356	-0.0558583668302991
Adrenal Gland	UBERON:0002369	ENSG00000173372.17	C1QA	180.18423359322	0.0308822742235676	-0.154938753604708
Colon Transverse	UBERON:0001157	ENSG00000173372.17	C1QA	125.95044743215	0.0215869955912006	-0.119455821982262
Stomach	UBERON:0000945	ENSG00000173372.17	C1QA	69.4346101719902	0.0119005899083204	-0.0760783660760968
Artery Tibial	UBERON:0007610	ENSG00000173372.17	C1QA	77.3491783068017	0.0132570896343294	-0.0826856890061821
Brain Cerebellar Hemisphere	UBERON:0002037	ENSG00000173372.17	C1QA	10.4862041516245	0.00179725953662445	-0.0163909809599321
Artery Aorta	UBERON:0001496	ENSG00000173372.17	C1QA	241.212177330508	0.0413420223170118	-0.190018155447405
Heart Left Ventricle	UBERON:0006566	ENSG00000173372.17	C1QA	23.0693795575221	0.00395392477718855	-0.0315622000279572
Brain Anterior cingulate cortex BA24	UBERON:0009835	ENSG00000173372.17	C1QA	22.4052509871245	0.0038400979443868	-0.0308154080855483
Cells EBV-transformed lymphocytes	EFO:0000572	ENSG00000173372.17	C1QA	3.90649308868502	0.00066954465666291	-0.00706003512273575
Colon Sigmoid	UBERON:0001159	ENSG00000173372.17	C1QA	104.529329140811	0.0179155708718654	-0.103957647123915
Fallopian Tube	UBERON:0003889	ENSG00000173372.17	C1QA	116.758496551724	0.0200115617029074	-0.11292569155226
Cells Cultured fibroblasts	EFO:0002009	ENSG00000173372.17	C1QA	0.240515352760736	4.12225916264331e-05	-0.000600456731218776
Brain Hippocampus	UBERON:0001954	ENSG00000173372.17	C1QA	30.4313665098039	0.00521571608576643	-0.0395503523193099
Pancreas	UBERON:0001150	ENSG00000173372.17	C1QA	17.7499487569061	0.00304221281759067	-0.0254349167643825
Lung	UBERON:0008952	ENSG00000173372.17	C1QA	443.137376490066	0.0759505407691423	-0.282444563640263
Brain Amygdala	UBERON:0001876	ENSG00000159189.12	C1QC	41.9666448066298	0.00770032057232878	-0.0540629171759902
Brain Cortex	UBERON:0001870	ENSG00000159189.12	C1QC	22.9026432592593	0.00420233010912801	-0.0331756933810859
Kidney Medulla	UBERON:0001293	ENSG00000159189.12	C1QC	23.0735618181818	0.00423369138905707	-0.0333778648065628
Uterus	UBERON:0000995	ENSG00000159189.12	C1QC	50.3605592810458	0.00924049212065093	-0.0624455325401137
Skin Not Sun Exposed Suprapubic	UBERON:0036149	ENSG00000159189.12	C1QC	22.5666085407066	0.00414067221228611	-0.0327772270197136
Whole Blood	UBERON:0013756	ENSG00000159189.12	C1QC	46.6776244333748	0.00856472261120503	-0.058817185603769
Kidney Cortex	UBERON:0001225	ENSG00000159189.12	C1QC	46.9896716346154	0.00862197911799326	-0.0591275084908447
Brain Frontal Cortex BA9	UBERON:0009834	ENSG00000159189.12	C1QC	30.504919330855	0.00559724655051537	-0.0418733763867383
Vagina	UBERON:0000996	ENSG00000159189.12	C1QC	42.2502504117647	0.00775235842490694	-0.0543529400987731
Prostate	UBERON:0002367	ENSG00000159189.12	C1QC	66.4239827304965	0.0121879164529934	-0.077495704942752
Esophagus Mucosa	UBERON:0006920	ENSG00000159189.12	C1QC	32.2801802605863	0.00592298329505259	-0.0438268795564725
Liver	UBERON:0001114	ENSG00000159189.12	C1QC	41.7284655343511	0.00765661784701727	-0.0538189566556568
Pituitary	UBERON:0000007	ENSG00000159189.12	C1QC	69.5607849520767	0.0127634778968366	-0.0803056929932921
Thyroid	UBERON:0002046	ENSG00000159189.12	C1QC	56.5004017105263	0.0103670714597531	-0.0683381569612813
Esophagus Muscularis	UBERON:0004648	ENSG00000159189.12	C1QC	97.8686541354724	0.0179575949971214	-0.104140799037087
Brain Spinal cord cervical c-1	UBERON:0006469	ENSG00000159189.12	C1QC	146.21625622549	0.026828736274008	-0.140048071563841
Brain Putamen basal ganglia	UBERON:0001874	ENSG00000159189.12	C1QC	31.4135402755906	0.00576396639636997	-0.0428765457147549
Adipose Visceral Omentum	UBERON:0010414	ENSG00000159189.12	C1QC	287.66074120954	0.052781916057231	-0.223996553359727
Nerve Tibial	UBERON:0001323	ENSG00000159189.12	C1QC	139.502059701493	0.0255967706055915	-0.135353019545095
Ovary	UBERON:0000992	ENSG00000159189.12	C1QC	58.0134595854922	0.0106446974347484	-0.0697623797419089
Cervix Ectocervix	UBERON:0012249	ENSG00000159189.12	C1QC	40.7260845833333	0.00747269428834351	-0.052788276568079
Testis	UBERON:0000473	ENSG00000159189.12	C1QC	15.4739274154589	0.00283925965873633	-0.0240209018673116
Skin Sun Exposed Lower leg	UBERON:0004264	ENSG00000159189.12	C1QC	26.9161533023873	0.00493875576561662	-0.0378389522247968
Adipose Subcutaneous	UBERON:0002190	ENSG00000159189.12	C1QC	216.80088487395	0.0397800758575349	-0.185049361138797
Small Intestine Terminal Ileum	UBERON:0001211	ENSG00000159189.12	C1QC	204.659955700483	0.0375523770002066	-0.177808701044332
Artery Coronary	UBERON:0001621	ENSG00000159189.12	C1QC	246.0173075	0.0451409004179411	-0.201753688005305
Brain Cerebellum	UBERON:0002037	ENSG00000159189.12	C1QC	7.80027928571429	0.00143124739493606	-0.0135231570658568
Esophagus Gastroesophageal Junction	UBERON:0004550	ENSG00000159189.12	C1QC	90.753740471464	0.0166521030687161	-0.0983831526617702
Muscle Skeletal	UBERON:0011907	ENSG00000159189.12	C1QC	9.59619342298289	0.00176077372807672	-0.0161103308607207
Brain Nucleus accumbens basal ganglia	UBERON:0001882	ENSG00000159189.12	C1QC	33.5725135438596	0.00616010924622996	-0.0452326248005678
Bladder	UBERON:0001255	ENSG00000159189.12	C1QC	119.157491428571	0.0218638131978939	-0.120585732733333
Cervix Endocervix	UBERON:0000458	ENSG00000159189.12	C1QC	58.9976	0.0108252740978296	-0.0706831144834285
Spleen	UBERON:0002106	ENSG00000159189.12	C1QC	1268.5562866426	0.232763188865835	-0.489516157355519
Brain Substantia nigra	UBERON:0002038	ENSG00000159189.12	C1QC	81.5773989617486	0.0149683665767578	-0.0907373310141106
Brain Hypothalamus	UBERON:0001898	ENSG00000159189.12	C1QC	49.0433470817121	0.00899880121961781	-0.0611563161655154
Brain Caudate basal ganglia	UBERON:0001873	ENSG00000159189.12	C1QC	40.7052910666667	0.00746887895488292	-0.0527668274153936
Breast Mammary Tissue	UBERON:0008367	ENSG00000159189.12	C1QC	107.461780758755	0.0197178060082849	-0.111688695586907
Minor Salivary Gland	UBERON:0006330	ENSG00000159189.12	C1QC	74.2368687845304	0.0136214770220678	-0.084425547371185
Heart Atrial Appendage	UBERON:0006631	ENSG00000159189.12	C1QC	48.7601317787419	0.00894683498229032	-0.0608779054850981
Adrenal Gland	UBERON:0002369	ENSG00000159189.12	C1QC	194.408614847458	0.0356713924414402	-0.171546888766694
Colon Transverse	UBERON:0001157	ENSG00000159189.12	C1QC	126.694929665971	0.0232468327599661	-0.126156423884927
Stomach	UBERON:0000945	ENSG00000159189.12	C1QC	65.6611302948403	0.0120479431877729	-0.0768064729575557
Artery Tibial	UBERON:0007610	ENSG00000159189.12	C1QC	73.8267071490593	0.0135462178229074	-0.0840673684595767
Brain Cerebellar Hemisphere	UBERON:0002037	ENSG00000159189.12	C1QC	12.4666811913357	0.00228747001550005	-0.0200657589219409
Artery Aorta	UBERON:0001496	ENSG00000159189.12	C1QC	231.576726059322	0.0424912459874665	-0.193619458657508
Heart Left Ventricle	UBERON:0006566	ENSG00000159189.12	C1QC	22.9653254646018	0.00421383145924884	-0.0332498762531244
Brain Anterior cingulate cortex BA24	UBERON:0009835	ENSG00000159189.12	C1QC	27.4494357939914	0.00503660600262945	-0.0384460878192036
Cells EBV-transformed lymphocytes	EFO:0000572	ENSG00000159189.12	C1QC	2.7247901529052	0.000499962714826802	-0.00548253707029355
Colon Sigmoid	UBERON:0001159	ENSG00000159189.12	C1QC	92.4340735322196	0.016960421813179	-0.0997558439687271
Fallopian Tube	UBERON:0003889	ENSG00000159189.12	C1QC	113.188853793103	0.0207686476590489	-0.116085295039955
Cells Cultured fibroblasts	EFO:0002009	ENSG00000159189.12	C1QC	0.216263987730061	3.96815623799539e-05	-0.000580190934676936
Brain Hippocampus	UBERON:0001954	ENSG00000159189.12	C1QC	35.945040745098	0.00659543639950335	-0.0477794265135028
Pancreas	UBERON:0001150	ENSG00000159189.12	C1QC	19.7680699171271	0.00362717763498786	-0.0294053001540309
Lung	UBERON:0008952	ENSG00000159189.12	C1QC	335.385824172185	0.0615388333625501	-0.247531286138454
Brain Amygdala	UBERON:0001876	ENSG00000173369.17	C1QB	55.2681501104972	0.0077202525465639	-0.0541740639468732
Brain Cortex	UBERON:0001870	ENSG00000173369.17	C1QB	29.4119498518519	0.00410847260654091	-0.0325686106573822
Kidney Medulla	UBERON:0001293	ENSG00000173369.17	C1QB	30.6232518181818	0.00427767597360712	-0.0336608486368333
Uterus	UBERON:0000995	ENSG00000173369.17	C1QB	57.7946695424837	0.0080731749447216	-0.0561299446793309
Skin Not Sun Exposed Suprapubic	UBERON:0036149	ENSG00000173369.17	C1QB	22.8699525652842	0.00319463939319358	-0.0264839796866779
Whole Blood	UBERON:0013756	ENSG00000173369.17	C1QB	72.8420742465753	0.0101751046140462	-0.0673471102423801
Kidney Cortex	UBERON:0001225	ENSG00000173369.17	C1QB	60.037325	0.00838644518214298	-0.0578473914961667
Brain Frontal Cortex BA9	UBERON:0009834	ENSG00000173369.17	C1QB	39.1630242750929	0.00547057278534648	-0.0411063893311903
Vagina	UBERON:0000996	ENSG00000173369.17	C1QB	50.5096272352941	0.00705554786092269	-0.050426185224783
Prostate	UBERON:0002367	ENSG00000173369.17	C1QB	87.5317530851064	0.012227064562672	-0.0776880550734481
Esophagus Mucosa	UBERON:0006920	ENSG00000173369.17	C1QB	35.9929218892508	0.0050277500932854	-0.0383912528569133
Liver	UBERON:0001114	ENSG00000173369.17	C1QB	54.902434389313	0.00766916674539005	-0.053889044767574
Pituitary	UBERON:0000007	ENSG00000173369.17	C1QB	95.9260490095847	0.0133996401664871	-0.083368031108355
Thyroid	UBERON:0002046	ENSG00000173369.17	C1QB	71.1909690350877	0.00994446636782038	-0.0661494996522029
Esophagus Muscularis	UBERON:0004648	ENSG00000173369.17	C1QB	119.678681871658	0.0167175786893868	-0.0986753457476013
Brain Spinal cord cervical c-1	UBERON:0006469	ENSG00000173369.17	C1QB	198.701256617647	0.027756020046643	-0.143527919453808
Brain Putamen basal ganglia	UBERON:0001874	ENSG00000173369.17	C1QB	42.4961455511811	0.00593616712798829	-0.0439053914013752
Adipose Visceral Omentum	UBERON:0010414	ENSG00000173369.17	C1QB	367.011802197615	0.0512668470877042	-0.219720992027517
Nerve Tibial	UBERON:0001323	ENSG00000173369.17	C1QB	160.25875	0.0223860943477038	-0.122703854489868
Ovary	UBERON:0000992	ENSG00000173369.17	C1QB	68.9031132642487	0.00962488222567562	-0.064477234227145
Cervix Ectocervix	UBERON:0012249	ENSG00000173369.17	C1QB	47.1028041666667	0.00657965832203493	-0.0476878608366635
Testis	UBERON:0000473	ENSG00000173369.17	C1QB	17.3551892270531	0.00242429760283956	-0.0210628247905072
Skin Sun Exposed Lower leg	UBERON:0004264	ENSG00000173369.17	C1QB	25.6057812068966	0.00357679960653785	-0.0290690617070007
Adipose Subcutaneous	UBERON:0002190	ENSG00000173369.17	C1QB	236.680095518207	0.0330611773054148	-0.162618610888677
Small Intestine Terminal Ileum	UBERON:0001211	ENSG00000173369.17	C1QB	232.897103381643	0.0325327417667265	-0.160775631346652
Artery Coronary	UBERON:0001621	ENSG00000173369.17	C1QB	298.989968656716	0.0417650683495675	-0.191349141101185
Brain Cerebellum	UBERON:0002037	ENSG00000173369.17	C1QB	10.3891515789474	0.00145123138324061	-0.0136829448559879
Esophagus Gastroesophageal Junction	UBERON:0004550	ENSG00000173369.17	C1QB	110.155589354839	0.0153873246622998	-0.0926642197692301
Muscle Skeletal	UBERON:0011907	ENSG00000173369.17	C1QB	10.9405857579462	0.0015282596737871	-0.0142951798876643
Brain Nucleus accumbens basal ganglia	UBERON:0001882	ENSG00000173369.17	C1QB	45.0317634035088	0.0062903604589105	-0.0459991515323761
Bladder	UBERON:0001255	ENSG00000173369.17	C1QB	145.482988181818	0.0203221097096044	-0.114226636364175
Cervix Endocervix	UBERON:0000458	ENSG00000173369.17	C1QB	70.468447826087	0.0098435394109278	-0.0656230100255923
Spleen	UBERON:0002106	ENSG00000173369.17	C1QB	1855.4044833935	0.259176237293749	-0.504873922317014
Brain Substantia nigra	UBERON:0002038	ENSG00000173369.17	C1QB	111.729292786885	0.015607150871509	-0.0936686413644413
Brain Hypothalamus	UBERON:0001898	ENSG00000173369.17	C1QB	64.8211980155642	0.00905469095763951	-0.0614552639760206
Brain Caudate basal ganglia	UBERON:0001873	ENSG00000173369.17	C1QB	52.5995673666667	0.00734748572367251	-0.0520828996773756
Breast Mammary Tissue	UBERON:0008367	ENSG00000173369.17	C1QB	130.010627879377	0.0181608191871705	-0.105024506057407
Minor Salivary Gland	UBERON:0006330	ENSG00000173369.17	C1QB	80.2801770718232	0.011214112291405	-0.0726510836624193
Heart Atrial Appendage	UBERON:0006631	ENSG00000173369.17	C1QB	63.5737042950108	0.00888043206615012	-0.0605215157928121
Adrenal Gland	UBERON:0002369	ENSG00000173369.17	C1QB	242.149769084746	0.033825220632295	-0.16526180324642
Colon Transverse	UBERON:0001157	ENSG00000173369.17	C1QB	152.594778956159	0.0213155357737382	-0.118342807412361
Stomach	UBERON:0000945	ENSG00000173369.17	C1QB	81.1067083292383	0.0113295681196192	-0.0732316468742166
Artery Tibial	UBERON:0007610	ENSG00000173369.17	C1QB	81.1596552677279	0.0113369641286387	-0.0732687792584941
Brain Cerebellar Hemisphere	UBERON:0002037	ENSG00000173369.17	C1QB	15.9915440794224	0.00223381384496892	-0.0196715797344848
Artery Aorta	UBERON:0001496	ENSG00000173369.17	C1QB	296.150044279661	0.0413683672955215	-0.190101223604435
Heart Left Ventricle	UBERON:0006566	ENSG00000173369.17	C1QB	26.183703340708	0.00365752792504232	-0.0296073791459301
Brain Anterior cingulate cortex BA24	UBERON:0009835	ENSG00000173369.17	C1QB	36.2629057939914	0.00506546338609397	-0.0386246143756403
Cells EBV-transformed lymphocytes	EFO:0000572	ENSG00000173369.17	C1QB	3.99492348623853	0.000558039633248066	-0.00603092672319931
Colon Sigmoid	UBERON:0001159	ENSG00000173369.17	C1QB	115.269905322196	0.0161017290849552	-0.0959122127023454
Fallopian Tube	UBERON:0003889	ENSG00000173369.17	C1QB	143.676196551724	0.0200697240651517	-0.11316987069298
Cells Cultured fibroblasts	EFO:0002009	ENSG00000173369.17	C1QB	0.296993082822086	4.14861289799816e-05	-0.000603914053626043
Brain Hippocampus	UBERON:0001954	ENSG00000173369.17	C1QB	47.1030779215686	0.00657969656208774	-0.047688082822938
Pancreas	UBERON:0001150	ENSG00000173369.17	C1QB	21.9255176243094	0.00306271393081521	-0.0255766433786319
Lung	UBERON:0008952	ENSG00000173369.17	C1QB	564.354468543046	0.0788330894778156	-0.28892759888196
Brain Amygdala	UBERON:0001876	ENSG00000116717.13	GADD45A	42.5434859668508	0.00786275164065707	-0.0549665310296239
Brain Cortex	UBERON:0001870	ENSG00000116717.13	GADD45A	38.1198512592593	0.00704518955649018	-0.0503670870513548
Kidney Medulla	UBERON:0001293	ENSG00000116717.13	GADD45A	123.895781818182	0.0228980239776414	-0.124762931044122
Uterus	UBERON:0000995	ENSG00000116717.13	GADD45A	152.440643137255	0.0281735943750402	-0.145080277979319
Skin Not Sun Exposed Suprapubic	UBERON:0036149	ENSG00000116717.13	GADD45A	90.5313583717358	0.0167317174507731	-0.0987383931050827
Whole Blood	UBERON:0013756	ENSG00000116717.13	GADD45A	96.2075005479452	0.0177807639779751	-0.103369162642595
Kidney Cortex	UBERON:0001225	ENSG00000116717.13	GADD45A	163.339091346154	0.0301878108781708	-0.152445125745127
Brain Frontal Cortex BA9	UBERON:0009834	ENSG00000116717.13	GADD45A	48.9689375092937	0.00905028313952556	-0.0614317051797385
Vagina	UBERON:0000996	ENSG00000116717.13	GADD45A	107.16242	0.0198054173164915	-0.112058280536761
Prostate	UBERON:0002367	ENSG00000116717.13	GADD45A	56.6115343262411	0.0104627635532875	-0.0688302549696045
Esophagus Mucosa	UBERON:0006920	ENSG00000116717.13	GADD45A	63.4098910423453	0.0117192141992212	-0.0751785288389069
Liver	UBERON:0001114	ENSG00000116717.13	GADD45A	71.2824404961832	0.0131741937272869	-0.082287878425513
Pituitary	UBERON:0000007	ENSG00000116717.13	GADD45A	42.1045408945687	0.00778162720976455	-0.0545158423687868
Thyroid	UBERON:0002046	ENSG00000116717.13	GADD45A	127.202829824561	0.0235092220623059	-0.127199687822798
Esophagus Muscularis	UBERON:0004648	ENSG00000116717.13	GADD45A	57.0512734402852	0.0105440347364507	-0.0692472012077058
Brain Spinal cord cervical c-1	UBERON:0006469	ENSG00000116717.13	GADD45A	39.4891683333333	0.00729826237894636	-0.0518047542104727
Brain Putamen basal ganglia	UBERON:0001874	ENSG00000116717.13	GADD45A	49.2625743700787	0.00910455216935293	-0.0617215457273325
Adipose Visceral Omentum	UBERON:0010414	ENSG00000116717.13	GADD45A	178.255149744463	0.0329445493065833	-0.162212912148857
Nerve Tibial	UBERON:0001323	ENSG00000116717.13	GADD45A	146.536696119403	0.0270824456822147	-0.141004703675012
Ovary	UBERON:0000992	ENSG00000116717.13	GADD45A	119.986301036269	0.022175486185227	-0.121851867365619
Cervix Ectocervix	UBERON:0012249	ENSG00000116717.13	GADD45A	95.4651416666667	0.0176435635728114	-0.102768715457029
Testis	UBERON:0000473	ENSG00000116717.13	GADD45A	34.0059833574879	0.00628487758724293	-0.0459669639203801
Skin Sun Exposed Lower leg	UBERON:0004264	ENSG00000116717.13	GADD45A	113.734134084881	0.0210199805928316	-0.117125325660432
Adipose Subcutaneous	UBERON:0002190	ENSG00000116717.13	GADD45A	255.43562535014	0.0472087991066132	-0.20794533744887
Small Intestine Terminal Ileum	UBERON:0001211	ENSG00000116717.13	GADD45A	55.5971231884058	0.0102752833161361	-0.0678649378312474
Artery Coronary	UBERON:0001621	ENSG00000116717.13	GADD45A	264.76844141791	0.0489336604615569	-0.21300964222273
Brain Cerebellum	UBERON:0002037	ENSG00000116717.13	GADD45A	13.9423923684211	0.00257678857240109	-0.0221609231495029
Esophagus Gastroesophageal Junction	UBERON:0004550	ENSG00000116717.13	GADD45A	59.6779403225806	0.0110294869477321	-0.0717191341669415
Muscle Skeletal	UBERON:0011907	ENSG00000116717.13	GADD45A	223.778878765281	0.0413580999809724	-0.190068852690095
Brain Nucleus accumbens basal ganglia	UBERON:0001882	ENSG00000116717.13	GADD45A	41.6789527017544	0.0077029713548141	-0.0540777030351129
Bladder	UBERON:0001255	ENSG00000116717.13	GADD45A	109.149698701299	0.0201726998396316	-0.113601591017195
Cervix Endocervix	UBERON:0000458	ENSG00000116717.13	GADD45A	146.792082608696	0.0271296454001516	-0.141182294816804
Spleen	UBERON:0002106	ENSG00000116717.13	GADD45A	57.3046202166065	0.0105908574811296	-0.0694870055602518
Brain Substantia nigra	UBERON:0002038	ENSG00000116717.13	GADD45A	50.4656886885246	0.00932690792761469	-0.0629042617384295
Brain Hypothalamus	UBERON:0001898	ENSG00000116717.13	GADD45A	49.5718764202335	0.00916171638961	-0.0620263442952965
Brain Caudate basal ganglia	UBERON:0001873	ENSG00000116717.13	GADD45A	55.9859332333333	0.010347141950876	-0.0682355092219704
Breast Mammary Tissue	UBERON:0008367	ENSG00000116717.13	GADD45A	175.354357976654	0.0324084342066283	-0.160340302725899
Minor Salivary Gland	UBERON:0006330	ENSG00000116717.13	GADD45A	61.9244987845304	0.0114446887308274	-0.0738088343714642
Heart Atrial Appendage	UBERON:0006631	ENSG00000116717.13	GADD45A	45.5929518004338	0.00842634420814942	-0.0580649051621102
Adrenal Gland	UBERON:0002369	ENSG00000116717.13	GADD45A	27.5497303050847	0.00509165345135913	-0.0387864341934794
Colon Transverse	UBERON:0001157	ENSG00000116717.13	GADD45A	51.8937880793319	0.00959084471071802	-0.0642982352128535
Stomach	UBERON:0000945	ENSG00000116717.13	GADD45A	76.1464336609337	0.0140731414596398	-0.086562651605835
Artery Tibial	UBERON:0007610	ENSG00000116717.13	GADD45A	382.790893777135	0.0707461943861377	-0.270335615921835
Brain Cerebellar Hemisphere	UBERON:0002037	ENSG00000116717.13	GADD45A	11.4864796750903	0.00212289460673397	-0.0188507766442888
Artery Aorta	UBERON:0001496	ENSG00000116717.13	GADD45A	475.838031779661	0.0879428702193749	-0.308441111543088
Heart Left Ventricle	UBERON:0006566	ENSG00000116717.13	GADD45A	44.2417265265487	0.00817661505460953	-0.0566989428450116
Brain Anterior cingulate cortex BA24	UBERON:0009835	ENSG00000116717.13	GADD45A	40.1057158369099	0.00741221072579943	-0.0524479165030437
Cells EBV-transformed lymphocytes	EFO:0000572	ENSG00000116717.13	GADD45A	71.1761859327217	0.0131545560971257	-0.0821935289942005
Colon Sigmoid	UBERON:0001159	ENSG00000116717.13	GADD45A	42.2418818377088	0.0078070101256555	-0.0546569883106455
Fallopian Tube	UBERON:0003889	ENSG00000116717.13	GADD45A	106.318248275862	0.0196494001858282	-0.111399737931883
Cells Cultured fibroblasts	EFO:0002009	ENSG00000116717.13	GADD45A	135.075448006135	0.0249642142924129	-0.132909344304016
Brain Hippocampus	UBERON:0001954	ENSG00000116717.13	GADD45A	38.6398443529412	0.0071412930246842	-0.0509145553783568
Pancreas	UBERON:0001150	ENSG00000116717.13	GADD45A	12.0620293922652	0.00222926587321935	-0.0196380836955251
Lung	UBERON:0008952	ENSG00000116717.13	GADD45A	170.568810927152	0.0315239846355653	-0.15722291915081
Brain Amygdala	UBERON:0001876	ENSG00000132703.4	APCS	0.024452044198895	1.34884438933159e-05	-0.000218214919754576
Brain Cortex	UBERON:0001870	ENSG00000132703.4	APCS	0.0457778148148148	2.52523462523489e-05	-0.000385684716502003
Kidney Medulla	UBERON:0001293	ENSG00000132703.4	APCS	2.77078272727273	0.00152844265507568	-0.014296627473348
Uterus	UBERON:0000995	ENSG00000132703.4	APCS	0.210555620915033	0.000116148476423213	-0.00151826293489871
Skin Not Sun Exposed Suprapubic	UBERON:0036149	ENSG00000132703.4	APCS	0.13760242703533	7.59054172139122e-05	-0.00103879885252395
Whole Blood	UBERON:0013756	ENSG00000132703.4	APCS	2.40382214196762	0.00132601674639971	-0.0126749767669839
Kidney Cortex	UBERON:0001225	ENSG00000132703.4	APCS	2.87192913461538	0.00158423789368046	-0.0147365734312362
Brain Frontal Cortex BA9	UBERON:0009834	ENSG00000132703.4	APCS	0.0331997026022305	1.83139013729248e-05	-0.000288200395839876
Vagina	UBERON:0000996	ENSG00000132703.4	APCS	0.142618	7.86721500881247e-05	-0.00107259937346725
Prostate	UBERON:0002367	ENSG00000132703.4	APCS	0.121628510638298	6.70937500450942e-05	-0.000930151660393549
Esophagus Mucosa	UBERON:0006920	ENSG00000132703.4	APCS	0.134185	7.40202671442245e-05	-0.00101568538984921
Liver	UBERON:0001114	ENSG00000132703.4	APCS	1788.66145419847	0.986676593287984	-0.0190929916082305
Pituitary	UBERON:0000007	ENSG00000132703.4	APCS	0.149355782747604	8.23889029214324e-05	-0.0011177859362912
Thyroid	UBERON:0002046	ENSG00000132703.4	APCS	0.175631578947369	9.68833803528426e-05	-0.001291784017953
Esophagus Muscularis	UBERON:0004648	ENSG00000132703.4	APCS	0.235925365418895	0.000130143149937813	-0.00167983741423421
Brain Spinal cord cervical c-1	UBERON:0006469	ENSG00000132703.4	APCS	0.0250835784313726	1.38368161599531e-05	-0.00022334182706292
Brain Putamen basal ganglia	UBERON:0001874	ENSG00000132703.4	APCS	0.0305130708661418	1.68318788009276e-05	-0.000266927411635726
Adipose Visceral Omentum	UBERON:0010414	ENSG00000132703.4	APCS	0.645509761499151	0.000356081566422266	-0.00407909403178895
Nerve Tibial	UBERON:0001323	ENSG00000132703.4	APCS	0.0690105820895523	3.80682022733323e-05	-0.000558881334495953
Ovary	UBERON:0000992	ENSG00000132703.4	APCS	0.187323056994819	0.000103332732578375	-0.00136816826782341
Cervix Ectocervix	UBERON:0012249	ENSG00000132703.4	APCS	0.159308333333333	8.78790132401871e-05	-0.00118409252841846
Testis	UBERON:0000473	ENSG00000132703.4	APCS	0.150794903381643	8.31827628445557e-05	-0.0011274055871462
Skin Sun Exposed Lower leg	UBERON:0004264	ENSG00000132703.4	APCS	0.125936352785146	6.94700784463673e-05	-0.000959607474122604
Adipose Subcutaneous	UBERON:0002190	ENSG00000132703.4	APCS	0.161794523809524	8.92504667053216e-05	-0.00120057771095356
Small Intestine Terminal Ileum	UBERON:0001211	ENSG00000132703.4	APCS	0.148750821256039	8.20551889353861e-05	-0.00111373884623781
Artery Coronary	UBERON:0001621	ENSG00000132703.4	APCS	0.266091791044776	0.000146783809352905	-0.00186914789582692
Brain Cerebellum	UBERON:0002037	ENSG00000132703.4	APCS	0.332802969924812	0.000183583595336483	-0.00227850652968856
Esophagus Gastroesophageal Junction	UBERON:0004550	ENSG00000132703.4	APCS	0.0935122828784119	5.15840381557279e-05	-0.000734696793118569
Muscle Skeletal	UBERON:0011907	ENSG00000132703.4	APCS	0.0569620048899756	3.1421863986486e-05	-0.000470004210357772
Brain Nucleus accumbens basal ganglia	UBERON:0001882	ENSG00000132703.4	APCS	0.0270458596491228	1.49192663589319e-05	-0.000239192599019976
Bladder	UBERON:0001255	ENSG00000132703.4	APCS	0.0499316883116883	2.75437411617791e-05	-0.000417230275953298
Cervix Endocervix	UBERON:0000458	ENSG00000132703.4	APCS	0.0530708695652174	2.92754029347072e-05	-0.000440886146785343
Spleen	UBERON:0002106	ENSG00000132703.4	APCS	2.91856873646209	0.00160996562620044	-0.0149384756354744
Brain Substantia nigra	UBERON:0002038	ENSG00000132703.4	APCS	0.0279565027322404	1.54216030156775e-05	-0.000246509508638092
Brain Hypothalamus	UBERON:0001898	ENSG00000132703.4	APCS	0.0352897276264591	1.94668186932774e-05	-0.00030462891334448
Brain Caudate basal ganglia	UBERON:0001873	ENSG00000132703.4	APCS	0.0209234	1.15419432691096e-05	-0.000189319659927349
Breast Mammary Tissue	UBERON:0008367	ENSG00000132703.4	APCS	0.224092451361867	0.000123615777581768	-0.00160476141885306
Minor Salivary Gland	UBERON:0006330	ENSG00000132703.4	APCS	0.108086906077348	5.96238153492418e-05	-0.000836745824643694
Heart Atrial Appendage	UBERON:0006631	ENSG00000132703.4	APCS	0.169240368763557	9.33578068149611e-05	-0.00124976880512601
Adrenal Gland	UBERON:0002369	ENSG00000132703.4	APCS	0.168980372881356	9.32143856825178e-05	-0.00124805559903853
Colon Transverse	UBERON:0001157	ENSG00000132703.4	APCS	0.106443402922756	5.8717212207644e-05	-0.000825320738306312
Stomach	UBERON:0000945	ENSG00000132703.4	APCS	0.113575995085995	6.26517531574803e-05	-0.000874761670549555
Artery Tibial	UBERON:0007610	ENSG00000132703.4	APCS	0.0902247612156295	4.97705475888122e-05	-0.000711437538056829
Brain Cerebellar Hemisphere	UBERON:0002037	ENSG00000132703.4	APCS	0.111855090252708	6.17024530457708e-05	-0.000862866393310664
Artery Aorta	UBERON:0001496	ENSG00000132703.4	APCS	0.183743538135593	0.000101358168042789	-0.00134484551568091
Heart Left Ventricle	UBERON:0006566	ENSG00000132703.4	APCS	0.0538000884955753	2.96776608624317e-05	-0.000446359827222681
Brain Anterior cingulate cortex BA24	UBERON:0009835	ENSG00000132703.4	APCS	0.0305952360515022	1.68772034569646e-05	-0.000267580712549001
Cells EBV-transformed lymphocytes	EFO:0000572	ENSG00000132703.4	APCS	0.100664617737003	5.55294697385268e-05	-0.000784986066077434
Colon Sigmoid	UBERON:0001159	ENSG00000132703.4	APCS	0.133443723150358	7.36113577248534e-05	-0.00101066274834329
Fallopian Tube	UBERON:0003889	ENSG00000132703.4	APCS	0.138433103448276	7.63636419782051e-05	-0.00104440678896607
Cells Cultured fibroblasts	EFO:0002009	ENSG00000132703.4	APCS	0.158353343558282	8.73522136853242e-05	-0.00117775209560833
Brain Hippocampus	UBERON:0001954	ENSG00000132703.4	APCS	0.0507801176470588	2.80117589436259e-05	-0.000423638858767733
Pancreas	UBERON:0001150	ENSG00000132703.4	APCS	6.9691694198895	0.0038443923108662	-0.0308436699115121
Lung	UBERON:0008952	ENSG00000132703.4	APCS	0.197733228476821	0.000109075279615041	-0.00143569117413196
Brain Amygdala	UBERON:0001876	ENSG00000117560.8	FASLG	0.0487388397790055	0.0016663227772355	-0.0153786868673395
Brain Cortex	UBERON:0001870	ENSG00000117560.8	FASLG	0.0368733703703704	0.00126065653594109	-0.0121421508572069
Kidney Medulla	UBERON:0001293	ENSG00000117560.8	FASLG	0.237	0.00810274721342314	-0.0562928084485464
Uterus	UBERON:0000995	ENSG00000117560.8	FASLG	0.362501960784314	0.0123935095046646	-0.0785038529554837
Skin Not Sun Exposed Suprapubic	UBERON:0036149	ENSG00000117560.8	FASLG	0.125107726574501	0.00427728389400523	-0.0336583290046477
Whole Blood	UBERON:0013756	ENSG00000117560.8	FASLG	4.79683090909091	0.163997925240077	-0.427747675698331
Kidney Cortex	UBERON:0001225	ENSG00000117560.8	FASLG	0.323466442307692	0.0110589317048293	-0.0718680619628848
Brain Frontal Cortex BA9	UBERON:0009834	ENSG00000117560.8	FASLG	0.0364944237918216	0.00124770080457665	-0.0120359611125593
Vagina	UBERON:0000996	ENSG00000117560.8	FASLG	0.526791647058824	0.0180103778492003	-0.104370639264783
Prostate	UBERON:0002367	ENSG00000117560.8	FASLG	0.50901	0.0174024445531836	-0.101709739432292
Esophagus Mucosa	UBERON:0006920	ENSG00000117560.8	FASLG	0.392579185667752	0.0134218139355161	-0.0834739723623855
Liver	UBERON:0001114	ENSG00000117560.8	FASLG	0.583142557251908	0.0199369482312293	-0.112612089616474
Pituitary	UBERON:0000007	ENSG00000117560.8	FASLG	0.289694089456869	0.0099042952577713	-0.0659401232819057
Thyroid	UBERON:0002046	ENSG00000117560.8	FASLG	0.753652894736842	0.0257664932182162	-0.13600482683121
Esophagus Muscularis	UBERON:0004648	ENSG00000117560.8	FASLG	0.145855543672014	0.00498662700443346	-0.0381363270245624
Brain Spinal cord cervical c-1	UBERON:0006469	ENSG00000117560.8	FASLG	0.301524705882353	0.0103087699171581	-0.0680377164595992
Brain Putamen basal ganglia	UBERON:0001874	ENSG00000117560.8	FASLG	0.0798904330708661	0.00273135858204274	-0.0232607018780625
Adipose Visceral Omentum	UBERON:0010414	ENSG00000117560.8	FASLG	0.49423402044293	0.0168972714427125	-0.0994753503385614
Nerve Tibial	UBERON:0001323	ENSG00000117560.8	FASLG	0.200768626865672	0.00686403979695616	-0.0493299757943736
Ovary	UBERON:0000992	ENSG00000117560.8	FASLG	0.126741917098446	0.00433315491811534	-0.0340168540705872
Cervix Ectocervix	UBERON:0012249	ENSG00000117560.8	FASLG	0.914252083333333	0.0312571878506138	-0.156275568184131
Testis	UBERON:0000473	ENSG00000117560.8	FASLG	0.090101231884058	0.00308045361001917	-0.0256991200489448
Skin Sun Exposed Lower leg	UBERON:0004264	ENSG00000117560.8	FASLG	0.101928978779841	0.00348483016360937	-0.0284525786811613
Adipose Subcutaneous	UBERON:0002190	ENSG00000117560.8	FASLG	0.212943221288515	0.00728027465364078	-0.0517029919721482
Small Intestine Terminal Ileum	UBERON:0001211	ENSG00000117560.8	FASLG	1.30586256038647	0.0446458827944519	-0.200251475168464
Artery Coronary	UBERON:0001621	ENSG00000117560.8	FASLG	0.408428171641791	0.0139636718550803	-0.0860466291386616
Brain Cerebellum	UBERON:0002037	ENSG00000117560.8	FASLG	0.0306056015037594	0.00104636899704525	-0.0103594638582782
Esophagus Gastroesophageal Junction	UBERON:0004550	ENSG00000117560.8	FASLG	0.106551786600496	0.00364287844709885	-0.0295098852083923
Muscle Skeletal	UBERON:0011907	ENSG00000117560.8	FASLG	0.0296500122249389	0.00101369853980416	-0.0100824034149484
Brain Nucleus accumbens basal ganglia	UBERON:0001882	ENSG00000117560.8	FASLG	0.073758947368421	0.00252173040191771	-0.0217659887424306
Bladder	UBERON:0001255	ENSG00000117560.8	FASLG	0.471325454545455	0.0161140549090024	-0.0959678439962346
Cervix Endocervix	UBERON:0000458	ENSG00000117560.8	FASLG	0.525018695652174	0.0179497627560789	-0.104106674889698
Spleen	UBERON:0002106	ENSG00000117560.8	FASLG	8.42549581227437	0.288057648584871	-0.5172278246627
Brain Substantia nigra	UBERON:0002038	ENSG00000117560.8	FASLG	0.108254371584699	0.00370108779619745	-0.0298967762620914
Brain Hypothalamus	UBERON:0001898	ENSG00000117560.8	FASLG	0.0923445525291829	0.00315715006616305	-0.0262269553150839
Brain Caudate basal ganglia	UBERON:0001873	ENSG00000117560.8	FASLG	0.134239633333333	0.00458949288996882	-0.0356486543953663
Breast Mammary Tissue	UBERON:0008367	ENSG00000117560.8	FASLG	0.221668677042802	0.00757858757473314	-0.0533824741565105
Minor Salivary Gland	UBERON:0006330	ENSG00000117560.8	FASLG	0.330911602209945	0.0113134728383798	-0.0731508148661927
Heart Atrial Appendage	UBERON:0006631	ENSG00000117560.8	FASLG	0.121057678958785	0.00413881759850958	-0.0327652210895495
Adrenal Gland	UBERON:0002369	ENSG00000117560.8	FASLG	0.181923661016949	0.00621975290025662	-0.0455841150814547
Colon Transverse	UBERON:0001157	ENSG00000117560.8	FASLG	0.547746576200418	0.0187268018732911	-0.107468465145901
Stomach	UBERON:0000945	ENSG00000117560.8	FASLG	0.508305085995086	0.0173783443844535	-0.10160362950778
Artery Tibial	UBERON:0007610	ENSG00000117560.8	FASLG	0.0868712879884225	0.0029700256821716	-0.0249342829786809
Brain Cerebellar Hemisphere	UBERON:0002037	ENSG00000117560.8	FASLG	0.0252064981949458	0.000861780097085455	-0.00877325972313671
Artery Aorta	UBERON:0001496	ENSG00000117560.8	FASLG	0.37694343220339	0.0128872461810303	-0.0809049997188862
Heart Left Ventricle	UBERON:0006566	ENSG00000117560.8	FASLG	0.0862563053097345	0.00294900015817986	-0.0247879930065967
Brain Anterior cingulate cortex BA24	UBERON:0009835	ENSG00000117560.8	FASLG	0.0271325321888412	0.000927628901207792	-0.0093450862479981
Cells EBV-transformed lymphocytes	EFO:0000572	ENSG00000117560.8	FASLG	0.16954006116208	0.00579637239723472	-0.0430707218030592
Colon Sigmoid	UBERON:0001159	ENSG00000117560.8	FASLG	0.116551551312649	0.00398475847096503	-0.0317636733382146
Fallopian Tube	UBERON:0003889	ENSG00000117560.8	FASLG	0.581854137931034	0.0198928987119806	-0.112426759567252
Cells Cultured fibroblasts	EFO:0002009	ENSG00000117560.8	FASLG	0.0226911349693252	0.000775782829713535	-0.00801543438227433
Brain Hippocampus	UBERON:0001954	ENSG00000117560.8	FASLG	0.0521119607843137	0.00178164575962495	-0.0162710113262628
Pancreas	UBERON:0001150	ENSG00000117560.8	FASLG	0.0845867955801105	0.00289192161257018	-0.024389760780268
Lung	UBERON:0008952	ENSG00000117560.8	FASLG	2.30631960264901	0.0788503153317612	-0.288965878212897
Brain Amygdala	UBERON:0001876	ENSG00000116701.15	NCF2	1.97187226519337	0.00135931180469039	-0.0129446010678617
Brain Cortex	UBERON:0001870	ENSG00000116701.15	NCF2	1.30465555555556	0.000899365404659036	-0.00910050314426895
Kidney Medulla	UBERON:0001293	ENSG00000116701.15	NCF2	2.52781454545455	0.00174255108323027	-0.0159697546178585
Uterus	UBERON:0000995	ENSG00000116701.15	NCF2	4.95639954248366	0.00341669819378458	-0.027993628324539
Skin Not Sun Exposed Suprapubic	UBERON:0036149	ENSG00000116701.15	NCF2	17.1238077265745	0.0118043112603435	-0.0756012110475929
Whole Blood	UBERON:0013756	ENSG00000116701.15	NCF2	824.825288169365	0.56859400621765	-0.463136423187659
Kidney Cortex	UBERON:0001225	ENSG00000116701.15	NCF2	3.90359230769231	0.00269094464089154	-0.0229744015651491
Brain Frontal Cortex BA9	UBERON:0009834	ENSG00000116701.15	NCF2	1.59066204460967	0.0010965242184685	-0.0107819544422687
Vagina	UBERON:0000996	ENSG00000116701.15	NCF2	10.0920467058824	0.00695696088582461	-0.0498628141181462
Prostate	UBERON:0002367	ENSG00000116701.15	NCF2	5.26080294326241	0.00362653893416635	-0.0294010436161581
Esophagus Mucosa	UBERON:0006920	ENSG00000116701.15	NCF2	8.91691990228013	0.00614688623528028	-0.0451545867839094
Liver	UBERON:0001114	ENSG00000116701.15	NCF2	3.83316687022901	0.00264239680633646	-0.02262932018434
Pituitary	UBERON:0000007	ENSG00000116701.15	NCF2	4.48737690095847	0.00309337704132152	-0.0257882519774591
Thyroid	UBERON:0002046	ENSG00000116701.15	NCF2	5.83558255847953	0.00402276374540351	-0.0320115338097788
Esophagus Muscularis	UBERON:0004648	ENSG00000116701.15	NCF2	5.56267843137255	0.00383463705582361	-0.0307794592067002
Brain Spinal cord cervical c-1	UBERON:0006469	ENSG00000116701.15	NCF2	8.66080397058824	0.00597033250233149	-0.0441086553505789
Brain Putamen basal ganglia	UBERON:0001874	ENSG00000116701.15	NCF2	1.69075830708661	0.00116552566120493	-0.0113578185615822
Adipose Visceral Omentum	UBERON:0010414	ENSG00000116701.15	NCF2	22.8890272913118	0.0157785702168236	-0.0944487810843522
Nerve Tibial	UBERON:0001323	ENSG00000116701.15	NCF2	11.3522622835821	0.00782569155436717	-0.0547607934321074
Ovary	UBERON:0000992	ENSG00000116701.15	NCF2	3.45760512953368	0.00238350300447695	-0.0207667486309007
Cervix Ectocervix	UBERON:0012249	ENSG00000116701.15	NCF2	7.79829	0.00537575777118581	-0.040529537394399
Testis	UBERON:0000473	ENSG00000116701.15	NCF2	2.10842224637681	0.00145344264908091	-0.0137006011793375
Skin Sun Exposed Lower leg	UBERON:0004264	ENSG00000116701.15	NCF2	18.9570927718833	0.0130680878484311	-0.0817775864015084
Adipose Subcutaneous	UBERON:0002190	ENSG00000116701.15	NCF2	21.0314853081232	0.0144980720882044	-0.0885541535961162
Small Intestine Terminal Ileum	UBERON:0001211	ENSG00000116701.15	NCF2	10.6505553623188	0.0073419692979397	-0.0520517518397371
Artery Coronary	UBERON:0001621	ENSG00000116701.15	NCF2	19.1767948507463	0.0132195396613021	-0.0825055827322114
Brain Cerebellum	UBERON:0002037	ENSG00000116701.15	NCF2	0.821414586466165	0.00056624283612957	-0.00610766028272476
Esophagus Gastroesophageal Junction	UBERON:0004550	ENSG00000116701.15	NCF2	6.02909722084367	0.00415616324068291	-0.0328774621667668
Muscle Skeletal	UBERON:0011907	ENSG00000116701.15	NCF2	1.34920118581907	0.000930072972351628	-0.00936617753264479
Brain Nucleus accumbens basal ganglia	UBERON:0001882	ENSG00000116701.15	NCF2	1.81864943859649	0.00125368752028942	-0.0120850543460618
Bladder	UBERON:0001255	ENSG00000116701.15	NCF2	7.48955220779221	0.00516292911442647	-0.0392258418138481
Cervix Endocervix	UBERON:0000458	ENSG00000116701.15	NCF2	5.07282304347826	0.00349695483212713	-0.0285340503189935
Spleen	UBERON:0002106	ENSG00000116701.15	NCF2	121.633247292419	0.0838479813352396	-0.29984710073759
Brain Substantia nigra	UBERON:0002038	ENSG00000116701.15	NCF2	4.2078687431694	0.00290069785763581	-0.0244510968503592
Brain Hypothalamus	UBERON:0001898	ENSG00000116701.15	NCF2	2.31913498054475	0.00159869764962476	-0.0148501220811159
Brain Caudate basal ganglia	UBERON:0001873	ENSG00000116701.15	NCF2	2.16552583333333	0.0014928070547832	-0.0140141092443182
Breast Mammary Tissue	UBERON:0008367	ENSG00000116701.15	NCF2	9.58587153696498	0.00660802860735217	-0.0478524644013404
Minor Salivary Gland	UBERON:0006330	ENSG00000116701.15	NCF2	9.4585591160221	0.00652026568288384	-0.0473426941206775
Heart Atrial Appendage	UBERON:0006631	ENSG00000116701.15	NCF2	3.97732182212581	0.00274177014368531	-0.0233343191602337
Adrenal Gland	UBERON:0002369	ENSG00000116701.15	NCF2	5.97597640677966	0.00411954436282426	-0.0326403838147204
Colon Transverse	UBERON:0001157	ENSG00000116701.15	NCF2	7.1787351565762	0.00494866711872081	-0.0379005760126487
Stomach	UBERON:0000945	ENSG00000116701.15	NCF2	4.86420282555283	0.00335314230941522	-0.0275637370476985
Artery Tibial	UBERON:0007610	ENSG00000116701.15	NCF2	10.5166768885673	0.00724968005944455	-0.0515297613410607
Brain Cerebellar Hemisphere	UBERON:0002037	ENSG00000116701.15	NCF2	0.872815523465704	0.000601676115287117	-0.00643716747236668
Artery Aorta	UBERON:0001496	ENSG00000116701.15	NCF2	12.7071790042373	0.00875970453546582	-0.0598717227152092
Heart Left Ventricle	UBERON:0006566	ENSG00000116701.15	NCF2	2.56593157079646	0.00176882708671261	-0.0161723705972644
Brain Anterior cingulate cortex BA24	UBERON:0009835	ENSG00000116701.15	NCF2	1.53446042918455	0.0010577815876001	-0.0104558986320083
Cells EBV-transformed lymphocytes	EFO:0000572	ENSG00000116701.15	NCF2	76.3856889908257	0.0526565389591582	-0.223645142384821
Colon Sigmoid	UBERON:0001159	ENSG00000116701.15	NCF2	6.52932627684964	0.00450099656121819	-0.0350876979323985
Fallopian Tube	UBERON:0003889	ENSG00000116701.15	NCF2	11.5627927586207	0.0079708209144269	-0.05556503871899
Cells Cultured fibroblasts	EFO:0002009	ENSG00000116701.15	NCF2	0.178860460122699	0.000123297608637595	-0.00160108942703248
Brain Hippocampus	UBERON:0001954	ENSG00000116701.15	NCF2	2.10114176470588	0.00144842384291694	-0.0136605204471803
Pancreas	UBERON:0001150	ENSG00000116701.15	NCF2	2.54842400552486	0.0017567582318658	-0.0160793773036738
Lung	UBERON:0008952	ENSG00000116701.15	NCF2	99.2238958609272	0.0684000760758719	-0.264698599391606
Brain Amygdala	UBERON:0001876	ENSG00000116711.10	PLA2G4A	1.97892121546961	0.00423528006198628	-0.033388097293982
Brain Cortex	UBERON:0001870	ENSG00000116711.10	PLA2G4A	2.29842492592593	0.00491908075301335	-0.0377165378546858
Kidney Medulla	UBERON:0001293	ENSG00000116711.10	PLA2G4A	19.88017	0.0425474682729685	-0.193794480963799
Uterus	UBERON:0000995	ENSG00000116711.10	PLA2G4A	17.0565365359477	0.0365043380972076	-0.174336989645361
Skin Not Sun Exposed Suprapubic	UBERON:0036149	ENSG00000116711.10	PLA2G4A	12.6720991858679	0.0271207810628694	-0.141148951375646
Whole Blood	UBERON:0013756	ENSG00000116711.10	PLA2G4A	4.03624562889166	0.00863835836600872	-0.059216180837164
Kidney Cortex	UBERON:0001225	ENSG00000116711.10	PLA2G4A	8.30320971153846	0.0177704995362458	-0.103324294095614
Brain Frontal Cortex BA9	UBERON:0009834	ENSG00000116711.10	PLA2G4A	2.54158457249071	0.00543949015330928	-0.0409175466859837
Vagina	UBERON:0000996	ENSG00000116711.10	PLA2G4A	19.4694687647059	0.0416684869675599	-0.191045824011615
Prostate	UBERON:0002367	ENSG00000116711.10	PLA2G4A	13.6653679432624	0.0292465712820564	-0.149028497826498
Esophagus Mucosa	UBERON:0006920	ENSG00000116711.10	PLA2G4A	11.2817155211726	0.0241450869485396	-0.129710462189204
Liver	UBERON:0001114	ENSG00000116711.10	PLA2G4A	0.698234618320611	0.00149435921675139	-0.0140264401029041
Pituitary	UBERON:0000007	ENSG00000116711.10	PLA2G4A	4.45259926517572	0.00952943691966954	-0.0639748581095952
Thyroid	UBERON:0002046	ENSG00000116711.10	PLA2G4A	6.58258752923977	0.0140880301352739	-0.0866327393594211
Esophagus Muscularis	UBERON:0004648	ENSG00000116711.10	PLA2G4A	4.90049450980392	0.0104880207099707	-0.0689599291836569
Brain Spinal cord cervical c-1	UBERON:0006469	ENSG00000116711.10	PLA2G4A	6.56897769607843	0.0140589024193322	-0.0864956007220051
Brain Putamen basal ganglia	UBERON:0001874	ENSG00000116711.10	PLA2G4A	1.36775811023622	0.0029272709841199	-0.0246365799591873
Adipose Visceral Omentum	UBERON:0010414	ENSG00000116711.10	PLA2G4A	12.7267482793867	0.0272377408561025	-0.141588563008243
Nerve Tibial	UBERON:0001323	ENSG00000116711.10	PLA2G4A	8.0444178358209	0.0172166340953871	-0.100890389498907
Ovary	UBERON:0000992	ENSG00000116711.10	PLA2G4A	8.6009567357513	0.0184077366456903	-0.106093799015189
Cervix Ectocervix	UBERON:0012249	ENSG00000116711.10	PLA2G4A	15.9405291666667	0.0341158631426733	-0.166260707060361
Testis	UBERON:0000473	ENSG00000116711.10	PLA2G4A	5.18673502415459	0.0111006316284273	-0.0720787813740516
Skin Sun Exposed Lower leg	UBERON:0004264	ENSG00000116711.10	PLA2G4A	12.8963991114058	0.0276008269561115	-0.142948676566239
Adipose Subcutaneous	UBERON:0002190	ENSG00000116711.10	PLA2G4A	8.72368361344538	0.0186703962675612	-0.107226020793968
Small Intestine Terminal Ileum	UBERON:0001211	ENSG00000116711.10	PLA2G4A	9.82691879227053	0.0210315362260569	-0.117173038908464
Artery Coronary	UBERON:0001621	ENSG00000116711.10	PLA2G4A	11.9836210074627	0.0256473025437055	-0.135547253007646
Brain Cerebellum	UBERON:0002037	ENSG00000116711.10	PLA2G4A	1.11183458646617	0.00237954437977433	-0.0207379646611147
Esophagus Gastroesophageal Junction	UBERON:0004550	ENSG00000116711.10	PLA2G4A	7.01080580645161	0.0150045013507401	-0.0909041834906986
Muscle Skeletal	UBERON:0011907	ENSG00000116711.10	PLA2G4A	0.551241809290954	0.00117976573598418	-0.0114759162140929
Brain Nucleus accumbens basal ganglia	UBERON:0001882	ENSG00000116711.10	PLA2G4A	1.11142571929825	0.00237866932373331	-0.0207316006680113
Bladder	UBERON:0001255	ENSG00000116711.10	PLA2G4A	35.5585032467532	0.0761021806516485	-0.282789493066424
Cervix Endocervix	UBERON:0000458	ENSG00000116711.10	PLA2G4A	15.6144173913043	0.0334179198949209	-0.163855889540275
Spleen	UBERON:0002106	ENSG00000116711.10	PLA2G4A	6.59699454873646	0.0141188639865409	-0.0867778161328996
Brain Substantia nigra	UBERON:0002038	ENSG00000116711.10	PLA2G4A	3.14484918032787	0.00673059489547982	-0.0485615804441897
Brain Hypothalamus	UBERON:0001898	ENSG00000116711.10	PLA2G4A	2.91255303501946	0.0062334355214683	-0.0456646324673682
Brain Caudate basal ganglia	UBERON:0001873	ENSG00000116711.10	PLA2G4A	1.94069656666667	0.00415347180621237	-0.0328600531500042
Breast Mammary Tissue	UBERON:0008367	ENSG00000116711.10	PLA2G4A	7.95665322957198	0.0170288006010123	-0.100059178067679
Minor Salivary Gland	UBERON:0006330	ENSG00000116711.10	PLA2G4A	11.1058675690608	0.0237687377944154	-0.128227370280861
Heart Atrial Appendage	UBERON:0006631	ENSG00000116711.10	PLA2G4A	6.74931036876356	0.014444849756284	-0.0883057143378572
Adrenal Gland	UBERON:0002369	ENSG00000116711.10	PLA2G4A	12.7595216949153	0.0273078824020449	-0.141851853196482
Colon Transverse	UBERON:0001157	ENSG00000116711.10	PLA2G4A	13.1327344258873	0.0281066309454476	-0.144831941865115
Stomach	UBERON:0000945	ENSG00000116711.10	PLA2G4A	7.94827714987715	0.0170108741454001	-0.099979693168028
Artery Tibial	UBERON:0007610	ENSG00000116711.10	PLA2G4A	9.08190801736614	0.0194370668473612	-0.110500612610301
Brain Cerebellar Hemisphere	UBERON:0002037	ENSG00000116711.10	PLA2G4A	1.00005328519856	0.00214031044117145	-0.0189801964061401
Artery Aorta	UBERON:0001496	ENSG00000116711.10	PLA2G4A	7.35107824152542	0.0157327511914341	-0.0942405202621514
Heart Left Ventricle	UBERON:0006566	ENSG00000116711.10	PLA2G4A	1.28628980088496	0.00275291280170118	-0.0234130426407693
Brain Anterior cingulate cortex BA24	UBERON:0009835	ENSG00000116711.10	PLA2G4A	1.66906888412017	0.00357213521778244	-0.0290378785841089
Cells EBV-transformed lymphocytes	EFO:0000572	ENSG00000116711.10	PLA2G4A	10.1937794801223	0.0218166901496387	-0.120393745332044
Colon Sigmoid	UBERON:0001159	ENSG00000116711.10	PLA2G4A	23.5484977088305	0.0503984100308267	-0.217241236134627
Fallopian Tube	UBERON:0003889	ENSG00000116711.10	PLA2G4A	22.3554172413793	0.0478449835090223	-0.209823626015734
Cells Cultured fibroblasts	EFO:0002009	ENSG00000116711.10	PLA2G4A	5.9666623006135	0.0127698291780639	-0.0803364889634827
Brain Hippocampus	UBERON:0001954	ENSG00000116711.10	PLA2G4A	2.59278666666667	0.00554907269095666	-0.0415821847590236
Pancreas	UBERON:0001150	ENSG00000116711.10	PLA2G4A	2.55119444751381	0.00546005717324185	-0.041042530281607
Lung	UBERON:0008952	ENSG00000116711.10	PLA2G4A	12.7600099337748	0.0273089273290947	-0.141855773570613
Brain Amygdala	UBERON:0001876	ENSG00000136634.7	IL10	0.149244585635359	0.00338279573538821	-0.027764526771478
Brain Cortex	UBERON:0001870	ENSG00000136634.7	IL10	0.0720204444444444	0.00163242405940728	-0.0151142363059478
Kidney Medulla	UBERON:0001293	ENSG00000136634.7	IL10	0.125015454545455	0.00283361533481177	-0.023981284304581
Uterus	UBERON:0000995	ENSG00000136634.7	IL10	0.27694091503268	0.00627717610216007	-0.0459217401153206
Skin Not Sun Exposed Suprapubic	UBERON:0036149	ENSG00000136634.7	IL10	0.227679016897081	0.00516059999173835	-0.0392115055398372
Whole Blood	UBERON:0013756	ENSG00000136634.7	IL10	1.72038845579078	0.0389945317391893	-0.182517195496025
Kidney Cortex	UBERON:0001225	ENSG00000136634.7	IL10	0.214752403846154	0.00486760382497267	-0.0373957194472827
Brain Frontal Cortex BA9	UBERON:0009834	ENSG00000136634.7	IL10	0.0834028624535316	0.00189041931555427	-0.0171027710180636
Vagina	UBERON:0000996	ENSG00000136634.7	IL10	0.449778	0.0101947222660985	-0.0674486262489376
Prostate	UBERON:0002367	ENSG00000136634.7	IL10	0.330689822695035	0.00749545531040033	-0.0529161768013999
Esophagus Mucosa	UBERON:0006920	ENSG00000136634.7	IL10	0.291621221498371	0.00660992169487233	-0.0478634417772883
Liver	UBERON:0001114	ENSG00000136634.7	IL10	0.253018435114504	0.00573494629393885	-0.0427024348152125
Pituitary	UBERON:0000007	ENSG00000136634.7	IL10	1.45466725239617	0.0329716629709935	-0.162307282012838
Thyroid	UBERON:0002046	ENSG00000136634.7	IL10	0.418936549707602	0.0094956662428722	-0.0637967766305094
Esophagus Muscularis	UBERON:0004648	ENSG00000136634.7	IL10	0.689068057040998	0.0156184994908001	-0.0937203732460867
Brain Spinal cord cervical c-1	UBERON:0006469	ENSG00000136634.7	IL10	0.599903137254902	0.0135974766904448	-0.0843113886004122
Brain Putamen basal ganglia	UBERON:0001874	ENSG00000136634.7	IL10	0.104914133858268	0.00237799638148891	-0.0207267062657904
Adipose Visceral Omentum	UBERON:0010414	ENSG00000136634.7	IL10	4.00667270868824	0.0908157257051994	-0.314305421298677
Nerve Tibial	UBERON:0001323	ENSG00000136634.7	IL10	0.602555507462687	0.0136575956327124	-0.0845972323819989
Ovary	UBERON:0000992	ENSG00000136634.7	IL10	0.543472435233161	0.0123184116085764	-0.078136176945611
Cervix Ectocervix	UBERON:0012249	ENSG00000136634.7	IL10	0.339472916666667	0.007694533975159	-0.0540306354114448
Testis	UBERON:0000473	ENSG00000136634.7	IL10	1.62253384057971	0.0367765472567717	-0.175242827560378
Skin Sun Exposed Lower leg	UBERON:0004264	ENSG00000136634.7	IL10	0.168463289124668	0.00381840918110589	-0.0306725652837824
Adipose Subcutaneous	UBERON:0002190	ENSG00000136634.7	IL10	1.20687278711485	0.027355123805851	-0.142029036641433
Small Intestine Terminal Ileum	UBERON:0001211	ENSG00000136634.7	IL10	1.02320352657005	0.0231920542469266	-0.125938086149054
Artery Coronary	UBERON:0001621	ENSG00000136634.7	IL10	1.51731208955224	0.0343915783875126	-0.16720500539795
Brain Cerebellum	UBERON:0002037	ENSG00000136634.7	IL10	0.0413102631578947	0.000936343395262057	-0.00942024626758174
Esophagus Gastroesophageal Junction	UBERON:0004550	ENSG00000136634.7	IL10	0.824715657568238	0.018693104325714	-0.107323654807796
Muscle Skeletal	UBERON:0011907	ENSG00000136634.7	IL10	0.0505579095354523	0.00114595166074923	-0.0111950746203082
Brain Nucleus accumbens basal ganglia	UBERON:0001882	ENSG00000136634.7	IL10	0.0883741754385965	0.00200309969383108	-0.0179548843790424
Bladder	UBERON:0001255	ENSG00000136634.7	IL10	0.669426623376623	0.0151733043920707	-0.0916819740168588
Cervix Endocervix	UBERON:0000458	ENSG00000136634.7	IL10	0.253647391304348	0.00574920229061499	-0.0427879924304225
Spleen	UBERON:0002106	ENSG00000136634.7	IL10	5.18319931407942	0.117483019304795	-0.362960950513829
Brain Substantia nigra	UBERON:0002038	ENSG00000136634.7	IL10	0.285137322404372	0.00646295685785332	-0.0470088978768433
Brain Hypothalamus	UBERON:0001898	ENSG00000136634.7	IL10	0.231449260700389	0.00524605679142664	-0.0397365239759358
Brain Caudate basal ganglia	UBERON:0001873	ENSG00000136634.7	IL10	0.1412599	0.00320181389004541	-0.0265330949818298
Breast Mammary Tissue	UBERON:0008367	ENSG00000136634.7	IL10	0.775096420233463	0.017568428722008	-0.10243924196941
Minor Salivary Gland	UBERON:0006330	ENSG00000136634.7	IL10	0.312235248618785	0.00707716171390046	-0.0505494300863734
Heart Atrial Appendage	UBERON:0006631	ENSG00000136634.7	IL10	0.685196789587852	0.0155307528769092	-0.0933200762189953
Adrenal Gland	UBERON:0002369	ENSG00000136634.7	IL10	0.956529898305085	0.021680821766382	-0.119839370995122
Colon Transverse	UBERON:0001157	ENSG00000136634.7	IL10	0.825094551148225	0.0187016923731871	-0.107360569015111
Stomach	UBERON:0000945	ENSG00000136634.7	IL10	0.612931941031941	0.0138927891245043	-0.0857118393184807
Artery Tibial	UBERON:0007610	ENSG00000136634.7	IL10	0.263454095513748	0.00597148222818556	-0.0441154906306618
Brain Cerebellar Hemisphere	UBERON:0002037	ENSG00000136634.7	IL10	0.0526695306859206	0.0011938139198198	-0.0115921794499184
Artery Aorta	UBERON:0001496	ENSG00000136634.7	IL10	1.74505023305085	0.0395535185499154	-0.184321380130623
Heart Left Ventricle	UBERON:0006566	ENSG00000136634.7	IL10	0.158092898230089	0.00358335265330524	-0.0291128563684692
Brain Anterior cingulate cortex BA24	UBERON:0009835	ENSG00000136634.7	IL10	0.087784635193133	0.00198973710369286	-0.0178543218306599
Cells EBV-transformed lymphocytes	EFO:0000572	ENSG00000136634.7	IL10	7.0545625382263	0.159899563309099	-0.422896304224567
Colon Sigmoid	UBERON:0001159	ENSG00000136634.7	IL10	0.861319331742243	0.0195227676087619	-0.110863913115379
Fallopian Tube	UBERON:0003889	ENSG00000136634.7	IL10	1.47444172413793	0.0334198735267924	-0.163862650077591
Cells Cultured fibroblasts	EFO:0002009	ENSG00000136634.7	IL10	0.00741196319018405	0.000168000449489463	-0.00210659918040381
Brain Hippocampus	UBERON:0001954	ENSG00000136634.7	IL10	0.131549411764706	0.00298171479532082	-0.02501551972653
Pancreas	UBERON:0001150	ENSG00000136634.7	IL10	0.0854446408839779	0.00193669851112922	-0.0174538850775099
Lung	UBERON:0008952	ENSG00000136634.7	IL10	1.76816695364238	0.0400774849202886	-0.186002181104595
Brain Amygdala	UBERON:0001876	ENSG00000162711.18	NLRP3	1.4896261878453	0.0100802958036023	-0.0668557294689347
Brain Cortex	UBERON:0001870	ENSG00000162711.18	NLRP3	2.54950951851852	0.017252523022531	-0.101048869811239
Kidney Medulla	UBERON:0001293	ENSG00000162711.18	NLRP3	0.474384545454545	0.0032101587511402	-0.0265901932033224
Uterus	UBERON:0000995	ENSG00000162711.18	NLRP3	1.23227437908497	0.00833879691007873	-0.0575872730984757
Skin Not Sun Exposed Suprapubic	UBERON:0036149	ENSG00000162711.18	NLRP3	0.744880737327189	0.00504060564451032	-0.0384708458611621
Whole Blood	UBERON:0013756	ENSG00000162711.18	NLRP3	50.6759564259029	0.342924040320785	-0.52948810891966
Kidney Cortex	UBERON:0001225	ENSG00000162711.18	NLRP3	0.740303269230769	0.00500962993206651	-0.038278984339134
Brain Frontal Cortex BA9	UBERON:0009834	ENSG00000162711.18	NLRP3	2.43535903345725	0.0164800670433523	-0.097613646714589
Vagina	UBERON:0000996	ENSG00000162711.18	NLRP3	1.00644705882353	0.00681062413267686	-0.0490228539159987
Prostate	UBERON:0002367	ENSG00000162711.18	NLRP3	1.17397290780142	0.0079442710343129	-0.0554181975360977
Esophagus Mucosa	UBERON:0006920	ENSG00000162711.18	NLRP3	0.682185912052117	0.00461634995587878	-0.0358184055943725
Liver	UBERON:0001114	ENSG00000162711.18	NLRP3	0.401046183206107	0.00271387828074559	-0.0231369746113693
Pituitary	UBERON:0000007	ENSG00000162711.18	NLRP3	1.1754556230032	0.00795430456349516	-0.0554737056656648
Thyroid	UBERON:0002046	ENSG00000162711.18	NLRP3	1.21973244152047	0.00825392565738994	-0.0571229749965126
Esophagus Muscularis	UBERON:0004648	ENSG00000162711.18	NLRP3	0.987898092691622	0.00668510333626076	-0.0482987647080513
Brain Spinal cord cervical c-1	UBERON:0006469	ENSG00000162711.18	NLRP3	3.39473009803922	0.02297212806867	-0.125059614634028
Brain Putamen basal ganglia	UBERON:0001874	ENSG00000162711.18	NLRP3	0.961317401574803	0.00650523188172539	-0.0472552000591327
Adipose Visceral Omentum	UBERON:0010414	ENSG00000162711.18	NLRP3	6.59567703577513	0.0446329260912164	-0.20021204994987
Nerve Tibial	UBERON:0001323	ENSG00000162711.18	NLRP3	3.43502947761194	0.023244833845535	-0.126148459832028
Ovary	UBERON:0000992	ENSG00000162711.18	NLRP3	0.938328808290155	0.00634966814210481	-0.0463468823663977
Cervix Ectocervix	UBERON:0012249	ENSG00000162711.18	NLRP3	1.11758458333333	0.0075626914171272	-0.0532934131622153
Testis	UBERON:0000473	ENSG00000162711.18	NLRP3	0.771177487922705	0.00521855567441667	-0.0395677869144497
Skin Sun Exposed Lower leg	UBERON:0004264	ENSG00000162711.18	NLRP3	0.754957718832891	0.00510879654717687	-0.0388922504500636
Adipose Subcutaneous	UBERON:0002190	ENSG00000162711.18	NLRP3	3.45385787114846	0.0233722455263334	-0.126655597096131
Small Intestine Terminal Ileum	UBERON:0001211	ENSG00000162711.18	NLRP3	2.66018946859903	0.0180014939022343	-0.10433197021031
Artery Coronary	UBERON:0001621	ENSG00000162711.18	NLRP3	3.83238231343284	0.0259337192559536	-0.136645468687266
Brain Cerebellum	UBERON:0002037	ENSG00000162711.18	NLRP3	0.647632105263158	0.0043825244522623	-0.0343327936062958
Esophagus Gastroesophageal Junction	UBERON:0004550	ENSG00000162711.18	NLRP3	1.04448459057072	0.00706802399230555	-0.0504973373050144
Muscle Skeletal	UBERON:0011907	ENSG00000162711.18	NLRP3	0.438797298288509	0.00296933995968995	-0.0249295153008535
Brain Nucleus accumbens basal ganglia	UBERON:0001882	ENSG00000162711.18	NLRP3	1.96903568421053	0.0133244583820057	-0.0830084349966367
Bladder	UBERON:0001255	ENSG00000162711.18	NLRP3	1.73650896103896	0.0117509507658418	-0.0753362701625315
Cervix Endocervix	UBERON:0000458	ENSG00000162711.18	NLRP3	1.41961869565217	0.00960655532056478	-0.0643808769541884
Spleen	UBERON:0002106	ENSG00000162711.18	NLRP3	7.6087342599278	0.0514882811922208	-0.220349870148544
Brain Substantia nigra	UBERON:0002038	ENSG00000162711.18	NLRP3	1.90035038251366	0.012859665157965	-0.0807715968731885
Brain Hypothalamus	UBERON:0001898	ENSG00000162711.18	NLRP3	1.91262042801556	0.0129426965179075	-0.0811729422795039
Brain Caudate basal ganglia	UBERON:0001873	ENSG00000162711.18	NLRP3	1.16026303333333	0.00785149635621164	-0.0549040744653387
Breast Mammary Tissue	UBERON:0008367	ENSG00000162711.18	NLRP3	2.03511741245136	0.013771633232526	-0.0851383922516327
Minor Salivary Gland	UBERON:0006330	ENSG00000162711.18	NLRP3	1.32830077348066	0.00898860722380726	-0.0611017357393882
Heart Atrial Appendage	UBERON:0006631	ENSG00000162711.18	NLRP3	1.07154570498915	0.00725114646983631	-0.0515380685940815
Adrenal Gland	UBERON:0002369	ENSG00000162711.18	NLRP3	1.07276186440678	0.00725937621685206	-0.051584682389269
Colon Transverse	UBERON:0001157	ENSG00000162711.18	NLRP3	1.39475108559499	0.00943827628025894	-0.0634937468093147
Stomach	UBERON:0000945	ENSG00000162711.18	NLRP3	1.22167530712531	0.00826707302292582	-0.0571949812822077
Artery Tibial	UBERON:0007610	ENSG00000162711.18	NLRP3	2.11408564399421	0.0143060110110146	-0.0876562875534527
Brain Cerebellar Hemisphere	UBERON:0002037	ENSG00000162711.18	NLRP3	0.647405306859206	0.00438098970816456	-0.0343229841670054
Artery Aorta	UBERON:0001496	ENSG00000162711.18	NLRP3	3.00270108050847	0.0203192689201466	-0.114214766944118
Heart Left Ventricle	UBERON:0006566	ENSG00000162711.18	NLRP3	0.355332588495575	0.00240453452679703	-0.0209195144461622
Brain Anterior cingulate cortex BA24	UBERON:0009835	ENSG00000162711.18	NLRP3	1.66711231759657	0.0112813438944103	-0.0729893614679018
Cells EBV-transformed lymphocytes	EFO:0000572	ENSG00000162711.18	NLRP3	0.154030795107034	0.00104232591385148	-0.010325257399951
Colon Sigmoid	UBERON:0001159	ENSG00000162711.18	NLRP3	1.73835964200477	0.0117634743182106	-0.0753984823511065
Fallopian Tube	UBERON:0003889	ENSG00000162711.18	NLRP3	3.31107551724138	0.0224060377792745	-0.122784384388425
Cells Cultured fibroblasts	EFO:0002009	ENSG00000162711.18	NLRP3	0.132233420245399	0.00089482314561329	-0.00906107742918883
Brain Hippocampus	UBERON:0001954	ENSG00000162711.18	NLRP3	1.56113780392157	0.0105642146883025	-0.0693505902534707
Pancreas	UBERON:0001150	ENSG00000162711.18	NLRP3	0.329504723756906	0.00222975744603303	-0.0196417047985753
Lung	UBERON:0008952	ENSG00000162711.18	NLRP3	9.89659819536424	0.0669702493636799	-0.261206464465926
Brain Amygdala	UBERON:0001876	ENSG00000153208.18	MERTK	11.2710527071823	0.010708283009504	-0.070087093838682
Brain Cortex	UBERON:0001870	ENSG00000153208.18	MERTK	15.3997819259259	0.0146308625672894	-0.0891727863548911
Kidney Medulla	UBERON:0001293	ENSG00000153208.18	MERTK	12.0024936363636	0.0114032027013813	-0.0736010266635104
Uterus	UBERON:0000995	ENSG00000153208.18	MERTK	25.7655406535948	0.0244790534104909	-0.131019443652493
Skin Not Sun Exposed Suprapubic	UBERON:0036149	ENSG00000153208.18	MERTK	8.99826992319509	0.00854898148706904	-0.0587317741177976
Whole Blood	UBERON:0013756	ENSG00000153208.18	MERTK	5.57093068493151	0.00529277113242158	-0.0400226704035659
Kidney Cortex	UBERON:0001225	ENSG00000153208.18	MERTK	10.5700861538462	0.0100423160915659	-0.066658525722775
Brain Frontal Cortex BA9	UBERON:0009834	ENSG00000153208.18	MERTK	14.6962259479554	0.0139624355160756	-0.0860407941790422
Vagina	UBERON:0000996	ENSG00000153208.18	MERTK	18.8949038235294	0.0179514711567962	-0.10411411860982
Prostate	UBERON:0002367	ENSG00000153208.18	MERTK	23.6618617021277	0.0224804122756578	-0.123084476690789
Esophagus Mucosa	UBERON:0006920	ENSG00000153208.18	MERTK	6.69243379478827	0.00635827699140247	-0.0463972908850838
Liver	UBERON:0001114	ENSG00000153208.18	MERTK	8.08927946564886	0.00768537740986151	-0.0539795407328407
Pituitary	UBERON:0000007	ENSG00000153208.18	MERTK	29.3457085303514	0.0278804615878669	-0.143991480516975
Thyroid	UBERON:0002046	ENSG00000153208.18	MERTK	23.2680986549708	0.0221063100283182	-0.121571396235148
Esophagus Muscularis	UBERON:0004648	ENSG00000153208.18	MERTK	20.660445311943	0.0196288582131894	-0.111312898175298
Brain Spinal cord cervical c-1	UBERON:0006469	ENSG00000153208.18	MERTK	6.41550294117647	0.00609517344361682	-0.0448489993947037
Brain Putamen basal ganglia	UBERON:0001874	ENSG00000153208.18	MERTK	13.4987132283465	0.0128247152478631	-0.0806024298605418
Adipose Visceral Omentum	UBERON:0010414	ENSG00000153208.18	MERTK	24.2365402555366	0.0230263968211364	-0.125276666519268
Nerve Tibial	UBERON:0001323	ENSG00000153208.18	MERTK	31.5426359850746	0.0299676952782509	-0.15164996527832
Ovary	UBERON:0000992	ENSG00000153208.18	MERTK	26.1799051813472	0.0248727284954672	-0.132554018373307
Cervix Ectocervix	UBERON:0012249	ENSG00000153208.18	MERTK	19.83921125	0.0188486288077563	-0.107991270089397
Testis	UBERON:0000473	ENSG00000153208.18	MERTK	40.829855821256	0.038791199254409	-0.181858061270495
Skin Sun Exposed Lower leg	UBERON:0004264	ENSG00000153208.18	MERTK	10.8972379177719	0.0103531329927186	-0.0682663721413564
Adipose Subcutaneous	UBERON:0002190	ENSG00000153208.18	MERTK	31.9030529551821	0.0303101164360261	-0.152885948782821
Small Intestine Terminal Ileum	UBERON:0001211	ENSG00000153208.18	MERTK	22.893948115942	0.0217508410260727	-0.120125218642187
Artery Coronary	UBERON:0001621	ENSG00000153208.18	MERTK	38.9484255597015	0.0370037098133798	-0.175996536706635
Brain Cerebellum	UBERON:0002037	ENSG00000153208.18	MERTK	6.47848981203007	0.00615501534627722	-0.0452025670724712
Esophagus Gastroesophageal Junction	UBERON:0004550	ENSG00000153208.18	MERTK	30.6011234491315	0.0290731929674375	-0.148394422401631
Muscle Skeletal	UBERON:0011907	ENSG00000153208.18	MERTK	2.59985364303178	0.00247004155833055	-0.0213936449013994
Brain Nucleus accumbens basal ganglia	UBERON:0001882	ENSG00000153208.18	MERTK	14.4062989824561	0.0136869847592289	-0.0847368279851516
Bladder	UBERON:0001255	ENSG00000153208.18	MERTK	26.2430814285714	0.0249327503188347	-0.132787194576639
Cervix Endocervix	UBERON:0000458	ENSG00000153208.18	MERTK	28.7068391304348	0.027273491279223	-0.141722791822954
Spleen	UBERON:0002106	ENSG00000153208.18	MERTK	51.512100433213	0.0489400736722078	-0.21302830620109
Brain Substantia nigra	UBERON:0002038	ENSG00000153208.18	MERTK	8.06693846994536	0.00766415191203781	-0.053861039474874
Brain Hypothalamus	UBERON:0001898	ENSG00000153208.18	MERTK	6.41700420233463	0.00609659974600138	-0.0448574363344243
Brain Caudate basal ganglia	UBERON:0001873	ENSG00000153208.18	MERTK	17.2094222666667	0.0163501465966968	-0.0970308053011713
Breast Mammary Tissue	UBERON:0008367	ENSG00000153208.18	MERTK	24.7860217509728	0.0235484424112405	-0.127355264420131
Minor Salivary Gland	UBERON:0006330	ENSG00000153208.18	MERTK	10.1299061878453	0.00962411454699792	-0.064473199017915
Heart Atrial Appendage	UBERON:0006631	ENSG00000153208.18	MERTK	6.33223362255965	0.00601606180667192	-0.0443802767592896
Adrenal Gland	UBERON:0002369	ENSG00000153208.18	MERTK	72.5460576949152	0.0689237941834774	-0.265966863508885
Colon Transverse	UBERON:0001157	ENSG00000153208.18	MERTK	15.9112978079332	0.015116838187375	-0.0914220988341779
Stomach	UBERON:0000945	ENSG00000153208.18	MERTK	18.962377985258	0.0180155762974951	-0.104393263559038
Artery Tibial	UBERON:0007610	ENSG00000153208.18	MERTK	55.4073499276411	0.0526408312733486	-0.223601086038584
Brain Cerebellar Hemisphere	UBERON:0002037	ENSG00000153208.18	MERTK	4.05776328519856	0.00385515699130676	-0.0309144833780161
Artery Aorta	UBERON:0001496	ENSG00000153208.18	MERTK	42.7576641949153	0.0406227511235685	-0.187740816502101
Heart Left Ventricle	UBERON:0006566	ENSG00000153208.18	MERTK	3.33309008849558	0.0031666671154008	-0.0262922641061808
Brain Anterior cingulate cortex BA24	UBERON:0009835	ENSG00000153208.18	MERTK	14.2622186266094	0.0135500984127093	-0.0840858519588076
Cells EBV-transformed lymphocytes	EFO:0000572	ENSG00000153208.18	MERTK	1.94429856269113	0.00184721869422199	-0.0167735393197731
Colon Sigmoid	UBERON:0001159	ENSG00000153208.18	MERTK	17.4563417661098	0.0165847372732994	-0.0980821367630998
Fallopian Tube	UBERON:0003889	ENSG00000153208.18	MERTK	28.0632793103448	0.026662064745597	-0.139417741064794
Cells Cultured fibroblasts	EFO:0002009	ENSG00000153208.18	MERTK	0.249546779141104	0.000237086774818319	-0.00285506940240454
Brain Hippocampus	UBERON:0001954	ENSG00000153208.18	MERTK	7.71389035294118	0.00732873167658419	-0.0519769827951939
Pancreas	UBERON:0001150	ENSG00000153208.18	MERTK	6.67966906077348	0.00634614960739296	-0.0463262749846977
Lung	UBERON:0008952	ENSG00000153208.18	MERTK	27.6483146854305	0.0262678195266314	-0.137920755701984
Brain Amygdala	UBERON:0001876	ENSG00000136689.19	IL1RN	0.22599635359116	6.16629727581221e-05	-0.000862371228414573
Brain Cortex	UBERON:0001870	ENSG00000136689.19	IL1RN	0.454899592592593	0.000124119087498477	-0.00161056771349002
Kidney Medulla	UBERON:0001293	ENSG00000136689.19	IL1RN	1.37892363636364	0.00037623850683203	-0.00428011365949134
Uterus	UBERON:0000995	ENSG00000136689.19	IL1RN	0.952393137254902	0.000259859909880725	-0.00309492588814451
Skin Not Sun Exposed Suprapubic	UBERON:0036149	ENSG00000136689.19	IL1RN	138.949235391705	0.0379122175228571	-0.178990909106614
Whole Blood	UBERON:0013756	ENSG00000136689.19	IL1RN	126.244762229141	0.0344458094588284	-0.167390365515576
Kidney Cortex	UBERON:0001225	ENSG00000136689.19	IL1RN	1.05868346153846	0.000288861162629281	-0.00339623778477095
Brain Frontal Cortex BA9	UBERON:0009834	ENSG00000136689.19	IL1RN	0.525861524163569	0.000143481008979921	-0.00183180089022991
Vagina	UBERON:0000996	ENSG00000136689.19	IL1RN	550.797010647059	0.150284641867395	-0.410912853329737
Prostate	UBERON:0002367	ENSG00000136689.19	IL1RN	3.23735067375887	0.000883309235889766	-0.00896099004484906
Esophagus Mucosa	UBERON:0006920	ENSG00000136689.19	IL1RN	1794.44433941368	0.489613087374876	-0.504441496145363
Liver	UBERON:0001114	ENSG00000136689.19	IL1RN	94.9818287022901	0.025915736350248	-0.136576651122212
Pituitary	UBERON:0000007	ENSG00000136689.19	IL1RN	2.72967367412141	0.000744789863779887	-0.00773902131093285
Thyroid	UBERON:0002046	ENSG00000136689.19	IL1RN	3.11787514619883	0.000850710408147065	-0.00867643311744334
Esophagus Muscularis	UBERON:0004648	ENSG00000136689.19	IL1RN	5.05321415329768	0.00137876652310703	-0.0131015994327696
Brain Spinal cord cervical c-1	UBERON:0006469	ENSG00000136689.19	IL1RN	1.0208087254902	0.000278527063073895	-0.00328937533216943
Brain Putamen basal ganglia	UBERON:0001874	ENSG00000136689.19	IL1RN	0.515521968503937	0.000140659867271926	-0.00179981355933198
Adipose Visceral Omentum	UBERON:0010414	ENSG00000136689.19	IL1RN	9.37000872231687	0.00255660139381201	-0.0220163187333528
Nerve Tibial	UBERON:0001323	ENSG00000136689.19	IL1RN	1.92726068656716	0.000525851949932696	-0.0057281345826293
Ovary	UBERON:0000992	ENSG00000136689.19	IL1RN	1.10311886010363	0.000300985335111182	-0.00352093222398898
Cervix Ectocervix	UBERON:0012249	ENSG00000136689.19	IL1RN	408.22079375	0.111382804564373	-0.352682687280294
Testis	UBERON:0000473	ENSG00000136689.19	IL1RN	11.8833069323671	0.00324235333890635	-0.0268101863644065
Skin Sun Exposed Lower leg	UBERON:0004264	ENSG00000136689.19	IL1RN	131.8617116313	0.0359783908145243	-0.17257846568938
Adipose Subcutaneous	UBERON:0002190	ENSG00000136689.19	IL1RN	12.862617184874	0.00350955756792378	-0.0286186700465934
Small Intestine Terminal Ileum	UBERON:0001211	ENSG00000136689.19	IL1RN	8.77099594202899	0.0023931611074281	-0.0208369349033181
Artery Coronary	UBERON:0001621	ENSG00000136689.19	IL1RN	3.78797485074627	0.00103354672019432	-0.0102509031112707
Brain Cerebellum	UBERON:0002037	ENSG00000136689.19	IL1RN	0.533413533834586	0.000145541570397011	-0.0018551137675693
Esophagus Gastroesophageal Junction	UBERON:0004550	ENSG00000136689.19	IL1RN	8.15750548387097	0.0022257705951139	-0.0196123317022756
Muscle Skeletal	UBERON:0011907	ENSG00000136689.19	IL1RN	0.45357750611247	0.000123758356976447	-0.00160640654592759
Brain Nucleus accumbens basal ganglia	UBERON:0001882	ENSG00000136689.19	IL1RN	0.210866315789474	5.75347508024593e-05	-0.000810388867381752
Bladder	UBERON:0001255	ENSG00000136689.19	IL1RN	16.8578220779221	0.00459964688382847	-0.0357128597203882
Cervix Endocervix	UBERON:0000458	ENSG00000136689.19	IL1RN	0.668262608695652	0.000182335061519698	-0.00226480574739254
Spleen	UBERON:0002106	ENSG00000136689.19	IL1RN	15.8966820577617	0.00433740039206824	-0.0340440546732164
Brain Substantia nigra	UBERON:0002038	ENSG00000136689.19	IL1RN	0.851280273224044	0.000232271324130754	-0.00280395650608506
Brain Hypothalamus	UBERON:0001898	ENSG00000136689.19	IL1RN	0.246322256809339	6.72088835505331e-05	-0.000931581564409133
Brain Caudate basal ganglia	UBERON:0001873	ENSG00000136689.19	IL1RN	0.4391277	0.000119815735838916	-0.00156082700827157
Breast Mammary Tissue	UBERON:0008367	ENSG00000136689.19	IL1RN	5.10386035019455	0.00139258530827736	-0.0132128752742187
Minor Salivary Gland	UBERON:0006330	ENSG00000136689.19	IL1RN	244.78733839779	0.0667900819606257	-0.260763327754647
Heart Atrial Appendage	UBERON:0006631	ENSG00000136689.19	IL1RN	1.54755492407809	0.000422249454952523	-0.00473325459195618
Adrenal Gland	UBERON:0002369	ENSG00000136689.19	IL1RN	1.74158457627119	0.000475190331950455	-0.00524572438921862
Colon Transverse	UBERON:0001157	ENSG00000136689.19	IL1RN	2.62219473903967	0.000715464299270971	-0.00747576669392194
Stomach	UBERON:0000945	ENSG00000136689.19	IL1RN	12.891183980344	0.00351735200134213	-0.0286709722475384
Artery Tibial	UBERON:0007610	ENSG00000136689.19	IL1RN	1.58920008683068	0.000433612313226626	-0.00484401612012286
Brain Cerebellar Hemisphere	UBERON:0002037	ENSG00000136689.19	IL1RN	0.290904476534296	7.93731160999215e-05	-0.00108114042298725
Artery Aorta	UBERON:0001496	ENSG00000136689.19	IL1RN	2.89970478813559	0.000791182753686673	-0.00815211084775066
Heart Left Ventricle	UBERON:0006566	ENSG00000136689.19	IL1RN	0.501358384955752	0.000136795341793479	-0.00175586304880349
Brain Anterior cingulate cortex BA24	UBERON:0009835	ENSG00000136689.19	IL1RN	0.270661416309013	7.38498089696179e-05	-0.00101359204627015
Cells EBV-transformed lymphocytes	EFO:0000572	ENSG00000136689.19	IL1RN	0.981957094801223	0.000267926418387756	-0.00317918153368623
Colon Sigmoid	UBERON:0001159	ENSG00000136689.19	IL1RN	1.92072446300716	0.000524068545161261	-0.00571127639643373
Fallopian Tube	UBERON:0003889	ENSG00000136689.19	IL1RN	2.3148175862069	0.000631596623087643	-0.00671305666284392
Cells Cultured fibroblasts	EFO:0002009	ENSG00000136689.19	IL1RN	0.848091671779141	0.000231401316093416	-0.00279470665755419
Brain Hippocampus	UBERON:0001954	ENSG00000136689.19	IL1RN	0.244680117647059	6.67608268415657e-05	-0.000926015305205336
Pancreas	UBERON:0001150	ENSG00000136689.19	IL1RN	0.865284254143647	0.000236092302125439	-0.00284452537428972
Lung	UBERON:0008952	ENSG00000136689.19	IL1RN	23.813145281457	0.00649740274762167	-0.0472096160433415
Brain Amygdala	UBERON:0001876	ENSG00000116044.16	NFE2L2	28.314833038674	0.00732586235330176	-0.0519607716691109
Brain Cortex	UBERON:0001870	ENSG00000116044.16	NFE2L2	25.3850435925926	0.00656784148922557	-0.0476192478992651
Kidney Medulla	UBERON:0001293	ENSG00000116044.16	NFE2L2	60.2662181818182	0.015592605414661	-0.093602319514794
Uterus	UBERON:0000995	ENSG00000116044.16	NFE2L2	98.129854248366	0.025389017974826	-0.134552949628668
Skin Not Sun Exposed Suprapubic	UBERON:0036149	ENSG00000116044.16	NFE2L2	115.080593701997	0.0297746622007472	-0.15095072042638
Whole Blood	UBERON:0013756	ENSG00000116044.16	NFE2L2	40.4651922914072	0.0104695100416746	-0.0688649011029868
Kidney Cortex	UBERON:0001225	ENSG00000116044.16	NFE2L2	51.1054711538462	0.0132224564652154	-0.08251957852011
Brain Frontal Cortex BA9	UBERON:0009834	ENSG00000116044.16	NFE2L2	27.2341004832714	0.0070462457321902	-0.0503731139517289
Vagina	UBERON:0000996	ENSG00000116044.16	NFE2L2	144.711139411765	0.0374409372950233	-0.177441574113483
Prostate	UBERON:0002367	ENSG00000116044.16	NFE2L2	80.1375326241135	0.0207338864592852	-0.115941106908141
Esophagus Mucosa	UBERON:0006920	ENSG00000116044.16	NFE2L2	194.413790716612	0.0503004438849488	-0.216960153038648
Liver	UBERON:0001114	ENSG00000116044.16	NFE2L2	28.0035914122137	0.00724533518540529	-0.051505145003935
Pituitary	UBERON:0000007	ENSG00000116044.16	NFE2L2	74.0280690095847	0.0191531923604921	-0.109293312180806
Thyroid	UBERON:0002046	ENSG00000116044.16	NFE2L2	117.393906725146	0.0303731828688558	-0.153112979230438
Esophagus Muscularis	UBERON:0004648	ENSG00000116044.16	NFE2L2	69.9206620320856	0.0180904879431625	-0.104719048389281
Brain Spinal cord cervical c-1	UBERON:0006469	ENSG00000116044.16	NFE2L2	56.5720284313726	0.0146368121884824	-0.0892004631182477
Brain Putamen basal ganglia	UBERON:0001874	ENSG00000116044.16	NFE2L2	27.6347850787402	0.00714991437079681	-0.0509635766405512
Adipose Visceral Omentum	UBERON:0010414	ENSG00000116044.16	NFE2L2	101.081552810903	0.0261527073579861	-0.137482059721658
Nerve Tibial	UBERON:0001323	ENSG00000116044.16	NFE2L2	111.16989761194	0.0287628525523477	-0.147255721611514
Ovary	UBERON:0000992	ENSG00000116044.16	NFE2L2	168.393355958549	0.0435682084113977	-0.19695358905286
Cervix Ectocervix	UBERON:0012249	ENSG00000116044.16	NFE2L2	114.223416666667	0.0295528858277534	-0.150145126101229
Testis	UBERON:0000473	ENSG00000116044.16	NFE2L2	54.0755299516908	0.0139908961697513	-0.086175075560411
Skin Sun Exposed Lower leg	UBERON:0004264	ENSG00000116044.16	NFE2L2	118.085279442971	0.0305520608922118	-0.153755888866883
Adipose Subcutaneous	UBERON:0002190	ENSG00000116044.16	NFE2L2	74.2610079831933	0.0192134603781437	-0.109550132817092
Small Intestine Terminal Ileum	UBERON:0001211	ENSG00000116044.16	NFE2L2	53.6897256038647	0.0138910774795398	-0.0857037485203447
Artery Coronary	UBERON:0001621	ENSG00000116044.16	NFE2L2	107.634775373134	0.0278482146702095	-0.143871433583383
Brain Cerebellum	UBERON:0002037	ENSG00000116044.16	NFE2L2	39.4400996240602	0.0102042890612045	-0.0674981120461624
Esophagus Gastroesophageal Junction	UBERON:0004550	ENSG00000116044.16	NFE2L2	72.1888813895782	0.0186773415819386	-0.107255886620187
Muscle Skeletal	UBERON:0011907	ENSG00000116044.16	NFE2L2	36.2004020415648	0.00936608604149152	-0.0631118534214791
Brain Nucleus accumbens basal ganglia	UBERON:0001882	ENSG00000116044.16	NFE2L2	27.0467740350877	0.00699777898782862	-0.0500963103143476
Bladder	UBERON:0001255	ENSG00000116044.16	NFE2L2	143.649076623377	0.0371661510800502	-0.176534270781317
Cervix Endocervix	UBERON:0000458	ENSG00000116044.16	NFE2L2	89.4074695652174	0.023132285982304	-0.125699647164898
Spleen	UBERON:0002106	ENSG00000116044.16	NFE2L2	59.1961812274368	0.015315756053408	-0.0923362366489102
Brain Substantia nigra	UBERON:0002038	ENSG00000116044.16	NFE2L2	37.7248765027322	0.0097605114667936	-0.065188772743121
Brain Hypothalamus	UBERON:0001898	ENSG00000116044.16	NFE2L2	28.3122109727626	0.00732518394937397	-0.0519569385801034
Brain Caudate basal ganglia	UBERON:0001873	ENSG00000116044.16	NFE2L2	32.2341830333333	0.00833991101592572	-0.057593359629867
Breast Mammary Tissue	UBERON:0008367	ENSG00000116044.16	NFE2L2	76.6601675097276	0.0198341920077809	-0.112179543374039
Minor Salivary Gland	UBERON:0006330	ENSG00000116044.16	NFE2L2	81.9696740331492	0.0212079141802344	-0.117900170125575
Heart Atrial Appendage	UBERON:0006631	ENSG00000116044.16	NFE2L2	47.8888963557484	0.0123902359754185	-0.0784878396134066
Adrenal Gland	UBERON:0002369	ENSG00000116044.16	NFE2L2	56.025873559322	0.0144955062019431	-0.0885421826391393
Colon Transverse	UBERON:0001157	ENSG00000116044.16	NFE2L2	61.4861828810021	0.0159082453991844	-0.0950371540190956
Stomach	UBERON:0000945	ENSG00000116044.16	NFE2L2	75.4117528255528	0.0195111911932039	-0.110814870425212
Artery Tibial	UBERON:0007610	ENSG00000116044.16	NFE2L2	90.2925406657019	0.0233612793528875	-0.126611987877941
Brain Cerebellar Hemisphere	UBERON:0002037	ENSG00000116044.16	NFE2L2	43.7764833935018	0.0113262363657368	-0.073214917203637
Artery Aorta	UBERON:0001496	ENSG00000116044.16	NFE2L2	109.506551483051	0.0283324970291667	-0.145668655838705
Heart Left Ventricle	UBERON:0006566	ENSG00000116044.16	NFE2L2	20.2107433628319	0.00522910107687313	-0.0396325144048003
Brain Anterior cingulate cortex BA24	UBERON:0009835	ENSG00000116044.16	NFE2L2	23.9472493562232	0.00619584273318041	-0.0454433079027584
Cells EBV-transformed lymphocytes	EFO:0000572	ENSG00000116044.16	NFE2L2	48.3942926605505	0.01252099654737	-0.0791265228074989
Colon Sigmoid	UBERON:0001159	ENSG00000116044.16	NFE2L2	73.4358436754177	0.0189999666192589	-0.108639135945042
Fallopian Tube	UBERON:0003889	ENSG00000116044.16	NFE2L2	98.9935965517241	0.0256124929716407	-0.135413468211945
Cells Cultured fibroblasts	EFO:0002009	ENSG00000116044.16	NFE2L2	107.928667791411	0.0279242530985497	-0.144154418843737
Brain Hippocampus	UBERON:0001954	ENSG00000116044.16	NFE2L2	26.3766437647059	0.00682439699709278	-0.0491021008355926
Pancreas	UBERON:0001150	ENSG00000116044.16	NFE2L2	17.2769160497238	0.00447003550036661	-0.034890853138084
Lung	UBERON:0008952	ENSG00000116044.16	NFE2L2	98.6576099337748	0.0255255635621582	-0.135079071244612
Brain Amygdala	UBERON:0001876	ENSG00000115415.20	STAT1	12.5105538121547	0.00672614867836175	-0.048535913180426
Brain Cortex	UBERON:0001870	ENSG00000115415.20	STAT1	13.6204556666667	0.00732287405150901	-0.0519438866136791
Kidney Medulla	UBERON:0001293	ENSG00000115415.20	STAT1	29.9873672727273	0.0161223470821124	-0.0960052621822419
Uterus	UBERON:0000995	ENSG00000115415.20	STAT1	29.6307647058824	0.0159306240041657	-0.095138537428103
Skin Not Sun Exposed Suprapubic	UBERON:0036149	ENSG00000115415.20	STAT1	24.0613786943164	0.0129363106489419	-0.0811421024987062
Whole Blood	UBERON:0013756	ENSG00000115415.20	STAT1	32.2925466874222	0.0173616990489672	-0.101530314101507
Kidney Cortex	UBERON:0001225	ENSG00000115415.20	STAT1	29.4191793269231	0.0158168676718389	-0.0946227068791955
Brain Frontal Cortex BA9	UBERON:0009834	ENSG00000115415.20	STAT1	18.5695814869888	0.0099837119804474	-0.0663538261355397
Vagina	UBERON:0000996	ENSG00000115415.20	STAT1	29.9836878823529	0.0161203689021633	-0.0959963362626619
Prostate	UBERON:0002367	ENSG00000115415.20	STAT1	31.1213036170213	0.0167319943094086	-0.0987396274969373
Esophagus Mucosa	UBERON:0006920	ENSG00000115415.20	STAT1	24.0769949837134	0.0129447065589764	-0.0811826485887376
Liver	UBERON:0001114	ENSG00000115415.20	STAT1	15.2337940076336	0.00819026599216811	-0.0567738917054358
Pituitary	UBERON:0000007	ENSG00000115415.20	STAT1	28.1521409904153	0.0151356597604629	-0.0915087553700441
Thyroid	UBERON:0002046	ENSG00000115415.20	STAT1	33.5563878947368	0.0180411880623137	-0.104504697564567
Esophagus Muscularis	UBERON:0004648	ENSG00000115415.20	STAT1	27.1974257932264	0.0146223686257774	-0.0891332677383594
Brain Spinal cord cervical c-1	UBERON:0006469	ENSG00000115415.20	STAT1	21.6444505882353	0.0116368783431859	-0.0747687132139957
Brain Putamen basal ganglia	UBERON:0001874	ENSG00000115415.20	STAT1	12.6222346062992	0.00678619251312817	-0.048882179264695
Adipose Visceral Omentum	UBERON:0010414	ENSG00000115415.20	STAT1	30.747615451448	0.0165310853649502	-0.0978421173817271
Nerve Tibial	UBERON:0001323	ENSG00000115415.20	STAT1	34.8280805970149	0.0187248983374255	-0.107460287308487
Ovary	UBERON:0000992	ENSG00000115415.20	STAT1	27.6101266321244	0.014844252264487	-0.0901632722588483
Cervix Ectocervix	UBERON:0012249	ENSG00000115415.20	STAT1	32.5204583333333	0.0174842330022155	-0.102069484801744
Testis	UBERON:0000473	ENSG00000115415.20	STAT1	19.5319553140097	0.0105011206852816	-0.0690271519439588
Skin Sun Exposed Lower leg	UBERON:0004264	ENSG00000115415.20	STAT1	25.7271970026525	0.013831917812401	-0.0854239186150124
Adipose Subcutaneous	UBERON:0002190	ENSG00000115415.20	STAT1	38.6518254901961	0.0207806887561259	-0.116135221471032
Small Intestine Terminal Ileum	UBERON:0001211	ENSG00000115415.20	STAT1	32.4488074879227	0.0174457107875799	-0.10190011429159
Artery Coronary	UBERON:0001621	ENSG00000115415.20	STAT1	35.039422761194	0.0188385239082531	-0.107947949492323
Brain Cerebellum	UBERON:0002037	ENSG00000115415.20	STAT1	14.9308194360902	0.00802737536042136	-0.0558774033397664
Esophagus Gastroesophageal Junction	UBERON:0004550	ENSG00000115415.20	STAT1	26.0006341687345	0.0139789280136177	-0.0861186182970703
Muscle Skeletal	UBERON:0011907	ENSG00000115415.20	STAT1	13.7670086185819	0.00740166648217479	-0.0523885079992218
Brain Nucleus accumbens basal ganglia	UBERON:0001882	ENSG00000115415.20	STAT1	11.8676551929825	0.00638050197377983	-0.046527350034698
Bladder	UBERON:0001255	ENSG00000115415.20	STAT1	41.4921207792208	0.022307739332086	-0.122387215126285
Cervix Endocervix	UBERON:0000458	ENSG00000115415.20	STAT1	28.2487043478261	0.015187575887325	-0.0917476078754404
Spleen	UBERON:0002106	ENSG00000115415.20	STAT1	53.1277667870036	0.0285635043599377	-0.146521728452988
Brain Substantia nigra	UBERON:0002038	ENSG00000115415.20	STAT1	15.5537808196721	0.00836230305025543	-0.0577156452661015
Brain Hypothalamus	UBERON:0001898	ENSG00000115415.20	STAT1	20.4403805836576	0.0109895245975766	-0.0715168282765942
Brain Caudate basal ganglia	UBERON:0001873	ENSG00000115415.20	STAT1	12.8173826	0.00689111148311336	-0.0494853994902166
Breast Mammary Tissue	UBERON:0008367	ENSG00000115415.20	STAT1	29.8550971400778	0.0160512336373149	-0.0956841646536437
Minor Salivary Gland	UBERON:0006330	ENSG00000115415.20	STAT1	24.8716625414365	0.0133719500066584	-0.0832356594464498
Heart Atrial Appendage	UBERON:0006631	ENSG00000115415.20	STAT1	14.4812801518438	0.00778568597496282	-0.0545384198232956
Adrenal Gland	UBERON:0002369	ENSG00000115415.20	STAT1	28.1739040677966	0.0151473604170736	-0.0915626094216456
Colon Transverse	UBERON:0001157	ENSG00000115415.20	STAT1	26.950488308977	0.0144896056595442	-0.088514651598666
Stomach	UBERON:0000945	ENSG00000115415.20	STAT1	21.6475637346437	0.0116385520888822	-0.0747770524063927
Artery Tibial	UBERON:0007610	ENSG00000115415.20	STAT1	34.9912063675832	0.0188126009445674	-0.107836779684423
Brain Cerebellar Hemisphere	UBERON:0002037	ENSG00000115415.20	STAT1	18.6052216967509	0.0100028735102555	-0.0664535068920851
Artery Aorta	UBERON:0001496	ENSG00000115415.20	STAT1	39.9409283898305	0.0214737594142949	-0.118992143708422
Heart Left Ventricle	UBERON:0006566	ENSG00000115415.20	STAT1	8.94709449115044	0.00481029766470941	-0.0370376474394891
Brain Anterior cingulate cortex BA24	UBERON:0009835	ENSG00000115415.20	STAT1	12.7425893991416	0.00685089981889309	-0.0492544811922855
Cells EBV-transformed lymphocytes	EFO:0000572	ENSG00000115415.20	STAT1	376.030113149847	0.202168064384949	-0.46627496029686
Colon Sigmoid	UBERON:0001159	ENSG00000115415.20	STAT1	29.3997243436754	0.0158064079342587	-0.0945752178467969
Fallopian Tube	UBERON:0003889	ENSG00000115415.20	STAT1	27.4617	0.0147644524722086	-0.0897933889287105
Cells Cultured fibroblasts	EFO:0002009	ENSG00000115415.20	STAT1	164.019695858896	0.088183215314958	-0.308936853322624
Brain Hippocampus	UBERON:0001954	ENSG00000115415.20	STAT1	11.842589254902	0.00636702557386793	-0.0464485003740045
Pancreas	UBERON:0001150	ENSG00000115415.20	STAT1	9.36819237569061	0.00503669587394048	-0.0384466441787431
Lung	UBERON:0008952	ENSG00000115415.20	STAT1	51.6266586092715	0.0277564516157241	-0.143529528494055
Brain Amygdala	UBERON:0001876	ENSG00000064012.23	CASP8	0.628469779005525	0.00190324291207895	-0.0172002239495793
Brain Cortex	UBERON:0001870	ENSG00000064012.23	CASP8	0.644338555555556	0.00195129953707689	-0.0175643281888913
Kidney Medulla	UBERON:0001293	ENSG00000064012.23	CASP8	4.42100454545455	0.0133884648816681	-0.083314618067266
Uterus	UBERON:0000995	ENSG00000064012.23	CASP8	6.04541026143791	0.0183077764676253	-0.10566149391914
Skin Not Sun Exposed Suprapubic	UBERON:0036149	ENSG00000064012.23	CASP8	6.73256794162826	0.0203887484220324	-0.114504902845062
Whole Blood	UBERON:0013756	ENSG00000064012.23	CASP8	38.4285870485679	0.116376217862264	-0.361130745834145
Kidney Cortex	UBERON:0001225	ENSG00000064012.23	CASP8	4.56616836538462	0.0138280755369479	-0.0854057317407525
Brain Frontal Cortex BA9	UBERON:0009834	ENSG00000064012.23	CASP8	0.613027286245353	0.0018564772347585	-0.0168442201763539
Vagina	UBERON:0000996	ENSG00000064012.23	CASP8	7.26898041176471	0.0220132071722263	-0.121193422360531
Prostate	UBERON:0002367	ENSG00000064012.23	CASP8	6.05539329787234	0.0183380088574228	-0.10579232501017
Esophagus Mucosa	UBERON:0006920	ENSG00000064012.23	CASP8	8.66182058631922	0.0262312511871261	-0.137781471673376
Liver	UBERON:0001114	ENSG00000064012.23	CASP8	3.36892400763359	0.0102023692356492	-0.0674881824757103
Pituitary	UBERON:0000007	ENSG00000064012.23	CASP8	3.01055424920128	0.00911709079359107	-0.0617884456599783
Thyroid	UBERON:0002046	ENSG00000064012.23	CASP8	7.62970692982456	0.0231056227690155	-0.12559320534895
Esophagus Muscularis	UBERON:0004648	ENSG00000064012.23	CASP8	3.7683931372549	0.0114121120346572	-0.0736456727458411
Brain Spinal cord cervical c-1	UBERON:0006469	ENSG00000064012.23	CASP8	1.42431803921569	0.00431337083061174	-0.0338900188802877
Brain Putamen basal ganglia	UBERON:0001874	ENSG00000064012.23	CASP8	0.501017244094488	0.00151726869056623	-0.0142081708699139
Adipose Visceral Omentum	UBERON:0010414	ENSG00000064012.23	CASP8	7.64610727427598	0.023155289181587	-0.125791442264839
Nerve Tibial	UBERON:0001323	ENSG00000064012.23	CASP8	4.63443546268657	0.0140348139886739	-0.086382122200631
Ovary	UBERON:0000992	ENSG00000064012.23	CASP8	4.7500521761658	0.0143849448904261	-0.0880257428593526
Cervix Ectocervix	UBERON:0012249	ENSG00000064012.23	CASP8	7.14548333333333	0.0216392115609195	-0.119669346410362
Testis	UBERON:0000473	ENSG00000064012.23	CASP8	2.62340601449275	0.00794466029932159	-0.0554203513935199
Skin Sun Exposed Lower leg	UBERON:0004264	ENSG00000064012.23	CASP8	7.0887673740053	0.0214674543003498	-0.118966300318827
Adipose Subcutaneous	UBERON:0002190	ENSG00000064012.23	CASP8	8.84274480392157	0.0267791577791025	-0.139860728517164
Small Intestine Terminal Ileum	UBERON:0001211	ENSG00000064012.23	CASP8	23.0332742995169	0.0697534193639251	-0.267964195178583
Artery Coronary	UBERON:0001621	ENSG00000064012.23	CASP8	6.46245973880597	0.0195707591730833	-0.111067120521698
Brain Cerebellum	UBERON:0002037	ENSG00000064012.23	CASP8	0.671705	0.00203417542571566	-0.018188254473623
Esophagus Gastroesophageal Junction	UBERON:0004550	ENSG00000064012.23	CASP8	3.86261935483871	0.0116974644680426	-0.0750703538345151
Muscle Skeletal	UBERON:0011907	ENSG00000064012.23	CASP8	0.705674193154034	0.00213704692130572	-0.0189559603012964
Brain Nucleus accumbens basal ganglia	UBERON:0001882	ENSG00000064012.23	CASP8	0.690712350877193	0.00209173683446256	-0.0186187230312227
Bladder	UBERON:0001255	ENSG00000064012.23	CASP8	7.90119402597403	0.023927787825679	-0.128855185231559
Cervix Endocervix	UBERON:0000458	ENSG00000064012.23	CASP8	6.42796304347826	0.0194662902024727	-0.110624556651178
Spleen	UBERON:0002106	ENSG00000064012.23	CASP8	32.2466545126354	0.0976550005897615	-0.327746028273298
Brain Substantia nigra	UBERON:0002038	ENSG00000064012.23	CASP8	0.892705901639344	0.00270344929322559	-0.0230630799284709
Brain Hypothalamus	UBERON:0001898	ENSG00000064012.23	CASP8	0.901579338521401	0.0027303213981632	-0.0232533651043316
Brain Caudate basal ganglia	UBERON:0001873	ENSG00000064012.23	CASP8	0.801312666666667	0.00242667619691385	-0.0210800572643311
Breast Mammary Tissue	UBERON:0008367	ENSG00000064012.23	CASP8	7.47886535019455	0.0226488177214731	-0.123762662654677
Minor Salivary Gland	UBERON:0006330	ENSG00000064012.23	CASP8	6.4172635359116	0.0194338880685607	-0.110487126741052
Heart Atrial Appendage	UBERON:0006631	ENSG00000064012.23	CASP8	1.69497013015184	0.00513300717737243	-0.039041549965974
Adrenal Gland	UBERON:0002369	ENSG00000064012.23	CASP8	6.23939223728814	0.0188952268637163	-0.108190939017752
Colon Transverse	UBERON:0001157	ENSG00000064012.23	CASP8	7.75646010438413	0.0234894790642947	-0.127121336939453
Stomach	UBERON:0000945	ENSG00000064012.23	CASP8	5.19137277641278	0.0157214296864072	-0.0941890310831565
Artery Tibial	UBERON:0007610	ENSG00000064012.23	CASP8	3.99606781476122	0.0121015966060704	-0.0770709395971056
Brain Cerebellar Hemisphere	UBERON:0002037	ENSG00000064012.23	CASP8	0.605558664259928	0.00183385943779895	-0.0166714350033438
Artery Aorta	UBERON:0001496	ENSG00000064012.23	CASP8	5.37870292372881	0.0162887358433749	-0.0967547903507315
Heart Left Ventricle	UBERON:0006566	ENSG00000064012.23	CASP8	1.04167610619469	0.00315458711305768	-0.0262093605083558
Brain Anterior cingulate cortex BA24	UBERON:0009835	ENSG00000064012.23	CASP8	0.555310042918455	0.00168168770957165	-0.0154982228182928
Cells EBV-transformed lymphocytes	EFO:0000572	ENSG00000064012.23	CASP8	9.10258318042813	0.0275660461306073	-0.142818688133794
Colon Sigmoid	UBERON:0001159	ENSG00000064012.23	CASP8	4.05506441527446	0.0122802605060932	-0.0779491380644164
Fallopian Tube	UBERON:0003889	ENSG00000064012.23	CASP8	7.51488827586207	0.0227579086916985	-0.124201018155643
Cells Cultured fibroblasts	EFO:0002009	ENSG00000064012.23	CASP8	11.7117782361963	0.0354676703009536	-0.170860238982691
Brain Hippocampus	UBERON:0001954	ENSG00000064012.23	CASP8	0.728695882352941	0.00220676525662685	-0.0194721680652212
Pancreas	UBERON:0001150	ENSG00000064012.23	CASP8	2.45299055248619	0.00742857817253121	-0.0525400913122459
Lung	UBERON:0008952	ENSG00000064012.23	CASP8	17.1907941225166	0.0520601915313424	-0.221967766817078
Brain Amygdala	UBERON:0001876	ENSG00000163599.17	CTLA4	0.124008729281768	0.00191103852420052	-0.0172594057340368
Brain Cortex	UBERON:0001870	ENSG00000163599.17	CTLA4	0.227589148148148	0.00350726624101482	-0.0286032900391277
Kidney Medulla	UBERON:0001293	ENSG00000163599.17	CTLA4	0.439402727272727	0.00677142282096115	-0.0487970754419209
Uterus	UBERON:0000995	ENSG00000163599.17	CTLA4	0.44641522875817	0.00687948908829016	-0.0494186919434246
Skin Not Sun Exposed Suprapubic	UBERON:0036149	ENSG00000163599.17	CTLA4	1.00603728110599	0.0155035537587608	-0.0931958497568549
Whole Blood	UBERON:0013756	ENSG00000163599.17	CTLA4	3.19710900373599	0.0492690999060669	-0.213984228111181
Kidney Cortex	UBERON:0001225	ENSG00000163599.17	CTLA4	1.0284675	0.0158492150090692	-0.0947695063087764
Brain Frontal Cortex BA9	UBERON:0009834	ENSG00000163599.17	CTLA4	0.199548215613383	0.00307514099758389	-0.0256624566947552
Vagina	UBERON:0000996	ENSG00000163599.17	CTLA4	1.63053388235294	0.0251273687121704	-0.133541827992657
Prostate	UBERON:0002367	ENSG00000163599.17	CTLA4	1.5510345035461	0.0239022422518816	-0.1287544527877
Esophagus Mucosa	UBERON:0006920	ENSG00000163599.17	CTLA4	1.7846317752443	0.0275020967778406	-0.142579521166524
Liver	UBERON:0001114	ENSG00000163599.17	CTLA4	0.238181984732824	0.00367050732018015	-0.0296936877567545
Pituitary	UBERON:0000007	ENSG00000163599.17	CTLA4	0.657419297124601	0.0101311706896319	-0.0671195660513964
Thyroid	UBERON:0002046	ENSG00000163599.17	CTLA4	2.77190783625731	0.0427165304515369	-0.194320133379794
Esophagus Muscularis	UBERON:0004648	ENSG00000163599.17	CTLA4	0.243297237076649	0.00374933599898908	-0.0302164580865443
Brain Spinal cord cervical c-1	UBERON:0006469	ENSG00000163599.17	CTLA4	0.460512696078431	0.00709673833597388	-0.0506609762073114
Brain Putamen basal ganglia	UBERON:0001874	ENSG00000163599.17	CTLA4	0.0702014566929134	0.00108184068147593	-0.0106586148675823
Adipose Visceral Omentum	UBERON:0010414	ENSG00000163599.17	CTLA4	1.44204110732538	0.0222225977601784	-0.1220427005264
Nerve Tibial	UBERON:0001323	ENSG00000163599.17	CTLA4	0.911695358208955	0.014049696033199	-0.0864522372655394
Ovary	UBERON:0000992	ENSG00000163599.17	CTLA4	0.322955492227979	0.00497691082574902	-0.0380760242283756
Cervix Ectocervix	UBERON:0012249	ENSG00000163599.17	CTLA4	1.61455666666667	0.0248811515719516	-0.132586753414432
Testis	UBERON:0000473	ENSG00000163599.17	CTLA4	2.77258060386473	0.0427268981476101	-0.194352337430383
Skin Sun Exposed Lower leg	UBERON:0004264	ENSG00000163599.17	CTLA4	0.603445835543767	0.00929941178876395	-0.0627584271940652
Adipose Subcutaneous	UBERON:0002190	ENSG00000163599.17	CTLA4	0.830193767507003	0.0127937144541833	-0.0804522626529143
Small Intestine Terminal Ileum	UBERON:0001211	ENSG00000163599.17	CTLA4	11.7537010628019	0.181130599942802	-0.44646841752655
Artery Coronary	UBERON:0001621	ENSG00000163599.17	CTLA4	1.57741869402985	0.0243088362451942	-0.130353104559058
Brain Cerebellum	UBERON:0002037	ENSG00000163599.17	CTLA4	0.219911127819549	0.00338894398481132	-0.0278061108432952
Esophagus Gastroesophageal Junction	UBERON:0004550	ENSG00000163599.17	CTLA4	0.26892905707196	0.00414433557474568	-0.0328009384491519
Muscle Skeletal	UBERON:0011907	ENSG00000163599.17	CTLA4	0.0988957579462103	0.0015240346740897	-0.0142617466386093
Brain Nucleus accumbens basal ganglia	UBERON:0001882	ENSG00000163599.17	CTLA4	0.0807248070175439	0.00124401094150926	-0.0120056822711597
Bladder	UBERON:0001255	ENSG00000163599.17	CTLA4	1.34490779220779	0.0207257232397464	-0.115907233999085
Cervix Endocervix	UBERON:0000458	ENSG00000163599.17	CTLA4	0.854823913043478	0.0131732777095241	-0.0822834783372711
Spleen	UBERON:0002106	ENSG00000163599.17	CTLA4	7.53915902527076	0.11618233184722	-0.360808577223171
Brain Substantia nigra	UBERON:0002038	ENSG00000163599.17	CTLA4	0.215636010928962	0.00332306222696499	-0.0273596717839651
Brain Hypothalamus	UBERON:0001898	ENSG00000163599.17	CTLA4	0.282951789883268	0.00436043312507289	-0.0341915202453524
Brain Caudate basal ganglia	UBERON:0001873	ENSG00000163599.17	CTLA4	0.162740266666667	0.00250791150622967	-0.0216665944645345
Breast Mammary Tissue	UBERON:0008367	ENSG00000163599.17	CTLA4	1.3370459922179	0.0206045688441062	-0.115403963042869
Minor Salivary Gland	UBERON:0006330	ENSG00000163599.17	CTLA4	0.806995248618785	0.012436213304413	-0.0787126358339828
Heart Atrial Appendage	UBERON:0006631	ENSG00000163599.17	CTLA4	0.219375444685466	0.00338068883122717	-0.0277502728852499
Adrenal Gland	UBERON:0002369	ENSG00000163599.17	CTLA4	0.201860745762712	0.00311077828077628	-0.025908144017273
Colon Transverse	UBERON:0001157	ENSG00000163599.17	CTLA4	2.1893117954071	0.0337384247604309	-0.16496279889975
Stomach	UBERON:0000945	ENSG00000163599.17	CTLA4	0.884611670761671	0.0136323224306395	-0.0844771140767163
Artery Tibial	UBERON:0007610	ENSG00000163599.17	CTLA4	0.551759102749638	0.00850289255877326	-0.0584814544278674
Brain Cerebellar Hemisphere	UBERON:0002037	ENSG00000163599.17	CTLA4	0.148110794223827	0.00228246378501745	-0.0200290586654667
Artery Aorta	UBERON:0001496	ENSG00000163599.17	CTLA4	0.946248559322034	0.0145821786966695	-0.0889461848810724
Heart Left Ventricle	UBERON:0006566	ENSG00000163599.17	CTLA4	0.260545862831858	0.00401514622459687	-0.0319618959947743
Brain Anterior cingulate cortex BA24	UBERON:0009835	ENSG00000163599.17	CTLA4	0.13420321888412	0.0020681408707651	-0.0184425424500985
Cells EBV-transformed lymphocytes	EFO:0000572	ENSG00000163599.17	CTLA4	0.152782813455657	0.00235446201279985	-0.0205553641682222
Colon Sigmoid	UBERON:0001159	ENSG00000163599.17	CTLA4	0.691839331742243	0.010661601188675	-0.0698487559182259
Fallopian Tube	UBERON:0003889	ENSG00000163599.17	CTLA4	1.08323103448276	0.0166931493411447	-0.0985663700929737
Cells Cultured fibroblasts	EFO:0002009	ENSG00000163599.17	CTLA4	0.0440239417177914	0.00067843166442499	-0.0071408385037688
Brain Hippocampus	UBERON:0001954	ENSG00000163599.17	CTLA4	0.151855137254902	0.00234016604373464	-0.0204511168093699
Pancreas	UBERON:0001150	ENSG00000163599.17	CTLA4	0.0939150828729282	0.00144727990048066	-0.0136513812905558
Lung	UBERON:0008952	ENSG00000163599.17	CTLA4	6.01947081125828	0.0927631520961517	-0.318205843794701
Brain Amygdala	UBERON:0001876	ENSG00000018280.17	SLC11A1	5.47989640883978	0.00294002776892587	-0.024725499774526
Brain Cortex	UBERON:0001870	ENSG00000018280.17	SLC11A1	6.31067325925926	0.0033857491526502	-0.0277845044052172
Kidney Medulla	UBERON:0001293	ENSG00000018280.17	SLC11A1	4.21327181818182	0.00226046903432431	-0.0198676288326039
Uterus	UBERON:0000995	ENSG00000018280.17	SLC11A1	8.0946322875817	0.00434286379325423	-0.0340790496721175
Skin Not Sun Exposed Suprapubic	UBERON:0036149	ENSG00000018280.17	SLC11A1	3.57899370199693	0.00192017149296981	-0.0173286819552552
Whole Blood	UBERON:0013756	ENSG00000018280.17	SLC11A1	735.351415815691	0.394524534976533	-0.529378178452811
Kidney Cortex	UBERON:0001225	ENSG00000018280.17	SLC11A1	7.77598759615385	0.00417190723288796	-0.0329792487739856
Brain Frontal Cortex BA9	UBERON:0009834	ENSG00000018280.17	SLC11A1	4.79660598513011	0.0025734345580201	-0.0221369135904723
Vagina	UBERON:0000996	ENSG00000018280.17	SLC11A1	10.5193017647059	0.0056437269960171	-0.0421537649458456
Prostate	UBERON:0002367	ENSG00000018280.17	SLC11A1	11.5692613475177	0.00620704244934155	-0.0455092796693377
Esophagus Mucosa	UBERON:0006920	ENSG00000018280.17	SLC11A1	6.12342109120521	0.00328528619992313	-0.0271028398538157
Liver	UBERON:0001114	ENSG00000018280.17	SLC11A1	7.99898026717557	0.00429154537860423	-0.0337499446647975
Pituitary	UBERON:0000007	ENSG00000018280.17	SLC11A1	11.7529070926518	0.0063055705144831	-0.0460884072374179
Thyroid	UBERON:0002046	ENSG00000018280.17	SLC11A1	12.2944494883041	0.00659611426978114	-0.0477833592097698
Esophagus Muscularis	UBERON:0004648	ENSG00000018280.17	SLC11A1	10.6684577361854	0.00572375089890392	-0.0426352096211711
Brain Spinal cord cervical c-1	UBERON:0006469	ENSG00000018280.17	SLC11A1	30.6744220588235	0.0164571820195753	-0.097511088826182
Brain Putamen basal ganglia	UBERON:0001874	ENSG00000018280.17	SLC11A1	5.24540625984252	0.00281422109336912	-0.0238450321215171
Adipose Visceral Omentum	UBERON:0010414	ENSG00000018280.17	SLC11A1	46.2886807495741	0.0248344123022401	-0.132405056195805
Nerve Tibial	UBERON:0001323	ENSG00000018280.17	SLC11A1	25.8604698358209	0.0138744410044205	-0.0856250934803183
Ovary	UBERON:0000992	ENSG00000018280.17	SLC11A1	6.71770238341969	0.00360412498286897	-0.0292515657945611
Cervix Ectocervix	UBERON:0012249	ENSG00000018280.17	SLC11A1	9.18269458333333	0.0049266217925242	-0.0377634702322203
Testis	UBERON:0000473	ENSG00000018280.17	SLC11A1	4.12782777777778	0.00221462731894592	-0.0195301789930802
Skin Sun Exposed Lower leg	UBERON:0004264	ENSG00000018280.17	SLC11A1	4.43154478779841	0.00237757500567872	-0.0207236414012433
Adipose Subcutaneous	UBERON:0002190	ENSG00000018280.17	SLC11A1	38.1533559803922	0.0204697165222173	-0.114842582500326
Small Intestine Terminal Ileum	UBERON:0001211	ENSG00000018280.17	SLC11A1	8.34490859903382	0.00447713992745023	-0.0349360490670231
Artery Coronary	UBERON:0001621	ENSG00000018280.17	SLC11A1	35.002937761194	0.0187794807299437	-0.107694669702196
Brain Cerebellum	UBERON:0002037	ENSG00000018280.17	SLC11A1	2.82303883458647	0.00151459296804437	-0.0141869714267299
Esophagus Gastroesophageal Junction	UBERON:0004550	ENSG00000018280.17	SLC11A1	11.2566445905707	0.00603931994550496	-0.0445182320540921
Muscle Skeletal	UBERON:0011907	ENSG00000018280.17	SLC11A1	2.59875966992665	0.00139426460361988	-0.0132263842883944
Brain Nucleus accumbens basal ganglia	UBERON:0001882	ENSG00000018280.17	SLC11A1	4.21183729824561	0.00225969939779602	-0.0198619745341326
Bladder	UBERON:0001255	ENSG00000018280.17	SLC11A1	15.3938279220779	0.00825896662717347	-0.0571505872529835
Cervix Endocervix	UBERON:0000458	ENSG00000018280.17	SLC11A1	9.59092652173913	0.0051456429464897	-0.039119405392615
Spleen	UBERON:0002106	ENSG00000018280.17	SLC11A1	231.971515884477	0.124455399777272	-0.374150177329111
Brain Substantia nigra	UBERON:0002038	ENSG00000018280.17	SLC11A1	13.890090273224	0.00745219399591022	-0.0526729943734653
Brain Hypothalamus	UBERON:0001898	ENSG00000018280.17	SLC11A1	8.68097750972763	0.00465744478287023	-0.0360777112474207
Brain Caudate basal ganglia	UBERON:0001873	ENSG00000018280.17	SLC11A1	5.52638433333333	0.00296496907779994	-0.0248991201474753
Breast Mammary Tissue	UBERON:0008367	ENSG00000018280.17	SLC11A1	16.7114128988327	0.00896586619799925	-0.0609799161986096
Minor Salivary Gland	UBERON:0006330	ENSG00000018280.17	SLC11A1	11.5015965745856	0.00617073951648364	-0.0452953315871748
Heart Atrial Appendage	UBERON:0006631	ENSG00000018280.17	SLC11A1	14.3681092624729	0.00770865670936561	-0.0541094110642399
Adrenal Gland	UBERON:0002369	ENSG00000018280.17	SLC11A1	22.0479097966102	0.0118289584715947	-0.0757234696488415
Colon Transverse	UBERON:0001157	ENSG00000018280.17	SLC11A1	9.47392503131524	0.00508287029438316	-0.0387321876588163
Stomach	UBERON:0000945	ENSG00000018280.17	SLC11A1	9.79054555282555	0.00525274086419001	-0.0397775036058168
Artery Tibial	UBERON:0007610	ENSG00000018280.17	SLC11A1	12.4705419681621	0.00669058992078913	-0.0483304856572331
Brain Cerebellar Hemisphere	UBERON:0002037	ENSG00000018280.17	SLC11A1	2.30530194945848	0.00123682114432559	-0.0119466377357671
Artery Aorta	UBERON:0001496	ENSG00000018280.17	SLC11A1	25.2043952542373	0.0135224494074205	-0.0839541229531869
Heart Left Ventricle	UBERON:0006566	ENSG00000018280.17	SLC11A1	5.46407845132743	0.00293154125187074	-0.0246663543206133
Brain Anterior cingulate cortex BA24	UBERON:0009835	ENSG00000018280.17	SLC11A1	4.10775974248927	0.00220386058603454	-0.019450725479108
Cells EBV-transformed lymphocytes	EFO:0000572	ENSG00000018280.17	SLC11A1	0.810923577981651	0.000435069873564919	-0.00485819262827072
Colon Sigmoid	UBERON:0001159	ENSG00000018280.17	SLC11A1	13.0924727446301	0.00702426297165482	-0.0502476256435542
Fallopian Tube	UBERON:0003889	ENSG00000018280.17	SLC11A1	23.7460486206897	0.0127400295805724	-0.0801919577400294
Cells Cultured fibroblasts	EFO:0002009	ENSG00000018280.17	SLC11A1	0.304417101226994	0.000163323293757805	-0.00205460406488376
Brain Hippocampus	UBERON:0001954	ENSG00000018280.17	SLC11A1	6.53750945098039	0.00350744939165138	-0.0286045194752526
Pancreas	UBERON:0001150	ENSG00000018280.17	SLC11A1	4.39265933701657	0.00235671251183278	-0.0205717635603492
Lung	UBERON:0008952	ENSG00000018280.17	SLC11A1	315.060921688742	0.169033826474175	-0.433506874893651
Brain Amygdala	UBERON:0001876	ENSG00000168918.14	INPP5D	5.57586779005525	0.00558603780224001	-0.0418056775933857
Brain Cortex	UBERON:0001870	ENSG00000168918.14	INPP5D	6.21722833333333	0.00622856814451361	-0.0456359946459559
Kidney Medulla	UBERON:0001293	ENSG00000168918.14	INPP5D	9.21223181818182	0.00922903431662104	-0.0623846226892921
Uterus	UBERON:0000995	ENSG00000168918.14	INPP5D	16.168841372549	0.0161983322643642	-0.0963478569500082
Skin Not Sun Exposed Suprapubic	UBERON:0036149	ENSG00000168918.14	INPP5D	9.87309523809524	0.00989110310748048	-0.0658713130767123
Whole Blood	UBERON:0013756	ENSG00000168918.14	INPP5D	133.053416052304	0.133296096638255	-0.387530883442198
Kidney Cortex	UBERON:0001225	ENSG00000168918.14	INPP5D	8.90869538461538	0.00892494425277783	-0.0607604950337048
Brain Frontal Cortex BA9	UBERON:0009834	ENSG00000168918.14	INPP5D	4.67221018587361	0.00468073198666035	-0.036224419463221
Vagina	UBERON:0000996	ENSG00000168918.14	INPP5D	14.2722798235294	0.014298311513156	-0.0876202159604192
Prostate	UBERON:0002367	ENSG00000168918.14	INPP5D	18.6187837588652	0.0186527431827294	-0.107150093272173
Esophagus Mucosa	UBERON:0006920	ENSG00000168918.14	INPP5D	8.44051527687296	0.00845591021564187	-0.0582259114183808
Liver	UBERON:0001114	ENSG00000168918.14	INPP5D	3.56654515267176	0.00357305029393871	-0.0290439968910664
Pituitary	UBERON:0000007	ENSG00000168918.14	INPP5D	10.5250389776358	0.010544235949063	-0.0692482323660758
Thyroid	UBERON:0002046	ENSG00000168918.14	INPP5D	14.8961957602339	0.0149233654310533	-0.0905293620353001
Esophagus Muscularis	UBERON:0004648	ENSG00000168918.14	INPP5D	8.04781654188948	0.00806249522427103	-0.0560710897250771
Brain Spinal cord cervical c-1	UBERON:0006469	ENSG00000168918.14	INPP5D	16.8883609803922	0.0169191642281409	-0.0995726295436001
Brain Putamen basal ganglia	UBERON:0001874	ENSG00000168918.14	INPP5D	4.62717106299213	0.00463561071541278	-0.0359400051475604
Adipose Visceral Omentum	UBERON:0010414	ENSG00000168918.14	INPP5D	21.3027550936968	0.0213416099028546	-0.118449929681413
Nerve Tibial	UBERON:0001323	ENSG00000168918.14	INPP5D	31.2750666119403	0.0313321102543828	-0.156541935722671
Ovary	UBERON:0000992	ENSG00000168918.14	INPP5D	5.39459725388601	0.00540443664066303	-0.0407042714268639
Cervix Ectocervix	UBERON:0012249	ENSG00000168918.14	INPP5D	14.8737325	0.014900861199326	-0.0904252872423797
Testis	UBERON:0000473	ENSG00000168918.14	INPP5D	6.02711758454106	0.00603811064635345	-0.0445110623037326
Skin Sun Exposed Lower leg	UBERON:0004264	ENSG00000168918.14	INPP5D	10.6168066180371	0.01063617096754	-0.0697187958166242
Adipose Subcutaneous	UBERON:0002190	ENSG00000168918.14	INPP5D	19.866942464986	0.0199031784473569	-0.112470022192744
Small Intestine Terminal Ileum	UBERON:0001211	ENSG00000168918.14	INPP5D	74.6117270048309	0.0747478138349595	-0.279693223901192
Artery Coronary	UBERON:0001621	ENSG00000168918.14	INPP5D	17.202804141791	0.0172341809129631	-0.100967887178707
Brain Cerebellum	UBERON:0002037	ENSG00000168918.14	INPP5D	3.04962402255639	0.00305518633404513	-0.0255246272858391
Esophagus Gastroesophageal Junction	UBERON:0004550	ENSG00000168918.14	INPP5D	8.00260784119107	0.00801720406590786	-0.0558212671997275
Muscle Skeletal	UBERON:0011907	ENSG00000168918.14	INPP5D	2.58963761613692	0.00259436094299865	-0.0222866114104764
Brain Nucleus accumbens basal ganglia	UBERON:0001882	ENSG00000168918.14	INPP5D	4.7847472631579	0.00479347432409253	-0.0369323419268166
Bladder	UBERON:0001255	ENSG00000168918.14	INPP5D	14.8104893506494	0.0148375026986751	-0.0901320110726564
Cervix Endocervix	UBERON:0000458	ENSG00000168918.14	INPP5D	16.28033	0.0163100242396603	-0.0968505103070422
Spleen	UBERON:0002106	ENSG00000168918.14	INPP5D	135.399470036101	0.135646429668561	-0.390943457758903
Brain Substantia nigra	UBERON:0002038	ENSG00000168918.14	INPP5D	11.0340446448087	0.011054170008736	-0.0718439855905394
Brain Hypothalamus	UBERON:0001898	ENSG00000168918.14	INPP5D	11.9188031906615	0.0119405422953607	-0.0762760388639766
Brain Caudate basal ganglia	UBERON:0001873	ENSG00000168918.14	INPP5D	5.92573463333333	0.0059365427793823	-0.0439076278464144
Breast Mammary Tissue	UBERON:0008367	ENSG00000168918.14	INPP5D	17.2137704863813	0.0172451672594369	-0.101016396607934
Minor Salivary Gland	UBERON:0006330	ENSG00000168918.14	INPP5D	31.1174786187845	0.0311742348312034	-0.155980347576655
Heart Atrial Appendage	UBERON:0006631	ENSG00000168918.14	INPP5D	4.90111034707158	0.00491004964653587	-0.0376603099539979
Adrenal Gland	UBERON:0002369	ENSG00000168918.14	INPP5D	6.16233457627119	0.00617357426488773	-0.0453120489901046
Colon Transverse	UBERON:0001157	ENSG00000168918.14	INPP5D	12.0788571816284	0.0121008882141673	-0.0770674500543577
Stomach	UBERON:0000945	ENSG00000168918.14	INPP5D	6.82904734643735	0.00684150307482593	-0.0492004707219245
Artery Tibial	UBERON:0007610	ENSG00000168918.14	INPP5D	7.76729558610709	0.00778146261691335	-0.0545149267333843
Brain Cerebellar Hemisphere	UBERON:0002037	ENSG00000168918.14	INPP5D	2.10205989169675	0.00210589390920157	-0.0187242430244581
Artery Aorta	UBERON:0001496	ENSG00000168918.14	INPP5D	10.9413507415254	0.010961307037935	-0.0713738531201858
Heart Left Ventricle	UBERON:0006566	ENSG00000168918.14	INPP5D	3.30134183628319	0.00330736326433084	-0.0272530132023661
Brain Anterior cingulate cortex BA24	UBERON:0009835	ENSG00000168918.14	INPP5D	4.26915957081545	0.00427694623407373	-0.0336561590495674
Cells EBV-transformed lymphocytes	EFO:0000572	ENSG00000168918.14	INPP5D	108.50853883792	0.10870645119949	-0.348022674613324
Colon Sigmoid	UBERON:0001159	ENSG00000168918.14	INPP5D	7.60916933174224	0.00762304795077222	-0.0536313160648965
Fallopian Tube	UBERON:0003889	ENSG00000168918.14	INPP5D	16.3986075862069	0.0164285175563217	-0.0973825659444705
Cells Cultured fibroblasts	EFO:0002009	ENSG00000168918.14	INPP5D	0.474035981595092	0.000474900591713258	-0.00524294376613492
Brain Hippocampus	UBERON:0001954	ENSG00000168918.14	INPP5D	5.72697839215686	0.00573742402003455	-0.0427173085991715
Pancreas	UBERON:0001150	ENSG00000168918.14	INPP5D	1.75887422651934	0.00176208229618467	-0.0161204151363971
Lung	UBERON:0008952	ENSG00000168918.14	INPP5D	42.4880452317881	0.0425655406018333	-0.193850718102531
Brain Amygdala	UBERON:0001876	ENSG00000114353.17	GNAI2	70.9696696132597	0.0108893939258461	-0.0710090030828325
Brain Cortex	UBERON:0001870	ENSG00000114353.17	GNAI2	69.0066518518519	0.0105881937962148	-0.0694733714272502
Kidney Medulla	UBERON:0001293	ENSG00000114353.17	GNAI2	78.5408363636364	0.0120510932499714	-0.0768220096492516
Uterus	UBERON:0000995	ENSG00000114353.17	GNAI2	178.002522875817	0.0273122250949164	-0.141868145803253
Skin Not Sun Exposed Suprapubic	UBERON:0036149	ENSG00000114353.17	GNAI2	69.275369124424	0.0106294250468556	-0.0696843063534858
Whole Blood	UBERON:0013756	ENSG00000114353.17	GNAI2	420.669959900374	0.0645464595099252	-0.255185604128854
Kidney Cortex	UBERON:0001225	ENSG00000114353.17	GNAI2	59.2031346153846	0.0090839686585122	-0.0616116682040103
Brain Frontal Cortex BA9	UBERON:0009834	ENSG00000114353.17	GNAI2	68.3436973977695	0.0104864718600027	-0.0689519796721
Vagina	UBERON:0000996	ENSG00000114353.17	GNAI2	133.559664117647	0.0204930331944087	-0.114939739544697
Prostate	UBERON:0002367	ENSG00000114353.17	GNAI2	114.704218794326	0.017599904722883	-0.102577323545718
Esophagus Mucosa	UBERON:0006920	ENSG00000114353.17	GNAI2	66.5268040716612	0.0102076926680316	-0.0675157146324127
Liver	UBERON:0001114	ENSG00000114353.17	GNAI2	43.7900812977099	0.0067190314946386	-0.0484948180482604
Pituitary	UBERON:0000007	ENSG00000114353.17	GNAI2	121.80442971246	0.0186893418594158	-0.107307480717019
Thyroid	UBERON:0002046	ENSG00000114353.17	GNAI2	134.296039181287	0.0206060205901347	-0.115409999614884
Esophagus Muscularis	UBERON:0004648	ENSG00000114353.17	GNAI2	145.202738324421	0.0222795149722769	-0.122273060859569
Brain Spinal cord cervical c-1	UBERON:0006469	ENSG00000114353.17	GNAI2	161.624532352941	0.0247992305792417	-0.132268204819546
Brain Putamen basal ganglia	UBERON:0001874	ENSG00000114353.17	GNAI2	53.818257480315	0.00825772769267995	-0.0571438013161533
Adipose Visceral Omentum	UBERON:0010414	ENSG00000114353.17	GNAI2	173.144126235094	0.0265667658704739	-0.139056658006168
Nerve Tibial	UBERON:0001323	ENSG00000114353.17	GNAI2	208.005642835821	0.031915822575774	-0.158608372661328
Ovary	UBERON:0000992	ENSG00000114353.17	GNAI2	143.525670466321	0.0220221902214821	-0.121229915975437
Cervix Ectocervix	UBERON:0012249	ENSG00000114353.17	GNAI2	144.094554166667	0.0221094781959762	-0.121584248222619
Testis	UBERON:0000473	ENSG00000114353.17	GNAI2	81.7573695652174	0.0125446293943334	-0.0792417435972448
Skin Sun Exposed Lower leg	UBERON:0004264	ENSG00000114353.17	GNAI2	78.3052960212202	0.0120149525776535	-0.0766436856965771
Adipose Subcutaneous	UBERON:0002190	ENSG00000114353.17	GNAI2	204.559648459384	0.0313870785301026	-0.156737197023823
Small Intestine Terminal Ileum	UBERON:0001211	ENSG00000114353.17	GNAI2	105.217203381643	0.0161442427679627	-0.0961040362518228
Artery Coronary	UBERON:0001621	ENSG00000114353.17	GNAI2	193.175317164179	0.0296402975639326	-0.150462931627585
Brain Cerebellum	UBERON:0002037	ENSG00000114353.17	GNAI2	50.088392481203	0.00768542730736201	-0.0539798192092168
Esophagus Gastroesophageal Junction	UBERON:0004550	ENSG00000114353.17	GNAI2	148.835790074442	0.0228369605948161	-0.124518197346216
Muscle Skeletal	UBERON:0011907	ENSG00000114353.17	GNAI2	26.6617518337408	0.00409090700369427	-0.0324546524810937
Brain Nucleus accumbens basal ganglia	UBERON:0001882	ENSG00000114353.17	GNAI2	63.1435515789474	0.0096885755670993	-0.0648117234581839
Bladder	UBERON:0001255	ENSG00000114353.17	GNAI2	142.339485714286	0.0218401852452136	-0.120489486726757
Cervix Endocervix	UBERON:0000458	ENSG00000114353.17	GNAI2	176.959434782609	0.0271521764824852	-0.141267027278945
Spleen	UBERON:0002106	ENSG00000114353.17	GNAI2	209.275711191336	0.032110698425011	-0.159294821623423
Brain Substantia nigra	UBERON:0002038	ENSG00000114353.17	GNAI2	84.2053819672131	0.0129202457882938	-0.0810644990833843
Brain Hypothalamus	UBERON:0001898	ENSG00000114353.17	GNAI2	81.7783046692607	0.0125478416200074	-0.0792573996851701
Brain Caudate basal ganglia	UBERON:0001873	ENSG00000114353.17	GNAI2	60.2292346666667	0.00924141067179238	-0.0624504146833863
Breast Mammary Tissue	UBERON:0008367	ENSG00000114353.17	GNAI2	159.538772373541	0.0244791972160568	-0.131020005876047
Minor Salivary Gland	UBERON:0006330	ENSG00000114353.17	GNAI2	63.1786513812155	0.00969396118571215	-0.0648399785879615
Heart Atrial Appendage	UBERON:0006631	ENSG00000114353.17	GNAI2	60.5065713665944	0.00928396446402594	-0.0626764459449921
Adrenal Gland	UBERON:0002369	ENSG00000114353.17	GNAI2	80.5063501694915	0.0123526763659036	-0.0783040173864057
Colon Transverse	UBERON:0001157	ENSG00000114353.17	GNAI2	96.0486167014614	0.0147374396554806	-0.0896680399002123
Stomach	UBERON:0000945	ENSG00000114353.17	GNAI2	66.4210339066339	0.0101914635803261	-0.0674317672123474
Artery Tibial	UBERON:0007610	ENSG00000114353.17	GNAI2	208.067292329957	0.0319252819072128	-0.158641732654166
Brain Cerebellar Hemisphere	UBERON:0002037	ENSG00000114353.17	GNAI2	44.410861732852	0.00681428236358808	-0.0490439067233471
Artery Aorta	UBERON:0001496	ENSG00000114353.17	GNAI2	227.055898305085	0.0348388421885645	-0.168730069884901
Heart Left Ventricle	UBERON:0006566	ENSG00000114353.17	GNAI2	45.1223798230088	0.00692345577261345	-0.0496708930879919
Brain Anterior cingulate cortex BA24	UBERON:0009835	ENSG00000114353.17	GNAI2	64.3750987124463	0.00987754082434225	-0.0658005457973235
Cells EBV-transformed lymphocytes	EFO:0000572	ENSG00000114353.17	GNAI2	176.588923547401	0.0270953262418666	-0.141053179147314
Colon Sigmoid	UBERON:0001159	ENSG00000114353.17	GNAI2	150.496492840095	0.0230917743301412	-0.125537903691078
Fallopian Tube	UBERON:0003889	ENSG00000114353.17	GNAI2	175.593337931034	0.0269425662808495	-0.140477703096227
Cells Cultured fibroblasts	EFO:0002009	ENSG00000114353.17	GNAI2	200.179824539877	0.0307150502080709	-0.154340376706999
Brain Hippocampus	UBERON:0001954	ENSG00000114353.17	GNAI2	62.9366811764706	0.00965683393273009	-0.0646451062065289
Pancreas	UBERON:0001150	ENSG00000114353.17	GNAI2	18.9188411878453	0.0029028557613079	-0.0244661722949641
Lung	UBERON:0008952	ENSG00000114353.17	GNAI2	252.734337748344	0.0387788724017866	-0.181818052485432
Brain Amygdala	UBERON:0001876	ENSG00000010327.10	STAB1	7.48385635359116	0.00232955334316266	-0.0203736466992573
Brain Cortex	UBERON:0001870	ENSG00000010327.10	STAB1	8.09488455555556	0.00251975244953244	-0.0217517687657601
Kidney Medulla	UBERON:0001293	ENSG00000010327.10	STAB1	45.6786509090909	0.0142187194554277	-0.0872469818011141
Uterus	UBERON:0000995	ENSG00000010327.10	STAB1	66.1931496732026	0.0206044137981993	-0.115403318330622
Skin Not Sun Exposed Suprapubic	UBERON:0036149	ENSG00000010327.10	STAB1	21.2528706912442	0.00661553263870895	-0.0478959731538303
Whole Blood	UBERON:0013756	ENSG00000010327.10	STAB1	61.4071223038605	0.0191146329242828	-0.109128855048783
Kidney Cortex	UBERON:0001225	ENSG00000010327.10	STAB1	46.6348844230769	0.0145163730813262	-0.088639516563656
Brain Frontal Cortex BA9	UBERON:0009834	ENSG00000010327.10	STAB1	5.80511639405204	0.00180699998293301	-0.0164657231847813
Vagina	UBERON:0000996	ENSG00000010327.10	STAB1	61.0426595882353	0.0190011840153876	-0.108644340457202
Prostate	UBERON:0002367	ENSG00000010327.10	STAB1	61.191870106383	0.0190476298375632	-0.108842817854855
Esophagus Mucosa	UBERON:0006920	ENSG00000010327.10	STAB1	26.3140186807818	0.00819095227027504	-0.0567776587672858
Liver	UBERON:0001114	ENSG00000010327.10	STAB1	36.9913209923664	0.0115145523129155	-0.0741582981866322
Pituitary	UBERON:0000007	ENSG00000010327.10	STAB1	56.0904849840256	0.017459685306687	-0.10196157018945
Thyroid	UBERON:0002046	ENSG00000010327.10	STAB1	68.846866622807	0.021430455199808	-0.118814594609437
Esophagus Muscularis	UBERON:0004648	ENSG00000010327.10	STAB1	77.4605037433155	0.024111683460054	-0.129579172119366
Brain Spinal cord cervical c-1	UBERON:0006469	ENSG00000010327.10	STAB1	17.2524825490196	0.00537030329031348	-0.0404962794976162
Brain Putamen basal ganglia	UBERON:0001874	ENSG00000010327.10	STAB1	6.77323984251969	0.00210835467353844	-0.0187425703393152
Adipose Visceral Omentum	UBERON:0010414	ENSG00000010327.10	STAB1	178.506279045997	0.0555649226120682	-0.231688045058095
Nerve Tibial	UBERON:0001323	ENSG00000010327.10	STAB1	128.382762537313	0.0399626181400107	-0.185634557024926
Ovary	UBERON:0000992	ENSG00000010327.10	STAB1	41.5779325388601	0.0129422596013906	-0.0811708323889877
Cervix Ectocervix	UBERON:0012249	ENSG00000010327.10	STAB1	56.5229291666667	0.0175942952916741	-0.102552721570714
Testis	UBERON:0000473	ENSG00000010327.10	STAB1	27.3030332608696	0.00849880989241854	-0.0584592631686044
Skin Sun Exposed Lower leg	UBERON:0004264	ENSG00000010327.10	STAB1	24.3956427453581	0.00759380571071226	-0.0534676913460861
Adipose Subcutaneous	UBERON:0002190	ENSG00000010327.10	STAB1	150.934158963585	0.046982352145541	-0.207273792906761
Small Intestine Terminal Ileum	UBERON:0001211	ENSG00000010327.10	STAB1	93.3478038647343	0.0290570366794434	-0.148335260133963
Artery Coronary	UBERON:0001621	ENSG00000010327.10	STAB1	135.564912164179	0.0421982570785281	-0.192705631857596
Brain Cerebellum	UBERON:0002037	ENSG00000010327.10	STAB1	6.22015796992481	0.00193619293439338	-0.0174500580243224
Esophagus Gastroesophageal Junction	UBERON:0004550	ENSG00000010327.10	STAB1	77.0031587841191	0.0239693224327525	-0.129018882368299
Muscle Skeletal	UBERON:0011907	ENSG00000010327.10	STAB1	14.0414753300734	0.00437079017188941	-0.0342577732980364
Brain Nucleus accumbens basal ganglia	UBERON:0001882	ENSG00000010327.10	STAB1	6.25611814035088	0.0019473865131152	-0.0175347453305588
Bladder	UBERON:0001255	ENSG00000010327.10	STAB1	97.7154987012987	0.0304166002022722	-0.153269165810703
Cervix Endocervix	UBERON:0000458	ENSG00000010327.10	STAB1	69.1009217391304	0.021509536747825	-0.119138737225173
Spleen	UBERON:0002106	ENSG00000010327.10	STAB1	462.264328519856	0.143892314476551	-0.402457962480039
Brain Substantia nigra	UBERON:0002038	ENSG00000010327.10	STAB1	11.1395179781421	0.00346747720976087	-0.0283358696742936
Brain Hypothalamus	UBERON:0001898	ENSG00000010327.10	STAB1	9.67733108949416	0.00301233186839634	-0.0252279889014331
Brain Caudate basal ganglia	UBERON:0001873	ENSG00000010327.10	STAB1	8.2712198	0.00257464157871994	-0.0221455547190947
Breast Mammary Tissue	UBERON:0008367	ENSG00000010327.10	STAB1	85.4118484435798	0.0265867552350823	-0.139132437605801
Minor Salivary Gland	UBERON:0006330	ENSG00000010327.10	STAB1	44.3105350828729	0.0137928562845946	-0.085238954509058
Heart Atrial Appendage	UBERON:0006631	ENSG00000010327.10	STAB1	34.9840293926247	0.0108897283403606	-0.0710107013117491
Adrenal Gland	UBERON:0002369	ENSG00000010327.10	STAB1	119.484761355932	0.0371928738504098	-0.17662263371885
Colon Transverse	UBERON:0001157	ENSG00000010327.10	STAB1	82.1419050104384	0.0255688966209238	-0.135245816613965
Stomach	UBERON:0000945	ENSG00000010327.10	STAB1	45.5420109090909	0.0141761865480908	-0.0870472672777638
Artery Tibial	UBERON:0007610	ENSG00000010327.10	STAB1	45.8058446454414	0.0142583119569062	-0.087432724591818
Brain Cerebellar Hemisphere	UBERON:0002037	ENSG00000010327.10	STAB1	4.19126678700361	0.00130464550553081	-0.0125012781796822
Artery Aorta	UBERON:0001496	ENSG00000010327.10	STAB1	110.270342754237	0.0343246360536517	-0.166976028420923
Heart Left Ventricle	UBERON:0006566	ENSG00000010327.10	STAB1	25.0478278761062	0.0077968160278419	-0.0546003166559443
Brain Anterior cingulate cortex BA24	UBERON:0009835	ENSG00000010327.10	STAB1	5.96199373390558	0.00185583231138181	-0.0168392989129553
Cells EBV-transformed lymphocytes	EFO:0000572	ENSG00000010327.10	STAB1	0.18195755351682	5.66392254316058e-05	-0.000799057069986131
Colon Sigmoid	UBERON:0001159	ENSG00000010327.10	STAB1	80.3326818615752	0.0250057268277277	-0.133070417125363
Fallopian Tube	UBERON:0003889	ENSG00000010327.10	STAB1	98.8813103448276	0.030779490707296	-0.154571119000397
Cells Cultured fibroblasts	EFO:0002009	ENSG00000010327.10	STAB1	0.164638665644172	5.12482516825939e-05	-0.000730397139149694
Brain Hippocampus	UBERON:0001954	ENSG00000010327.10	STAB1	7.79216039215686	0.00242552134011742	-0.0210716909608892
Pancreas	UBERON:0001150	ENSG00000010327.10	STAB1	13.4531841712707	0.00418766858710858	-0.0330810617690537
Lung	UBERON:0008952	ENSG00000010327.10	STAB1	135.873897019868	0.0422944369982843	-0.193005937773958
Brain Amygdala	UBERON:0001876	ENSG00000109320.13	NFKB1	3.59248127071823	0.0031047004971062	-0.0258662849600331
Brain Cortex	UBERON:0001870	ENSG00000109320.13	NFKB1	4.85068151851852	0.00419206453339071	-0.0331094428115564
Kidney Medulla	UBERON:0001293	ENSG00000109320.13	NFKB1	16.5210390909091	0.014277841528733	-0.0875242864579212
Uterus	UBERON:0000995	ENSG00000109320.13	NFKB1	33.3498392156863	0.0288216568407195	-0.147471855634392
Skin Not Sun Exposed Suprapubic	UBERON:0036149	ENSG00000109320.13	NFKB1	28.7486093701997	0.0248451738719646	-0.132446902645815
Whole Blood	UBERON:0013756	ENSG00000109320.13	NFKB1	23.3983003486924	0.020221320377128	-0.113805166168423
Kidney Cortex	UBERON:0001225	ENSG00000109320.13	NFKB1	12.12347625	0.0104773720177266	-0.0689052678346282
Brain Frontal Cortex BA9	UBERON:0009834	ENSG00000109320.13	NFKB1	4.69126542750929	0.00405429367817784	-0.0322167704380983
Vagina	UBERON:0000996	ENSG00000109320.13	NFKB1	30.9450447058824	0.0267433810899502	-0.139725456329428
Prostate	UBERON:0002367	ENSG00000109320.13	NFKB1	26.034750035461	0.0224997975733277	-0.123162635706447
Esophagus Mucosa	UBERON:0006920	ENSG00000109320.13	NFKB1	25.1788295928339	0.0217600924994648	-0.12016296264781
Liver	UBERON:0001114	ENSG00000109320.13	NFKB1	8.89849961832061	0.0076902770276589	-0.0540068831153973
Pituitary	UBERON:0000007	ENSG00000109320.13	NFKB1	11.5576313738019	0.00998835656126859	-0.0663779927134961
Thyroid	UBERON:0002046	ENSG00000109320.13	NFKB1	28.0678557602339	0.0242568517870327	-0.130149261852846
Esophagus Muscularis	UBERON:0004648	ENSG00000109320.13	NFKB1	23.2017388235294	0.0200514476293256	-0.113093168193529
Brain Spinal cord cervical c-1	UBERON:0006469	ENSG00000109320.13	NFKB1	7.45731029411765	0.00644476984916705	-0.0469028143884857
Brain Putamen basal ganglia	UBERON:0001874	ENSG00000109320.13	NFKB1	3.92523039370079	0.00339226953078665	-0.027828596674821
Adipose Visceral Omentum	UBERON:0010414	ENSG00000109320.13	NFKB1	33.1469674616695	0.0286463306558126	-0.14682693494385
Nerve Tibial	UBERON:0001323	ENSG00000109320.13	NFKB1	31.6928358208955	0.0273896384456772	-0.14215841270844
Ovary	UBERON:0000992	ENSG00000109320.13	NFKB1	29.9812103626943	0.0259104144746989	-0.136556281745174
Cervix Ectocervix	UBERON:0012249	ENSG00000109320.13	NFKB1	33.9281541666667	0.0293214492071899	-0.149301880755817
Testis	UBERON:0000473	ENSG00000109320.13	NFKB1	12.1884020772947	0.0105334823306515	-0.069193115313115
Skin Sun Exposed Lower leg	UBERON:0004264	ENSG00000109320.13	NFKB1	30.5793531830239	0.0264273425173736	-0.138527500254883
Adipose Subcutaneous	UBERON:0002190	ENSG00000109320.13	NFKB1	29.8743788655462	0.0258180883698962	-0.136202654069775
Small Intestine Terminal Ileum	UBERON:0001211	ENSG00000109320.13	NFKB1	26.4155260869565	0.0228288725238362	-0.124485763809514
Artery Coronary	UBERON:0001621	ENSG00000109320.13	NFKB1	26.7488850746269	0.0231169686158523	-0.125638504357453
Brain Cerebellum	UBERON:0002037	ENSG00000109320.13	NFKB1	12.351329887218	0.0106742880897753	-0.069913559073813
Esophagus Gastroesophageal Junction	UBERON:0004550	ENSG00000109320.13	NFKB1	23.2168070967742	0.0200644699589937	-0.113147822733746
Muscle Skeletal	UBERON:0011907	ENSG00000109320.13	NFKB1	12.2953759657702	0.0106259314931383	-0.0696664426440499
Brain Nucleus accumbens basal ganglia	UBERON:0001882	ENSG00000109320.13	NFKB1	4.00089466666667	0.00345766024216074	-0.0282697892403846
Bladder	UBERON:0001255	ENSG00000109320.13	NFKB1	32.4225493506493	0.0280202727588016	-0.144511339753197
Cervix Endocervix	UBERON:0000458	ENSG00000109320.13	NFKB1	35.2084043478261	0.0304278692757547	-0.153309689793629
Spleen	UBERON:0002106	ENSG00000109320.13	NFKB1	31.4977902527076	0.0272210758208843	-0.141525969210345
Brain Substantia nigra	UBERON:0002038	ENSG00000109320.13	NFKB1	5.10641114754098	0.00441307164422029	-0.0345278774678547
Brain Hypothalamus	UBERON:0001898	ENSG00000109320.13	NFKB1	4.39471424124514	0.00379800768918291	-0.0305380382841646
Brain Caudate basal ganglia	UBERON:0001873	ENSG00000109320.13	NFKB1	4.49461173333333	0.00388434127590858	-0.0311062490109477
Breast Mammary Tissue	UBERON:0008367	ENSG00000109320.13	NFKB1	27.7213193190661	0.0239573674529241	-0.128971775780372
Minor Salivary Gland	UBERON:0006330	ENSG00000109320.13	NFKB1	22.3823155248619	0.0193432841815577	-0.110102426726693
Heart Atrial Appendage	UBERON:0006631	ENSG00000109320.13	NFKB1	11.2172825813449	0.00969421972783716	-0.0648413348957348
Adrenal Gland	UBERON:0002369	ENSG00000109320.13	NFKB1	17.2807273898305	0.0149343806897112	-0.090580286192017
Colon Transverse	UBERON:0001157	ENSG00000109320.13	NFKB1	23.5141786012526	0.0203214648848419	-0.114223942200003
Stomach	UBERON:0000945	ENSG00000109320.13	NFKB1	17.7083431449631	0.0153039355314725	-0.0922820194440067
Artery Tibial	UBERON:0007610	ENSG00000109320.13	NFKB1	30.0298322720695	0.0259524345869366	-0.136717070017316
Brain Cerebellar Hemisphere	UBERON:0002037	ENSG00000109320.13	NFKB1	12.0496025270758	0.0104135287386662	-0.0685772226355252
Artery Aorta	UBERON:0001496	ENSG00000109320.13	NFKB1	27.2132233050847	0.0235182598199787	-0.127235546545958
Heart Left Ventricle	UBERON:0006566	ENSG00000109320.13	NFKB1	6.06193619469027	0.00523885718500021	-0.0396923698967529
Brain Anterior cingulate cortex BA24	UBERON:0009835	ENSG00000109320.13	NFKB1	3.48133592274678	0.00300864626853982	-0.025202436300561
Cells EBV-transformed lymphocytes	EFO:0000572	ENSG00000109320.13	NFKB1	102.980635779817	0.0889981066022335	-0.310610649490937
Colon Sigmoid	UBERON:0001159	ENSG00000109320.13	NFKB1	25.1712915513126	0.0217535779599322	-0.120136385330141
Fallopian Tube	UBERON:0003889	ENSG00000109320.13	NFKB1	33.4356620689655	0.028895826818281	-0.14774421915059
Cells Cultured fibroblasts	EFO:0002009	ENSG00000109320.13	NFKB1	33.1731093558282	0.028668923049669	-0.146910125606332
Brain Hippocampus	UBERON:0001954	ENSG00000109320.13	NFKB1	4.07608843137255	0.00352264433005689	-0.0287064706202036
Pancreas	UBERON:0001150	ENSG00000109320.13	NFKB1	8.43071198895028	0.00728600477792332	-0.0517354160451975
Lung	UBERON:0008952	ENSG00000109320.13	NFKB1	39.0956309602649	0.0337872951117008	-0.165131192649821
Brain Amygdala	UBERON:0001876	ENSG00000145901.16	TNIP1	16.2118849171271	0.00432972998670951	-0.0339949062822244
Brain Cortex	UBERON:0001870	ENSG00000145901.16	TNIP1	24.0312	0.00641804501996503	-0.0467467960170146
Kidney Medulla	UBERON:0001293	ENSG00000145901.16	TNIP1	91.7281	0.0244979474764412	-0.131093301628563
Uterus	UBERON:0000995	ENSG00000145901.16	TNIP1	70.1807777777778	0.0187432750471861	-0.107539224383678
Skin Not Sun Exposed Suprapubic	UBERON:0036149	ENSG00000145901.16	TNIP1	65.2490660522273	0.0174261561400957	-0.101814091488362
Whole Blood	UBERON:0013756	ENSG00000145901.16	TNIP1	190.733464259029	0.050939443740984	-0.218788628647917
Kidney Cortex	UBERON:0001225	ENSG00000145901.16	TNIP1	63.1830894230769	0.0168743929732091	-0.0993736475804654
Brain Frontal Cortex BA9	UBERON:0009834	ENSG00000145901.16	TNIP1	24.7278056877323	0.00660408844122696	-0.0478296141978439
Vagina	UBERON:0000996	ENSG00000145901.16	TNIP1	98.1279394117647	0.0262071612262853	-0.137689675981653
Prostate	UBERON:0002367	ENSG00000145901.16	TNIP1	67.2477482269503	0.017959946886208	-0.104151044977289
Esophagus Mucosa	UBERON:0006920	ENSG00000145901.16	TNIP1	86.3626716612378	0.0230649952880539	-0.125430931621493
Liver	UBERON:0001114	ENSG00000145901.16	TNIP1	52.0102828244275	0.0138904564344806	-0.0857008128186806
Pituitary	UBERON:0000007	ENSG00000145901.16	TNIP1	37.3607380191693	0.00997798273020688	-0.0663240115357485
Thyroid	UBERON:0002046	ENSG00000145901.16	TNIP1	74.4199097953216	0.019875425756854	-0.112353206438988
Esophagus Muscularis	UBERON:0004648	ENSG00000145901.16	TNIP1	65.9232418894831	0.0176062091909162	-0.102604970751092
Brain Spinal cord cervical c-1	UBERON:0006469	ENSG00000145901.16	TNIP1	26.1614990196078	0.00698698685448975	-0.0500346083943526
Brain Putamen basal ganglia	UBERON:0001874	ENSG00000145901.16	TNIP1	16.1546825590551	0.0043144528757307	-0.0338969592178235
Adipose Visceral Omentum	UBERON:0010414	ENSG00000145901.16	TNIP1	103.222595570698	0.0275677979231326	-0.142825236724826
Nerve Tibial	UBERON:0001323	ENSG00000145901.16	TNIP1	77.4529897014925	0.0206854745012761	-0.115740155832942
Ovary	UBERON:0000992	ENSG00000145901.16	TNIP1	63.6573772020725	0.0170010616505125	-0.0999361735752189
Cervix Ectocervix	UBERON:0012249	ENSG00000145901.16	TNIP1	94.8079041666667	0.0253204749321797	-0.134288448487921
Testis	UBERON:0000473	ENSG00000145901.16	TNIP1	24.7441475845411	0.00660845289366504	-0.0478549247625684
Skin Sun Exposed Lower leg	UBERON:0004264	ENSG00000145901.16	TNIP1	71.7552814323607	0.0191637798633922	-0.109338448586034
Adipose Subcutaneous	UBERON:0002190	ENSG00000145901.16	TNIP1	137.222403921569	0.0366481726304326	-0.174815995275273
Small Intestine Terminal Ileum	UBERON:0001211	ENSG00000145901.16	TNIP1	100.454655072464	0.0268285603182584	-0.140047406910919
Artery Coronary	UBERON:0001621	ENSG00000145901.16	TNIP1	79.0045555970149	0.0210998532992098	-0.117454933343985
Brain Cerebellum	UBERON:0002037	ENSG00000145901.16	TNIP1	37.4192522556391	0.0099936102063201	-0.0664053246052592
Esophagus Gastroesophageal Junction	UBERON:0004550	ENSG00000145901.16	TNIP1	64.3056416873449	0.0171741945215852	-0.100702843180966
Muscle Skeletal	UBERON:0011907	ENSG00000145901.16	TNIP1	107.22786198044	0.0286374898292661	-0.146794373884045
Brain Nucleus accumbens basal ganglia	UBERON:0001882	ENSG00000145901.16	TNIP1	16.8793330526316	0.00450798626114273	-0.0351320945852961
Bladder	UBERON:0001255	ENSG00000145901.16	TNIP1	76.4315584415584	0.0204126794760149	-0.114604756163086
Cervix Endocervix	UBERON:0000458	ENSG00000145901.16	TNIP1	70.1892217391304	0.0187455301873417	-0.10754890953704
Spleen	UBERON:0002106	ENSG00000145901.16	TNIP1	129.824207581227	0.0346723263481475	-0.168163263663252
Brain Substantia nigra	UBERON:0002038	ENSG00000145901.16	TNIP1	22.2324408743169	0.00593764799240474	-0.043914207546417
Brain Hypothalamus	UBERON:0001898	ENSG00000145901.16	TNIP1	19.914026536965	0.0053184659460626	-0.0401798088273299
Brain Caudate basal ganglia	UBERON:0001873	ENSG00000145901.16	TNIP1	16.4104734666667	0.00438276729867873	-0.0343343457074723
Breast Mammary Tissue	UBERON:0008367	ENSG00000145901.16	TNIP1	110.327169066148	0.0294652259559169	-0.149826043824538
Minor Salivary Gland	UBERON:0006330	ENSG00000145901.16	TNIP1	58.202864640884	0.015544317618601	-0.0933820047386063
Heart Atrial Appendage	UBERON:0006631	ENSG00000145901.16	TNIP1	43.2127570065076	0.0115408893398821	-0.0742898793997762
Adrenal Gland	UBERON:0002369	ENSG00000145901.16	TNIP1	47.958000338983	0.0128082078815494	-0.0805224819908484
Colon Transverse	UBERON:0001157	ENSG00000145901.16	TNIP1	75.3345488517745	0.0201196996441894	-0.113379485544547
Stomach	UBERON:0000945	ENSG00000145901.16	TNIP1	56.0228555282555	0.0149620996424373	-0.0907083806201818
Artery Tibial	UBERON:0007610	ENSG00000145901.16	TNIP1	75.0559500723589	0.0200452938921338	-0.113067336797659
Brain Cerebellar Hemisphere	UBERON:0002037	ENSG00000145901.16	TNIP1	37.555316967509	0.0100299491925717	-0.066594267837523
Artery Aorta	UBERON:0001496	ENSG00000145901.16	TNIP1	79.6424281779661	0.0212702107903691	-0.118156485888642
Heart Left Ventricle	UBERON:0006566	ENSG00000145901.16	TNIP1	41.3230897566372	0.0110362133568924	-0.0717531654630368
Brain Anterior cingulate cortex BA24	UBERON:0009835	ENSG00000145901.16	TNIP1	18.8070532618026	0.00502282509933457	-0.0383607480199281
Cells EBV-transformed lymphocytes	EFO:0000572	ENSG00000145901.16	TNIP1	318.529941896024	0.0850702215160095	-0.302441819888478
Colon Sigmoid	UBERON:0001159	ENSG00000145901.16	TNIP1	70.6620587112172	0.0188718113956858	-0.108090626366157
Fallopian Tube	UBERON:0003889	ENSG00000145901.16	TNIP1	61.6129620689655	0.0164550569414768	-0.0975015630850284
Cells Cultured fibroblasts	EFO:0002009	ENSG00000145901.16	TNIP1	81.8096289877301	0.0218490080357988	-0.120525429758263
Brain Hippocampus	UBERON:0001954	ENSG00000145901.16	TNIP1	16.7165123529412	0.00446450151711017	-0.0348556365489542
Pancreas	UBERON:0001150	ENSG00000145901.16	TNIP1	33.9607627071823	0.00906994673453866	-0.0615367787829369
Lung	UBERON:0008952	ENSG00000145901.16	TNIP1	134.613837582781	0.0359514992974363	-0.172488256218753
Brain Amygdala	UBERON:0001876	ENSG00000145850.9	TIMD4	0.169931878453039	0.00108022160269181	-0.0106449973119389
Brain Cortex	UBERON:0001870	ENSG00000145850.9	TIMD4	0.125436666666667	0.000797374797103948	-0.00820694371756849
Kidney Medulla	UBERON:0001293	ENSG00000145850.9	TIMD4	1.37101545454545	0.00871526005071265	-0.0596319059122721
Uterus	UBERON:0000995	ENSG00000145850.9	TIMD4	0.0991201307189543	0.000630086052357973	-0.00669917793099805
Skin Not Sun Exposed Suprapubic	UBERON:0036149	ENSG00000145850.9	TIMD4	0.222588725038402	0.00141495022294217	-0.0133925505306044
Whole Blood	UBERON:0013756	ENSG00000145850.9	TIMD4	1.27222584059776	0.00808727502471662	-0.0562076177048783
Kidney Cortex	UBERON:0001225	ENSG00000145850.9	TIMD4	3.30194278846154	0.0209897634476764	-0.117000515637661
Brain Frontal Cortex BA9	UBERON:0009834	ENSG00000145850.9	TIMD4	0.143825167286245	0.000914266670431118	-0.00922961104380677
Vagina	UBERON:0000996	ENSG00000145850.9	TIMD4	0.164564588235294	0.00104610285526252	-0.0103572128627422
Prostate	UBERON:0002367	ENSG00000145850.9	TIMD4	0.494771737588653	0.00314516101516717	-0.0261446239944265
Esophagus Mucosa	UBERON:0006920	ENSG00000145850.9	TIMD4	0.108170684039088	0.000687618537149661	-0.00722419182329045
Liver	UBERON:0001114	ENSG00000145850.9	TIMD4	2.7900013740458	0.0177354583684955	-0.103171055556035
Pituitary	UBERON:0000007	ENSG00000145850.9	TIMD4	0.107084440894569	0.000680713515436447	-0.0071615586016797
Thyroid	UBERON:0002046	ENSG00000145850.9	TIMD4	2.27763285087719	0.0144784382478182	-0.0884625366504698
Esophagus Muscularis	UBERON:0004648	ENSG00000145850.9	TIMD4	0.479076363636364	0.00304538878784919	-0.0254568856346454
Brain Spinal cord cervical c-1	UBERON:0006469	ENSG00000145850.9	TIMD4	0.432154950980392	0.00274711912802309	-0.0233721181604941
Brain Putamen basal ganglia	UBERON:0001874	ENSG00000145850.9	TIMD4	0.122378267716535	0.000777933191175401	-0.00803454543347584
Adipose Visceral Omentum	UBERON:0010414	ENSG00000145850.9	TIMD4	4.2178097274276	0.0268117390632508	-0.139983858835581
Nerve Tibial	UBERON:0001323	ENSG00000145850.9	TIMD4	0.661187895522388	0.00420303391384564	-0.0331802341735436
Ovary	UBERON:0000992	ENSG00000145850.9	TIMD4	0.100621295336788	0.000639628643566534	-0.00678676554401334
Cervix Ectocervix	UBERON:0012249	ENSG00000145850.9	TIMD4	0.106319166666667	0.000675848826359338	-0.00711737196439481
Testis	UBERON:0000473	ENSG00000145850.9	TIMD4	104.71084468599	0.665625058085684	-0.390867247505632
Skin Sun Exposed Lower leg	UBERON:0004264	ENSG00000145850.9	TIMD4	0.293880888594165	0.00186813967671999	-0.0169331579535475
Adipose Subcutaneous	UBERON:0002190	ENSG00000145850.9	TIMD4	1.39015254901961	0.00883691057945348	-0.0602875442644978
Small Intestine Terminal Ileum	UBERON:0001211	ENSG00000145850.9	TIMD4	2.98075797101449	0.0189480583749063	-0.108417117283091
Artery Coronary	UBERON:0001621	ENSG00000145850.9	TIMD4	0.969539664179105	0.00616316196494149	-0.0452506351568317
Brain Cerebellum	UBERON:0002037	ENSG00000145850.9	TIMD4	0.100041353383459	0.000635942073206716	-0.0067529525110143
Esophagus Gastroesophageal Junction	UBERON:0004550	ENSG00000145850.9	TIMD4	0.559874069478908	0.00355900299663447	-0.0289500377124367
Muscle Skeletal	UBERON:0011907	ENSG00000145850.9	TIMD4	0.0960014058679705	0.00061026096722649	-0.0065165411805793
Brain Nucleus accumbens basal ganglia	UBERON:0001882	ENSG00000145850.9	TIMD4	0.139807614035088	0.000888727920130864	-0.00900812004069118
Bladder	UBERON:0001255	ENSG00000145850.9	TIMD4	0.539065714285714	0.0034267286111525	-0.0280613173005515
Cervix Endocervix	UBERON:0000458	ENSG00000145850.9	TIMD4	0.118868260869565	0.000755620807788542	-0.00783582551948969
Spleen	UBERON:0002106	ENSG00000145850.9	TIMD4	12.8525758483755	0.0817011511203116	-0.29522709197082
Brain Substantia nigra	UBERON:0002038	ENSG00000145850.9	TIMD4	0.287892295081967	0.0018300714334892	-0.0166424579173178
Brain Hypothalamus	UBERON:0001898	ENSG00000145850.9	TIMD4	0.179844046692607	0.00114323119429622	-0.0111724178768637
Brain Caudate basal ganglia	UBERON:0001873	ENSG00000145850.9	TIMD4	0.133819266666667	0.000850661241584857	-0.00867600259580423
Breast Mammary Tissue	UBERON:0008367	ENSG00000145850.9	TIMD4	0.47169140077821	0.00299844411515401	-0.0251316698433891
Minor Salivary Gland	UBERON:0006330	ENSG00000145850.9	TIMD4	0.204425580110497	0.00129949088886927	-0.012459307820868
Heart Atrial Appendage	UBERON:0006631	ENSG00000145850.9	TIMD4	0.65426431670282	0.00415902216350826	-0.0328959517951149
Adrenal Gland	UBERON:0002369	ENSG00000145850.9	TIMD4	0.205485491525424	0.00130622852525489	-0.0125141616751154
Colon Transverse	UBERON:0001157	ENSG00000145850.9	TIMD4	0.679320292275574	0.00431829778816798	-0.0339216176754542
Stomach	UBERON:0000945	ENSG00000145850.9	TIMD4	0.200645601965602	0.00127546235409998	-0.0122632694833998
Artery Tibial	UBERON:0007610	ENSG00000145850.9	TIMD4	0.510832518089725	0.00324725605590519	-0.0268436472007102
Brain Cerebellar Hemisphere	UBERON:0002037	ENSG00000145850.9	TIMD4	0.0902275451263538	0.00057355773555032	-0.00617593987805072
Artery Aorta	UBERON:0001496	ENSG00000145850.9	TIMD4	0.435299343220339	0.00276710737540698	-0.0235132338652854
Heart Left Ventricle	UBERON:0006566	ENSG00000145850.9	TIMD4	0.0654353539823009	0.000415958933632342	-0.0046717476237461
Brain Anterior cingulate cortex BA24	UBERON:0009835	ENSG00000145850.9	TIMD4	0.119422660944206	0.000759145013738672	-0.00786727551848445
Cells EBV-transformed lymphocytes	EFO:0000572	ENSG00000145850.9	TIMD4	7.21873455657492	0.0458879939602683	-0.204006065053853
Colon Sigmoid	UBERON:0001159	ENSG00000145850.9	TIMD4	0.399693890214797	0.00254077091717237	-0.0219027613763807
Fallopian Tube	UBERON:0003889	ENSG00000145850.9	TIMD4	1.04401965517241	0.0066366157746191	-0.0480181485663951
Cells Cultured fibroblasts	EFO:0002009	ENSG00000145850.9	TIMD4	0.0729922852760738	0.000463996773900477	-0.00513811356419323
Brain Hippocampus	UBERON:0001954	ENSG00000145850.9	TIMD4	0.172516666666667	0.00109665256368725	-0.0107830312672709
Pancreas	UBERON:0001150	ENSG00000145850.9	TIMD4	0.0313609668508287	0.000199355142672237	-0.0024505474855655
Lung	UBERON:0008952	ENSG00000145850.9	TIMD4	0.614859652317881	0.00390853490883347	-0.0312649818801124
Brain Amygdala	UBERON:0001876	ENSG00000120129.6	DUSP1	64.0327358563536	0.00172073730594	-0.0158011132598326
Brain Cortex	UBERON:0001870	ENSG00000120129.6	DUSP1	108.505251111111	0.00291583720389717	-0.0245568138589347
Kidney Medulla	UBERON:0001293	ENSG00000120129.6	DUSP1	451.098809090909	0.0121222768180506	-0.077172784093685
Uterus	UBERON:0000995	ENSG00000120129.6	DUSP1	739.209120915033	0.0198646004147486	-0.112307625596205
Skin Not Sun Exposed Suprapubic	UBERON:0036149	ENSG00000120129.6	DUSP1	1851.42107834101	0.0497528221447832	-0.215383839195492
Whole Blood	UBERON:0013756	ENSG00000120129.6	DUSP1	1354.8666871731	0.0364090276952107	-0.174019131526782
Kidney Cortex	UBERON:0001225	ENSG00000120129.6	DUSP1	300.924503846154	0.00808667649624066	-0.0562043213159065
Brain Frontal Cortex BA9	UBERON:0009834	ENSG00000120129.6	DUSP1	75.706589330855	0.00203444614422414	-0.0181902844696636
Vagina	UBERON:0000996	ENSG00000120129.6	DUSP1	1219.49064117647	0.0327710976651769	-0.161608446030423
Prostate	UBERON:0002367	ENSG00000120129.6	DUSP1	921.573890070922	0.0247652478317141	-0.132135948903404
Esophagus Mucosa	UBERON:0006920	ENSG00000120129.6	DUSP1	614.475144625407	0.0165126523299238	-0.0977595966591944
Liver	UBERON:0001114	ENSG00000120129.6	DUSP1	491.123955725191	0.0131978635795445	-0.0824015446354353
Pituitary	UBERON:0000007	ENSG00000120129.6	DUSP1	675.273146964856	0.0181464633697458	-0.104962188857509
Thyroid	UBERON:0002046	ENSG00000120129.6	DUSP1	1012.72315789474	0.027214681601113	-0.141501948642657
Esophagus Muscularis	UBERON:0004648	ENSG00000120129.6	DUSP1	639.002782531194	0.0171717780256579	-0.100692159803625
Brain Spinal cord cervical c-1	UBERON:0006469	ENSG00000120129.6	DUSP1	240.842608333333	0.0064721092340761	-0.0470622550755926
Brain Putamen basal ganglia	UBERON:0001874	ENSG00000120129.6	DUSP1	77.7122206692913	0.00208834302399751	-0.018593406702171
Adipose Visceral Omentum	UBERON:0010414	ENSG00000120129.6	DUSP1	1627.57104599659	0.0437373505826275	-0.19747371620424
Nerve Tibial	UBERON:0001323	ENSG00000120129.6	DUSP1	1202.69253880597	0.0323196860390555	-0.160029083403635
Ovary	UBERON:0000992	ENSG00000120129.6	DUSP1	1157.70062694301	0.0311106285128888	-0.155753764073649
Cervix Ectocervix	UBERON:0012249	ENSG00000120129.6	DUSP1	918.77725	0.024690094352217	-0.131843223445267
Testis	UBERON:0000473	ENSG00000120129.6	DUSP1	176.730161835749	0.00474922988200592	-0.0366549869582517
Skin Sun Exposed Lower leg	UBERON:0004264	ENSG00000120129.6	DUSP1	1375.26363262599	0.0369571502218939	-0.175842219631845
Adipose Subcutaneous	UBERON:0002190	ENSG00000120129.6	DUSP1	1379.33644257703	0.0370665979274936	-0.176204838868254
Small Intestine Terminal Ileum	UBERON:0001211	ENSG00000120129.6	DUSP1	327.779106763285	0.00880833419925332	-0.060133749548675
Artery Coronary	UBERON:0001621	ENSG00000120129.6	DUSP1	1452.35862686567	0.0390289066588989	-0.182628475829222
Brain Cerebellum	UBERON:0002037	ENSG00000120129.6	DUSP1	152.629118421053	0.00410156796406473	-0.0325238292172421
Esophagus Gastroesophageal Junction	UBERON:0004550	ENSG00000120129.6	DUSP1	853.356022332506	0.0229320444181897	-0.124899178378445
Muscle Skeletal	UBERON:0011907	ENSG00000120129.6	DUSP1	217.859409168704	0.00585448689319806	-0.0434182889571852
Brain Nucleus accumbens basal ganglia	UBERON:0001882	ENSG00000120129.6	DUSP1	60.5032050526316	0.00162588901865061	-0.015063139051143
Bladder	UBERON:0001255	ENSG00000120129.6	DUSP1	929.868493506493	0.0249881468438941	-0.133002217162688
Cervix Endocervix	UBERON:0000458	ENSG00000120129.6	DUSP1	490.470082608696	0.0131802921943794	-0.0823171700497131
Spleen	UBERON:0002106	ENSG00000120129.6	DUSP1	643.889570397112	0.0173030995766527	-0.101272025766639
Brain Substantia nigra	UBERON:0002038	ENSG00000120129.6	DUSP1	105.987347540984	0.00284817414768172	-0.0240834397884512
Brain Hypothalamus	UBERON:0001898	ENSG00000120129.6	DUSP1	105.636554474708	0.00283874736452569	-0.0240173067378668
Brain Caudate basal ganglia	UBERON:0001873	ENSG00000120129.6	DUSP1	88.7373545	0.0023846189652292	-0.0207748612952002
Breast Mammary Tissue	UBERON:0008367	ENSG00000120129.6	DUSP1	1162.16635603113	0.0312306350460689	-0.156181104295356
Minor Salivary Gland	UBERON:0006330	ENSG00000120129.6	DUSP1	580.04570718232	0.0155874378027209	-0.0935787524229945
Heart Atrial Appendage	UBERON:0006631	ENSG00000120129.6	DUSP1	395.278126030369	0.0106222201595189	-0.0696474635378294
Adrenal Gland	UBERON:0002369	ENSG00000120129.6	DUSP1	473.089788813559	0.0127132354690728	-0.0800619175924297
Colon Transverse	UBERON:0001157	ENSG00000120129.6	DUSP1	457.922233194154	0.0123056411589878	-0.0780735877847145
Stomach	UBERON:0000945	ENSG00000120129.6	DUSP1	659.287184275184	0.0177168761905694	-0.103089753313784
Artery Tibial	UBERON:0007610	ENSG00000120129.6	DUSP1	2227.54613314038	0.0598603461297633	-0.2431680244181
Brain Cerebellar Hemisphere	UBERON:0002037	ENSG00000120129.6	DUSP1	152.50593935018	0.0040982578006034	-0.0325023545449339
Artery Aorta	UBERON:0001496	ENSG00000120129.6	DUSP1	2227.47505932203	0.0598584361790316	-0.243163021142594
Heart Left Ventricle	UBERON:0006566	ENSG00000120129.6	DUSP1	169.146050973451	0.00454542377691592	-0.0353696218480585
Brain Anterior cingulate cortex BA24	UBERON:0009835	ENSG00000120129.6	DUSP1	58.4481652360515	0.00157066439595896	-0.0146298111070282
Cells EBV-transformed lymphocytes	EFO:0000572	ENSG00000120129.6	DUSP1	10.2711765749235	0.000276015017506304	-0.0032633160614309
Colon Sigmoid	UBERON:0001159	ENSG00000120129.6	DUSP1	641.793550596659	0.0172467737080733	-0.101023488920964
Fallopian Tube	UBERON:0003889	ENSG00000120129.6	DUSP1	1761.91617241379	0.0473475769427177	-0.208356118028903
Cells Cultured fibroblasts	EFO:0002009	ENSG00000120129.6	DUSP1	322.684745858896	0.00867143458469102	-0.0593951090751689
Brain Hippocampus	UBERON:0001954	ENSG00000120129.6	DUSP1	90.5675243137255	0.00243380070692063	-0.0211316529079792
Pancreas	UBERON:0001150	ENSG00000120129.6	DUSP1	124.851722375691	0.00335511224890756	-0.0275770876267312
Lung	UBERON:0008952	ENSG00000120129.6	DUSP1	1592.25855794702	0.0427884060351265	-0.194543318107272
Brain Amygdala	UBERON:0001876	ENSG00000166278.15	C2	1.58388193370166	0.00211853515010406	-0.0188183486568763
Brain Cortex	UBERON:0001870	ENSG00000166278.15	C2	1.93418444444444	0.00258708534086473	-0.0222345927842141
Kidney Medulla	UBERON:0001293	ENSG00000166278.15	C2	5.01711363636364	0.00671068427800176	-0.048446606758097
Uterus	UBERON:0000995	ENSG00000166278.15	C2	9.7463254248366	0.0130362829182686	-0.0816243861836705
Skin Not Sun Exposed Suprapubic	UBERON:0036149	ENSG00000166278.15	C2	5.07782522273425	0.00679188959198886	-0.0489149937636973
Whole Blood	UBERON:0013756	ENSG00000166278.15	C2	3.77076420921544	0.00504361868773103	-0.0384894937696095
Kidney Cortex	UBERON:0001225	ENSG00000166278.15	C2	16.92645875	0.022640133122079	-0.123727733178204
Brain Frontal Cortex BA9	UBERON:0009834	ENSG00000166278.15	C2	1.95113524163569	0.00260975802808202	-0.022396599523985
Vagina	UBERON:0000996	ENSG00000166278.15	C2	8.02845505882353	0.0107385303672213	-0.0702413674112546
Prostate	UBERON:0002367	ENSG00000166278.15	C2	7.37720528368794	0.00986744552764761	-0.0657478516311525
Esophagus Mucosa	UBERON:0006920	ENSG00000166278.15	C2	5.15701	0.00689780388422312	-0.0495237981603429
Liver	UBERON:0001114	ENSG00000166278.15	C2	209.347885877863	0.280015097966112	-0.514226300046621
Pituitary	UBERON:0000007	ENSG00000166278.15	C2	5.16657661341853	0.00691059979177366	-0.0495971905571876
Thyroid	UBERON:0002046	ENSG00000166278.15	C2	5.22078606725146	0.00698310812144732	-0.0500124266208209
Esophagus Muscularis	UBERON:0004648	ENSG00000166278.15	C2	8.40408764705882	0.0112409610249416	-0.0727862434105033
Brain Spinal cord cervical c-1	UBERON:0006469	ENSG00000166278.15	C2	3.9812462254902	0.00532515075174082	-0.0402206608298452
Brain Putamen basal ganglia	UBERON:0001874	ENSG00000166278.15	C2	1.96338070866142	0.00262613705973296	-0.0225134582707086
Adipose Visceral Omentum	UBERON:0010414	ENSG00000166278.15	C2	51.8525042248722	0.0693557710861564	-0.267008639494947
Nerve Tibial	UBERON:0001323	ENSG00000166278.15	C2	7.14118947761194	0.00955176051949577	-0.0640924813751273
Ovary	UBERON:0000992	ENSG00000166278.15	C2	8.15409119170984	0.0109065760769294	-0.0710962385801703
Cervix Ectocervix	UBERON:0012249	ENSG00000166278.15	C2	7.15064166666667	0.00956440337773652	-0.0641590633218753
Testis	UBERON:0000473	ENSG00000166278.15	C2	3.44297326086957	0.0046051790343828	-0.0357478267782731
Skin Sun Exposed Lower leg	UBERON:0004264	ENSG00000166278.15	C2	6.96538687002653	0.00931661420225783	-0.0628496793957787
Adipose Subcutaneous	UBERON:0002190	ENSG00000166278.15	C2	26.566743697479	0.0355345806712864	-0.17108594750741
Small Intestine Terminal Ileum	UBERON:0001211	ENSG00000166278.15	C2	35.342403236715	0.0472725409343771	-0.208134085404061
Artery Coronary	UBERON:0001621	ENSG00000166278.15	C2	17.6838610447761	0.0236532031938504	-0.127770360706496
Brain Cerebellum	UBERON:0002037	ENSG00000166278.15	C2	2.9519202631579	0.003948366797258	-0.0315258462912073
Esophagus Gastroesophageal Junction	UBERON:0004550	ENSG00000166278.15	C2	8.62789801488834	0.0115403205422867	-0.0742870385730058
Muscle Skeletal	UBERON:0011907	ENSG00000166278.15	C2	1.29235781173594	0.00172860450796067	-0.0158619799876447
Brain Nucleus accumbens basal ganglia	UBERON:0001882	ENSG00000166278.15	C2	2.26169659649123	0.00302515208778176	-0.0253168220332791
Bladder	UBERON:0001255	ENSG00000166278.15	C2	12.161248961039	0.0162663850410333	-0.0966542502558423
Cervix Endocervix	UBERON:0000458	ENSG00000166278.15	C2	4.81092956521739	0.0064349009681347	-0.0468452189516884
Spleen	UBERON:0002106	ENSG00000166278.15	C2	55.8183577617328	0.0746603332124305	-0.279492020716076
Brain Substantia nigra	UBERON:0002038	ENSG00000166278.15	C2	2.72647420765027	0.00364681945153572	-0.0295361213824897
Brain Hypothalamus	UBERON:0001898	ENSG00000166278.15	C2	1.75390498054475	0.00234595096526084	-0.0204933160569463
Brain Caudate basal ganglia	UBERON:0001873	ENSG00000166278.15	C2	2.07845596666667	0.00278005697876484	-0.0236045459225036
Breast Mammary Tissue	UBERON:0008367	ENSG00000166278.15	C2	14.6084572762646	0.0195396699526907	-0.110935500951545
Minor Salivary Gland	UBERON:0006330	ENSG00000166278.15	C2	10.6957044751381	0.0143061331804884	-0.0876568598604491
Heart Atrial Appendage	UBERON:0006631	ENSG00000166278.15	C2	5.80488813449024	0.00776437895632691	-0.0544198624367033
Adrenal Gland	UBERON:0002369	ENSG00000166278.15	C2	11.7089587457627	0.0156614203029915	-0.0939159172382805
Colon Transverse	UBERON:0001157	ENSG00000166278.15	C2	15.6002007933194	0.020866185178392	-0.116489429211629
Stomach	UBERON:0000945	ENSG00000166278.15	C2	6.21708938574939	0.00831572234949795	-0.0574611649047206
Artery Tibial	UBERON:0007610	ENSG00000166278.15	C2	4.3179698552822	0.0057755383913787	-0.0429459149654963
Brain Cerebellar Hemisphere	UBERON:0002037	ENSG00000166278.15	C2	2.52329891696751	0.00337506056232477	-0.0277121865381809
Artery Aorta	UBERON:0001496	ENSG00000166278.15	C2	12.3814981779661	0.0165609813098047	-0.0979758920472026
Heart Left Ventricle	UBERON:0006566	ENSG00000166278.15	C2	1.89961991150442	0.00254085324715733	-0.0219033523245109
Brain Anterior cingulate cortex BA24	UBERON:0009835	ENSG00000166278.15	C2	1.26756459227468	0.00169544212016187	-0.0156050573910023
Cells EBV-transformed lymphocytes	EFO:0000572	ENSG00000166278.15	C2	0.687078501529052	0.000919007866304951	-0.00927061607285819
Colon Sigmoid	UBERON:0001159	ENSG00000166278.15	C2	10.1039811694511	0.0135146684913849	-0.083917037397137
Fallopian Tube	UBERON:0003889	ENSG00000166278.15	C2	13.8802113793103	0.0185655982761416	-0.106774921490834
Cells Cultured fibroblasts	EFO:0002009	ENSG00000166278.15	C2	3.42413541411043	0.00457998230749152	-0.0355884880697646
Brain Hippocampus	UBERON:0001954	ENSG00000166278.15	C2	1.18802690196078	0.00158905578598968	-0.0147744281350706
Pancreas	UBERON:0001150	ENSG00000166278.15	C2	0.912749779005525	0.00122085645964388	-0.0118153153732314
Lung	UBERON:0008952	ENSG00000166278.15	C2	70.9719132119205	0.0949291040009485	-0.322474709627072
Brain Amygdala	UBERON:0001876	ENSG00000244731.8	C4A	3.96817116022099	0.00888063046661789	-0.0605225816880674
Brain Cortex	UBERON:0001870	ENSG00000244731.8	C4A	2.47475366666667	0.00553841352154537	-0.0415176730241506
Kidney Medulla	UBERON:0001293	ENSG00000244731.8	C4A	4.19602909090909	0.00939056867231175	-0.0632414585691007
Uterus	UBERON:0000995	ENSG00000244731.8	C4A	8.70842895424837	0.0194891642434013	-0.110721527393763
Skin Not Sun Exposed Suprapubic	UBERON:0036149	ENSG00000244731.8	C4A	0.743656113671275	0.00166427678472115	-0.0153627540946403
Whole Blood	UBERON:0013756	ENSG00000244731.8	C4A	0.3152800498132	0.000705585899105215	-0.00738670162201095
Kidney Cortex	UBERON:0001225	ENSG00000244731.8	C4A	12.8448859615385	0.0287464126431275	-0.147195266035741
Brain Frontal Cortex BA9	UBERON:0009834	ENSG00000244731.8	C4A	2.18575910780669	0.00489165364641041	-0.0375457018133287
Vagina	UBERON:0000996	ENSG00000244731.8	C4A	2.196979	0.00491676337893478	-0.0377021121074611
Prostate	UBERON:0002367	ENSG00000244731.8	C4A	6.01364372340426	0.0134583276550186	-0.0836483115290183
Esophagus Mucosa	UBERON:0006920	ENSG00000244731.8	C4A	1.15383838762215	0.00258225059478026	-0.022200009311264
Liver	UBERON:0001114	ENSG00000244731.8	C4A	65.7850715648855	0.147224725748782	-0.406915613316113
Pituitary	UBERON:0000007	ENSG00000244731.8	C4A	10.9653854313099	0.0245401551514919	-0.13125821791163
Thyroid	UBERON:0002046	ENSG00000244731.8	C4A	25.7903288450292	0.0577178682162756	-0.237499687473216
Esophagus Muscularis	UBERON:0004648	ENSG00000244731.8	C4A	12.7361986096257	0.0285031740907162	-0.1462991994813
Brain Spinal cord cervical c-1	UBERON:0006469	ENSG00000244731.8	C4A	2.74915970588235	0.0061525247918735	-0.0451878687699936
Brain Putamen basal ganglia	UBERON:0001874	ENSG00000244731.8	C4A	2.06522988188976	0.0046219133875915	-0.035853541267428
Adipose Visceral Omentum	UBERON:0010414	ENSG00000244731.8	C4A	12.6568745144804	0.0283256494962265	-0.145643327651503
Nerve Tibial	UBERON:0001323	ENSG00000244731.8	C4A	17.3145446119403	0.038749354850875	-0.181722225542007
Ovary	UBERON:0000992	ENSG00000244731.8	C4A	30.1239012953368	0.0674162541924879	-0.262300446271618
Cervix Ectocervix	UBERON:0012249	ENSG00000244731.8	C4A	2.852825	0.00638452415180555	-0.0465508756119164
Testis	UBERON:0000473	ENSG00000244731.8	C4A	3.05215321256039	0.00683061383036207	-0.0491378583866172
Skin Sun Exposed Lower leg	UBERON:0004264	ENSG00000244731.8	C4A	0.771695848806366	0.0017270287467869	-0.0158497928314108
Adipose Subcutaneous	UBERON:0002190	ENSG00000244731.8	C4A	2.30723390756303	0.00516351006693394	-0.0392294174709653
Small Intestine Terminal Ileum	UBERON:0001211	ENSG00000244731.8	C4A	8.19974241545894	0.018350741279287	-0.105847403218866
Artery Coronary	UBERON:0001621	ENSG00000244731.8	C4A	9.89069141791045	0.0221350269419628	-0.121687865324766
Brain Cerebellum	UBERON:0002037	ENSG00000244731.8	C4A	2.15816353383459	0.00482989570173878	-0.0371602141148081
Esophagus Gastroesophageal Junction	UBERON:0004550	ENSG00000244731.8	C4A	8.87177109181141	0.0198547183248045	-0.112266008950359
Muscle Skeletal	UBERON:0011907	ENSG00000244731.8	C4A	0.405931442542787	0.000908460595687325	-0.00917934789553261
Brain Nucleus accumbens basal ganglia	UBERON:0001882	ENSG00000244731.8	C4A	2.82829445614035	0.00632962563902301	-0.0462294596069682
Bladder	UBERON:0001255	ENSG00000244731.8	C4A	11.0996474025974	0.02484062882175	-0.132429230002175
Cervix Endocervix	UBERON:0000458	ENSG00000244731.8	C4A	7.84643043478261	0.0175600412280219	-0.102402433280758
Spleen	UBERON:0002106	ENSG00000244731.8	C4A	7.887020433213	0.0176508802473451	-0.102800775076695
Brain Substantia nigra	UBERON:0002038	ENSG00000244731.8	C4A	3.40419169398907	0.00761846383414653	-0.0536056763893294
Brain Hypothalamus	UBERON:0001898	ENSG00000244731.8	C4A	3.23653163424125	0.00724324639152276	-0.0514933093864786
Brain Caudate basal ganglia	UBERON:0001873	ENSG00000244731.8	C4A	3.14456656666667	0.00703743173585607	-0.0503228112658131
Breast Mammary Tissue	UBERON:0008367	ENSG00000244731.8	C4A	8.41981126459144	0.0188432477885704	-0.107968202157739
Minor Salivary Gland	UBERON:0006330	ENSG00000244731.8	C4A	6.49580436464088	0.0145373865734679	-0.0887374906345047
Heart Atrial Appendage	UBERON:0006631	ENSG00000244731.8	C4A	5.68369652928416	0.012719917191818	-0.0800943536871411
Adrenal Gland	UBERON:0002369	ENSG00000244731.8	C4A	43.3424857966102	0.09699899130432	-0.326487590012776
Colon Transverse	UBERON:0001157	ENSG00000244731.8	C4A	7.32748490605428	0.016398658997553	-0.0972486123677815
Stomach	UBERON:0000945	ENSG00000244731.8	C4A	4.74330066339066	0.0106153436136787	-0.0696122931491639
Artery Tibial	UBERON:0007610	ENSG00000244731.8	C4A	5.71636363241679	0.0127930250441818	-0.0804489219341745
Brain Cerebellar Hemisphere	UBERON:0002037	ENSG00000244731.8	C4A	1.55929306859206	0.00348964421447827	-0.028484933940467
Artery Aorta	UBERON:0001496	ENSG00000244731.8	C4A	7.1839576059322	0.0160774498402886	-0.0958025910927504
Heart Left Ventricle	UBERON:0006566	ENSG00000244731.8	C4A	2.79025174778761	0.00624448736721238	-0.0457296370317362
Brain Anterior cingulate cortex BA24	UBERON:0009835	ENSG00000244731.8	C4A	2.25112811158798	0.00503794722678114	-0.0384543905939381
Cells EBV-transformed lymphocytes	EFO:0000572	ENSG00000244731.8	C4A	0.448229663608563	0.00100312255846908	-0.00999239110306603
Colon Sigmoid	UBERON:0001159	ENSG00000244731.8	C4A	13.8962462052506	0.0310993206792771	-0.155713462775667
Fallopian Tube	UBERON:0003889	ENSG00000244731.8	C4A	17.9117920689655	0.0400859741016114	-0.186029331343439
Cells Cultured fibroblasts	EFO:0002009	ENSG00000244731.8	C4A	1.00411897239264	0.0022471836970466	-0.0197699721051602
Brain Hippocampus	UBERON:0001954	ENSG00000244731.8	C4A	2.51042478431373	0.00561824425499013	-0.0420001115856537
Pancreas	UBERON:0001150	ENSG00000244731.8	C4A	4.79881662983425	0.0107395864356429	-0.0702467515581782
Lung	UBERON:0008952	ENSG00000244731.8	C4A	7.80618089403974	0.0174699641412844	-0.102006763234093
Brain Amygdala	UBERON:0001876	ENSG00000224389.9	C4B	3.14038348066298	0.00704445143916489	-0.0503628749654275
Brain Cortex	UBERON:0001870	ENSG00000224389.9	C4B	1.81551325925926	0.00407252651491843	-0.0323352911605523
Kidney Medulla	UBERON:0001293	ENSG00000224389.9	C4B	3.25875909090909	0.00730998946759197	-0.0518710635997129
Uterus	UBERON:0000995	ENSG00000224389.9	C4B	8.01861673202614	0.0179872160600297	-0.104269809956651
Skin Not Sun Exposed Suprapubic	UBERON:0036149	ENSG00000224389.9	C4B	0.462680737327189	0.00103787706374328	-0.0102875918064952
Whole Blood	UBERON:0013756	ENSG00000224389.9	C4B	0.151812615193026	0.000340543313313482	-0.00392301608642534
Kidney Cortex	UBERON:0001225	ENSG00000224389.9	C4B	11.5315653846154	0.0258673989561072	-0.136391582754423
Brain Frontal Cortex BA9	UBERON:0009834	ENSG00000224389.9	C4B	1.50033602230483	0.00336552663604157	-0.0276476398031665
Vagina	UBERON:0000996	ENSG00000224389.9	C4B	1.86860464705882	0.00419162015602781	-0.0331065741313632
Prostate	UBERON:0002367	ENSG00000224389.9	C4B	5.22434925531915	0.0117191657824424	-0.0751782880967245
Esophagus Mucosa	UBERON:0006920	ENSG00000224389.9	C4B	0.897436433224756	0.0020131131794944	-0.0180301583042054
Liver	UBERON:0001114	ENSG00000224389.9	C4B	70.1483367938931	0.15735548066838	-0.41980879175553
Pituitary	UBERON:0000007	ENSG00000224389.9	C4B	9.89180664536741	0.0221891218024712	-0.12190711550439
Thyroid	UBERON:0002046	ENSG00000224389.9	C4B	26.3679909064327	0.0591482004132478	-0.241296379795337
Esophagus Muscularis	UBERON:0004648	ENSG00000224389.9	C4B	10.7288255793226	0.0240667075400781	-0.129402291939147
Brain Spinal cord cervical c-1	UBERON:0006469	ENSG00000224389.9	C4B	2.59604102941177	0.00582339229536069	-0.0432324245880955
Brain Putamen basal ganglia	UBERON:0001874	ENSG00000224389.9	C4B	1.57190251968504	0.00352606330889388	-0.0287293973709816
Adipose Visceral Omentum	UBERON:0010414	ENSG00000224389.9	C4B	12.5036301192504	0.0280479169918904	-0.144614009846521
Nerve Tibial	UBERON:0001323	ENSG00000224389.9	C4B	17.0497487313433	0.0382456880592668	-0.180082082043786
Ovary	UBERON:0000992	ENSG00000224389.9	C4B	27.7542869948187	0.0622579147316014	-0.249380236871249
Cervix Ectocervix	UBERON:0012249	ENSG00000224389.9	C4B	1.82862375	0.00410193573068315	-0.0325262148637746
Testis	UBERON:0000473	ENSG00000224389.9	C4B	2.00784202898551	0.00450395493346458	-0.0351064906097675
Skin Sun Exposed Lower leg	UBERON:0004264	ENSG00000224389.9	C4B	0.427345477453581	0.000958613647729716	-0.0096117917583716
Adipose Subcutaneous	UBERON:0002190	ENSG00000224389.9	C4B	1.72593204481793	0.00387157955449812	-0.0310224326814878
Small Intestine Terminal Ileum	UBERON:0001211	ENSG00000224389.9	C4B	7.61684082125604	0.0170859596019335	-0.100312436211176
Artery Coronary	UBERON:0001621	ENSG00000224389.9	C4B	9.03515817164179	0.0202675034361942	-0.113998379356722
Brain Cerebellum	UBERON:0002037	ENSG00000224389.9	C4B	1.14069161654135	0.00255877880815105	-0.0220319269789303
Esophagus Gastroesophageal Junction	UBERON:0004550	ENSG00000224389.9	C4B	7.49364545905707	0.0168096099930769	-0.0990854217245195
Muscle Skeletal	UBERON:0011907	ENSG00000224389.9	C4B	0.288867909535452	0.000647983271337922	-0.0068632805798184
Brain Nucleus accumbens basal ganglia	UBERON:0001882	ENSG00000224389.9	C4B	2.15771645614035	0.00484015053841728	-0.0372243024008925
Bladder	UBERON:0001255	ENSG00000224389.9	C4B	9.51789324675325	0.021350366027831	-0.118485892804835
Cervix Endocervix	UBERON:0000458	ENSG00000224389.9	C4B	5.72226173913043	0.0128360740628356	-0.0806574246496842
Spleen	UBERON:0002106	ENSG00000224389.9	C4B	7.80356989169675	0.0175048268762965	-0.102159979583895
Brain Substantia nigra	UBERON:0002038	ENSG00000224389.9	C4B	3.00422464480874	0.00673902240061131	-0.0486102193887555
Brain Hypothalamus	UBERON:0001898	ENSG00000224389.9	C4B	2.9160046692607	0.0065411289466624	-0.047464031792025
Brain Caudate basal ganglia	UBERON:0001873	ENSG00000224389.9	C4B	2.46973916666667	0.00554007424065099	-0.0415277260215009
Breast Mammary Tissue	UBERON:0008367	ENSG00000224389.9	C4B	7.89212381322957	0.01770346943184	-0.103031077522869
Minor Salivary Gland	UBERON:0006330	ENSG00000224389.9	C4B	8.56181513812155	0.0192057089024271	-0.109517116686557
Heart Atrial Appendage	UBERON:0006631	ENSG00000224389.9	C4B	5.35998952277657	0.012023431577745	-0.0766855365254628
Adrenal Gland	UBERON:0002369	ENSG00000224389.9	C4B	73.2860239322034	0.164393883721135	-0.4282084982213
Colon Transverse	UBERON:0001157	ENSG00000224389.9	C4B	6.41290098121086	0.0143853035224779	-0.0880274200320785
Stomach	UBERON:0000945	ENSG00000224389.9	C4B	3.93741786240786	0.00883234455225733	-0.0602629794037282
Artery Tibial	UBERON:0007610	ENSG00000224389.9	C4B	5.00666700434153	0.0112308648931968	-0.0727354291367783
Brain Cerebellar Hemisphere	UBERON:0002037	ENSG00000224389.9	C4B	0.783932274368231	0.00175850270273847	-0.0160928262277612
Artery Aorta	UBERON:0001496	ENSG00000224389.9	C4B	6.27983237288136	0.0140868064264301	-0.0866269796630389
Heart Left Ventricle	UBERON:0006566	ENSG00000224389.9	C4B	2.04539139380531	0.00458818498965782	-0.0356403819781145
Brain Anterior cingulate cortex BA24	UBERON:0009835	ENSG00000224389.9	C4B	1.77780369098712	0.00398793709323772	-0.0317844234533896
Cells EBV-transformed lymphocytes	EFO:0000572	ENSG00000224389.9	C4B	0.253277584097859	0.000568147696863346	-0.0061254539154731
Colon Sigmoid	UBERON:0001159	ENSG00000224389.9	C4B	11.4854433651551	0.0257639388760359	-0.135995029047778
Fallopian Tube	UBERON:0003889	ENSG00000224389.9	C4B	16.7121772413793	0.0374884537969735	-0.177598170899902
Cells Cultured fibroblasts	EFO:0002009	ENSG00000224389.9	C4B	0.526861242331288	0.00118184561205159	-0.0114931444886922
Brain Hippocampus	UBERON:0001954	ENSG00000224389.9	C4B	2.14668945098039	0.00481541495983362	-0.0370696622405683
Pancreas	UBERON:0001150	ENSG00000224389.9	C4B	4.96980613259668	0.0111481792522199	-0.0723187748677528
Lung	UBERON:0008952	ENSG00000224389.9	C4B	6.71818251655629	0.0150701055424404	-0.0912067904621011
Brain Amygdala	UBERON:0001876	ENSG00000124762.14	CDKN1A	28.1879854143646	0.00320036248104969	-0.0265231607740108
Brain Cortex	UBERON:0001870	ENSG00000124762.14	CDKN1A	33.7802776666667	0.00383529122974316	-0.0307837662067717
Kidney Medulla	UBERON:0001293	ENSG00000124762.14	CDKN1A	117.242872727273	0.0133113340854659	-0.0829455985552497
Uterus	UBERON:0000995	ENSG00000124762.14	CDKN1A	148.67763006536	0.016880323373166	-0.0994000145660232
Skin Not Sun Exposed Suprapubic	UBERON:0036149	ENSG00000124762.14	CDKN1A	297.501707219662	0.0337772738220887	-0.165096670366728
Whole Blood	UBERON:0013756	ENSG00000124762.14	CDKN1A	51.351755890411	0.00583029366844867	-0.043273697386443
Kidney Cortex	UBERON:0001225	ENSG00000124762.14	CDKN1A	86.5812354807692	0.00983012207230587	-0.0655529058296905
Brain Frontal Cortex BA9	UBERON:0009834	ENSG00000124762.14	CDKN1A	28.4313965799257	0.00322799850931771	-0.026712153698107
Vagina	UBERON:0000996	ENSG00000124762.14	CDKN1A	237.331612352941	0.0269457776629299	-0.140489813821465
Prostate	UBERON:0002367	ENSG00000124762.14	CDKN1A	139.723373758865	0.0158636893176367	-0.094835163092362
Esophagus Mucosa	UBERON:0006920	ENSG00000124762.14	CDKN1A	224.301474267101	0.0254663826497777	-0.13485117193841
Liver	UBERON:0001114	ENSG00000124762.14	CDKN1A	98.65838	0.0112013176235092	-0.0725866411545272
Pituitary	UBERON:0000007	ENSG00000124762.14	CDKN1A	164.280755271566	0.0186518460897776	-0.107146234150513
Thyroid	UBERON:0002046	ENSG00000124762.14	CDKN1A	146.774079239766	0.0166642010588733	-0.0984371693749977
Esophagus Muscularis	UBERON:0004648	ENSG00000124762.14	CDKN1A	147.13630802139	0.0167053272119214	-0.0986207001885103
Brain Spinal cord cervical c-1	UBERON:0006469	ENSG00000124762.14	CDKN1A	54.6432405392157	0.00620399699708802	-0.0454913433649553
Brain Putamen basal ganglia	UBERON:0001874	ENSG00000124762.14	CDKN1A	25.7769134645669	0.00292661804370115	-0.0246320265526048
Adipose Visceral Omentum	UBERON:0010414	ENSG00000124762.14	CDKN1A	408.864374446337	0.0464209905241787	-0.205602228847074
Nerve Tibial	UBERON:0001323	ENSG00000124762.14	CDKN1A	222.268832537313	0.0252356038185203	-0.1339605678447
Ovary	UBERON:0000992	ENSG00000124762.14	CDKN1A	325.32352642487	0.03693606310873	-0.175772300683719
Cervix Ectocervix	UBERON:0012249	ENSG00000124762.14	CDKN1A	196.735645833333	0.0223366576346113	-0.122504122631033
Testis	UBERON:0000473	ENSG00000124762.14	CDKN1A	91.9205016908213	0.0104363231542136	-0.0686944115592178
Skin Sun Exposed Lower leg	UBERON:0004264	ENSG00000124762.14	CDKN1A	254.508190848806	0.0288959446068563	-0.147744651469652
Adipose Subcutaneous	UBERON:0002190	ENSG00000124762.14	CDKN1A	258.087746918767	0.0293023545285557	-0.149232191392292
Small Intestine Terminal Ileum	UBERON:0001211	ENSG00000124762.14	CDKN1A	162.245798550725	0.0184208044227622	-0.106150256215091
Artery Coronary	UBERON:0001621	ENSG00000124762.14	CDKN1A	339.111283955224	0.0385014755087047	-0.180916217804929
Brain Cerebellum	UBERON:0002037	ENSG00000124762.14	CDKN1A	20.1770748496241	0.00229083250813523	-0.0200904001979612
Esophagus Gastroesophageal Junction	UBERON:0004550	ENSG00000124762.14	CDKN1A	151.318887841191	0.0171802022812998	-0.100729401482499
Muscle Skeletal	UBERON:0011907	ENSG00000124762.14	CDKN1A	163.71932301956	0.0185881030911717	-0.106871864476426
Brain Nucleus accumbens basal ganglia	UBERON:0001882	ENSG00000124762.14	CDKN1A	29.6083197894737	0.00336162213752474	-0.0276211942670626
Bladder	UBERON:0001255	ENSG00000124762.14	CDKN1A	215.45097012987	0.0244615282423842	-0.130950917968116
Cervix Endocervix	UBERON:0000458	ENSG00000124762.14	CDKN1A	109.366008695652	0.0124170232738007	-0.0786188401926839
Spleen	UBERON:0002106	ENSG00000124762.14	CDKN1A	52.8304487364621	0.00599817913581829	-0.0442741177827022
Brain Substantia nigra	UBERON:0002038	ENSG00000124762.14	CDKN1A	45.0488549180328	0.00511468496150322	-0.0389285776953119
Brain Hypothalamus	UBERON:0001898	ENSG00000124762.14	CDKN1A	34.9080003501946	0.00396332880718394	-0.0316236844179376
Brain Caudate basal ganglia	UBERON:0001873	ENSG00000124762.14	CDKN1A	29.2708639	0.00332330860955156	-0.0273613448504513
Breast Mammary Tissue	UBERON:0008367	ENSG00000124762.14	CDKN1A	213.768364396887	0.0242704912392398	-0.130202760739563
Minor Salivary Gland	UBERON:0006330	ENSG00000124762.14	CDKN1A	103.412085801105	0.011741036282653	-0.0752870051704786
Heart Atrial Appendage	UBERON:0006631	ENSG00000124762.14	CDKN1A	103.568660954447	0.0117588132624141	-0.0753753302680381
Adrenal Gland	UBERON:0002369	ENSG00000124762.14	CDKN1A	109.46568779661	0.0124283404804105	-0.0786741607870095
Colon Transverse	UBERON:0001157	ENSG00000124762.14	CDKN1A	144.689492693111	0.0164275245999371	-0.0973781125326572
Stomach	UBERON:0000945	ENSG00000124762.14	CDKN1A	136.770237100737	0.0155284008029325	-0.0933093363137376
Artery Tibial	UBERON:0007610	ENSG00000124762.14	CDKN1A	518.67066845152	0.0588880022084622	-0.240609455283364
Brain Cerebellar Hemisphere	UBERON:0002037	ENSG00000124762.14	CDKN1A	15.3523594584838	0.00174305167553696	-0.0159736200320061
Artery Aorta	UBERON:0001496	ENSG00000124762.14	CDKN1A	524.826917372881	0.0595869605689944	-0.242450972369097
Heart Left Ventricle	UBERON:0006566	ENSG00000124762.14	CDKN1A	79.3095305752212	0.0090045188512569	-0.061186922065558
Brain Anterior cingulate cortex BA24	UBERON:0009835	ENSG00000124762.14	CDKN1A	26.5366076824034	0.00301287099282448	-0.0252317261547916
Cells EBV-transformed lymphocytes	EFO:0000572	ENSG00000124762.14	CDKN1A	276.418116207951	0.0313835187293501	-0.156724555914285
Colon Sigmoid	UBERON:0001159	ENSG00000124762.14	CDKN1A	155.944434367542	0.0177053701973347	-0.103039397271487
Fallopian Tube	UBERON:0003889	ENSG00000124762.14	CDKN1A	323.881437931034	0.0367723335678571	-0.17522882775694
Cells Cultured fibroblasts	EFO:0002009	ENSG00000124762.14	CDKN1A	543.961650306748	0.061759449324975	-0.248099831369537
Brain Hippocampus	UBERON:0001954	ENSG00000124762.14	CDKN1A	27.949293372549	0.00317326224511858	-0.0263374976128233
Pancreas	UBERON:0001150	ENSG00000124762.14	CDKN1A	60.9998467679558	0.00692570320568069	-0.0496837739422403
Lung	UBERON:0008952	ENSG00000124762.14	CDKN1A	301.07669884106	0.034183165512715	-0.166491506830382
Brain Amygdala	UBERON:0001876	ENSG00000027697.15	IFNGR1	25.103578121547	0.00691347520792274	-0.04961367813073
Brain Cortex	UBERON:0001870	ENSG00000027697.15	IFNGR1	20.7604385555556	0.00571738325765778	-0.0425969596386165
Kidney Medulla	UBERON:0001293	ENSG00000027697.15	IFNGR1	22.3271909090909	0.00614886372234199	-0.0451662598928484
Uterus	UBERON:0000995	ENSG00000027697.15	IFNGR1	80.7037738562092	0.0222256579137542	-0.122055091193335
Skin Not Sun Exposed Suprapubic	UBERON:0036149	ENSG00000027697.15	IFNGR1	77.9892129032258	0.0214780732563807	-0.119009823737685
Whole Blood	UBERON:0013756	ENSG00000027697.15	IFNGR1	226.022014570361	0.0622460107722944	-0.249349726525648
Kidney Cortex	UBERON:0001225	ENSG00000027697.15	IFNGR1	25.3475388461538	0.00698066150356197	-0.0499984332566287
Brain Frontal Cortex BA9	UBERON:0009834	ENSG00000027697.15	IFNGR1	24.9527613754647	0.00687194057768275	-0.049375351568871
Vagina	UBERON:0000996	ENSG00000027697.15	IFNGR1	84.5638229411765	0.0232887077117182	-0.1263232046312
Prostate	UBERON:0002367	ENSG00000027697.15	IFNGR1	70.8639336879433	0.0195157856109353	-0.110834335546309
Esophagus Mucosa	UBERON:0006920	ENSG00000027697.15	IFNGR1	53.3299728013029	0.0146869678503935	-0.0894336413427733
Liver	UBERON:0001114	ENSG00000027697.15	IFNGR1	40.5688754961832	0.0111725871745523	-0.0724418585251356
Pituitary	UBERON:0000007	ENSG00000027697.15	IFNGR1	36.8845664536741	0.0101579358328039	-0.0672582217041756
Thyroid	UBERON:0002046	ENSG00000027697.15	IFNGR1	88.2403451754386	0.0243012145820489	-0.130323228352061
Esophagus Muscularis	UBERON:0004648	ENSG00000027697.15	IFNGR1	56.1414702317291	0.0154612486197834	-0.0930024927502029
Brain Spinal cord cervical c-1	UBERON:0006469	ENSG00000027697.15	IFNGR1	101.929571568627	0.0280712001525011	-0.144700452512287
Brain Putamen basal ganglia	UBERON:0001874	ENSG00000027697.15	IFNGR1	23.3554259448819	0.00643203759474534	-0.046828504031497
Adipose Visceral Omentum	UBERON:0010414	ENSG00000027697.15	IFNGR1	129.509610221465	0.0356666876378602	-0.17153105009832
Nerve Tibial	UBERON:0001323	ENSG00000027697.15	IFNGR1	114.782651791045	0.0316109127398018	-0.157530881426694
Ovary	UBERON:0000992	ENSG00000027697.15	IFNGR1	65.1247383419689	0.0179352226909521	-0.104043312472291
Cervix Ectocervix	UBERON:0012249	ENSG00000027697.15	IFNGR1	75.7798333333333	0.0208696145415558	-0.116503626348978
Testis	UBERON:0000473	ENSG00000027697.15	IFNGR1	30.9809987922705	0.00853210510589349	-0.0586401562672117
Skin Sun Exposed Lower leg	UBERON:0004264	ENSG00000027697.15	IFNGR1	72.352900397878	0.019925844064942	-0.112565384178376
Adipose Subcutaneous	UBERON:0002190	ENSG00000027697.15	IFNGR1	143.569537815126	0.039538763577526	-0.18427390417388
Small Intestine Terminal Ileum	UBERON:0001211	ENSG00000027697.15	IFNGR1	87.0208497584541	0.0239653679831825	-0.129003301476997
Artery Coronary	UBERON:0001621	ENSG00000027697.15	IFNGR1	85.798978358209	0.0236288670432781	-0.127673992762418
Brain Cerebellum	UBERON:0002037	ENSG00000027697.15	IFNGR1	22.7771511278196	0.00627278186666668	-0.0458959306669851
Esophagus Gastroesophageal Junction	UBERON:0004550	ENSG00000027697.15	IFNGR1	57.7909	0.0159154982791322	-0.095070017235906
Muscle Skeletal	UBERON:0011907	ENSG00000027697.15	IFNGR1	32.6331199511002	0.00898709596881952	-0.0610936427982448
Brain Nucleus accumbens basal ganglia	UBERON:0001882	ENSG00000027697.15	IFNGR1	22.5893618947368	0.00622106508745113	-0.0455918387200011
Bladder	UBERON:0001255	ENSG00000027697.15	IFNGR1	65.767	0.0181121002670609	-0.104812955414727
Cervix Endocervix	UBERON:0000458	ENSG00000027697.15	IFNGR1	72.3409043478261	0.0199225403767496	-0.112551486751757
Spleen	UBERON:0002106	ENSG00000027697.15	IFNGR1	176.114238628159	0.0485015090925587	-0.21174917626992
Brain Substantia nigra	UBERON:0002038	ENSG00000027697.15	IFNGR1	42.4884741530055	0.0117012408054748	-0.0750891401028892
Brain Hypothalamus	UBERON:0001898	ENSG00000027697.15	IFNGR1	32.7640807782101	0.00902316231868604	-0.0612866822822114
Brain Caudate basal ganglia	UBERON:0001873	ENSG00000027697.15	IFNGR1	25.5244984333333	0.00702939581995488	-0.0502769353129836
Breast Mammary Tissue	UBERON:0008367	ENSG00000027697.15	IFNGR1	127.412358949416	0.0350891088320067	-0.169579798966985
Minor Salivary Gland	UBERON:0006330	ENSG00000027697.15	IFNGR1	66.6302928176796	0.0183498493824782	-0.105843545445987
Heart Atrial Appendage	UBERON:0006631	ENSG00000027697.15	IFNGR1	60.3527003253796	0.0166210129651825	-0.0982442792512061
Adrenal Gland	UBERON:0002369	ENSG00000027697.15	IFNGR1	52.2474786440678	0.0143888511244618	-0.0880440099940353
Colon Transverse	UBERON:0001157	ENSG00000027697.15	IFNGR1	55.0865154488518	0.0151707161824715	-0.0916700689026129
Stomach	UBERON:0000945	ENSG00000027697.15	IFNGR1	48.2380157248157	0.0132846530553609	-0.0828177976802415
Artery Tibial	UBERON:0007610	ENSG00000027697.15	IFNGR1	63.8785772793054	0.0175920324265966	-0.102542796313659
Brain Cerebellar Hemisphere	UBERON:0002037	ENSG00000027697.15	IFNGR1	24.3487553068592	0.00670559851439119	-0.0484172254057113
Artery Aorta	UBERON:0001496	ENSG00000027697.15	IFNGR1	83.7289095338983	0.0230587742291672	-0.125406074443013
Heart Left Ventricle	UBERON:0006566	ENSG00000027697.15	IFNGR1	41.1582205973451	0.0113348916367316	-0.073258374813038
Brain Anterior cingulate cortex BA24	UBERON:0009835	ENSG00000027697.15	IFNGR1	21.3746734334764	0.00588654231457734	-0.0436096471308568
Cells EBV-transformed lymphocytes	EFO:0000572	ENSG00000027697.15	IFNGR1	90.7968795107034	0.0250052790249534	-0.133068680136229
Colon Sigmoid	UBERON:0001159	ENSG00000027697.15	IFNGR1	48.9617427207637	0.0134839660226027	-0.0837706395822943
Fallopian Tube	UBERON:0003889	ENSG00000027697.15	IFNGR1	82.4305448275862	0.0227012071857573	-0.123973271346324
Cells Cultured fibroblasts	EFO:0002009	ENSG00000027697.15	IFNGR1	73.9082291411043	0.0203541784901941	-0.11436058680325
Brain Hippocampus	UBERON:0001954	ENSG00000027697.15	IFNGR1	29.6999236470588	0.00817929957303181	-0.0567136844718075
Pancreas	UBERON:0001150	ENSG00000027697.15	IFNGR1	19.6249837016575	0.00540468126178564	-0.0407057609034396
Lung	UBERON:0008952	ENSG00000027697.15	IFNGR1	226.435308774834	0.0623598311696246	-0.249641318624749
Brain Amygdala	UBERON:0001876	ENSG00000118503.16	TNFAIP3	1.97554270718232	0.00113939442117781	-0.0111404483651544
Brain Cortex	UBERON:0001870	ENSG00000118503.16	TNFAIP3	2.49686751851852	0.00144006854960769	-0.0135937384713715
Kidney Medulla	UBERON:0001293	ENSG00000118503.16	TNFAIP3	13.4223972727273	0.00774136874681409	-0.0542917333390768
Uterus	UBERON:0000995	ENSG00000118503.16	TNFAIP3	31.104939869281	0.0179397766645494	-0.104063159519631
Skin Not Sun Exposed Suprapubic	UBERON:0036149	ENSG00000118503.16	TNFAIP3	79.8089079723502	0.0460297943311417	-0.204431582107644
Whole Blood	UBERON:0013756	ENSG00000118503.16	TNFAIP3	60.8411571232877	0.035090142446553	-0.169583303040809
Kidney Cortex	UBERON:0001225	ENSG00000118503.16	TNFAIP3	15.8258360576923	0.00912755226655048	-0.0618442438959211
Brain Frontal Cortex BA9	UBERON:0009834	ENSG00000118503.16	TNFAIP3	2.09308237918216	0.00120718543680951	-0.0117026209821583
Vagina	UBERON:0000996	ENSG00000118503.16	TNFAIP3	29.170626	0.0168241609790707	-0.0991501918104258
Prostate	UBERON:0002367	ENSG00000118503.16	TNFAIP3	29.4809571276596	0.0170031444828378	-0.0999454118695632
Esophagus Mucosa	UBERON:0006920	ENSG00000118503.16	TNFAIP3	16.2761664983713	0.0093872803857811	-0.063224056531474
Liver	UBERON:0001114	ENSG00000118503.16	TNFAIP3	12.4714391603053	0.0071929035761407	-0.0512077912146992
Pituitary	UBERON:0000007	ENSG00000118503.16	TNFAIP3	14.1886880511182	0.00818332701717917	-0.0567357981881856
Thyroid	UBERON:0002046	ENSG00000118503.16	TNFAIP3	25.4804778654971	0.0146958677346441	-0.0894749918740975
Esophagus Muscularis	UBERON:0004648	ENSG00000118503.16	TNFAIP3	31.6407456684492	0.0182488027039194	-0.105406076738037
Brain Spinal cord cervical c-1	UBERON:0006469	ENSG00000118503.16	TNFAIP3	6.89838450980392	0.00397864384152978	-0.031723746615237
Brain Putamen basal ganglia	UBERON:0001874	ENSG00000118503.16	TNFAIP3	2.24782751968504	0.00129643470950422	-0.012434409614913
Adipose Visceral Omentum	UBERON:0010414	ENSG00000118503.16	TNFAIP3	88.6929159965928	0.0511536467002754	-0.219398967610736
Nerve Tibial	UBERON:0001323	ENSG00000118503.16	TNFAIP3	36.8202262686567	0.0212360685721893	-0.118016042375342
Ovary	UBERON:0000992	ENSG00000118503.16	TNFAIP3	133.514250777202	0.0770043552742289	-0.284832652924793
Cervix Ectocervix	UBERON:0012249	ENSG00000118503.16	TNFAIP3	23.61825	0.0136218276578616	-0.0844272147353504
Testis	UBERON:0000473	ENSG00000118503.16	TNFAIP3	14.1508931400966	0.00816152879909441	-0.0566160752916583
Skin Sun Exposed Lower leg	UBERON:0004264	ENSG00000118503.16	TNFAIP3	56.594324270557	0.032640781244447	-0.161153431984596
Adipose Subcutaneous	UBERON:0002190	ENSG00000118503.16	TNFAIP3	63.645798837535	0.0367077197892235	-0.175014063919914
Small Intestine Terminal Ileum	UBERON:0001211	ENSG00000118503.16	TNFAIP3	52.2383068115942	0.0301284478115877	-0.152230907325958
Artery Coronary	UBERON:0001621	ENSG00000118503.16	TNFAIP3	29.928813880597	0.0172614459024571	-0.101088255231729
Brain Cerebellum	UBERON:0002037	ENSG00000118503.16	TNFAIP3	1.44062379699248	0.000830879895100006	-0.00850245414814782
Esophagus Gastroesophageal Junction	UBERON:0004550	ENSG00000118503.16	TNFAIP3	25.1759858808933	0.0145202519571215	-0.0886576048761861
Muscle Skeletal	UBERON:0011907	ENSG00000118503.16	TNFAIP3	5.64876866748166	0.00325792780022074	-0.0269164445051825
Brain Nucleus accumbens basal ganglia	UBERON:0001882	ENSG00000118503.16	TNFAIP3	1.90491821052632	0.00109866173683958	-0.0107998855416282
Bladder	UBERON:0001255	ENSG00000118503.16	TNFAIP3	35.5190779220779	0.0204856311547511	-0.114908900514256
Cervix Endocervix	UBERON:0000458	ENSG00000118503.16	TNFAIP3	24.6526582608696	0.014218422708614	-0.08724558905417
Spleen	UBERON:0002106	ENSG00000118503.16	TNFAIP3	63.2652407942238	0.0364882329059956	-0.174283304415396
Brain Substantia nigra	UBERON:0002038	ENSG00000118503.16	TNFAIP3	3.52151672131148	0.00203103506280028	-0.0181647025075389
Brain Hypothalamus	UBERON:0001898	ENSG00000118503.16	TNFAIP3	2.70039272373541	0.0015574517286957	-0.014525724363957
Brain Caudate basal ganglia	UBERON:0001873	ENSG00000118503.16	TNFAIP3	2.36229486666667	0.00136245376142535	-0.0129699835122494
Breast Mammary Tissue	UBERON:0008367	ENSG00000118503.16	TNFAIP3	39.4966971011673	0.0227797233481253	-0.124288584410128
Minor Salivary Gland	UBERON:0006330	ENSG00000118503.16	TNFAIP3	24.5627343093923	0.0141665590620975	-0.0870020355996837
Heart Atrial Appendage	UBERON:0006631	ENSG00000118503.16	TNFAIP3	21.1010629501085	0.0121700398168393	-0.0774078096668017
Adrenal Gland	UBERON:0002369	ENSG00000118503.16	TNFAIP3	19.9325821355932	0.0114961184095867	-0.0740661497165863
Colon Transverse	UBERON:0001157	ENSG00000118503.16	TNFAIP3	30.1501610020877	0.0173891078732428	-0.101651025710712
Stomach	UBERON:0000945	ENSG00000118503.16	TNFAIP3	21.9492543243243	0.012659234262679	-0.0797995852247012
Artery Tibial	UBERON:0007610	ENSG00000118503.16	TNFAIP3	19.3055406367583	0.0111344721728225	-0.0722496193579719
Brain Cerebellar Hemisphere	UBERON:0002037	ENSG00000118503.16	TNFAIP3	0.884233754512635	0.000509981891682702	-0.0055778077873111
Artery Aorta	UBERON:0001496	ENSG00000118503.16	TNFAIP3	24.8325906567797	0.0143221987329661	-0.0877321063715564
Heart Left Ventricle	UBERON:0006566	ENSG00000118503.16	TNFAIP3	4.57760371681416	0.00264013332556091	-0.022613199990699
Brain Anterior cingulate cortex BA24	UBERON:0009835	ENSG00000118503.16	TNFAIP3	1.72995570815451	0.00099775209900033	-0.00994662157608494
Cells EBV-transformed lymphocytes	EFO:0000572	ENSG00000118503.16	TNFAIP3	246.484703975535	0.142160073580971	-0.400096983127576
Colon Sigmoid	UBERON:0001159	ENSG00000118503.16	TNFAIP3	35.0077739618138	0.0201907365530131	-0.113677130796403
Fallopian Tube	UBERON:0003889	ENSG00000118503.16	TNFAIP3	52.5619655172414	0.0303151179970711	-0.15290396061817
Cells Cultured fibroblasts	EFO:0002009	ENSG00000118503.16	TNFAIP3	29.9259069018405	0.0172597693022168	-0.101080855258303
Brain Hippocampus	UBERON:0001954	ENSG00000118503.16	TNFAIP3	2.26472996078431	0.00130618319381832	-0.0125137927811685
Pancreas	UBERON:0001150	ENSG00000118503.16	TNFAIP3	9.74320209944751	0.00561939262368672	-0.0420070394901223
Lung	UBERON:0008952	ENSG00000118503.16	TNFAIP3	108.523238741722	0.0625907869978809	-0.250232074957171
Brain Amygdala	UBERON:0001876	ENSG00000112096.19	SOD2	27.5236660220994	0.00585544842713825	-0.0434240326109882
Brain Cortex	UBERON:0001870	ENSG00000112096.19	SOD2	26.6587137777778	0.00567143648430707	-0.0423206565659092
Kidney Medulla	UBERON:0001293	ENSG00000112096.19	SOD2	104.167427272727	0.0221608196267673	-0.121792428605893
Uterus	UBERON:0000995	ENSG00000112096.19	SOD2	72.287677124183	0.0153786477781853	-0.0926244811534555
Skin Not Sun Exposed Suprapubic	UBERON:0036149	ENSG00000112096.19	SOD2	54.7403711059908	0.0116455932736641	-0.0748121302739747
Whole Blood	UBERON:0013756	ENSG00000112096.19	SOD2	138.1921901868	0.0293993264568163	-0.149585921712161
Kidney Cortex	UBERON:0001225	ENSG00000112096.19	SOD2	119.444835576923	0.0254109708367742	-0.134637607174962
Brain Frontal Cortex BA9	UBERON:0009834	ENSG00000112096.19	SOD2	44.5295533457249	0.009473320265187	-0.0636788453113087
Vagina	UBERON:0000996	ENSG00000112096.19	SOD2	87.5367770588235	0.0186227766001189	-0.107021149079929
Prostate	UBERON:0002367	ENSG00000112096.19	SOD2	109.018515957447	0.0231928514638794	-0.12594126505623
Esophagus Mucosa	UBERON:0006920	ENSG00000112096.19	SOD2	63.7699392508143	0.0135665645043458	-0.0841642631840705
Liver	UBERON:0001114	ENSG00000112096.19	SOD2	154.577084847328	0.0328850868781129	-0.162005838753687
Pituitary	UBERON:0000007	ENSG00000112096.19	SOD2	37.8873153674121	0.00806023518082502	-0.0560586322185489
Thyroid	UBERON:0002046	ENSG00000112096.19	SOD2	65.5778116959064	0.0139511754735598	-0.0859876446117085
Esophagus Muscularis	UBERON:0004648	ENSG00000112096.19	SOD2	93.786371657754	0.0199523298229772	-0.112676771673473
Brain Spinal cord cervical c-1	UBERON:0006469	ENSG00000112096.19	SOD2	36.809410245098	0.00783091914974142	-0.0547898295316028
Brain Putamen basal ganglia	UBERON:0001874	ENSG00000112096.19	SOD2	24.5402549606299	0.00522075065129102	-0.0395812621744816
Adipose Visceral Omentum	UBERON:0010414	ENSG00000112096.19	SOD2	183.730983986371	0.0390873548725578	-0.182817587267568
Nerve Tibial	UBERON:0001323	ENSG00000112096.19	SOD2	77.7799485074627	0.0165470863069344	-0.0979137261047388
Ovary	UBERON:0000992	ENSG00000112096.19	SOD2	45.7974352331606	0.00974305239308093	-0.0650973321789167
Cervix Ectocervix	UBERON:0012249	ENSG00000112096.19	SOD2	69.1886041666667	0.0147193438228145	-0.0895840288871491
Testis	UBERON:0000473	ENSG00000112096.19	SOD2	15.4959161835749	0.0032966370821142	-0.0271800778482479
Skin Sun Exposed Lower leg	UBERON:0004264	ENSG00000112096.19	SOD2	56.9923993501326	0.0121246949757936	-0.0771846895464986
Adipose Subcutaneous	UBERON:0002190	ENSG00000112096.19	SOD2	132.76038557423	0.0282437517688494	-0.14534021271716
Small Intestine Terminal Ileum	UBERON:0001211	ENSG00000112096.19	SOD2	60.2399009661836	0.0128155759875951	-0.0805581707213087
Artery Coronary	UBERON:0001621	ENSG00000112096.19	SOD2	65.5760578358209	0.0139508023533049	-0.0859858831879386
Brain Cerebellum	UBERON:0002037	ENSG00000112096.19	SOD2	19.8388603007519	0.00422056506756698	-0.0332932865098562
Esophagus Gastroesophageal Junction	UBERON:0004550	ENSG00000112096.19	SOD2	79.6880243176179	0.0169530147720038	-0.0997229618599172
Muscle Skeletal	UBERON:0011907	ENSG00000112096.19	SOD2	831.880284841076	0.176976137609319	-0.442152447335544
Brain Nucleus accumbens basal ganglia	UBERON:0001882	ENSG00000112096.19	SOD2	29.3734868070175	0.00624898358327768	-0.0457560747230128
Bladder	UBERON:0001255	ENSG00000112096.19	SOD2	121.840398701299	0.0259206084816094	-0.136595297729516
Cervix Endocervix	UBERON:0000458	ENSG00000112096.19	SOD2	68.0170739130435	0.014470109764553	-0.0884236620374817
Spleen	UBERON:0002106	ENSG00000112096.19	SOD2	37.653380866426	0.00801046741352423	-0.055784076861186
Brain Substantia nigra	UBERON:0002038	ENSG00000112096.19	SOD2	35.7043479781421	0.00759582564483762	-0.0534789990873936
Brain Hypothalamus	UBERON:0001898	ENSG00000112096.19	SOD2	36.7450185214008	0.0078172203053745	-0.0547137301195943
Brain Caudate basal ganglia	UBERON:0001873	ENSG00000112096.19	SOD2	36.4331456666667	0.0077508717522692	-0.054344661424953
Breast Mammary Tissue	UBERON:0008367	ENSG00000112096.19	SOD2	117.305668287938	0.0249558794355191	-0.132876992219315
Minor Salivary Gland	UBERON:0006330	ENSG00000112096.19	SOD2	187.832363093923	0.039959891758637	-0.185625825627015
Heart Atrial Appendage	UBERON:0006631	ENSG00000112096.19	SOD2	54.1244998698482	0.0115145714011382	-0.0741583935838743
Adrenal Gland	UBERON:0002369	ENSG00000112096.19	SOD2	111.257075932203	0.0236690878952007	-0.127833242540555
Colon Transverse	UBERON:0001157	ENSG00000112096.19	SOD2	69.7415371816284	0.0148369760724636	-0.0901295717724536
Stomach	UBERON:0000945	ENSG00000112096.19	SOD2	64.2152845208845	0.0136613082880798	-0.0846148721787013
Artery Tibial	UBERON:0007610	ENSG00000112096.19	SOD2	89.1537256150506	0.0189667699792247	-0.108497172992591
Brain Cerebellar Hemisphere	UBERON:0002037	ENSG00000112096.19	SOD2	25.8486015884477	0.00549909134173014	-0.041279429762195
Artery Aorta	UBERON:0001496	ENSG00000112096.19	SOD2	57.8351563559322	0.0123039850521993	-0.078065469651246
Heart Left Ventricle	UBERON:0006566	ENSG00000112096.19	SOD2	45.289382300885	0.00963496803612034	-0.0645302408567718
Brain Anterior cingulate cortex BA24	UBERON:0009835	ENSG00000112096.19	SOD2	34.1379625321888	0.00726258917886558	-0.0516028771503816
Cells EBV-transformed lymphocytes	EFO:0000572	ENSG00000112096.19	SOD2	10.1061900611621	0.00215001426955543	-0.0190522182556547
Colon Sigmoid	UBERON:0001159	ENSG00000112096.19	SOD2	96.0503720763723	0.0204339785132205	-0.11469359323685
Fallopian Tube	UBERON:0003889	ENSG00000112096.19	SOD2	78.4136	0.0166818907923671	-0.0985161300394285
Cells Cultured fibroblasts	EFO:0002009	ENSG00000112096.19	SOD2	132.059188496933	0.028094577479346	-0.144787216755832
Brain Hippocampus	UBERON:0001954	ENSG00000112096.19	SOD2	26.0953893333333	0.00555159353789353	-0.0415974371809653
Pancreas	UBERON:0001150	ENSG00000112096.19	SOD2	51.3672646132597	0.0109279907896209	-0.0712049085562283
Lung	UBERON:0008952	ENSG00000112096.19	SOD2	183.905488410596	0.039124479347747	-0.182937639440781
Brain Amygdala	UBERON:0001876	ENSG00000158517.16	NCF1	0.811189834254144	0.00127017969380689	-0.012220083414802
Brain Cortex	UBERON:0001870	ENSG00000158517.16	NCF1	0.642195851851852	0.00100556503055693	-0.0100131932382498
Kidney Medulla	UBERON:0001293	ENSG00000158517.16	NCF1	0.916619090909091	0.00143526324796583	-0.0135552991265632
Uterus	UBERON:0000995	ENSG00000158517.16	NCF1	1.37631973856209	0.00215507309175608	-0.0190897397779946
Skin Not Sun Exposed Suprapubic	UBERON:0036149	ENSG00000158517.16	NCF1	0.5528755453149	0.000865705240878778	-0.00880754356588858
Whole Blood	UBERON:0013756	ENSG00000158517.16	NCF1	258.969314819427	0.40550010751203	-0.528052701068259
Kidney Cortex	UBERON:0001225	ENSG00000158517.16	NCF1	1.79309855769231	0.0028076749495626	-0.0237989994235997
Brain Frontal Cortex BA9	UBERON:0009834	ENSG00000158517.16	NCF1	0.580001040892193	0.000908178965538315	-0.00917690846670721
Vagina	UBERON:0000996	ENSG00000158517.16	NCF1	1.96558417647059	0.00307775689733175	-0.0256805111724166
Prostate	UBERON:0002367	ENSG00000158517.16	NCF1	2.2261140070922	0.00348570049636709	-0.0284584289019569
Esophagus Mucosa	UBERON:0006920	ENSG00000158517.16	NCF1	2.33135651465798	0.00365049163450837	-0.029560562420108
Liver	UBERON:0001114	ENSG00000158517.16	NCF1	1.46940946564885	0.00230083512679977	-0.0201636600989257
Pituitary	UBERON:0000007	ENSG00000158517.16	NCF1	1.25689571884984	0.00196807621582658	-0.0176910335477838
Thyroid	UBERON:0002046	ENSG00000158517.16	NCF1	3.06614583333333	0.00480104164437847	-0.0369797200062604
Esophagus Muscularis	UBERON:0004648	ENSG00000158517.16	NCF1	1.66915698752228	0.00261360438925626	-0.0224240552753279
Brain Spinal cord cervical c-1	UBERON:0006469	ENSG00000158517.16	NCF1	3.26440348039216	0.00511147802659423	-0.0389087944465873
Brain Putamen basal ganglia	UBERON:0001874	ENSG00000158517.16	NCF1	0.584290866141732	0.000914896072548112	-0.0092350565716541
Adipose Visceral Omentum	UBERON:0010414	ENSG00000158517.16	NCF1	5.47297463373083	0.00856970951919892	-0.0588442359032395
Nerve Tibial	UBERON:0001323	ENSG00000158517.16	NCF1	1.51356974626866	0.0023699823095522	-0.0206683976697753
Ovary	UBERON:0000992	ENSG00000158517.16	NCF1	0.89870067357513	0.00140720617811401	-0.0133303945569456
Cervix Ectocervix	UBERON:0012249	ENSG00000158517.16	NCF1	1.54851416666667	0.00242469908647312	-0.0210657337012209
Testis	UBERON:0000473	ENSG00000158517.16	NCF1	0.682926038647343	0.00106934129353262	-0.0105533954224816
Skin Sun Exposed Lower leg	UBERON:0004264	ENSG00000158517.16	NCF1	0.547690132625995	0.000857585802464572	-0.00873659649595711
Adipose Subcutaneous	UBERON:0002190	ENSG00000158517.16	NCF1	2.62062742296919	0.00410343867382106	-0.0325359637346293
Small Intestine Terminal Ileum	UBERON:0001211	ENSG00000158517.16	NCF1	21.9197338164251	0.0343224232005756	-0.166968456119062
Artery Coronary	UBERON:0001621	ENSG00000158517.16	NCF1	5.02519682835821	0.00786856873598795	-0.0549988014905522
Brain Cerebellum	UBERON:0002037	ENSG00000158517.16	NCF1	0.451536654135338	0.000707026475029182	-0.00739970242191622
Esophagus Gastroesophageal Junction	UBERON:0004550	ENSG00000158517.16	NCF1	1.71561605459057	0.00268635106468472	-0.022941804590122
Muscle Skeletal	UBERON:0011907	ENSG00000158517.16	NCF1	0.330908569682152	0.00051814424684379	-0.00565521211243087
Brain Nucleus accumbens basal ganglia	UBERON:0001882	ENSG00000158517.16	NCF1	0.573693368421053	0.000898302266953459	-0.00909127833774626
Bladder	UBERON:0001255	ENSG00000158517.16	NCF1	2.30526480519481	0.00360963663591571	-0.0292883414046136
Cervix Endocervix	UBERON:0000458	ENSG00000158517.16	NCF1	1.45143565217391	0.0022726913163967	-0.0199573718406928
Spleen	UBERON:0002106	ENSG00000158517.16	NCF1	85.2519458483755	0.133489456969953	-0.387813876464842
Brain Substantia nigra	UBERON:0002038	ENSG00000158517.16	NCF1	1.85258595628415	0.00290082168604536	-0.0244519619971595
Brain Hypothalamus	UBERON:0001898	ENSG00000158517.16	NCF1	1.09266821011673	0.00171092500664126	-0.0157251250123681
Brain Caudate basal ganglia	UBERON:0001873	ENSG00000158517.16	NCF1	0.7189832	0.00112580042582509	-0.0110270273712969
Breast Mammary Tissue	UBERON:0008367	ENSG00000158517.16	NCF1	1.76643861867704	0.00276593020407223	-0.0235049289008802
Minor Salivary Gland	UBERON:0006330	ENSG00000158517.16	NCF1	2.62979154696133	0.00411778806987463	-0.0326290014345935
Heart Atrial Appendage	UBERON:0006631	ENSG00000158517.16	NCF1	1.04343180043384	0.00163382950428864	-0.0151252204936519
Adrenal Gland	UBERON:0002369	ENSG00000158517.16	NCF1	1.5547706779661	0.00243449567571899	-0.0211366842543009
Colon Transverse	UBERON:0001157	ENSG00000158517.16	NCF1	4.75526189979123	0.00744589841834247	-0.0526375752426934
Stomach	UBERON:0000945	ENSG00000158517.16	NCF1	2.11334845208845	0.00330912959757332	-0.027265019009257
Artery Tibial	UBERON:0007610	ENSG00000158517.16	NCF1	1.41016532561505	0.00220806929016033	-0.0194817927845036
Brain Cerebellar Hemisphere	UBERON:0002037	ENSG00000158517.16	NCF1	0.46272274368231	0.000724541911238677	-0.00755743818452717
Artery Aorta	UBERON:0001496	ENSG00000158517.16	NCF1	2.88979091101695	0.00452490105216417	-0.0352394680358659
Heart Left Ventricle	UBERON:0006566	ENSG00000158517.16	NCF1	0.879418318584071	0.00137701342331828	-0.0130874683463861
Brain Anterior cingulate cortex BA24	UBERON:0009835	ENSG00000158517.16	NCF1	0.491379356223176	0.000769413094044076	-0.0079587736499424
Cells EBV-transformed lymphocytes	EFO:0000572	ENSG00000158517.16	NCF1	174.137129969419	0.272667921964701	-0.511193214902521
Colon Sigmoid	UBERON:0001159	ENSG00000158517.16	NCF1	2.13219737470167	0.0033386436739861	-0.0274654261639766
Fallopian Tube	UBERON:0003889	ENSG00000158517.16	NCF1	3.06984724137931	0.00480683739420172	-0.0370159948587425
Cells Cultured fibroblasts	EFO:0002009	ENSG00000158517.16	NCF1	0.0471910122699387	7.38927720544988e-05	-0.00101411971594309
Brain Hippocampus	UBERON:0001954	ENSG00000158517.16	NCF1	0.82407231372549	0.00129035137636432	-0.0123848187100958
Pancreas	UBERON:0001150	ENSG00000158517.16	NCF1	0.437025745856354	0.000684304961203004	-0.00719414799265175
Lung	UBERON:0008952	ENSG00000158517.16	NCF1	18.5482641556291	0.0290432984869794	-0.148284942428621
Brain Amygdala	UBERON:0001876	ENSG00000135218.19	CD36	1.02640784530387	0.000442272702497051	-0.00492814573405533
Brain Cortex	UBERON:0001870	ENSG00000135218.19	CD36	0.281707333333333	0.000121385922951208	-0.00157900159074503
Kidney Medulla	UBERON:0001293	ENSG00000135218.19	CD36	7.01424272727273	0.00302239319501965	-0.0252977119014573
Uterus	UBERON:0000995	ENSG00000135218.19	CD36	3.87483882352941	0.00166964374450538	-0.0154045405466299
Skin Not Sun Exposed Suprapubic	UBERON:0036149	ENSG00000135218.19	CD36	16.1284612903226	0.00694965280577943	-0.0498209725093427
Whole Blood	UBERON:0013756	ENSG00000135218.19	CD36	19.8688232876712	0.00856135132937647	-0.0587988965121165
Kidney Cortex	UBERON:0001225	ENSG00000135218.19	CD36	2.25055894230769	0.000969751731826107	-0.00970730883590428
Brain Frontal Cortex BA9	UBERON:0009834	ENSG00000135218.19	CD36	0.274831486988848	0.000118423163889454	-0.00154468345563194
Vagina	UBERON:0000996	ENSG00000135218.19	CD36	10.8596988235294	0.00467937610664354	-0.0362158820778398
Prostate	UBERON:0002367	ENSG00000135218.19	CD36	3.12996404255319	0.00134868187353807	-0.0128586488415727
Esophagus Mucosa	UBERON:0006920	ENSG00000135218.19	CD36	3.47810589576547	0.00149869401440099	-0.0140608647762443
Liver	UBERON:0001114	ENSG00000135218.19	CD36	4.0832177480916	0.00175943291606249	-0.016099996647107
Pituitary	UBERON:0000007	ENSG00000135218.19	CD36	1.58114990415335	0.000681307576089142	-0.0071669510923505
Thyroid	UBERON:0002046	ENSG00000135218.19	CD36	68.2717995321637	0.0294178901901201	-0.149653585084303
Esophagus Muscularis	UBERON:0004648	ENSG00000135218.19	CD36	26.6370632976827	0.0114777434965566	-0.0739742536912175
Brain Spinal cord cervical c-1	UBERON:0006469	ENSG00000135218.19	CD36	0.765321666666667	0.000329772305760199	-0.00381422633719611
Brain Putamen basal ganglia	UBERON:0001874	ENSG00000135218.19	CD36	0.186423149606299	8.03285658440976e-05	-0.00109276790856328
Adipose Visceral Omentum	UBERON:0010414	ENSG00000135218.19	CD36	509.533251448041	0.2195546820507	-0.480242449514819
Nerve Tibial	UBERON:0001323	ENSG00000135218.19	CD36	34.1717913134328	0.0147244105376873	-0.0896075546551914
Ovary	UBERON:0000992	ENSG00000135218.19	CD36	3.41479098445596	0.0014714120162544	-0.0138439020915525
Cervix Ectocervix	UBERON:0012249	ENSG00000135218.19	CD36	5.86139166666667	0.00252563690415178	-0.0217940669550254
Testis	UBERON:0000473	ENSG00000135218.19	CD36	3.06064942028986	0.00131881463757409	-0.0126164962534993
Skin Sun Exposed Lower leg	UBERON:0004264	ENSG00000135218.19	CD36	24.5119468435013	0.0105620441460382	-0.0693394724671871
Adipose Subcutaneous	UBERON:0002190	ENSG00000135218.19	CD36	511.821736834734	0.220540776049522	-0.480973557136663
Small Intestine Terminal Ileum	UBERON:0001211	ENSG00000135218.19	CD36	21.4083658454106	0.00922473056087391	-0.0623617385613395
Artery Coronary	UBERON:0001621	ENSG00000135218.19	CD36	69.2572739179104	0.0298425249216452	-0.151196752184591
Brain Cerebellum	UBERON:0002037	ENSG00000135218.19	CD36	0.26072	0.000112342612658903	-0.00147391340939325
Esophagus Gastroesophageal Junction	UBERON:0004550	ENSG00000135218.19	CD36	27.3665625806452	0.0117920801618711	-0.0755405130598695
Muscle Skeletal	UBERON:0011907	ENSG00000135218.19	CD36	46.4056392909535	0.0199958988955674	-0.112859893788224
Brain Nucleus accumbens basal ganglia	UBERON:0001882	ENSG00000135218.19	CD36	0.377339894736842	0.000162593393813946	-0.00204647260337578
Bladder	UBERON:0001255	ENSG00000135218.19	CD36	12.7850484415584	0.00550899718048215	-0.0413394848741296
Cervix Endocervix	UBERON:0000458	ENSG00000135218.19	CD36	2.02768347826087	0.00087371609233322	-0.00887743413454463
Spleen	UBERON:0002106	ENSG00000135218.19	CD36	119.368441877256	0.0514351128778511	-0.220198996433687
Brain Substantia nigra	UBERON:0002038	ENSG00000135218.19	CD36	0.476770765027322	0.000205437532151554	-0.00251640692034225
Brain Hypothalamus	UBERON:0001898	ENSG00000135218.19	CD36	2.98957128404669	0.00128818751449768	-0.0123671690937299
Brain Caudate basal ganglia	UBERON:0001873	ENSG00000135218.19	CD36	1.26991093333333	0.000547196655779273	-0.00592923306640115
Breast Mammary Tissue	UBERON:0008367	ENSG00000135218.19	CD36	400.155978132296	0.172424701037361	-0.437262425818896
Minor Salivary Gland	UBERON:0006330	ENSG00000135218.19	CD36	9.46520403314917	0.00407849704830301	-0.0323740763910476
Heart Atrial Appendage	UBERON:0006631	ENSG00000135218.19	CD36	64.7913232104121	0.02791817477403	-0.144131808695323
Adrenal Gland	UBERON:0002369	ENSG00000135218.19	CD36	8.66969718644068	0.00373571813779642	-0.0301263204108016
Colon Transverse	UBERON:0001157	ENSG00000135218.19	CD36	21.6225579749478	0.00931702460599197	-0.0628518558700857
Stomach	UBERON:0000945	ENSG00000135218.19	CD36	16.7478462899263	0.0072165419170759	-0.0513419186354682
Artery Tibial	UBERON:0007610	ENSG00000135218.19	CD36	16.5463471635311	0.00712971720739608	-0.0508487112748455
Brain Cerebellar Hemisphere	UBERON:0002037	ENSG00000135218.19	CD36	0.229205379061372	9.87631601688732e-05	-0.00131410976795372
Artery Aorta	UBERON:0001496	ENSG00000135218.19	CD36	9.89855900423729	0.00426522698716754	-0.0335808220285418
Heart Left Ventricle	UBERON:0006566	ENSG00000135218.19	CD36	120.652676836283	0.0519884816664556	-0.221765403399806
Brain Anterior cingulate cortex BA24	UBERON:0009835	ENSG00000135218.19	CD36	0.272855579399142	0.000117571757702739	-0.00153480181010094
Cells EBV-transformed lymphocytes	EFO:0000572	ENSG00000135218.19	CD36	0.138040366972477	5.94807282835293e-05	-0.000834943959382906
Colon Sigmoid	UBERON:0001159	ENSG00000135218.19	CD36	22.185717947494	0.00955968670579543	-0.0641342264119996
Fallopian Tube	UBERON:0003889	ENSG00000135218.19	CD36	9.69757275862069	0.00417862327459823	-0.033022642607379
Cells Cultured fibroblasts	EFO:0002009	ENSG00000135218.19	CD36	1.41084243865031	0.000607923157441059	-0.00649494365703069
Brain Hippocampus	UBERON:0001954	ENSG00000135218.19	CD36	2.07078494117647	0.000892288242353776	-0.00903906062789517
Pancreas	UBERON:0001150	ENSG00000135218.19	CD36	5.8979146961326	0.00254137444846147	-0.0219070933137068
Lung	UBERON:0008952	ENSG00000135218.19	CD36	44.2232215066225	0.0190555087613046	-0.108876470718287
Brain Amygdala	UBERON:0001876	ENSG00000085563.15	ABCB1	7.80611049723757	0.0150533780089895	-0.0911296719728552
Brain Cortex	UBERON:0001870	ENSG00000085563.15	ABCB1	8.69206148148148	0.0167618543453134	-0.0988727215952387
Kidney Medulla	UBERON:0001293	ENSG00000085563.15	ABCB1	10.6664245454545	0.0205692349274215	-0.115256993927603
Uterus	UBERON:0000995	ENSG00000085563.15	ABCB1	18.5886359477124	0.035846503030085	-0.172135760864338
Skin Not Sun Exposed Suprapubic	UBERON:0036149	ENSG00000085563.15	ABCB1	1.42671356374808	0.00275128805738179	-0.0234015677927892
Whole Blood	UBERON:0013756	ENSG00000085563.15	ABCB1	1.85664059775841	0.00358036345434566	-0.0290928814017777
Kidney Cortex	UBERON:0001225	ENSG00000085563.15	ABCB1	8.39429288461539	0.016187634540275	-0.0962996552265138
Brain Frontal Cortex BA9	UBERON:0009834	ENSG00000085563.15	ABCB1	8.9696529739777	0.017297164429651	-0.101245849524223
Vagina	UBERON:0000996	ENSG00000085563.15	ABCB1	5.87249117647059	0.0113245680502666	-0.073206539592568
Prostate	UBERON:0002367	ENSG00000085563.15	ABCB1	7.90017691489362	0.0152347765868637	-0.0919645437070514
Esophagus Mucosa	UBERON:0006920	ENSG00000085563.15	ABCB1	2.62196403908795	0.0050562204852641	-0.038567458938599
Liver	UBERON:0001114	ENSG00000085563.15	ABCB1	9.15790160305344	0.0176601848831987	-0.102841539066242
Pituitary	UBERON:0000007	ENSG00000085563.15	ABCB1	1.94798319488818	0.0037565093907123	-0.0302639106100118
Thyroid	UBERON:0002046	ENSG00000085563.15	ABCB1	6.27118796783626	0.0120934187491546	-0.0770306517830955
Esophagus Muscularis	UBERON:0004648	ENSG00000085563.15	ABCB1	3.5472873083779	0.00684062271196392	-0.0491954096313773
Brain Spinal cord cervical c-1	UBERON:0006469	ENSG00000085563.15	ABCB1	16.0958001470588	0.0310392946726246	-0.155499429767733
Brain Putamen basal ganglia	UBERON:0001874	ENSG00000085563.15	ABCB1	11.1385448818898	0.0214796762916074	-0.119016393365155
Adipose Visceral Omentum	UBERON:0010414	ENSG00000085563.15	ABCB1	6.06722688245315	0.0117000982448546	-0.0750834563550307
Nerve Tibial	UBERON:0001323	ENSG00000085563.15	ABCB1	12.8255874179104	0.0247329852245197	-0.132010325272454
Ovary	UBERON:0000992	ENSG00000085563.15	ABCB1	4.63157424870466	0.00893157199954133	-0.0607960509766178
Cervix Ectocervix	UBERON:0012249	ENSG00000085563.15	ABCB1	5.74499708333333	0.0110787072238553	-0.0719680204874865
Testis	UBERON:0000473	ENSG00000085563.15	ABCB1	2.5649647826087	0.00494630257488899	-0.0378858770766334
Skin Sun Exposed Lower leg	UBERON:0004264	ENSG00000085563.15	ABCB1	1.31905667108753	0.00254368147775857	-0.0219236504607464
Adipose Subcutaneous	UBERON:0002190	ENSG00000085563.15	ABCB1	3.33107861344538	0.00642368380047897	-0.0467797283095308
Small Intestine Terminal Ileum	UBERON:0001211	ENSG00000085563.15	ABCB1	37.0315720772947	0.0714120371398697	-0.27191482227389
Artery Coronary	UBERON:0001621	ENSG00000085563.15	ABCB1	3.19402597014925	0.00615939017468442	-0.0452283821220413
Brain Cerebellum	UBERON:0002037	ENSG00000085563.15	ABCB1	5.6719004887218	0.0109377470529422	-0.0712543970962151
Esophagus Gastroesophageal Junction	UBERON:0004550	ENSG00000085563.15	ABCB1	4.14823493796526	0.00799949585819802	-0.0557234898342153
Muscle Skeletal	UBERON:0011907	ENSG00000085563.15	ABCB1	0.256422310513447	0.00049448723169668	-0.00543034955137945
Brain Nucleus accumbens basal ganglia	UBERON:0001882	ENSG00000085563.15	ABCB1	7.19307442105263	0.0138711933869264	-0.0856097358207739
Bladder	UBERON:0001255	ENSG00000085563.15	ABCB1	4.52618064935065	0.00872832997633843	-0.0597024634391051
Cervix Endocervix	UBERON:0000458	ENSG00000085563.15	ABCB1	11.4093330434783	0.0220018667676702	-0.121147344442964
Spleen	UBERON:0002106	ENSG00000085563.15	ABCB1	5.32662693140794	0.0102719182286393	-0.0678475665118344
Brain Substantia nigra	UBERON:0002038	ENSG00000085563.15	ABCB1	13.7835336065574	0.0265802978003635	-0.13910795986875
Brain Hypothalamus	UBERON:0001898	ENSG00000085563.15	ABCB1	11.387313385214	0.0219594038484484	-0.120974735721428
Brain Caudate basal ganglia	UBERON:0001873	ENSG00000085563.15	ABCB1	10.8649654	0.0209521030068265	-0.11684487368704
Breast Mammary Tissue	UBERON:0008367	ENSG00000085563.15	ABCB1	9.86235787937743	0.0190186650920125	-0.108719061717854
Minor Salivary Gland	UBERON:0006330	ENSG00000085563.15	ABCB1	1.84789187845304	0.00356349234051185	-0.0289800745949996
Heart Atrial Appendage	UBERON:0006631	ENSG00000085563.15	ABCB1	0.527624989154013	0.0010174770664001	-0.0101145238197574
Adrenal Gland	UBERON:0002369	ENSG00000085563.15	ABCB1	158.71300338983	0.306063670993976	-0.522786219158952
Colon Transverse	UBERON:0001157	ENSG00000085563.15	ABCB1	10.3532470981211	0.0199653005480313	-0.112731302353864
Stomach	UBERON:0000945	ENSG00000085563.15	ABCB1	2.35504894348894	0.00454149886663223	-0.0353447406741435
Artery Tibial	UBERON:0007610	ENSG00000085563.15	ABCB1	1.23510026049204	0.00238177913402168	-0.0207542151831065
Brain Cerebellar Hemisphere	UBERON:0002037	ENSG00000085563.15	ABCB1	5.56221220216606	0.0107262231139375	-0.0701786103683937
Artery Aorta	UBERON:0001496	ENSG00000085563.15	ABCB1	1.50855716101695	0.00290911603172827	-0.0245098944105994
Heart Left Ventricle	UBERON:0006566	ENSG00000085563.15	ABCB1	1.66498831858407	0.0032107793694526	-0.0265944384219613
Brain Anterior cingulate cortex BA24	UBERON:0009835	ENSG00000085563.15	ABCB1	7.80354669527897	0.0150484339488155	-0.0911068733746617
Cells EBV-transformed lymphocytes	EFO:0000572	ENSG00000085563.15	ABCB1	1.47362544342508	0.00284175337402571	-0.0240384001205611
Colon Sigmoid	UBERON:0001159	ENSG00000085563.15	ABCB1	3.72245818615752	0.00717842390505698	-0.0511255761047215
Fallopian Tube	UBERON:0003889	ENSG00000085563.15	ABCB1	13.781605862069	0.0265765803194876	-0.139093867252758
Cells Cultured fibroblasts	EFO:0002009	ENSG00000085563.15	ABCB1	0.0803611963190184	0.00015496929820208	-0.00196124958948302
Brain Hippocampus	UBERON:0001954	ENSG00000085563.15	ABCB1	10.9407177647059	0.0210981845901446	-0.117448051612446
Pancreas	UBERON:0001150	ENSG00000085563.15	ABCB1	0.92329226519337	0.00178048561900967	-0.0162620894405732
Lung	UBERON:0008952	ENSG00000085563.15	ABCB1	3.97486766556291	0.00766517275493379	-0.0538667407466856
Brain Amygdala	UBERON:0001876	ENSG00000104365.16	IKBKB	8.04172226519337	0.0048676127893783	-0.0373957753840637
Brain Cortex	UBERON:0001870	ENSG00000104365.16	IKBKB	10.185157	0.00616502272027096	-0.0452616121261127
Kidney Medulla	UBERON:0001293	ENSG00000104365.16	IKBKB	28.16666	0.0170491332489177	-0.100149298938105
Uterus	UBERON:0000995	ENSG00000104365.16	IKBKB	53.4789699346405	0.0323705432035801	-0.160207470679082
Skin Not Sun Exposed Suprapubic	UBERON:0036149	ENSG00000104365.16	IKBKB	41.9133901689708	0.0253699577409839	-0.134479424810435
Whole Blood	UBERON:0013756	ENSG00000104365.16	IKBKB	23.3421308343711	0.0141288707609942	-0.0868248782533296
Kidney Cortex	UBERON:0001225	ENSG00000104365.16	IKBKB	20.1602068269231	0.0122028686581211	-0.0775691924149419
Brain Frontal Cortex BA9	UBERON:0009834	ENSG00000104365.16	IKBKB	8.48701200743494	0.00513714436145156	-0.0390670462056835
Vagina	UBERON:0000996	ENSG00000104365.16	IKBKB	48.6873470588235	0.0294701987222548	-0.149844154769261
Prostate	UBERON:0002367	ENSG00000104365.16	IKBKB	56.2677826241135	0.0340585970640341	-0.166064173890168
Esophagus Mucosa	UBERON:0006920	ENSG00000104365.16	IKBKB	37.4390618892508	0.0226616700334479	-0.123814345864348
Liver	UBERON:0001114	ENSG00000104365.16	IKBKB	10.9705522519084	0.0066404183938387	-0.0480401742048857
Pituitary	UBERON:0000007	ENSG00000104365.16	IKBKB	31.1526776357827	0.0188565542408308	-0.108025241652301
Thyroid	UBERON:0002046	ENSG00000104365.16	IKBKB	53.9746466374269	0.0326705737416059	-0.161257521826274
Esophagus Muscularis	UBERON:0004648	ENSG00000104365.16	IKBKB	33.1969793226381	0.0200939594518208	-0.113271544675074
Brain Spinal cord cervical c-1	UBERON:0006469	ENSG00000104365.16	IKBKB	13.7814796078431	0.00834185814723365	-0.0576039965917827
Brain Putamen basal ganglia	UBERON:0001874	ENSG00000104365.16	IKBKB	8.81181492125984	0.00533374588102957	-0.0402731693617009
Adipose Visceral Omentum	UBERON:0010414	ENSG00000104365.16	IKBKB	31.5644303236797	0.0191057860078048	-0.109091106870114
Nerve Tibial	UBERON:0001323	ENSG00000104365.16	IKBKB	49.8045629850746	0.0301464437294536	-0.152295865463439
Ovary	UBERON:0000992	ENSG00000104365.16	IKBKB	39.7844777202073	0.0240813380745325	-0.129459843837454
Cervix Ectocervix	UBERON:0012249	ENSG00000104365.16	IKBKB	46.7363208333333	0.0282892526643794	-0.145508660123466
Testis	UBERON:0000473	ENSG00000104365.16	IKBKB	25.6127712560386	0.0155032776345599	-0.0931945882627215
Skin Sun Exposed Lower leg	UBERON:0004264	ENSG00000104365.16	IKBKB	43.5805107427056	0.0263790571799524	-0.138343994313469
Adipose Subcutaneous	UBERON:0002190	ENSG00000104365.16	IKBKB	40.8201259103641	0.0247082105540166	-0.131913816842377
Small Intestine Terminal Ileum	UBERON:0001211	ENSG00000104365.16	IKBKB	44.413847826087	0.0268834717955239	-0.140254748041752
Artery Coronary	UBERON:0001621	ENSG00000104365.16	IKBKB	34.398525	0.0208212488201025	-0.116303323088357
Brain Cerebellum	UBERON:0002037	ENSG00000104365.16	IKBKB	35.1438439849624	0.0212723865370903	-0.118165433109697
Esophagus Gastroesophageal Junction	UBERON:0004550	ENSG00000104365.16	IKBKB	34.241982133995	0.0207264942350119	-0.115910433407289
Muscle Skeletal	UBERON:0011907	ENSG00000104365.16	IKBKB	18.631592591687	0.0112776063876662	-0.0729705712976936
Brain Nucleus accumbens basal ganglia	UBERON:0001882	ENSG00000104365.16	IKBKB	8.63833543859649	0.00522873964969505	-0.0396302964794008
Bladder	UBERON:0001255	ENSG00000104365.16	IKBKB	43.407248051948	0.0262741821716344	-0.137944982681661
Cervix Endocervix	UBERON:0000458	ENSG00000104365.16	IKBKB	49.1281782608696	0.029737031563066	-0.150814196921954
Spleen	UBERON:0002106	ENSG00000104365.16	IKBKB	75.4440386281589	0.0456658853910253	-0.203338286412621
Brain Substantia nigra	UBERON:0002038	ENSG00000104365.16	IKBKB	10.3938255737705	0.00629132872599101	-0.0460048351008806
Brain Hypothalamus	UBERON:0001898	ENSG00000104365.16	IKBKB	8.97990544747082	0.00543549020496616	-0.0408932264065205
Brain Caudate basal ganglia	UBERON:0001873	ENSG00000104365.16	IKBKB	9.96184526666667	0.00602985328599487	-0.0444620963304449
Breast Mammary Tissue	UBERON:0008367	ENSG00000104365.16	IKBKB	46.5403861867704	0.0281706544387705	-0.145069379950756
Minor Salivary Gland	UBERON:0006330	ENSG00000104365.16	IKBKB	34.5866392265193	0.0209351133860093	-0.116774627531364
Heart Atrial Appendage	UBERON:0006631	ENSG00000104365.16	IKBKB	11.1720493926247	0.00676238356831621	-0.0487449678239649
Adrenal Gland	UBERON:0002369	ENSG00000104365.16	IKBKB	29.5529696949153	0.0178882593189905	-0.103838540148416
Colon Transverse	UBERON:0001157	ENSG00000104365.16	IKBKB	29.3593972860125	0.0177710909435887	-0.103326879523243
Stomach	UBERON:0000945	ENSG00000104365.16	IKBKB	27.0835719410319	0.0163935456628263	-0.0972256647019815
Artery Tibial	UBERON:0007610	ENSG00000104365.16	IKBKB	28.7877661070912	0.0174250855549957	-0.101809380966283
Brain Cerebellar Hemisphere	UBERON:0002037	ENSG00000104365.16	IKBKB	32.1755271480144	0.0194756797469302	-0.110664366773179
Artery Aorta	UBERON:0001496	ENSG00000104365.16	IKBKB	35.5321334745763	0.0215074161518043	-0.119130050721394
Heart Left Ventricle	UBERON:0006566	ENSG00000104365.16	IKBKB	7.09767931415929	0.00429618848614599	-0.0337797571846366
Brain Anterior cingulate cortex BA24	UBERON:0009835	ENSG00000104365.16	IKBKB	7.1572739055794	0.00433226078332415	-0.0340111246155341
Cells EBV-transformed lymphocytes	EFO:0000572	ENSG00000104365.16	IKBKB	42.7466801223242	0.0258743438289938	-0.136418180454348
Colon Sigmoid	UBERON:0001159	ENSG00000104365.16	IKBKB	32.6010198090692	0.0197332282484124	-0.111753794374834
Fallopian Tube	UBERON:0003889	ENSG00000104365.16	IKBKB	52.8281793103448	0.0319766230131577	-0.158822725576398
Cells Cultured fibroblasts	EFO:0002009	ENSG00000104365.16	IKBKB	25.8197794478528	0.0156285786196911	-0.0937663082700814
Brain Hippocampus	UBERON:0001954	ENSG00000104365.16	IKBKB	8.82182721568627	0.00533980627093039	-0.0403101808951763
Pancreas	UBERON:0001150	ENSG00000104365.16	IKBKB	13.0745661049724	0.00791396706941672	-0.055250436921814
Lung	UBERON:0008952	ENSG00000104365.16	IKBKB	48.4060996688742	0.0292999611354356	-0.149223455020406
Brain Amygdala	UBERON:0001876	ENSG00000254087.8	LYN	2.81046762430939	0.00379555089320514	-0.0305218275750013
Brain Cortex	UBERON:0001870	ENSG00000254087.8	LYN	3.25560103703704	0.00439670584253106	-0.0344233984436572
Kidney Medulla	UBERON:0001293	ENSG00000254087.8	LYN	5.85565454545455	0.00790809139662732	-0.0552178902548236
Uterus	UBERON:0000995	ENSG00000254087.8	LYN	4.76057751633987	0.00642918427098271	-0.0468118459465949
Skin Not Sun Exposed Suprapubic	UBERON:0036149	ENSG00000254087.8	LYN	3.89555278033794	0.00526096394317038	-0.0398279019536797
Whole Blood	UBERON:0013756	ENSG00000254087.8	LYN	168.396511457036	0.227420349533626	-0.485898755444499
Kidney Cortex	UBERON:0001225	ENSG00000254087.8	LYN	4.84925096153846	0.00654893821200517	-0.0475094246207147
Brain Frontal Cortex BA9	UBERON:0009834	ENSG00000254087.8	LYN	3.69103698884758	0.00498476432131687	-0.0381247685273909
Vagina	UBERON:0000996	ENSG00000254087.8	LYN	7.56651788235294	0.0102186210787162	-0.0675722225190451
Prostate	UBERON:0002367	ENSG00000254087.8	LYN	7.96389180851064	0.010755276597292	-0.0703267269693836
Esophagus Mucosa	UBERON:0006920	ENSG00000254087.8	LYN	7.85881667752443	0.0106133720957711	-0.0696022085510554
Liver	UBERON:0001114	ENSG00000254087.8	LYN	5.45027820610687	0.00736062857813163	-0.0521570851639943
Pituitary	UBERON:0000007	ENSG00000254087.8	LYN	6.62499587859425	0.00894709079975888	-0.060879277099371
Thyroid	UBERON:0002046	ENSG00000254087.8	LYN	16.1282558918129	0.0217812920264661	-0.120249430725722
Esophagus Muscularis	UBERON:0004648	ENSG00000254087.8	LYN	5.07331386809269	0.00685153631267357	-0.0492581389493862
Brain Spinal cord cervical c-1	UBERON:0006469	ENSG00000254087.8	LYN	7.2803144117647	0.00983210182866913	-0.0655632515111046
Brain Putamen basal ganglia	UBERON:0001874	ENSG00000254087.8	LYN	1.90057078740157	0.00256673056374177	-0.022088904444197
Adipose Visceral Omentum	UBERON:0010414	ENSG00000254087.8	LYN	12.4045023168654	0.0167523437883804	-0.0988303388562961
Nerve Tibial	UBERON:0001323	ENSG00000254087.8	LYN	5.76906547761194	0.00779115241787905	-0.0545688228599453
Ovary	UBERON:0000992	ENSG00000254087.8	LYN	3.97708756476684	0.0053710770863319	-0.0405009980916101
Cervix Ectocervix	UBERON:0012249	ENSG00000254087.8	LYN	6.9759575	0.00942106626351632	-0.0634027766921791
Testis	UBERON:0000473	ENSG00000254087.8	LYN	2.71694103864734	0.00366924276117844	-0.029685281779965
Skin Sun Exposed Lower leg	UBERON:0004264	ENSG00000254087.8	LYN	4.30323523872679	0.00581154118721961	-0.0431615229819605
Adipose Subcutaneous	UBERON:0002190	ENSG00000254087.8	LYN	11.3379641316527	0.0153119785173105	-0.0923189116501386
Small Intestine Terminal Ileum	UBERON:0001211	ENSG00000254087.8	LYN	22.2366856038647	0.0300307575777216	-0.151878013443176
Artery Coronary	UBERON:0001621	ENSG00000254087.8	LYN	10.3491503731343	0.0139765804818038	-0.0861075425749189
Brain Cerebellum	UBERON:0002037	ENSG00000254087.8	LYN	10.3540133458647	0.0139831479513348	-0.0861385266536921
Esophagus Gastroesophageal Junction	UBERON:0004550	ENSG00000254087.8	LYN	4.8842405955335	0.00659619189157582	-0.0477838095298454
Muscle Skeletal	UBERON:0011907	ENSG00000254087.8	LYN	0.83311880195599	0.00112513120078623	-0.0110214376243014
Brain Nucleus accumbens basal ganglia	UBERON:0001882	ENSG00000254087.8	LYN	1.74477073684211	0.00235632179904102	-0.0205689166577459
Bladder	UBERON:0001255	ENSG00000254087.8	LYN	8.51631155844156	0.0115013222934383	-0.0740921675114159
Cervix Endocervix	UBERON:0000458	ENSG00000254087.8	LYN	6.42032	0.00867067497945323	-0.0593910019794754
Spleen	UBERON:0002106	ENSG00000254087.8	LYN	80.8680729241877	0.109212745866305	-0.348911445059455
Brain Substantia nigra	UBERON:0002038	ENSG00000254087.8	LYN	3.80184300546448	0.00513440841317725	-0.039050185905641
Brain Hypothalamus	UBERON:0001898	ENSG00000254087.8	LYN	2.5733093385214	0.00347526741594046	-0.0283882789363863
Brain Caudate basal ganglia	UBERON:0001873	ENSG00000254087.8	LYN	2.04615896666667	0.00276334814405832	-0.0234867098903375
Breast Mammary Tissue	UBERON:0008367	ENSG00000254087.8	LYN	11.1165987743191	0.0150130234706539	-0.0909435161092354
Minor Salivary Gland	UBERON:0006330	ENSG00000254087.8	LYN	18.2905548066298	0.0247014877641867	-0.131887622386567
Heart Atrial Appendage	UBERON:0006631	ENSG00000254087.8	LYN	3.16322026030369	0.00427194513131973	-0.033624015201854
Adrenal Gland	UBERON:0002369	ENSG00000254087.8	LYN	6.82074518644068	0.00921145124063867	-0.0622911108849018
Colon Transverse	UBERON:0001157	ENSG00000254087.8	LYN	7.55933987473904	0.010208927142741	-0.0675220986160555
Stomach	UBERON:0000945	ENSG00000254087.8	LYN	7.61321218673219	0.0102816819754727	-0.0678979647281288
Artery Tibial	UBERON:0007610	ENSG00000254087.8	LYN	6.14496408104197	0.00829880540333339	-0.0573686509286755
Brain Cerebellar Hemisphere	UBERON:0002037	ENSG00000254087.8	LYN	11.9745601083032	0.0161717046379345	-0.0962278594902234
Artery Aorta	UBERON:0001496	ENSG00000254087.8	LYN	8.94375523305085	0.0120785871610088	-0.0769575643264861
Heart Left Ventricle	UBERON:0006566	ENSG00000254087.8	LYN	1.81833168141593	0.00245566623071751	-0.0212898153565741
Brain Anterior cingulate cortex BA24	UBERON:0009835	ENSG00000254087.8	LYN	3.33127330472103	0.00449890162686052	-0.0350743884361297
Cells EBV-transformed lymphocytes	EFO:0000572	ENSG00000254087.8	LYN	123.451922018349	0.166722451748496	-0.430890791469852
Colon Sigmoid	UBERON:0001159	ENSG00000254087.8	LYN	5.7960214797136	0.0078275566365113	-0.0547711534021994
Fallopian Tube	UBERON:0003889	ENSG00000254087.8	LYN	9.05782793103448	0.0122326429227536	-0.0777154490275919
Cells Cultured fibroblasts	EFO:0002009	ENSG00000254087.8	LYN	3.39406033742331	0.0045836958354803	-0.0356119841647819
Brain Hippocampus	UBERON:0001954	ENSG00000254087.8	LYN	3.15616462745098	0.0042624164630851	-0.0335627477107532
Pancreas	UBERON:0001150	ENSG00000254087.8	LYN	4.56741436464088	0.00616831644719998	-0.0452810404962454
Lung	UBERON:0008952	ENSG00000254087.8	LYN	38.7893680463576	0.0523852398304688	-0.222883260799344
Brain Amygdala	UBERON:0001876	ENSG00000012779.12	ALOX5	3.64785419889503	0.0025175673329322	-0.0217360568313166
Brain Cortex	UBERON:0001870	ENSG00000012779.12	ALOX5	2.99397107407407	0.00206628975854243	-0.0184287046446252
Kidney Medulla	UBERON:0001293	ENSG00000012779.12	ALOX5	3.92948090909091	0.00271193206546045	-0.0231231890806777
Uterus	UBERON:0000995	ENSG00000012779.12	ALOX5	10.3300300653595	0.00712927239488741	-0.0508461806077577
Skin Not Sun Exposed Suprapubic	UBERON:0036149	ENSG00000012779.12	ALOX5	8.74266267281106	0.00603375045926504	-0.0444852085174117
Whole Blood	UBERON:0013756	ENSG00000012779.12	ALOX5	402.329298505604	0.277667648917012	-0.513287807110587
Kidney Cortex	UBERON:0001225	ENSG00000012779.12	ALOX5	9.77067153846154	0.00674323099138453	-0.0486345033763853
Brain Frontal Cortex BA9	UBERON:0009834	ENSG00000012779.12	ALOX5	2.33121572490706	0.00160888901667771	-0.0149300387399024
Vagina	UBERON:0000996	ENSG00000012779.12	ALOX5	14.2935832352941	0.00986471943824509	-0.0657336197763781
Prostate	UBERON:0002367	ENSG00000012779.12	ALOX5	21.462269787234	0.0148121899508169	-0.0900147334623802
Esophagus Mucosa	UBERON:0006920	ENSG00000012779.12	ALOX5	13.6568376872964	0.00942526936605892	-0.0634249979788413
Liver	UBERON:0001114	ENSG00000012779.12	ALOX5	3.91089713740458	0.00269910647157176	-0.0230322917230465
Pituitary	UBERON:0000007	ENSG00000012779.12	ALOX5	6.1393543769968	0.00423707669826916	-0.0333996682171926
Thyroid	UBERON:0002046	ENSG00000012779.12	ALOX5	9.97902321637427	0.00688702494516524	-0.0494619477463297
Esophagus Muscularis	UBERON:0004648	ENSG00000012779.12	ALOX5	13.1586873440285	0.00908147080319967	-0.0615983297443528
Brain Spinal cord cervical c-1	UBERON:0006469	ENSG00000012779.12	ALOX5	13.2299691666667	0.00913066596789677	-0.0618608480669615
Brain Putamen basal ganglia	UBERON:0001874	ENSG00000012779.12	ALOX5	2.16074039370079	0.00149123543144239	-0.014001621406205
Adipose Visceral Omentum	UBERON:0010414	ENSG00000012779.12	ALOX5	23.5359791822828	0.0162433609204655	-0.0965506350596166
Nerve Tibial	UBERON:0001323	ENSG00000012779.12	ALOX5	20.696073	0.0142833990789881	-0.0875503352656781
Ovary	UBERON:0000992	ENSG00000012779.12	ALOX5	4.83744865284974	0.00333856619237698	-0.0274649005408384
Cervix Ectocervix	UBERON:0012249	ENSG00000012779.12	ALOX5	11.3103508333333	0.00780584097649179	-0.0546504896802094
Testis	UBERON:0000473	ENSG00000012779.12	ALOX5	4.9820543236715	0.00343836582612547	-0.0281397964715438
Skin Sun Exposed Lower leg	UBERON:0004264	ENSG00000012779.12	ALOX5	8.64050920424403	0.00596324922171888	-0.0440665372140635
Adipose Subcutaneous	UBERON:0002190	ENSG00000012779.12	ALOX5	18.0522427310924	0.0124587590698465	-0.078822778818134
Small Intestine Terminal Ileum	UBERON:0001211	ENSG00000012779.12	ALOX5	56.3794062318841	0.0389102589194765	-0.182244197962245
Artery Coronary	UBERON:0001621	ENSG00000012779.12	ALOX5	26.0359182462687	0.0179686943846479	-0.104189149314802
Brain Cerebellum	UBERON:0002037	ENSG00000012779.12	ALOX5	41.718584887218	0.0287920900237826	-0.147363205029237
Esophagus Gastroesophageal Junction	UBERON:0004550	ENSG00000012779.12	ALOX5	12.5423355334988	0.00865609547316225	-0.0593121536979548
Muscle Skeletal	UBERON:0011907	ENSG00000012779.12	ALOX5	1.58973210268949	0.00109715394081731	-0.0107872376474001
Brain Nucleus accumbens basal ganglia	UBERON:0001882	ENSG00000012779.12	ALOX5	2.51353968421053	0.00173471993505495	-0.015909257941404
Bladder	UBERON:0001255	ENSG00000012779.12	ALOX5	77.6722898701299	0.053605546984392	-0.226294417192304
Cervix Endocervix	UBERON:0000458	ENSG00000012779.12	ALOX5	11.9444008695652	0.00824343074067298	-0.0570654741203891
Spleen	UBERON:0002106	ENSG00000012779.12	ALOX5	156.138429963899	0.107758969865491	-0.346350274288881
Brain Substantia nigra	UBERON:0002038	ENSG00000012779.12	ALOX5	6.55062043715847	0.00452091205509904	-0.0352141545023149
Brain Hypothalamus	UBERON:0001898	ENSG00000012779.12	ALOX5	4.83435618677043	0.00333643192627012	-0.0274504209926812
Brain Caudate basal ganglia	UBERON:0001873	ENSG00000012779.12	ALOX5	2.85676243333333	0.00197159518664053	-0.0177175842323062
Breast Mammary Tissue	UBERON:0008367	ENSG00000012779.12	ALOX5	21.698413540856	0.01497516461142	-0.0907687305705872
Minor Salivary Gland	UBERON:0006330	ENSG00000012779.12	ALOX5	20.6318133701657	0.0142390502821129	-0.0873423809253764
Heart Atrial Appendage	UBERON:0006631	ENSG00000012779.12	ALOX5	5.8434237527115	0.00403284011646153	-0.0320771621906797
Adrenal Gland	UBERON:0002369	ENSG00000012779.12	ALOX5	10.3873528813559	0.00716883374825183	-0.0510711003098606
Colon Transverse	UBERON:0001157	ENSG00000012779.12	ALOX5	15.161673131524	0.0104638318604079	-0.0688357416064545
Stomach	UBERON:0000945	ENSG00000012779.12	ALOX5	11.2755012039312	0.00778178949752254	-0.0545167451759631
Artery Tibial	UBERON:0007610	ENSG00000012779.12	ALOX5	9.60170836468886	0.00662662102191604	-0.0479602416839307
Brain Cerebellar Hemisphere	UBERON:0002037	ENSG00000012779.12	ALOX5	40.010813032491	0.0276134709235827	-0.142995915936588
Artery Aorta	UBERON:0001496	ENSG00000012779.12	ALOX5	17.6466563771186	0.0121788435634217	-0.0774511003788843
Heart Left Ventricle	UBERON:0006566	ENSG00000012779.12	ALOX5	3.12061028761062	0.00215368983806436	-0.0190794818237639
Brain Anterior cingulate cortex BA24	UBERON:0009835	ENSG00000012779.12	ALOX5	2.4270391416309	0.0016750215676297	-0.01544638661457
Cells EBV-transformed lymphocytes	EFO:0000572	ENSG00000012779.12	ALOX5	70.2379542201835	0.0484747386916627	-0.211670912206928
Colon Sigmoid	UBERON:0001159	ENSG00000012779.12	ALOX5	10.5566257995227	0.0072856574878782	-0.0517334510796203
Fallopian Tube	UBERON:0003889	ENSG00000012779.12	ALOX5	18.0162324137931	0.0124339065418839	-0.0787013632675197
Cells Cultured fibroblasts	EFO:0002009	ENSG00000012779.12	ALOX5	0.0638640030674847	4.40757549799231e-05	-0.000637760976910789
Brain Hippocampus	UBERON:0001954	ENSG00000012779.12	ALOX5	3.54094776470588	0.00244378583517486	-0.0212039145101127
Pancreas	UBERON:0001150	ENSG00000012779.12	ALOX5	13.8159037016575	0.00953504880890409	-0.0640044343010236
Lung	UBERON:0008952	ENSG00000012779.12	ALOX5	140.025820529801	0.0966388491183769	-0.325794001909267
Brain Amygdala	UBERON:0001876	ENSG00000171862.12	PTEN	10.2029016022099	0.00727736130587993	-0.051686504215339
Brain Cortex	UBERON:0001870	ENSG00000171862.12	PTEN	10.9988758888889	0.00784510102348125	-0.0548685758322509
Kidney Medulla	UBERON:0001293	ENSG00000171862.12	PTEN	13.7189327272727	0.00978521935032673	-0.0653181014156837
Uterus	UBERON:0000995	ENSG00000171862.12	PTEN	45.0980366013072	0.032166801105131	-0.159492126195119
Skin Not Sun Exposed Suprapubic	UBERON:0036149	ENSG00000171862.12	PTEN	20.467006359447	0.0145983766123135	-0.0890216048689245
Whole Blood	UBERON:0013756	ENSG00000171862.12	PTEN	52.2584763013699	0.0372740841936042	-0.176890998252564
Kidney Cortex	UBERON:0001225	ENSG00000171862.12	PTEN	13.1711252884615	0.00939448808448621	-0.0632621984352604
Brain Frontal Cortex BA9	UBERON:0009834	ENSG00000171862.12	PTEN	15.0396125650558	0.0107272125914314	-0.0701836566565531
Vagina	UBERON:0000996	ENSG00000171862.12	PTEN	40.8078147058824	0.0291067407387112	-0.148517228700852
Prostate	UBERON:0002367	ENSG00000171862.12	PTEN	28.6020290780142	0.0204007945775845	-0.114555170992336
Esophagus Mucosa	UBERON:0006920	ENSG00000171862.12	PTEN	18.2731962540717	0.0130336110783748	-0.0816115111845527
Liver	UBERON:0001114	ENSG00000171862.12	PTEN	11.5795204580153	0.00825925382869054	-0.0571521602852393
Pituitary	UBERON:0000007	ENSG00000171862.12	PTEN	18.3861041533546	0.0131141442060482	-0.0819992360214802
Thyroid	UBERON:0002046	ENSG00000171862.12	PTEN	31.6523464912281	0.0225764758473878	-0.123471556645916
Esophagus Muscularis	UBERON:0004648	ENSG00000171862.12	PTEN	23.9053818181818	0.017050845673964	-0.100156887361848
Brain Spinal cord cervical c-1	UBERON:0006469	ENSG00000171862.12	PTEN	9.24647901960784	0.00659517961227321	-0.0477779367240725
Brain Putamen basal ganglia	UBERON:0001874	ENSG00000171862.12	PTEN	8.7986887007874	0.00627578694669799	-0.0459135814202449
Adipose Visceral Omentum	UBERON:0010414	ENSG00000171862.12	PTEN	47.2602131175468	0.0337090035421668	-0.164861372257844
Nerve Tibial	UBERON:0001323	ENSG00000171862.12	PTEN	47.9217223880597	0.0341808342190076	-0.166483515331932
Ovary	UBERON:0000992	ENSG00000171862.12	PTEN	32.7665347150259	0.0233711860762483	-0.126651384301464
Cervix Ectocervix	UBERON:0012249	ENSG00000171862.12	PTEN	51.2141791666667	0.0365292247549633	-0.174419926959931
Testis	UBERON:0000473	ENSG00000171862.12	PTEN	20.6184369565217	0.014706386589342	-0.0895238544198552
Skin Sun Exposed Lower leg	UBERON:0004264	ENSG00000171862.12	PTEN	21.4310934084881	0.0152860250930822	-0.0921998445082289
Adipose Subcutaneous	UBERON:0002190	ENSG00000171862.12	PTEN	46.0109826330532	0.032817972544866	-0.161771931822445
Small Intestine Terminal Ileum	UBERON:0001211	ENSG00000171862.12	PTEN	22.3028280193237	0.0159078019143462	-0.0950351444090008
Artery Coronary	UBERON:0001621	ENSG00000171862.12	PTEN	41.9329794776119	0.0299092801428696	-0.15143855155522
Brain Cerebellum	UBERON:0002037	ENSG00000171862.12	PTEN	33.8890458646617	0.0241718327475843	-0.129815536610982
Esophagus Gastroesophageal Junction	UBERON:0004550	ENSG00000171862.12	PTEN	25.9033885111663	0.0184759517039256	-0.106388363849846
Muscle Skeletal	UBERON:0011907	ENSG00000171862.12	PTEN	10.0821262469438	0.00719121660593226	-0.051198214817618
Brain Nucleus accumbens basal ganglia	UBERON:0001882	ENSG00000171862.12	PTEN	10.4447649824561	0.00744987372179225	-0.0526599413265505
Bladder	UBERON:0001255	ENSG00000171862.12	PTEN	26.7256311688312	0.0190624277020513	-0.108906019377209
Cervix Endocervix	UBERON:0000458	ENSG00000171862.12	PTEN	53.7505043478261	0.0383382939249041	-0.180384358593155
Spleen	UBERON:0002106	ENSG00000171862.12	PTEN	36.6508938628159	0.0261417591996963	-0.137440297940539
Brain Substantia nigra	UBERON:0002038	ENSG00000171862.12	PTEN	9.94349158469945	0.007092333507182	-0.0506358846244876
Brain Hypothalamus	UBERON:0001898	ENSG00000171862.12	PTEN	12.8575553307393	0.00917082995604558	-0.0620748900219594
Brain Caudate basal ganglia	UBERON:0001873	ENSG00000171862.12	PTEN	9.76514126666667	0.00696512266521308	-0.0499095303975068
Breast Mammary Tissue	UBERON:0008367	ENSG00000171862.12	PTEN	39.4797976653697	0.0281595141358316	-0.145028080025151
Minor Salivary Gland	UBERON:0006330	ENSG00000171862.12	PTEN	13.7213396132597	0.00978693609519323	-0.0653270840402863
Heart Atrial Appendage	UBERON:0006631	ENSG00000171862.12	PTEN	12.2965259002169	0.00877066792093793	-0.0599308296656763
Adrenal Gland	UBERON:0002369	ENSG00000171862.12	PTEN	18.187474440678	0.0129724688041294	-0.0813166639680817
Colon Transverse	UBERON:0001157	ENSG00000171862.12	PTEN	21.548398914405	0.0153696948747785	-0.0925834710139171
Stomach	UBERON:0000945	ENSG00000171862.12	PTEN	17.3465237592138	0.012372649048138	-0.0784017870971929
Artery Tibial	UBERON:0007610	ENSG00000171862.12	PTEN	41.4223981186686	0.0295451008956373	-0.150116804112053
Brain Cerebellar Hemisphere	UBERON:0002037	ENSG00000171862.12	PTEN	45.6086172924188	0.032530979876023	-0.160769465948766
Artery Aorta	UBERON:0001496	ENSG00000171862.12	PTEN	35.1825224576271	0.025094422896417	-0.133414233864039
Heart Left Ventricle	UBERON:0006566	ENSG00000171862.12	PTEN	7.90950413716814	0.00564156370419735	-0.0421407273970134
Brain Anterior cingulate cortex BA24	UBERON:0009835	ENSG00000171862.12	PTEN	12.4335036051502	0.00886836917186775	-0.0604566965581122
Cells EBV-transformed lymphocytes	EFO:0000572	ENSG00000171862.12	PTEN	58.1659483180428	0.0414876706757469	-0.190477095443159
Colon Sigmoid	UBERON:0001159	ENSG00000171862.12	PTEN	26.6472627684964	0.0190065303518234	-0.108667195344474
Fallopian Tube	UBERON:0003889	ENSG00000171862.12	PTEN	42.1258517241379	0.0300468489520741	-0.151936173041846
Cells Cultured fibroblasts	EFO:0002009	ENSG00000171862.12	PTEN	24.0993055214724	0.0171891644493126	-0.100769014604741
Brain Hippocampus	UBERON:0001954	ENSG00000171862.12	PTEN	9.31372121568628	0.00664314104275075	-0.0480559424788214
Pancreas	UBERON:0001150	ENSG00000171862.12	PTEN	9.9435105801105	0.00709234705592281	-0.0506359618093266
Lung	UBERON:0008952	ENSG00000171862.12	PTEN	32.8953938741722	0.0234630966616132	-0.127016599937326
Brain Amygdala	UBERON:0001876	ENSG00000026103.23	FAS	0.944439116022099	0.0049516899920735	-0.0379193650105627
Brain Cortex	UBERON:0001870	ENSG00000026103.23	FAS	0.851872037037037	0.00446636121774615	-0.0348674722225673
Kidney Medulla	UBERON:0001293	ENSG00000026103.23	FAS	1.52890363636364	0.00801603481536597	-0.0558148128253584
Uterus	UBERON:0000995	ENSG00000026103.23	FAS	7.40360888888889	0.0388170877491268	-0.181942068153447
Skin Not Sun Exposed Suprapubic	UBERON:0036149	ENSG00000026103.23	FAS	3.74077705069124	0.0196128770719537	-0.111245317567131
Whole Blood	UBERON:0013756	ENSG00000026103.23	FAS	3.62717779576588	0.0190172766947794	-0.108713127988784
Kidney Cortex	UBERON:0001225	ENSG00000026103.23	FAS	2.04789211538462	0.0107370890516557	-0.0702340189194689
Brain Frontal Cortex BA9	UBERON:0009834	ENSG00000026103.23	FAS	0.907622862453532	0.00475866254197279	-0.0367141671263675
Vagina	UBERON:0000996	ENSG00000026103.23	FAS	5.39686835294118	0.028295756241392	-0.145532728179269
Prostate	UBERON:0002367	ENSG00000026103.23	FAS	4.48870978723404	0.0235342850096957	-0.127299116685535
Esophagus Mucosa	UBERON:0006920	ENSG00000026103.23	FAS	2.86633315960912	0.0150281717260563	-0.0910134134771001
Liver	UBERON:0001114	ENSG00000026103.23	FAS	1.51987103053435	0.00796867690406343	-0.0555531854398265
Pituitary	UBERON:0000007	ENSG00000026103.23	FAS	1.70384734824281	0.00893326390148954	-0.0608051264037877
Thyroid	UBERON:0002046	ENSG00000026103.23	FAS	4.03130419590643	0.021136109573639	-0.117604406701709
Esophagus Muscularis	UBERON:0004648	ENSG00000026103.23	FAS	2.89984741532977	0.0152038868164506	-0.0918225972922774
Brain Spinal cord cervical c-1	UBERON:0006469	ENSG00000026103.23	FAS	0.690910196078431	0.00362243901730036	-0.029373716392221
Brain Putamen basal ganglia	UBERON:0001874	ENSG00000026103.23	FAS	0.967401377952756	0.00507208102699411	-0.0386655210119438
Adipose Visceral Omentum	UBERON:0010414	ENSG00000026103.23	FAS	5.27036804088586	0.0276325156803309	-0.143067053654877
Nerve Tibial	UBERON:0001323	ENSG00000026103.23	FAS	4.51506268656716	0.0236724531411043	-0.127846562367185
Ovary	UBERON:0000992	ENSG00000026103.23	FAS	11.0040670466321	0.0576942735032156	-0.237436632064113
Cervix Ectocervix	UBERON:0012249	ENSG00000026103.23	FAS	5.6959225	0.0298636957749814	-0.151273460112536
Testis	UBERON:0000473	ENSG00000026103.23	FAS	1.79246785024155	0.00939790079061791	-0.0632802551066901
Skin Sun Exposed Lower leg	UBERON:0004264	ENSG00000026103.23	FAS	2.69776027851459	0.0141443448767761	-0.0868976332941351
Adipose Subcutaneous	UBERON:0002190	ENSG00000026103.23	FAS	3.5730600280112	0.0187335374844501	-0.107497399965374
Small Intestine Terminal Ileum	UBERON:0001211	ENSG00000026103.23	FAS	3.3999	0.0178256602447381	-0.103565315508288
Artery Coronary	UBERON:0001621	ENSG00000026103.23	FAS	6.32855817164179	0.0331806017255647	-0.163033422119155
Brain Cerebellum	UBERON:0002037	ENSG00000026103.23	FAS	0.300484135338346	0.00157543695563847	-0.0146673688830659
Esophagus Gastroesophageal Junction	UBERON:0004550	ENSG00000026103.23	FAS	3.08557253101737	0.0161776427537316	-0.0962546250991425
Muscle Skeletal	UBERON:0011907	ENSG00000026103.23	FAS	0.439214119804401	0.00230279763355538	-0.0201780262695802
Brain Nucleus accumbens basal ganglia	UBERON:0001882	ENSG00000026103.23	FAS	0.826306912280702	0.00433232338486261	-0.034011525763609
Bladder	UBERON:0001255	ENSG00000026103.23	FAS	3.39235077922078	0.0177860797145099	-0.103392395750615
Cervix Endocervix	UBERON:0000458	ENSG00000026103.23	FAS	6.104	0.0320032442524431	-0.158916526662821
Spleen	UBERON:0002106	ENSG00000026103.23	FAS	4.08063205776173	0.0213947353291117	-0.118668046636947
Brain Substantia nigra	UBERON:0002038	ENSG00000026103.23	FAS	0.691724535519126	0.00362670859528609	-0.0294021743162707
Brain Hypothalamus	UBERON:0001898	ENSG00000026103.23	FAS	0.50226373540856	0.00263336648155711	-0.0225649907683874
Brain Caudate basal ganglia	UBERON:0001873	ENSG00000026103.23	FAS	1.24400406666667	0.00652230766654093	-0.0473545742439809
Breast Mammary Tissue	UBERON:0008367	ENSG00000026103.23	FAS	3.93142842412451	0.0206124613562015	-0.11543677948149
Minor Salivary Gland	UBERON:0006330	ENSG00000026103.23	FAS	2.12554055248619	0.011144199454405	-0.0722986983375535
Heart Atrial Appendage	UBERON:0006631	ENSG00000026103.23	FAS	1.73726188720174	0.0091084561773554	-0.06174237826329
Adrenal Gland	UBERON:0002369	ENSG00000026103.23	FAS	6.99502149152542	0.0366748658821063	-0.174904800910343
Colon Transverse	UBERON:0001157	ENSG00000026103.23	FAS	3.37781705636743	0.0177098794716571	-0.103059133420232
Stomach	UBERON:0000945	ENSG00000026103.23	FAS	1.40641891891892	0.00737384799859422	-0.0522316686785832
Artery Tibial	UBERON:0007610	ENSG00000026103.23	FAS	5.12737858176556	0.0268828225961645	-0.140252297665319
Brain Cerebellar Hemisphere	UBERON:0002037	ENSG00000026103.23	FAS	0.242605920577617	0.0012719817387507	-0.0122348187970674
Artery Aorta	UBERON:0001496	ENSG00000026103.23	FAS	4.18233298728814	0.0219279528403067	-0.120846813278145
Heart Left Ventricle	UBERON:0006566	ENSG00000026103.23	FAS	0.721162831858407	0.00378105344917237	-0.0304261221369765
Brain Anterior cingulate cortex BA24	UBERON:0009835	ENSG00000026103.23	FAS	0.794936223175966	0.00416784700449132	-0.0329530071750491
Cells EBV-transformed lymphocytes	EFO:0000572	ENSG00000026103.23	FAS	17.6180711926606	0.0923714671749093	-0.317426132511506
Colon Sigmoid	UBERON:0001159	ENSG00000026103.23	FAS	3.00842816229117	0.015773175179183	-0.0944242690473008
Fallopian Tube	UBERON:0003889	ENSG00000026103.23	FAS	6.76774413793103	0.0354832517503681	-0.17091281608646
Cells Cultured fibroblasts	EFO:0002009	ENSG00000026103.23	FAS	9.88948688650307	0.0518505347903163	-0.221375719358637
Brain Hippocampus	UBERON:0001954	ENSG00000026103.23	FAS	0.751047490196078	0.00393773857698713	-0.0314562975911147
Pancreas	UBERON:0001150	ENSG00000026103.23	FAS	0.541936325966851	0.0028413696935106	-0.0240357080625661
Lung	UBERON:0008952	ENSG00000026103.23	FAS	10.9509382615894	0.0574157195247493	-0.236691159951833
Brain Amygdala	UBERON:0001876	ENSG00000149131.17	SERPING1	21.3869865745856	0.00114170733671525	-0.0111597227199373
Brain Cortex	UBERON:0001870	ENSG00000149131.17	SERPING1	28.4190327037037	0.00151710097292179	-0.0142068422623261
Kidney Medulla	UBERON:0001293	ENSG00000149131.17	SERPING1	188.471545454545	0.0100612279087142	-0.0667567482451536
Uterus	UBERON:0000995	ENSG00000149131.17	SERPING1	749.193882352941	0.0399944213328758	-0.185736388817266
Skin Not Sun Exposed Suprapubic	UBERON:0036149	ENSG00000149131.17	SERPING1	200.802776344086	0.0107195093701169	-0.0701443671155549
Whole Blood	UBERON:0013756	ENSG00000149131.17	SERPING1	13.5316999377335	0.000722366427980001	-0.00753788033711771
Kidney Cortex	UBERON:0001225	ENSG00000149131.17	SERPING1	223.799096153846	0.0119471281818036	-0.0763086053809057
Brain Frontal Cortex BA9	UBERON:0009834	ENSG00000149131.17	SERPING1	24.3773109665428	0.00130134063921674	-0.0124743724030371
Vagina	UBERON:0000996	ENSG00000149131.17	SERPING1	579.391594117647	0.0309298194735543	-0.155108645722747
Prostate	UBERON:0002367	ENSG00000149131.17	SERPING1	349.467361702128	0.0186557114723196	-0.107162861840457
Esophagus Mucosa	UBERON:0006920	ENSG00000149131.17	SERPING1	125.213915472313	0.00668432859650554	-0.0482942849900327
Liver	UBERON:0001114	ENSG00000149131.17	SERPING1	980.072690458015	0.0523194877084665	-0.222698306223652
Pituitary	UBERON:0000007	ENSG00000149131.17	SERPING1	138.947145047923	0.0074174533361031	-0.0524774464244111
Thyroid	UBERON:0002046	ENSG00000149131.17	SERPING1	395.980444005848	0.0211387320294327	-0.117615214790841
Esophagus Muscularis	UBERON:0004648	ENSG00000149131.17	SERPING1	451.962370766488	0.02412723049242	-0.12964028693997
Brain Spinal cord cervical c-1	UBERON:0006469	ENSG00000149131.17	SERPING1	35.2665875	0.00188264585799603	-0.0170436355804922
Brain Putamen basal ganglia	UBERON:0001874	ENSG00000149131.17	SERPING1	21.1798622834646	0.00113065036419787	-0.0110675196767073
Adipose Visceral Omentum	UBERON:0010414	ENSG00000149131.17	SERPING1	825.426666098807	0.0440639768168778	-0.198475453298193
Nerve Tibial	UBERON:0001323	ENSG00000149131.17	SERPING1	813.246017910448	0.0434137339528774	-0.196477738827828
Ovary	UBERON:0000992	ENSG00000149131.17	SERPING1	979.734538860104	0.0523014360694986	-0.222647507798761
Cervix Ectocervix	UBERON:0012249	ENSG00000149131.17	SERPING1	544.716	0.0290787227764571	-0.14841466888179
Testis	UBERON:0000473	ENSG00000149131.17	SERPING1	60.0410911111111	0.00320518994047541	-0.0265561987785529
Skin Sun Exposed Lower leg	UBERON:0004264	ENSG00000149131.17	SERPING1	264.260388461538	0.0141070843831867	-0.0867224032397602
Adipose Subcutaneous	UBERON:0002190	ENSG00000149131.17	SERPING1	808.418557422969	0.0431560283131868	-0.195682124185267
Small Intestine Terminal Ileum	UBERON:0001211	ENSG00000149131.17	SERPING1	266.623686956522	0.014233244991235	-0.0873151448089972
Artery Coronary	UBERON:0001621	ENSG00000149131.17	SERPING1	903.465626865672	0.0482299519413509	-0.210954280190716
Brain Cerebellum	UBERON:0002037	ENSG00000149131.17	SERPING1	20.4277144360902	0.00109049825054468	-0.0107313717261605
Esophagus Gastroesophageal Junction	UBERON:0004550	ENSG00000149131.17	SERPING1	548.593198511166	0.029285700321922	-0.149171394301394
Muscle Skeletal	UBERON:0011907	ENSG00000149131.17	SERPING1	65.6442327628362	0.00350430397929147	-0.0285834033342951
Brain Nucleus accumbens basal ganglia	UBERON:0001882	ENSG00000149131.17	SERPING1	19.8916833684211	0.00106188315787929	-0.010490512825572
Bladder	UBERON:0001255	ENSG00000149131.17	SERPING1	591.314532467532	0.0315663049429679	-0.157372891455963
Cervix Endocervix	UBERON:0000458	ENSG00000149131.17	SERPING1	623.914434782609	0.0333065944185105	-0.163470375547366
Spleen	UBERON:0002106	ENSG00000149131.17	SERPING1	236.687177256318	0.0126351361299808	-0.079682411788752
Brain Substantia nigra	UBERON:0002038	ENSG00000149131.17	SERPING1	24.3412400546448	0.00129941505589006	-0.0124586901472369
Brain Hypothalamus	UBERON:0001898	ENSG00000149131.17	SERPING1	23.7654029571984	0.00126867498708165	-0.0122077765516508
Brain Caudate basal ganglia	UBERON:0001873	ENSG00000149131.17	SERPING1	25.2507892333333	0.0013479697677374	-0.012852886538333
Breast Mammary Tissue	UBERON:0008367	ENSG00000149131.17	SERPING1	697.865585603113	0.0372543488698382	-0.176825805171399
Minor Salivary Gland	UBERON:0006330	ENSG00000149131.17	SERPING1	206.632265745856	0.0110307065926005	-0.0717253052232322
Heart Atrial Appendage	UBERON:0006631	ENSG00000149131.17	SERPING1	261.134179609544	0.0139401971234983	-0.0859358120637087
Adrenal Gland	UBERON:0002369	ENSG00000149131.17	SERPING1	108.653980677966	0.00580030508135083	-0.0430942685512066
Colon Transverse	UBERON:0001157	ENSG00000149131.17	SERPING1	250.206226931106	0.0133568272455242	-0.0831633307977259
Stomach	UBERON:0000945	ENSG00000149131.17	SERPING1	280.021757248157	0.0149484778313755	-0.0906454409681443
Artery Tibial	UBERON:0007610	ENSG00000149131.17	SERPING1	1097.62159479016	0.058594632924966	-0.239832969270978
Brain Cerebellar Hemisphere	UBERON:0002037	ENSG00000149131.17	SERPING1	16.26192566787	0.000868114812686509	-0.00882857704477609
Artery Aorta	UBERON:0001496	ENSG00000149131.17	SERPING1	1093.5925720339	0.0583795505044214	-0.239262346208165
Heart Left Ventricle	UBERON:0006566	ENSG00000149131.17	SERPING1	78.9201774336283	0.00421301735410982	-0.0332446268250305
Brain Anterior cingulate cortex BA24	UBERON:0009835	ENSG00000149131.17	SERPING1	19.7734807725322	0.00105557311646816	-0.0104372512854723
Cells EBV-transformed lymphocytes	EFO:0000572	ENSG00000149131.17	SERPING1	1.70326840978593	9.09260420146683e-05	-0.00122067728772359
Colon Sigmoid	UBERON:0001159	ENSG00000149131.17	SERPING1	332.459354415274	0.0177477683811044	-0.103224899846225
Fallopian Tube	UBERON:0003889	ENSG00000149131.17	SERPING1	894.38724137931	0.0477453180131833	-0.209530181179509
Cells Cultured fibroblasts	EFO:0002009	ENSG00000149131.17	SERPING1	262.055666257669	0.013989389096532	-0.0861679670720826
Brain Hippocampus	UBERON:0001954	ENSG00000149131.17	SERPING1	17.0869858823529	0.000912159227116841	-0.00921137308955176
Pancreas	UBERON:0001150	ENSG00000149131.17	SERPING1	101.235580110497	0.00540428658079983	-0.0407033577176039
Lung	UBERON:0008952	ENSG00000149131.17	SERPING1	839.620488410596	0.0448216895041181	-0.200785891913645
Brain Amygdala	UBERON:0001876	ENSG00000137752.24	CASP1	2.76142486187845	0.00312473558653026	-0.0260042063185031
Brain Cortex	UBERON:0001870	ENSG00000137752.24	CASP1	1.90648655555556	0.00215731612604281	-0.0191063709843088
Kidney Medulla	UBERON:0001293	ENSG00000137752.24	CASP1	9.44587727272727	0.0106886373290672	-0.0699868270363075
Uterus	UBERON:0000995	ENSG00000137752.24	CASP1	12.9125630065359	0.0146114224206666	-0.0890823293074064
Skin Not Sun Exposed Suprapubic	UBERON:0036149	ENSG00000137752.24	CASP1	24.222170030722	0.0274089937129403	-0.142230937307078
Whole Blood	UBERON:0013756	ENSG00000137752.24	CASP1	107.808644856787	0.121992640020792	-0.370264007548889
Kidney Cortex	UBERON:0001225	ENSG00000137752.24	CASP1	9.50506375	0.0107556107580127	-0.0703284298838643
Brain Frontal Cortex BA9	UBERON:0009834	ENSG00000137752.24	CASP1	1.92895687732342	0.0021827427871257	-0.0192946651447457
Vagina	UBERON:0000996	ENSG00000137752.24	CASP1	24.5719025882353	0.027804739323591	-0.143709500828126
Prostate	UBERON:0002367	ENSG00000137752.24	CASP1	17.6094442198582	0.019926255380847	-0.11256711438096
Esophagus Mucosa	UBERON:0006920	ENSG00000137752.24	CASP1	22.6914949348534	0.0256769332069657	-0.135661079822482
Liver	UBERON:0001114	ENSG00000137752.24	CASP1	5.31063416030534	0.00600933517215496	-0.0443403536674749
Pituitary	UBERON:0000007	ENSG00000137752.24	CASP1	6.54371031948882	0.00740464272105623	-0.0524052789538177
Thyroid	UBERON:0002046	ENSG00000137752.24	CASP1	11.8162132748538	0.0133708299029547	-0.0832303030974243
Esophagus Muscularis	UBERON:0004648	ENSG00000137752.24	CASP1	8.75361689839572	0.00990529875024848	-0.0659453564568775
Brain Spinal cord cervical c-1	UBERON:0006469	ENSG00000137752.24	CASP1	9.59300539215686	0.0108551225653333	-0.0708348870890364
Brain Putamen basal ganglia	UBERON:0001874	ENSG00000137752.24	CASP1	2.33514708661417	0.00264237397948325	-0.0226291576286494
Adipose Visceral Omentum	UBERON:0010414	ENSG00000137752.24	CASP1	20.4649489097104	0.0231574485395179	-0.125800057567693
Nerve Tibial	UBERON:0001323	ENSG00000137752.24	CASP1	18.2422237164179	0.0206422873970077	-0.115560754434912
Ovary	UBERON:0000992	ENSG00000137752.24	CASP1	12.5098964766839	0.0141557785055621	-0.0869513753837307
Cervix Ectocervix	UBERON:0012249	ENSG00000137752.24	CASP1	20.3258316666667	0.023000028141795	-0.125171226111769
Testis	UBERON:0000473	ENSG00000137752.24	CASP1	1.84043637681159	0.00208257596314099	-0.0185503687163269
Skin Sun Exposed Lower leg	UBERON:0004264	ENSG00000137752.24	CASP1	19.4746173872679	0.0220368226650432	-0.121289348922666
Adipose Subcutaneous	UBERON:0002190	ENSG00000137752.24	CASP1	15.9500895238095	0.0180485853630968	-0.104536872650072
Small Intestine Terminal Ileum	UBERON:0001211	ENSG00000137752.24	CASP1	63.8765349758454	0.0722805406508483	-0.273961239138498
Artery Coronary	UBERON:0001621	ENSG00000137752.24	CASP1	15.9004245149254	0.0179923861078471	-0.104292320251369
Brain Cerebellum	UBERON:0002037	ENSG00000137752.24	CASP1	1.75430327067669	0.00198511063441391	-0.0178194743851492
Esophagus Gastroesophageal Junction	UBERON:0004550	ENSG00000137752.24	CASP1	9.45973392059553	0.010704317046195	-0.0700668567130671
Muscle Skeletal	UBERON:0011907	ENSG00000137752.24	CASP1	1.58615921760391	0.00179484447379763	-0.0163724374790806
Brain Nucleus accumbens basal ganglia	UBERON:0001882	ENSG00000137752.24	CASP1	2.17828943859649	0.00246487913559064	-0.021356371886015
Bladder	UBERON:0001255	ENSG00000137752.24	CASP1	18.5877923376623	0.0210333212372897	-0.117180408408902
Cervix Endocervix	UBERON:0000458	ENSG00000137752.24	CASP1	11.7335082608696	0.0132772436881173	-0.0827822934520802
Spleen	UBERON:0002106	ENSG00000137752.24	CASP1	100.712818772563	0.113963241652111	-0.357087809354779
Brain Substantia nigra	UBERON:0002038	ENSG00000137752.24	CASP1	5.15319076502732	0.00583117751634436	-0.0432789822765761
Brain Hypothalamus	UBERON:0001898	ENSG00000137752.24	CASP1	3.61682583657588	0.0040926785870041	-0.0324661506877503
Brain Caudate basal ganglia	UBERON:0001873	ENSG00000137752.24	CASP1	2.79348093333333	0.00316100915986634	-0.0262534425328863
Breast Mammary Tissue	UBERON:0008367	ENSG00000137752.24	CASP1	17.9898485019455	0.0203567080844192	-0.114371149747507
Minor Salivary Gland	UBERON:0006330	ENSG00000137752.24	CASP1	15.0488951933702	0.0170288241399768	-0.100059282420224
Heart Atrial Appendage	UBERON:0006631	ENSG00000137752.24	CASP1	5.72501412147505	0.0064782336125533	-0.0470979490000778
Adrenal Gland	UBERON:0002369	ENSG00000137752.24	CASP1	7.08735908474576	0.00801981739657357	-0.055835692144576
Colon Transverse	UBERON:0001157	ENSG00000137752.24	CASP1	29.1138035281837	0.0329442018139439	-0.162211702482164
Stomach	UBERON:0000945	ENSG00000137752.24	CASP1	9.50903363636364	0.0107601029480289	-0.0703513210530588
Artery Tibial	UBERON:0007610	ENSG00000137752.24	CASP1	5.93012918958032	0.00671033493151011	-0.0484445886997774
Brain Cerebellar Hemisphere	UBERON:0002037	ENSG00000137752.24	CASP1	1.50599866425993	0.00170413748512385	-0.0156725137234473
Artery Aorta	UBERON:0001496	ENSG00000137752.24	CASP1	9.95962894067797	0.011269981453851	-0.0729322316964092
Heart Left Ventricle	UBERON:0006566	ENSG00000137752.24	CASP1	3.93324931415929	0.00445073276203097	-0.034767973403573
Brain Anterior cingulate cortex BA24	UBERON:0009835	ENSG00000137752.24	CASP1	1.84017969957082	0.00208228551579999	-0.0185482005789943
Cells EBV-transformed lymphocytes	EFO:0000572	ENSG00000137752.24	CASP1	34.127173058104	0.0386171623188015	-0.1812926721853
Colon Sigmoid	UBERON:0001159	ENSG00000137752.24	CASP1	13.3346870167064	0.0150890837667049	-0.0912942528155481
Fallopian Tube	UBERON:0003889	ENSG00000137752.24	CASP1	14.8459575862069	0.0167991867626567	-0.0990390141435
Cells Cultured fibroblasts	EFO:0002009	ENSG00000137752.24	CASP1	16.0680892331288	0.0181821098692315	-0.105116896685494
Brain Hippocampus	UBERON:0001954	ENSG00000137752.24	CASP1	2.77042309803922	0.0031349176882183	-0.0260742287044325
Pancreas	UBERON:0001150	ENSG00000137752.24	CASP1	2.80340417127072	0.00317223796248364	-0.0263304737428109
Lung	UBERON:0008952	ENSG00000137752.24	CASP1	66.2603938741722	0.0749780352796905	-0.280222021910818
Brain Amygdala	UBERON:0001876	ENSG00000150782.12	IL18	4.94547740331492	0.00345141062215567	-0.0282277005636771
Brain Cortex	UBERON:0001870	ENSG00000150782.12	IL18	2.34985822222222	0.00163994797009917	-0.0151730187673464
Kidney Medulla	UBERON:0001293	ENSG00000150782.12	IL18	20.0511936363636	0.0139935737360883	-0.0861877043950344
Uterus	UBERON:0000995	ENSG00000150782.12	IL18	4.35465032679739	0.00303907695212759	-0.0254132206144574
Skin Not Sun Exposed Suprapubic	UBERON:0036149	ENSG00000150782.12	IL18	175.769375576037	0.122668094592075	-0.371336934918589
Whole Blood	UBERON:0013756	ENSG00000150782.12	IL18	13.0971527770859	0.00914040213479297	-0.061912757416748
Kidney Cortex	UBERON:0001225	ENSG00000150782.12	IL18	32.4881306730769	0.0226732163863249	-0.123860768432102
Brain Frontal Cortex BA9	UBERON:0009834	ENSG00000150782.12	IL18	2.27578026022305	0.00158824953048236	-0.0147680947678506
Vagina	UBERON:0000996	ENSG00000150782.12	IL18	153.977940117647	0.107460019480319	-0.345820107262877
Prostate	UBERON:0002367	ENSG00000150782.12	IL18	17.3188710283688	0.0120867068143896	-0.0769975798022686
Esophagus Mucosa	UBERON:0006920	ENSG00000150782.12	IL18	155.322909283388	0.108398663110961	-0.347480709089204
Liver	UBERON:0001114	ENSG00000150782.12	IL18	3.2063170610687	0.00223766400290371	-0.0196999258973729
Pituitary	UBERON:0000007	ENSG00000150782.12	IL18	9.99618878594249	0.00697626322865202	-0.0499732743321046
Thyroid	UBERON:0002046	ENSG00000150782.12	IL18	8.59923356725146	0.0060013389317107	-0.0442928812343288
Esophagus Muscularis	UBERON:0004648	ENSG00000150782.12	IL18	8.76673213903743	0.00611823489598515	-0.0449853547551831
Brain Spinal cord cervical c-1	UBERON:0006469	ENSG00000150782.12	IL18	21.8370622058824	0.0152399176677134	-0.0919881595159505
Brain Putamen basal ganglia	UBERON:0001874	ENSG00000150782.12	IL18	2.85888641732283	0.00199519483026466	-0.0178954105140631
Adipose Visceral Omentum	UBERON:0010414	ENSG00000150782.12	IL18	44.8409950085179	0.0312941853453199	-0.156407135703042
Nerve Tibial	UBERON:0001323	ENSG00000150782.12	IL18	42.6099146119403	0.0297371315056906	-0.150814559603553
Ovary	UBERON:0000992	ENSG00000150782.12	IL18	2.94458321243523	0.00205500196409917	-0.0183442720047221
Cervix Ectocervix	UBERON:0012249	ENSG00000150782.12	IL18	124.343878333333	0.0867786358081498	-0.306026272205663
Testis	UBERON:0000473	ENSG00000150782.12	IL18	5.4028927294686	0.00377063725826676	-0.030357309758915
Skin Sun Exposed Lower leg	UBERON:0004264	ENSG00000150782.12	IL18	182.757688129973	0.127545184145337	-0.378926496166505
Adipose Subcutaneous	UBERON:0002190	ENSG00000150782.12	IL18	11.9672123529412	0.00835182540816953	-0.0576584363646936
Small Intestine Terminal Ileum	UBERON:0001211	ENSG00000150782.12	IL18	33.6820557487923	0.0235064475088895	-0.127188678340778
Artery Coronary	UBERON:0001621	ENSG00000150782.12	IL18	13.004281380597	0.00907558790186949	-0.0615669113411546
Brain Cerebellum	UBERON:0002037	ENSG00000150782.12	IL18	1.21655011278195	0.000849020961823805	-0.0086616373136199
Esophagus Gastroesophageal Junction	UBERON:0004550	ENSG00000150782.12	IL18	11.1356468238213	0.00777148222465828	-0.0544593960955827
Muscle Skeletal	UBERON:0011907	ENSG00000150782.12	IL18	5.52269138141809	0.00385424381555914	-0.0309084779046392
Brain Nucleus accumbens basal ganglia	UBERON:0001882	ENSG00000150782.12	IL18	3.46277596491228	0.00241664469833239	-0.0210073580543294
Bladder	UBERON:0001255	ENSG00000150782.12	IL18	26.5332587012987	0.0185173570625726	-0.106566982306683
Cervix Endocervix	UBERON:0000458	ENSG00000150782.12	IL18	7.76429782608696	0.00541864370314874	-0.0407907505322774
Spleen	UBERON:0002106	ENSG00000150782.12	IL18	65.0794179061372	0.0454184249420272	-0.202592450428988
Brain Substantia nigra	UBERON:0002038	ENSG00000150782.12	IL18	9.45721322404372	0.00660011633165622	-0.0478065753118877
Brain Hypothalamus	UBERON:0001898	ENSG00000150782.12	IL18	6.49829260700389	0.00453510840321612	-0.035304219153159
Brain Caudate basal ganglia	UBERON:0001873	ENSG00000150782.12	IL18	4.33746876666667	0.003027086073532	-0.0253302160846537
Breast Mammary Tissue	UBERON:0008367	ENSG00000150782.12	IL18	7.04293402723735	0.00491520945914244	-0.0376924380114738
Minor Salivary Gland	UBERON:0006330	ENSG00000150782.12	IL18	23.6641028176796	0.0165149952508078	-0.0977700870568396
Heart Atrial Appendage	UBERON:0006631	ENSG00000150782.12	IL18	3.7918651626898	0.0026463135169756	-0.0226572078433201
Adrenal Gland	UBERON:0002369	ENSG00000150782.12	IL18	8.28924505084746	0.00578500033160994	-0.0430026104636298
Colon Transverse	UBERON:0001157	ENSG00000150782.12	IL18	42.4907465970772	0.0296539650651678	-0.150512589331302
Stomach	UBERON:0000945	ENSG00000150782.12	IL18	9.6593814004914	0.00674120794622627	-0.0486228306775994
Artery Tibial	UBERON:0007610	ENSG00000150782.12	IL18	6.10090988422576	0.00425777805902361	-0.0335329125544821
Brain Cerebellar Hemisphere	UBERON:0002037	ENSG00000150782.12	IL18	1.48535314079422	0.00103661652651636	-0.0102769146400383
Artery Aorta	UBERON:0001496	ENSG00000150782.12	IL18	10.6651004872881	0.00744309155745221	-0.052621781274294
Heart Left Ventricle	UBERON:0006566	ENSG00000150782.12	IL18	1.15530634955752	0.000806279410767094	-0.00828567593909554
Brain Anterior cingulate cortex BA24	UBERON:0009835	ENSG00000150782.12	IL18	2.56791480686695	0.00179212798248167	-0.0163515739491227
Cells EBV-transformed lymphocytes	EFO:0000572	ENSG00000150782.12	IL18	1.16727391437309	0.000814631482156217	-0.00835939375033191
Colon Sigmoid	UBERON:0001159	ENSG00000150782.12	IL18	8.70762804295943	0.00607698660216425	-0.0447413773695278
Fallopian Tube	UBERON:0003889	ENSG00000150782.12	IL18	8.67904137931034	0.00605703618959047	-0.0446232289539658
Cells Cultured fibroblasts	EFO:0002009	ENSG00000150782.12	IL18	4.59941237730061	0.00320989450362246	-0.0265883856171257
Brain Hippocampus	UBERON:0001954	ENSG00000150782.12	IL18	5.20437431372549	0.00363209278360593	-0.0294380510907762
Pancreas	UBERON:0001150	ENSG00000150782.12	IL18	7.06761624309392	0.00493243498764826	-0.0377996378377726
Lung	UBERON:0008952	ENSG00000150782.12	IL18	40.7707581953642	0.0284535983956775	-0.146116201018919
Brain Amygdala	UBERON:0001876	ENSG00000110324.11	IL10RA	3.38386458563536	0.00383705277277253	-0.0307953631876392
Brain Cortex	UBERON:0001870	ENSG00000110324.11	IL10RA	2.89699074074074	0.00328497375505009	-0.0271007129982001
Kidney Medulla	UBERON:0001293	ENSG00000110324.11	IL10RA	5.26811181818182	0.00597365011148484	-0.044128378129583
Uterus	UBERON:0000995	ENSG00000110324.11	IL10RA	9.10789967320261	0.010327686232939	-0.0681352483426823
Skin Not Sun Exposed Suprapubic	UBERON:0036149	ENSG00000110324.11	IL10RA	7.34250050691244	0.00832585383254696	-0.0575165473311577
Whole Blood	UBERON:0013756	ENSG00000110324.11	IL10RA	94.8782928891656	0.107584983852994	-0.34604186835447
Kidney Cortex	UBERON:0001225	ENSG00000110324.11	IL10RA	7.78417288461539	0.00882667772151589	-0.0602324875718808
Brain Frontal Cortex BA9	UBERON:0009834	ENSG00000110324.11	IL10RA	2.45888959107807	0.0027881993751875	-0.0236619161413557
Vagina	UBERON:0000996	ENSG00000110324.11	IL10RA	11.5075921764706	0.0130487604782126	-0.0816845022984935
Prostate	UBERON:0002367	ENSG00000110324.11	IL10RA	13.3749932269504	0.0151662554894015	-0.0916495493394561
Esophagus Mucosa	UBERON:0006920	ENSG00000110324.11	IL10RA	7.6835793485342	0.0087126120735636	-0.0596176074586788
Liver	UBERON:0001114	ENSG00000110324.11	IL10RA	5.23773812977099	0.00593920858984984	-0.0439234977956498
Pituitary	UBERON:0000007	ENSG00000110324.11	IL10RA	9.65630955271565	0.0109495425736845	-0.071314212982894
Thyroid	UBERON:0002046	ENSG00000110324.11	IL10RA	14.8667859356725	0.0168578383540655	-0.0993000286353228
Esophagus Muscularis	UBERON:0004648	ENSG00000110324.11	IL10RA	11.8742461853832	0.0134645190719574	-0.0836778590150444
Brain Spinal cord cervical c-1	UBERON:0006469	ENSG00000110324.11	IL10RA	12.5838807352941	0.014269192293501	-0.0874837403972419
Brain Putamen basal ganglia	UBERON:0001874	ENSG00000110324.11	IL10RA	3.13129456692913	0.00355065700660922	-0.0288941754222375
Adipose Visceral Omentum	UBERON:0010414	ENSG00000110324.11	IL10RA	28.4906226746167	0.0323062640259666	-0.159981984921158
Nerve Tibial	UBERON:0001323	ENSG00000110324.11	IL10RA	21.0865150298507	0.0239105522445741	-0.128787225441272
Ovary	UBERON:0000992	ENSG00000110324.11	IL10RA	6.03617404145078	0.00684457600372253	-0.0492181353061017
Cervix Ectocervix	UBERON:0012249	ENSG00000110324.11	IL10RA	11.27417625	0.0127840840394227	-0.0804055910715595
Testis	UBERON:0000473	ENSG00000110324.11	IL10RA	2.54787084541063	0.00288909755241093	-0.0243700156140291
Skin Sun Exposed Lower leg	UBERON:0004264	ENSG00000110324.11	IL10RA	7.43890160477454	0.00843516556488409	-0.0581129588633235
Adipose Subcutaneous	UBERON:0002190	ENSG00000110324.11	IL10RA	29.5394234593838	0.0334955267335701	-0.164124321142666
Small Intestine Terminal Ileum	UBERON:0001211	ENSG00000110324.11	IL10RA	59.7735067149758	0.0677787464228483	-0.263186447236199
Artery Coronary	UBERON:0001621	ENSG00000110324.11	IL10RA	28.2441699253731	0.0320268047920313	-0.158999516591759
Brain Cerebellum	UBERON:0002037	ENSG00000110324.11	IL10RA	1.14061755639098	0.00129337615222604	-0.0124094816303562
Esophagus Gastroesophageal Junction	UBERON:0004550	ENSG00000110324.11	IL10RA	13.2496577171216	0.0150241342687248	-0.0909947859189298
Muscle Skeletal	UBERON:0011907	ENSG00000110324.11	IL10RA	1.80353342298289	0.00204507383387065	-0.0182699357246031
Brain Nucleus accumbens basal ganglia	UBERON:0001882	ENSG00000110324.11	IL10RA	3.457116	0.00392011447204694	-0.0313408781162693
Bladder	UBERON:0001255	ENSG00000110324.11	IL10RA	16.8336054545455	0.0190880665731471	-0.109015483499205
Cervix Endocervix	UBERON:0000458	ENSG00000110324.11	IL10RA	11.6472365217391	0.0132071068625476	-0.0824459156442685
Spleen	UBERON:0002106	ENSG00000110324.11	IL10RA	163.693575090253	0.185616436559375	-0.4509743673802
Brain Substantia nigra	UBERON:0002038	ENSG00000110324.11	IL10RA	5.87005863387978	0.00665621338781695	-0.0481316288097942
Brain Hypothalamus	UBERON:0001898	ENSG00000110324.11	IL10RA	5.44773319066148	0.00617732749510357	-0.0453341800801865
Brain Caudate basal ganglia	UBERON:0001873	ENSG00000110324.11	IL10RA	3.9775009	0.00451019255375571	-0.0351461051018933
Breast Mammary Tissue	UBERON:0008367	ENSG00000110324.11	IL10RA	14.9510918677043	0.0169534350607532	-0.0997248277744432
Minor Salivary Gland	UBERON:0006330	ENSG00000110324.11	IL10RA	12.9815914917127	0.0147201669474974	-0.0895878509904357
Heart Atrial Appendage	UBERON:0006631	ENSG00000110324.11	IL10RA	5.37462193058568	0.0060944247204519	-0.0448445703148985
Adrenal Gland	UBERON:0002369	ENSG00000110324.11	IL10RA	13.6181548813559	0.0154419828646132	-0.0929143826773683
Colon Transverse	UBERON:0001157	ENSG00000110324.11	IL10RA	20.2522295824635	0.0229645341022494	-0.125029227262549
Stomach	UBERON:0000945	ENSG00000110324.11	IL10RA	10.520685012285	0.0119296805697309	-0.0762223173211957
Artery Tibial	UBERON:0007610	ENSG00000110324.11	IL10RA	11.4048191895803	0.0129322234938464	-0.0811223616914335
Brain Cerebellar Hemisphere	UBERON:0002037	ENSG00000110324.11	IL10RA	1.07994306859206	0.00122457575972993	-0.0118459363720384
Artery Aorta	UBERON:0001496	ENSG00000110324.11	IL10RA	18.172020911017	0.0206057309501958	-0.115408795261499
Heart Left Ventricle	UBERON:0006566	ENSG00000110324.11	IL10RA	3.21793092920354	0.00364889624924886	-0.0295499446306243
Brain Anterior cingulate cortex BA24	UBERON:0009835	ENSG00000110324.11	IL10RA	2.45588549356223	0.00278479295025201	-0.0236379191136488
Cells EBV-transformed lymphocytes	EFO:0000572	ENSG00000110324.11	IL10RA	35.275547706422	0.0399998684086178	-0.185753826345456
Colon Sigmoid	UBERON:0001159	ENSG00000110324.11	IL10RA	13.8606076849642	0.0157169064553209	-0.0941684565500977
Fallopian Tube	UBERON:0003889	ENSG00000110324.11	IL10RA	15.2339631034483	0.0172741901713615	-0.101144496651148
Cells Cultured fibroblasts	EFO:0002009	ENSG00000110324.11	IL10RA	0.0649566871165644	7.36560905743021e-05	-0.00101121236202235
Brain Hippocampus	UBERON:0001954	ENSG00000110324.11	IL10RA	3.4581737254902	0.00392131385471201	-0.0313487364388464
Pancreas	UBERON:0001150	ENSG00000110324.11	IL10RA	2.74351124309392	0.0031109393286994	-0.0259092529572498
Lung	UBERON:0008952	ENSG00000110324.11	IL10RA	52.6367218046358	0.0596861588987645	-0.242711364441402
Brain Amygdala	UBERON:0001876	ENSG00000110395.7	CBL	5.3073917679558	0.00970047705096211	-0.0648741576776372
Brain Cortex	UBERON:0001870	ENSG00000110395.7	CBL	5.61520392592593	0.0102630744443606	-0.067801905374746
Kidney Medulla	UBERON:0001293	ENSG00000110395.7	CBL	5.65181	0.0103299804496088	-0.0681470738454397
Uterus	UBERON:0000995	ENSG00000110395.7	CBL	15.5840569281046	0.0284834421880621	-0.146226378143834
Skin Not Sun Exposed Suprapubic	UBERON:0036149	ENSG00000110395.7	CBL	7.25600313364055	0.0132620117294826	-0.0827092861666188
Whole Blood	UBERON:0013756	ENSG00000110395.7	CBL	22.054318630137	0.0403093310424021	-0.186742744971095
Kidney Cortex	UBERON:0001225	ENSG00000110395.7	CBL	4.07344211538462	0.00744515074189264	-0.0526333682798403
Brain Frontal Cortex BA9	UBERON:0009834	ENSG00000110395.7	CBL	6.8481463197026	0.0125165597567131	-0.0791048842804429
Vagina	UBERON:0000996	ENSG00000110395.7	CBL	10.4367185882353	0.0190754995257341	-0.108961835211279
Prostate	UBERON:0002367	ENSG00000110395.7	CBL	7.52216670212766	0.0137484867629445	-0.0850286623721715
Esophagus Mucosa	UBERON:0006920	ENSG00000110395.7	CBL	7.72534876221498	0.0141198486290393	-0.0867824473859235
Liver	UBERON:0001114	ENSG00000110395.7	CBL	1.76347175572519	0.0032231495326415	-0.0266790180537667
Pituitary	UBERON:0000007	ENSG00000110395.7	CBL	5.36323444089457	0.00980254235742347	-0.0654087216826184
Thyroid	UBERON:0002046	ENSG00000110395.7	CBL	9.15099755847953	0.0167255491379773	-0.0987108895755535
Esophagus Muscularis	UBERON:0004648	ENSG00000110395.7	CBL	12.5576635115865	0.0229520133492552	-0.124979117368521
Brain Spinal cord cervical c-1	UBERON:0006469	ENSG00000110395.7	CBL	7.25630382352941	0.0132625613092939	-0.0827119207596961
Brain Putamen basal ganglia	UBERON:0001874	ENSG00000110395.7	CBL	4.51078968503937	0.00824450384191149	-0.0570713544473987
Adipose Visceral Omentum	UBERON:0010414	ENSG00000110395.7	CBL	11.5040011073254	0.0210262033810318	-0.117151020712115
Nerve Tibial	UBERON:0001323	ENSG00000110395.7	CBL	14.656076641791	0.0267873451474253	-0.139891675377909
Ovary	UBERON:0000992	ENSG00000110395.7	CBL	8.00173829015544	0.0146250139513168	-0.0891455760509001
Cervix Ectocervix	UBERON:0012249	ENSG00000110395.7	CBL	9.42675625	0.0172295614618552	-0.100947487304823
Testis	UBERON:0000473	ENSG00000110395.7	CBL	29.2869787439614	0.0535286780435347	-0.226080735854201
Skin Sun Exposed Lower leg	UBERON:0004264	ENSG00000110395.7	CBL	7.75158330238727	0.0141677982747429	-0.0870078581749618
Adipose Subcutaneous	UBERON:0002190	ENSG00000110395.7	CBL	13.2142112605042	0.0241520051059765	-0.129737645185156
Small Intestine Terminal Ileum	UBERON:0001211	ENSG00000110395.7	CBL	11.4110038647343	0.0208562295677165	-0.116448209613417
Artery Coronary	UBERON:0001621	ENSG00000110395.7	CBL	15.2127597761194	0.0278048113917327	-0.14370976934166
Brain Cerebellum	UBERON:0002037	ENSG00000110395.7	CBL	11.5471157518797	0.0211050052932224	-0.117476178889917
Esophagus Gastroesophageal Junction	UBERON:0004550	ENSG00000110395.7	CBL	12.8384553846154	0.0234652249679752	-0.127025050808261
Muscle Skeletal	UBERON:0011907	ENSG00000110395.7	CBL	2.36028668704156	0.00431396585034021	-0.0338938354403517
Brain Nucleus accumbens basal ganglia	UBERON:0001882	ENSG00000110395.7	CBL	6.13542340350877	0.0112138949837871	-0.0726499893317426
Bladder	UBERON:0001255	ENSG00000110395.7	CBL	11.2764803896104	0.0206103570298847	-0.115428030286074
Cervix Endocervix	UBERON:0000458	ENSG00000110395.7	CBL	12.6523739130435	0.023125118353745	-0.125671037741499
Spleen	UBERON:0002106	ENSG00000110395.7	CBL	15.995631732852	0.0292356896426991	-0.148988745434336
Brain Substantia nigra	UBERON:0002038	ENSG00000110395.7	CBL	5.34985191256831	0.00977808271423365	-0.0652807553185117
Brain Hypothalamus	UBERON:0001898	ENSG00000110395.7	CBL	6.99159653696498	0.012778747965413	-0.0803797265152768
Brain Caudate basal ganglia	UBERON:0001873	ENSG00000110395.7	CBL	5.80529096666667	0.0106105021559389	-0.0695875274509873
Breast Mammary Tissue	UBERON:0008367	ENSG00000110395.7	CBL	10.6127114396887	0.0193971668703166	-0.110331283794804
Minor Salivary Gland	UBERON:0006330	ENSG00000110395.7	CBL	5.95485171270718	0.0108838587589789	-0.0709808921610337
Heart Atrial Appendage	UBERON:0006631	ENSG00000110395.7	CBL	4.02485104121475	0.00735633939717295	-0.0521328783962215
Adrenal Gland	UBERON:0002369	ENSG00000110395.7	CBL	5.24707213559322	0.00959022907322877	-0.0642949960499557
Colon Transverse	UBERON:0001157	ENSG00000110395.7	CBL	8.7134802296451	0.0159258857640803	-0.0951170752240203
Stomach	UBERON:0000945	ENSG00000110395.7	CBL	7.41648631449631	0.0135553315899753	-0.084110775380338
Artery Tibial	UBERON:0007610	ENSG00000110395.7	CBL	25.8455761070912	0.0472387245670198	-0.208033966134878
Brain Cerebellar Hemisphere	UBERON:0002037	ENSG00000110395.7	CBL	12.4032777978339	0.0226698380098927	-0.123847186414341
Artery Aorta	UBERON:0001496	ENSG00000110395.7	CBL	14.7729858686441	0.0270010236022514	-0.140698070239257
Heart Left Ventricle	UBERON:0006566	ENSG00000110395.7	CBL	2.34975546460177	0.00429471762332735	-0.0337703138350498
Brain Anterior cingulate cortex BA24	UBERON:0009835	ENSG00000110395.7	CBL	6.00022051502146	0.0109667806620381	-0.07140159553347
Cells EBV-transformed lymphocytes	EFO:0000572	ENSG00000110395.7	CBL	31.257348470948	0.0571299811231274	-0.235924434886882
Colon Sigmoid	UBERON:0001159	ENSG00000110395.7	CBL	10.897572673031	0.0199178161793482	-0.11253161238118
Fallopian Tube	UBERON:0003889	ENSG00000110395.7	CBL	14.5019431034483	0.0265056307165244	-0.138824760154266
Cells Cultured fibroblasts	EFO:0002009	ENSG00000110395.7	CBL	14.1838996932515	0.0259243333605519	-0.136609552684442
Brain Hippocampus	UBERON:0001954	ENSG00000110395.7	CBL	4.75368580392157	0.00868845226893557	-0.0594870965308502
Pancreas	UBERON:0001150	ENSG00000110395.7	CBL	1.9466044198895	0.00355786652427818	-0.0289424326139181
Lung	UBERON:0008952	ENSG00000110395.7	CBL	16.1498761754967	0.0295176067766758	-0.150016755385783
Brain Amygdala	UBERON:0001876	ENSG00000067182.8	TNFRSF1A	16.1097075138122	0.00336752342273777	-0.0276611617013703
Brain Cortex	UBERON:0001870	ENSG00000067182.8	TNFRSF1A	16.5008521851852	0.00344928709482173	-0.02821339574663
Kidney Medulla	UBERON:0001293	ENSG00000067182.8	TNFRSF1A	65.6750363636364	0.0137285064334086	-0.0849338969252031
Uterus	UBERON:0000995	ENSG00000067182.8	TNFRSF1A	161.33712745098	0.0337254140202475	-0.164917950270139
Skin Not Sun Exposed Suprapubic	UBERON:0036149	ENSG00000067182.8	TNFRSF1A	107.206516897081	0.0224101186450172	-0.122800859423837
Whole Blood	UBERON:0013756	ENSG00000067182.8	TNFRSF1A	214.670180435865	0.0448739904285236	-0.200944683938992
Kidney Cortex	UBERON:0001225	ENSG00000067182.8	TNFRSF1A	65.1756009615385	0.0136241060019751	-0.0844380485355145
Brain Frontal Cortex BA9	UBERON:0009834	ENSG00000067182.8	TNFRSF1A	13.8386587360595	0.00289279041180601	-0.0243958344202874
Vagina	UBERON:0000996	ENSG00000067182.8	TNFRSF1A	144.433054705882	0.0301918389469586	-0.152459655387057
Prostate	UBERON:0002367	ENSG00000067182.8	TNFRSF1A	109.615273758865	0.02291363772783	-0.124825471081775
Esophagus Mucosa	UBERON:0006920	ENSG00000067182.8	TNFRSF1A	95.0990089576547	0.0198792026403631	-0.112369107263277
Liver	UBERON:0001114	ENSG00000067182.8	TNFRSF1A	80.1032095419847	0.0167445271205469	-0.0987954989138513
Pituitary	UBERON:0000007	ENSG00000067182.8	TNFRSF1A	71.3426217252396	0.0149132409445225	-0.0904825456226641
Thyroid	UBERON:0002046	ENSG00000067182.8	TNFRSF1A	138.721385526316	0.0289978892909125	-0.148118559308395
Esophagus Muscularis	UBERON:0004648	ENSG00000067182.8	TNFRSF1A	124.974734937611	0.0261243319775991	-0.137373808105672
Brain Spinal cord cervical c-1	UBERON:0006469	ENSG00000067182.8	TNFRSF1A	20.1775146568627	0.00421784524401592	-0.0332757542062267
Brain Putamen basal ganglia	UBERON:0001874	ENSG00000067182.8	TNFRSF1A	12.805847480315	0.0026768947419433	-0.0228746648535974
Adipose Visceral Omentum	UBERON:0010414	ENSG00000067182.8	TNFRSF1A	171.385226746167	0.035825837612763	-0.172066330338044
Nerve Tibial	UBERON:0001323	ENSG00000067182.8	TNFRSF1A	164.59805238806	0.034407067681308	-0.167257959901089
Ovary	UBERON:0000992	ENSG00000067182.8	TNFRSF1A	120.249160621762	0.025136512541345	-0.133577229599029
Cervix Ectocervix	UBERON:0012249	ENSG00000067182.8	TNFRSF1A	128.9219625	0.0269494482163529	-0.140503655491884
Testis	UBERON:0000473	ENSG00000067182.8	TNFRSF1A	34.3132075362319	0.00717272675425376	-0.0510932163179464
Skin Sun Exposed Lower leg	UBERON:0004264	ENSG00000067182.8	TNFRSF1A	105.511019363395	0.0220556970856569	-0.12136599090968
Adipose Subcutaneous	UBERON:0002190	ENSG00000067182.8	TNFRSF1A	149.701763445378	0.0312931935229261	-0.156403609487408
Small Intestine Terminal Ileum	UBERON:0001211	ENSG00000067182.8	TNFRSF1A	100.126536714976	0.0209301414899187	-0.116754066713769
Artery Coronary	UBERON:0001621	ENSG00000067182.8	TNFRSF1A	157.959468656716	0.0330193586748014	-0.162473210192421
Brain Cerebellum	UBERON:0002037	ENSG00000067182.8	TNFRSF1A	10.5944357142857	0.00221462806745299	-0.0195301845140871
Esophagus Gastroesophageal Junction	UBERON:0004550	ENSG00000067182.8	TNFRSF1A	128.12491662531	0.0267828362123973	-0.139874632816541
Muscle Skeletal	UBERON:0011907	ENSG00000067182.8	TNFRSF1A	47.3951904889976	0.00990734400112331	-0.0659560219080593
Brain Nucleus accumbens basal ganglia	UBERON:0001882	ENSG00000067182.8	TNFRSF1A	12.9453653684211	0.00270605912966948	-0.0230815773838537
Bladder	UBERON:0001255	ENSG00000067182.8	TNFRSF1A	132.345458441558	0.0276650852172705	-0.143188666493061
Cervix Endocervix	UBERON:0000458	ENSG00000067182.8	TNFRSF1A	141.622482608696	0.0296043256503668	-0.150332192534712
Spleen	UBERON:0002106	ENSG00000067182.8	TNFRSF1A	127.290540072202	0.0266084207189089	-0.139214546881325
Brain Substantia nigra	UBERON:0002038	ENSG00000067182.8	TNFRSF1A	18.9365855737705	0.00395844526734428	-0.0315917594200667
Brain Hypothalamus	UBERON:0001898	ENSG00000067182.8	TNFRSF1A	14.6971935019455	0.00307225586335919	-0.0256425402852437
Brain Caudate basal ganglia	UBERON:0001873	ENSG00000067182.8	TNFRSF1A	15.4446833666667	0.00322850883229418	-0.0267156403957924
Breast Mammary Tissue	UBERON:0008367	ENSG00000067182.8	TNFRSF1A	138.232682684825	0.0288957323607467	-0.14774387246288
Minor Salivary Gland	UBERON:0006330	ENSG00000067182.8	TNFRSF1A	77.1506375690608	0.0161273306092126	-0.0960277472406166
Heart Atrial Appendage	UBERON:0006631	ENSG00000067182.8	TNFRSF1A	48.000867462039	0.0100339528418848	-0.0666150730371911
Adrenal Gland	UBERON:0002369	ENSG00000067182.8	TNFRSF1A	116.611617288136	0.0243761317357527	-0.130616747107468
Colon Transverse	UBERON:0001157	ENSG00000067182.8	TNFRSF1A	101.003246555324	0.0211134062028121	-0.117510818266854
Stomach	UBERON:0000945	ENSG00000067182.8	TNFRSF1A	76.215797051597	0.0159319144394042	-0.0951443821963516
Artery Tibial	UBERON:0007610	ENSG00000067182.8	TNFRSF1A	131.460222431259	0.0274800382201864	-0.142496973670481
Brain Cerebellar Hemisphere	UBERON:0002037	ENSG00000067182.8	TNFRSF1A	6.96569314079422	0.00145608694553372	-0.0137217087562252
Artery Aorta	UBERON:0001496	ENSG00000067182.8	TNFRSF1A	153.723335381356	0.032133850479548	-0.159376260992543
Heart Left Ventricle	UBERON:0006566	ENSG00000067182.8	TNFRSF1A	26.397711659292	0.00551809598300448	-0.0413946246071678
Brain Anterior cingulate cortex BA24	UBERON:0009835	ENSG00000067182.8	TNFRSF1A	13.4894829184549	0.00281979977908169	-0.0238842442825962
Cells EBV-transformed lymphocytes	EFO:0000572	ENSG00000067182.8	TNFRSF1A	12.6695370336391	0.00264840082785137	-0.0226720664418293
Colon Sigmoid	UBERON:0001159	ENSG00000067182.8	TNFRSF1A	127.728024105012	0.0266998710277552	-0.139560851085036
Fallopian Tube	UBERON:0003889	ENSG00000067182.8	TNFRSF1A	148.608975862069	0.0310647605870882	-0.155590253282244
Cells Cultured fibroblasts	EFO:0002009	ENSG00000067182.8	TNFRSF1A	154.158316104294	0.0322247775042428	-0.159695872035598
Brain Hippocampus	UBERON:0001954	ENSG00000067182.8	TNFRSF1A	13.3954233333333	0.00280013785438452	-0.0237459710487023
Pancreas	UBERON:0001150	ENSG00000067182.8	TNFRSF1A	25.4284000828729	0.00531547408966945	-0.0401615211502091
Lung	UBERON:0008952	ENSG00000067182.8	TNFRSF1A	172.654683278146	0.0360912008790992	-0.172956579199794
Brain Amygdala	UBERON:0001876	ENSG00000111679.17	PTPN6	3.85281475138122	0.00200047013007507	-0.0179351053201244
Brain Cortex	UBERON:0001870	ENSG00000111679.17	PTPN6	2.78849633333333	0.00144785150146588	-0.0136559480740053
Kidney Medulla	UBERON:0001293	ENSG00000111679.17	PTPN6	22.7784445454545	0.0118270928822668	-0.0757142182811555
Uterus	UBERON:0000995	ENSG00000111679.17	PTPN6	7.98757490196078	0.00414733280321394	-0.0328203347939598
Skin Not Sun Exposed Suprapubic	UBERON:0036149	ENSG00000111679.17	PTPN6	23.1872182488479	0.0120393376010936	-0.0767640225481577
Whole Blood	UBERON:0013756	ENSG00000111679.17	PTPN6	360.130801867995	0.186988204350764	-0.452320881844836
Kidney Cortex	UBERON:0001225	ENSG00000111679.17	PTPN6	18.1835531730769	0.00944131948423726	-0.0635098281133752
Brain Frontal Cortex BA9	UBERON:0009834	ENSG00000111679.17	PTPN6	2.91827624535316	0.00151523621997236	-0.0141920684603162
Vagina	UBERON:0000996	ENSG00000111679.17	PTPN6	17.6692437058824	0.00917427816688124	-0.062093254385126
Prostate	UBERON:0002367	ENSG00000111679.17	PTPN6	28.8012359219858	0.0149542648398869	-0.0906721820593854
Esophagus Mucosa	UBERON:0006920	ENSG00000111679.17	PTPN6	20.2354820032573	0.0105067281785806	-0.0690559196895794
Liver	UBERON:0001114	ENSG00000111679.17	PTPN6	13.4172580152672	0.00696654929423483	-0.0499176946997198
Pituitary	UBERON:0000007	ENSG00000111679.17	PTPN6	25.969662971246	0.0134840469668234	-0.0837710256790976
Thyroid	UBERON:0002046	ENSG00000111679.17	PTPN6	34.1587061403509	0.0177359867331505	-0.103173366888826
Esophagus Muscularis	UBERON:0004648	ENSG00000111679.17	PTPN6	8.27940026737968	0.00429885525222592	-0.0337968767142568
Brain Spinal cord cervical c-1	UBERON:0006469	ENSG00000111679.17	PTPN6	11.8672232843137	0.00616173557233458	-0.0452422200316918
Brain Putamen basal ganglia	UBERON:0001874	ENSG00000111679.17	PTPN6	2.67886062992126	0.00139092611988947	-0.0131995251402827
Adipose Visceral Omentum	UBERON:0010414	ENSG00000111679.17	PTPN6	20.2782988756388	0.0105289596845807	-0.0691699300202901
Nerve Tibial	UBERON:0001323	ENSG00000111679.17	PTPN6	14.0967859104478	0.00731937582355972	-0.0519241180438857
Ovary	UBERON:0000992	ENSG00000111679.17	PTPN6	5.59292269430052	0.00290397424006856	-0.0244739852476607
Cervix Ectocervix	UBERON:0012249	ENSG00000111679.17	PTPN6	16.2885425	0.00845738631010663	-0.0582339458053818
Testis	UBERON:0000473	ENSG00000111679.17	PTPN6	6.23800393719807	0.00323891527439304	-0.0267867153406024
Skin Sun Exposed Lower leg	UBERON:0004264	ENSG00000111679.17	PTPN6	21.3702442970822	0.0110959228894653	-0.0720549983556552
Adipose Subcutaneous	UBERON:0002190	ENSG00000111679.17	PTPN6	21.8029643417367	0.0113206011000399	-0.0731866177357745
Small Intestine Terminal Ileum	UBERON:0001211	ENSG00000111679.17	PTPN6	99.4098248792271	0.0516158699910488	-0.220711601107672
Artery Coronary	UBERON:0001621	ENSG00000111679.17	PTPN6	21.8721317164179	0.011356514393555	-0.0733668997616938
Brain Cerebellum	UBERON:0002037	ENSG00000111679.17	PTPN6	3.36421372180451	0.00174677722546768	-0.016002381028649
Esophagus Gastroesophageal Junction	UBERON:0004550	ENSG00000111679.17	PTPN6	8.22830066997519	0.00427232316468397	-0.0336264452503312
Muscle Skeletal	UBERON:0011907	ENSG00000111679.17	PTPN6	1.45053550122249	0.000753151430851642	-0.00781377468758096
Brain Nucleus accumbens basal ganglia	UBERON:0001882	ENSG00000111679.17	PTPN6	2.8501027368421	0.00147983896465665	-0.0139109954709285
Bladder	UBERON:0001255	ENSG00000111679.17	PTPN6	24.15264	0.0125406068031522	-0.0792221361900077
Cervix Endocervix	UBERON:0000458	ENSG00000111679.17	PTPN6	11.8585113043478	0.00615721211174272	-0.045215530337866
Spleen	UBERON:0002106	ENSG00000111679.17	PTPN6	287.288926714801	0.149167025585192	-0.409463401978849
Brain Substantia nigra	UBERON:0002038	ENSG00000111679.17	PTPN6	6.68763683060109	0.00347237502545673	-0.0283688230815436
Brain Hypothalamus	UBERON:0001898	ENSG00000111679.17	PTPN6	4.64552128404669	0.00241206161392313	-0.0209741240343292
Brain Caudate basal ganglia	UBERON:0001873	ENSG00000111679.17	PTPN6	3.36937746666667	0.00174945836069547	-0.0160230721186454
Breast Mammary Tissue	UBERON:0008367	ENSG00000111679.17	PTPN6	18.5511339494163	0.00963217588686945	-0.0645155680610123
Minor Salivary Gland	UBERON:0006330	ENSG00000111679.17	PTPN6	24.7325032596685	0.0128416851589384	-0.0806845859563021
Heart Atrial Appendage	UBERON:0006631	ENSG00000111679.17	PTPN6	3.93447963123644	0.00204287241603185	-0.0182534433337718
Adrenal Gland	UBERON:0002369	ENSG00000111679.17	PTPN6	25.3607293220339	0.0131678745954397	-0.0822575226271154
Colon Transverse	UBERON:0001157	ENSG00000111679.17	PTPN6	27.065561210856	0.0140530625659138	-0.0864680951475402
Stomach	UBERON:0000945	ENSG00000111679.17	PTPN6	17.8863633415233	0.00928701168089119	-0.0626926209118953
Artery Tibial	UBERON:0007610	ENSG00000111679.17	PTPN6	7.29502516642547	0.00378774503454868	-0.0304703068434117
Brain Cerebellar Hemisphere	UBERON:0002037	ENSG00000111679.17	PTPN6	3.42971274368231	0.00178078582574328	-0.0162643982395511
Artery Aorta	UBERON:0001496	ENSG00000111679.17	PTPN6	13.081821779661	0.00679238307728023	-0.0489178358559454
Heart Left Ventricle	UBERON:0006566	ENSG00000111679.17	PTPN6	2.67192800884956	0.00138732654340526	-0.0131705524665044
Brain Anterior cingulate cortex BA24	UBERON:0009835	ENSG00000111679.17	PTPN6	2.75463008583691	0.00143026736599453	-0.0135153106501233
Cells EBV-transformed lymphocytes	EFO:0000572	ENSG00000111679.17	PTPN6	471.199418960245	0.244657587702802	-0.496939701182118
Colon Sigmoid	UBERON:0001159	ENSG00000111679.17	PTPN6	9.67083081145585	0.00502131802843404	-0.0383514120070731
Fallopian Tube	UBERON:0003889	ENSG00000111679.17	PTPN6	18.3995755172414	0.00955348325924744	-0.0641015553770001
Cells Cultured fibroblasts	EFO:0002009	ENSG00000111679.17	PTPN6	0.211612147239264	0.000109873899221715	-0.0014450465432175
Brain Hippocampus	UBERON:0001954	ENSG00000111679.17	PTPN6	3.92983964705882	0.00204046322941108	-0.0182353904764869
Pancreas	UBERON:0001150	ENSG00000111679.17	PTPN6	10.6483625138122	0.00552887499598982	-0.0414599185918653
Lung	UBERON:0008952	ENSG00000111679.17	PTPN6	79.381384602649	0.0412166426441011	-0.189622489539878
Brain Amygdala	UBERON:0001876	ENSG00000123384.14	LRP1	33.073148121547	0.00661727393680349	-0.0479060675321487
Brain Cortex	UBERON:0001870	ENSG00000123384.14	LRP1	49.9806722222222	0.0100001305719233	-0.066439241022132
Kidney Medulla	UBERON:0001293	ENSG00000123384.14	LRP1	25.52757	0.00510755501744554	-0.0388845898626577
Uterus	UBERON:0000995	ENSG00000123384.14	LRP1	182.402049673203	0.0364949936088988	-0.174305841869029
Skin Not Sun Exposed Suprapubic	UBERON:0036149	ENSG00000123384.14	LRP1	56.6765703533026	0.0113398455583362	-0.0732832438726752
Whole Blood	UBERON:0013756	ENSG00000123384.14	LRP1	12.8776523536737	0.00257656008354597	-0.0221592877224624
Kidney Cortex	UBERON:0001225	ENSG00000123384.14	LRP1	19.4016971153846	0.00388189065581414	-0.0310901585470217
Brain Frontal Cortex BA9	UBERON:0009834	ENSG00000123384.14	LRP1	41.4571545724907	0.00829474555728337	-0.0573464413845047
Vagina	UBERON:0000996	ENSG00000123384.14	LRP1	145.179264705882	0.0290474605251336	-0.148300187360354
Prostate	UBERON:0002367	ENSG00000123384.14	LRP1	73.969124822695	0.0147997390517081	-0.0899570237602036
Esophagus Mucosa	UBERON:0006920	ENSG00000123384.14	LRP1	50.4676687296417	0.010097568810461	-0.0669453485273407
Liver	UBERON:0001114	ENSG00000123384.14	LRP1	64.1662954198473	0.0128383894010489	-0.0806686328014743
Pituitary	UBERON:0000007	ENSG00000123384.14	LRP1	53.0307792332268	0.010610395840721	-0.0695869835768379
Thyroid	UBERON:0002046	ENSG00000123384.14	LRP1	87.844226871345	0.0175758688237996	-0.10247188817288
Esophagus Muscularis	UBERON:0004648	ENSG00000123384.14	LRP1	96.5696860962567	0.0193216582994024	-0.110010513804639
Brain Spinal cord cervical c-1	UBERON:0006469	ENSG00000123384.14	LRP1	20.3627237254902	0.00407417281523407	-0.032345986965594
Brain Putamen basal ganglia	UBERON:0001874	ENSG00000123384.14	LRP1	33.6787058267717	0.00673843389427979	-0.0486068233465163
Adipose Visceral Omentum	UBERON:0010414	ENSG00000123384.14	LRP1	169.401432367973	0.0338938307035688	-0.165497931642521
Nerve Tibial	UBERON:0001323	ENSG00000123384.14	LRP1	198.016948507463	0.0396192218408782	-0.184532692264369
Ovary	UBERON:0000992	ENSG00000123384.14	LRP1	232.50870984456	0.046520331843821	-0.205898746915966
Cervix Ectocervix	UBERON:0012249	ENSG00000123384.14	LRP1	144.406216666667	0.028892789109428	-0.14773306961743
Testis	UBERON:0000473	ENSG00000123384.14	LRP1	26.4740083091787	0.00529691835029503	-0.0400480451598545
Skin Sun Exposed Lower leg	UBERON:0004264	ENSG00000123384.14	LRP1	65.8316358090186	0.0131715906286027	-0.082275374209257
Adipose Subcutaneous	UBERON:0002190	ENSG00000123384.14	LRP1	224.085129411765	0.0448349422628943	-0.200826137240165
Small Intestine Terminal Ileum	UBERON:0001211	ENSG00000123384.14	LRP1	64.6617246376812	0.0129375148558939	-0.0811479184182149
Artery Coronary	UBERON:0001621	ENSG00000123384.14	LRP1	201.926672014925	0.0404014791382773	-0.187036549918085
Brain Cerebellum	UBERON:0002037	ENSG00000123384.14	LRP1	123.786583458647	0.024767213856887	-0.132143602220298
Esophagus Gastroesophageal Junction	UBERON:0004550	ENSG00000123384.14	LRP1	112.250270471464	0.0224590288913573	-0.122998233673874
Muscle Skeletal	UBERON:0011907	ENSG00000123384.14	LRP1	16.0896062591687	0.00321920767146032	-0.0266520734589865
Brain Nucleus accumbens basal ganglia	UBERON:0001882	ENSG00000123384.14	LRP1	48.7834744561404	0.00976059529860798	-0.0651892116970889
Bladder	UBERON:0001255	ENSG00000123384.14	LRP1	113.301374025974	0.0226693336416211	-0.123845158650571
Cervix Endocervix	UBERON:0000458	ENSG00000123384.14	LRP1	178.807756521739	0.0357758476024467	-0.171898305528897
Spleen	UBERON:0002106	ENSG00000123384.14	LRP1	46.5291270758123	0.00930954557967821	-0.0628121886167517
Brain Substantia nigra	UBERON:0002038	ENSG00000123384.14	LRP1	30.2854994535519	0.00605952132105928	-0.0446379513233228
Brain Hypothalamus	UBERON:0001898	ENSG00000123384.14	LRP1	32.4030917898833	0.0064832090971513	-0.0471269408247967
Brain Caudate basal ganglia	UBERON:0001873	ENSG00000123384.14	LRP1	43.0639612333333	0.0086162353591976	-0.0590964028731498
Breast Mammary Tissue	UBERON:0008367	ENSG00000123384.14	LRP1	154.642451167315	0.0309408544318828	-0.155148061550083
Minor Salivary Gland	UBERON:0006330	ENSG00000123384.14	LRP1	61.1293104972376	0.0122307495990865	-0.0777061517923092
Heart Atrial Appendage	UBERON:0006631	ENSG00000123384.14	LRP1	66.8998952277657	0.0133853279233846	-0.0832996223412818
Adrenal Gland	UBERON:0002369	ENSG00000123384.14	LRP1	32.403727661017	0.00648333632221814	-0.0471276820847257
Colon Transverse	UBERON:0001157	ENSG00000123384.14	LRP1	70.9029620041754	0.0141862613376901	-0.0870945903691701
Stomach	UBERON:0000945	ENSG00000123384.14	LRP1	49.0632028009828	0.00981656333282439	-0.0654820359888205
Artery Tibial	UBERON:0007610	ENSG00000123384.14	LRP1	182.201611432706	0.0364548899350695	-0.174172125972128
Brain Cerebellar Hemisphere	UBERON:0002037	ENSG00000123384.14	LRP1	95.8464436823105	0.0191769519908827	-0.109394591925083
Artery Aorta	UBERON:0001496	ENSG00000123384.14	LRP1	292.013216101695	0.0584259906861727	-0.239385650666736
Heart Left Ventricle	UBERON:0006566	ENSG00000123384.14	LRP1	28.7786216371681	0.00575802527769329	-0.0428409181860181
Brain Anterior cingulate cortex BA24	UBERON:0009835	ENSG00000123384.14	LRP1	38.0176503004292	0.00760656970261749	-0.0535391321026707
Cells EBV-transformed lymphocytes	EFO:0000572	ENSG00000123384.14	LRP1	0.797257033639144	0.000159515150183012	-0.00201212712355106
Colon Sigmoid	UBERON:0001159	ENSG00000123384.14	LRP1	92.6995985680191	0.0185473313668819	-0.106696205007247
Fallopian Tube	UBERON:0003889	ENSG00000123384.14	LRP1	156.76634137931	0.0313658022866445	-0.156661634881649
Cells Cultured fibroblasts	EFO:0002009	ENSG00000123384.14	LRP1	372.849274846626	0.0745996655574273	-0.279352399840308
Brain Hippocampus	UBERON:0001954	ENSG00000123384.14	LRP1	26.3345563921569	0.00526901681722794	-0.0398772391628863
Pancreas	UBERON:0001150	ENSG00000123384.14	LRP1	10.0331647237569	0.00200743513094596	-0.0179874838091632
Lung	UBERON:0008952	ENSG00000123384.14	LRP1	147.344464735099	0.0294806736462023	-0.14988230075504
Brain Amygdala	UBERON:0001876	ENSG00000174600.14	CMKLR1	1.19039519337017	0.00272508185874769	-0.0232162932481695
Brain Cortex	UBERON:0001870	ENSG00000174600.14	CMKLR1	0.840171962962963	0.00192334225411044	-0.0173527184287513
Kidney Medulla	UBERON:0001293	ENSG00000174600.14	CMKLR1	2.43331727272727	0.00557040955257329	-0.041711231643314
Uterus	UBERON:0000995	ENSG00000174600.14	CMKLR1	13.8461675163399	0.0316969861119275	-0.157835475817022
Skin Not Sun Exposed Suprapubic	UBERON:0036149	ENSG00000174600.14	CMKLR1	4.35571142857143	0.00997120138089216	-0.0662887157556779
Whole Blood	UBERON:0013756	ENSG00000174600.14	CMKLR1	4.89449921544209	0.0112046075907738	-0.0726032136436355
Kidney Cortex	UBERON:0001225	ENSG00000174600.14	CMKLR1	3.26034730769231	0.00746366698294151	-0.0527375220554521
Brain Frontal Cortex BA9	UBERON:0009834	ENSG00000174600.14	CMKLR1	0.768127026022305	0.0017584152183117	-0.0160921518297736
Vagina	UBERON:0000996	ENSG00000174600.14	CMKLR1	5.18149817647059	0.0118616126480305	-0.0758853314584728
Prostate	UBERON:0002367	ENSG00000174600.14	CMKLR1	7.13995978723404	0.0163449709783305	-0.0970075559786591
Esophagus Mucosa	UBERON:0006920	ENSG00000174600.14	CMKLR1	1.85547649837134	0.00424760228637121	-0.033467434369405
Liver	UBERON:0001114	ENSG00000174600.14	CMKLR1	1.46205041984733	0.00334696166272361	-0.0275218390249737
Pituitary	UBERON:0000007	ENSG00000174600.14	CMKLR1	6.17453511182109	0.014134897144357	-0.0868532155574872
Thyroid	UBERON:0002046	ENSG00000174600.14	CMKLR1	18.006615628655	0.0412211859224398	-0.189636836552484
Esophagus Muscularis	UBERON:0004648	ENSG00000174600.14	CMKLR1	6.30595012477718	0.0144357356136051	-0.08826314161972
Brain Spinal cord cervical c-1	UBERON:0006469	ENSG00000174600.14	CMKLR1	3.22853196078431	0.00739083451085862	-0.0523274558103557
Brain Putamen basal ganglia	UBERON:0001874	ENSG00000174600.14	CMKLR1	1.09037098425197	0.00249610398717893	-0.0215815802762879
Adipose Visceral Omentum	UBERON:0010414	ENSG00000174600.14	CMKLR1	14.1731492163543	0.0324455206354324	-0.160470252336477
Nerve Tibial	UBERON:0001323	ENSG00000174600.14	CMKLR1	12.397015761194	0.0283795523886444	-0.145842643313748
Ovary	UBERON:0000992	ENSG00000174600.14	CMKLR1	3.28271689119171	0.00751487598187016	-0.053025227867165
Cervix Ectocervix	UBERON:0012249	ENSG00000174600.14	CMKLR1	5.67475541666667	0.0129907892143007	-0.0814050542648315
Testis	UBERON:0000473	ENSG00000174600.14	CMKLR1	3.57960222222222	0.00819451315969601	-0.056797203579535
Skin Sun Exposed Lower leg	UBERON:0004264	ENSG00000174600.14	CMKLR1	6.64325374005305	0.0152078993185643	-0.0918410408810349
Adipose Subcutaneous	UBERON:0002190	ENSG00000174600.14	CMKLR1	15.3205591876751	0.0350721996700982	-0.16952246869857
Small Intestine Terminal Ileum	UBERON:0001211	ENSG00000174600.14	CMKLR1	8.37906980676328	0.019181572011347	-0.109414280668717
Artery Coronary	UBERON:0001621	ENSG00000174600.14	CMKLR1	39.8718889179104	0.091275705555049	-0.31523208361952
Brain Cerebellum	UBERON:0002037	ENSG00000174600.14	CMKLR1	0.66259484962406	0.00151682837301973	-0.0142046827526829
Esophagus Gastroesophageal Junction	UBERON:0004550	ENSG00000174600.14	CMKLR1	7.62354401985112	0.0174520038585208	-0.10192779139754
Muscle Skeletal	UBERON:0011907	ENSG00000174600.14	CMKLR1	1.74512034229829	0.00399497226854966	-0.0318303362372222
Brain Nucleus accumbens basal ganglia	UBERON:0001882	ENSG00000174600.14	CMKLR1	0.950499298245614	0.00217590629467208	-0.0192440805097623
Bladder	UBERON:0001255	ENSG00000174600.14	CMKLR1	6.26878766233766	0.0143506623935649	-0.087865358301703
Cervix Endocervix	UBERON:0000458	ENSG00000174600.14	CMKLR1	12.7712947826087	0.0292363610997744	-0.148991198544988
Spleen	UBERON:0002106	ENSG00000174600.14	CMKLR1	44.3361622743682	0.101495429562613	-0.33498701840519
Brain Substantia nigra	UBERON:0002038	ENSG00000174600.14	CMKLR1	2.06620049180328	0.00472999681795404	-0.0365342356109661
Brain Hypothalamus	UBERON:0001898	ENSG00000174600.14	CMKLR1	1.63649007782101	0.00374629320407873	-0.0301963237918343
Brain Caudate basal ganglia	UBERON:0001873	ENSG00000174600.14	CMKLR1	1.23966463333333	0.00283787066853293	-0.0240111540349091
Breast Mammary Tissue	UBERON:0008367	ENSG00000174600.14	CMKLR1	7.81309437743191	0.0178859271838495	-0.103828366810113
Minor Salivary Gland	UBERON:0006330	ENSG00000174600.14	CMKLR1	7.04464	0.0161267625846661	-0.0960251844962598
Heart Atrial Appendage	UBERON:0006631	ENSG00000174600.14	CMKLR1	5.39449596529284	0.012349212407762	-0.0782870559775168
Adrenal Gland	UBERON:0002369	ENSG00000174600.14	CMKLR1	7.42136308474576	0.016989166305489	-0.0998834053353086
Colon Transverse	UBERON:0001157	ENSG00000174600.14	CMKLR1	6.92004475991649	0.0158415361066621	-0.0947346663659713
Stomach	UBERON:0000945	ENSG00000174600.14	CMKLR1	3.68498297297297	0.00843575335768359	-0.0581161603488652
Artery Tibial	UBERON:0007610	ENSG00000174600.14	CMKLR1	30.9617799855282	0.0708784657591133	-0.270650046240627
Brain Cerebellar Hemisphere	UBERON:0002037	ENSG00000174600.14	CMKLR1	0.625841877256318	0.00143269256769038	-0.0135347258010107
Artery Aorta	UBERON:0001496	ENSG00000174600.14	CMKLR1	48.4956601694915	0.111017454112636	-0.352052064912793
Heart Left Ventricle	UBERON:0006566	ENSG00000174600.14	CMKLR1	3.2203753761062	0.00737216225725791	-0.0522221596873465
Brain Anterior cingulate cortex BA24	UBERON:0009835	ENSG00000174600.14	CMKLR1	0.873747596566524	0.00200020441764958	-0.0179331064064741
Cells EBV-transformed lymphocytes	EFO:0000572	ENSG00000174600.14	CMKLR1	4.90250073394495	0.0112229248630848	-0.0726954574196011
Colon Sigmoid	UBERON:0001159	ENSG00000174600.14	CMKLR1	6.99786937947494	0.0160196941335962	-0.0955416093992819
Fallopian Tube	UBERON:0003889	ENSG00000174600.14	CMKLR1	8.96746379310345	0.0205285379491313	-0.115087608986665
Cells Cultured fibroblasts	EFO:0002009	ENSG00000174600.14	CMKLR1	1.50188243865031	0.00343814609663415	-0.0281383151844497
Brain Hippocampus	UBERON:0001954	ENSG00000174600.14	CMKLR1	1.184312	0.00271115606335754	-0.0231176919014652
Pancreas	UBERON:0001150	ENSG00000174600.14	CMKLR1	1.6688985359116	0.00382048344082071	-0.0306862340864364
Lung	UBERON:0008952	ENSG00000174600.14	CMKLR1	18.4941022350993	0.0423371522124607	-0.19313920774512
Brain Amygdala	UBERON:0001876	ENSG00000110876.10	SELPLG	8.60661861878453	0.00633133455844959	-0.0462394751980781
Brain Cortex	UBERON:0001870	ENSG00000110876.10	SELPLG	4.05544607407407	0.00298333027359589	-0.0250267417371951
Kidney Medulla	UBERON:0001293	ENSG00000110876.10	SELPLG	2.00622272727273	0.00147584874475624	-0.0138792349332243
Uterus	UBERON:0000995	ENSG00000110876.10	SELPLG	4.76327960784314	0.00350403777935202	-0.0285816160636118
Skin Not Sun Exposed Suprapubic	UBERON:0036149	ENSG00000110876.10	SELPLG	3.87556648233487	0.00285100445250599	-0.0241032868348765
Whole Blood	UBERON:0013756	ENSG00000110876.10	SELPLG	766.344157285181	0.56375000004018	-0.466149409350536
Kidney Cortex	UBERON:0001225	ENSG00000110876.10	SELPLG	4.33924836538462	0.00319210532618389	-0.0264666263742686
Brain Frontal Cortex BA9	UBERON:0009834	ENSG00000110876.10	SELPLG	4.70809743494424	0.00346344381164412	-0.0283087247345716
Vagina	UBERON:0000996	ENSG00000110876.10	SELPLG	5.48148217647059	0.00403237311569348	-0.0320741213728214
Prostate	UBERON:0002367	ENSG00000110876.10	SELPLG	5.67353326241135	0.00417365272052582	-0.0329905282554429
Esophagus Mucosa	UBERON:0006920	ENSG00000110876.10	SELPLG	5.14075076547231	0.00378171897924851	-0.030430517413427
Liver	UBERON:0001114	ENSG00000110876.10	SELPLG	2.77024160305344	0.00203788818507494	-0.0182160902533196
Pituitary	UBERON:0000007	ENSG00000110876.10	SELPLG	5.34387888178914	0.00393114724133306	-0.0314131445777287
Thyroid	UBERON:0002046	ENSG00000110876.10	SELPLG	6.5277816374269	0.00480206818748178	-0.0369861457427085
Esophagus Muscularis	UBERON:0004648	ENSG00000110876.10	SELPLG	6.29659490196078	0.00463199900787191	-0.0359172120513725
Brain Spinal cord cervical c-1	UBERON:0006469	ENSG00000110876.10	SELPLG	27.8119870588235	0.0204594861936092	-0.11479994217764
Brain Putamen basal ganglia	UBERON:0001874	ENSG00000110876.10	SELPLG	4.91504476377953	0.00361568162220238	-0.0293286616340724
Adipose Visceral Omentum	UBERON:0010414	ENSG00000110876.10	SELPLG	16.6220340715503	0.0122277590550184	-0.0776914657545927
Nerve Tibial	UBERON:0001323	ENSG00000110876.10	SELPLG	10.9657615820896	0.00806680397256959	-0.0560948372939898
Ovary	UBERON:0000992	ENSG00000110876.10	SELPLG	2.89980647668394	0.0021332007112031	-0.0189273876922093
Cervix Ectocervix	UBERON:0012249	ENSG00000110876.10	SELPLG	6.419205	0.0047221953538836	-0.036485223377547
Testis	UBERON:0000473	ENSG00000110876.10	SELPLG	4.46888862318841	0.00328747330758927	-0.0271177265991414
Skin Sun Exposed Lower leg	UBERON:0004264	ENSG00000110876.10	SELPLG	4.1104450795756	0.00302378949685601	-0.0253073841745967
Adipose Subcutaneous	UBERON:0002190	ENSG00000110876.10	SELPLG	12.104680280112	0.00890463304708162	-0.0606514870480754
Small Intestine Terminal Ileum	UBERON:0001211	ENSG00000110876.10	SELPLG	22.6838700483092	0.0166870610535456	-0.0985392031302112
Artery Coronary	UBERON:0001621	ENSG00000110876.10	SELPLG	13.6751029477612	0.0100598917784676	-0.0667498104549058
Brain Cerebellum	UBERON:0002037	ENSG00000110876.10	SELPLG	1.94998695488722	0.00143447971181822	-0.0135490291388798
Esophagus Gastroesophageal Junction	UBERON:0004550	ENSG00000110876.10	SELPLG	6.0964370471464	0.00448475577571967	-0.0349844804203457
Muscle Skeletal	UBERON:0011907	ENSG00000110876.10	SELPLG	1.06110173594132	0.000780584151380105	-0.00805809368957957
Brain Nucleus accumbens basal ganglia	UBERON:0001882	ENSG00000110876.10	SELPLG	6.56839736842105	0.00483194656279386	-0.0371730336185402
Bladder	UBERON:0001255	ENSG00000110876.10	SELPLG	9.95137779220779	0.00732058720279288	-0.0519309638498571
Cervix Endocervix	UBERON:0000458	ENSG00000110876.10	SELPLG	6.7320852173913	0.00495236116240464	-0.037923536381474
Spleen	UBERON:0002106	ENSG00000110876.10	SELPLG	128.7826	0.0947370578414384	-0.322099111319821
Brain Substantia nigra	UBERON:0002038	ENSG00000110876.10	SELPLG	16.1279033333333	0.011864258921245	-0.0758984429485443
Brain Hypothalamus	UBERON:0001898	ENSG00000110876.10	SELPLG	11.2503666536965	0.00827616957887661	-0.0572447841908557
Brain Caudate basal ganglia	UBERON:0001873	ENSG00000110876.10	SELPLG	6.76193353333333	0.00497431864450137	-0.0380599314112216
Breast Mammary Tissue	UBERON:0008367	ENSG00000110876.10	SELPLG	6.98128778210117	0.00513568342633745	-0.0390580434446324
Minor Salivary Gland	UBERON:0006330	ENSG00000110876.10	SELPLG	7.38074077348066	0.00542953524443442	-0.0408570114946766
Heart Atrial Appendage	UBERON:0006631	ENSG00000110876.10	SELPLG	3.66001494577007	0.00269243708092512	-0.022984989795192
Adrenal Gland	UBERON:0002369	ENSG00000110876.10	SELPLG	6.88181688135593	0.00506250909628478	-0.0386063485459916
Colon Transverse	UBERON:0001157	ENSG00000110876.10	SELPLG	8.98013283924843	0.00660610489472708	-0.0478413086392221
Stomach	UBERON:0000945	ENSG00000110876.10	SELPLG	6.21955447174447	0.00457532532917982	-0.035559016471273
Artery Tibial	UBERON:0007610	ENSG00000110876.10	SELPLG	5.51153331403763	0.00405447980058639	-0.0322179809048244
Brain Cerebellar Hemisphere	UBERON:0002037	ENSG00000110876.10	SELPLG	2.78421873646209	0.00204817026119542	-0.018293127484325
Artery Aorta	UBERON:0001496	ENSG00000110876.10	SELPLG	10.3488731779661	0.00761299893661632	-0.0535751051695474
Heart Left Ventricle	UBERON:0006566	ENSG00000110876.10	SELPLG	2.36862842920354	0.00174244725997403	-0.0159689529018092
Brain Anterior cingulate cortex BA24	UBERON:0009835	ENSG00000110876.10	SELPLG	5.20761120171674	0.0038309038925504	-0.0307548774401637
Cells EBV-transformed lymphocytes	EFO:0000572	ENSG00000110876.10	SELPLG	50.1381865443425	0.0368834320685885	-0.175597715134207
Colon Sigmoid	UBERON:0001159	ENSG00000110876.10	SELPLG	5.54286546539379	0.00407752884475328	-0.0323677876931876
Fallopian Tube	UBERON:0003889	ENSG00000110876.10	SELPLG	11.8975782758621	0.00875228145179073	-0.0598316913723366
Cells Cultured fibroblasts	EFO:0002009	ENSG00000110876.10	SELPLG	4.4743957208589	0.00329152452437281	-0.0271452960266884
Brain Hippocampus	UBERON:0001954	ENSG00000110876.10	SELPLG	8.08247631372549	0.00594575684941496	-0.0439624731905563
Pancreas	UBERON:0001150	ENSG00000110876.10	SELPLG	1.36738624309392	0.0010058979210202	-0.0100160277486418
Lung	UBERON:0008952	ENSG00000110876.10	SELPLG	53.6495768046358	0.0394665355483541	-0.18404138684088
Brain Amygdala	UBERON:0001876	ENSG00000183087.15	GAS6	30.9359066850829	0.00231295940460241	-0.0202523751024168
Brain Cortex	UBERON:0001870	ENSG00000183087.15	GAS6	57.547042962963	0.00430257226927912	-0.0338207344371827
Kidney Medulla	UBERON:0001293	ENSG00000183087.15	GAS6	161.376645454545	0.0120655144711586	-0.0768931226269033
Uterus	UBERON:0000995	ENSG00000183087.15	GAS6	524.826588235294	0.0392392763981783	-0.183308545854743
Skin Not Sun Exposed Suprapubic	UBERON:0036149	ENSG00000183087.15	GAS6	238.478259600614	0.0178301072262553	-0.103584735590839
Whole Blood	UBERON:0013756	ENSG00000183087.15	GAS6	7.46250768368618	0.000557943153391479	-0.00603002321110138
Kidney Cortex	UBERON:0001225	ENSG00000183087.15	GAS6	108.814498076923	0.00813564377621654	-0.0564737972263273
Brain Frontal Cortex BA9	UBERON:0009834	ENSG00000183087.15	GAS6	55.0959152416357	0.00411931082578442	-0.032638870343987
Vagina	UBERON:0000996	ENSG00000183087.15	GAS6	469.887017058824	0.0351316548200878	-0.169723998533652
Prostate	UBERON:0002367	ENSG00000183087.15	GAS6	296.871943262411	0.0221959795819557	-0.121934896956533
Esophagus Mucosa	UBERON:0006920	ENSG00000183087.15	GAS6	108.617287785016	0.00812089911707357	-0.0563926995241182
Liver	UBERON:0001114	ENSG00000183087.15	GAS6	46.3644776335878	0.00346649463594985	-0.0283292575349466
Pituitary	UBERON:0000007	ENSG00000183087.15	GAS6	158.922641214058	0.0118820379613297	-0.0759865106899312
Thyroid	UBERON:0002046	ENSG00000183087.15	GAS6	307.702106725146	0.0230057094757491	-0.125193947739686
Esophagus Muscularis	UBERON:0004648	ENSG00000183087.15	GAS6	428.151966131907	0.0320112847101819	-0.158944851279967
Brain Spinal cord cervical c-1	UBERON:0006469	ENSG00000183087.15	GAS6	36.519134754902	0.00273039601001974	-0.0232538929085111
Brain Putamen basal ganglia	UBERON:0001874	ENSG00000183087.15	GAS6	35.8905316929134	0.00268339776365221	-0.0229208413662263
Adipose Visceral Omentum	UBERON:0010414	ENSG00000183087.15	GAS6	252.61936592845	0.018887383652817	-0.108157343104075
Nerve Tibial	UBERON:0001323	ENSG00000183087.15	GAS6	431.824371641791	0.0322858564222079	-0.159910358252453
Ovary	UBERON:0000992	ENSG00000183087.15	GAS6	322.5897	0.0241187978758241	-0.129607140424088
Cervix Ectocervix	UBERON:0012249	ENSG00000183087.15	GAS6	557.466833333333	0.0416796626663604	-0.191080938179979
Testis	UBERON:0000473	ENSG00000183087.15	GAS6	223.029983333333	0.0166750987036012	-0.0984858157785584
Skin Sun Exposed Lower leg	UBERON:0004264	ENSG00000183087.15	GAS6	251.589603448276	0.0188103922512954	-0.107827305391886
Adipose Subcutaneous	UBERON:0002190	ENSG00000183087.15	GAS6	234.905959663866	0.0175630200250016	-0.102415506453835
Small Intestine Terminal Ileum	UBERON:0001211	ENSG00000183087.15	GAS6	110.523700966184	0.0082634343380815	-0.057175055734274
Artery Coronary	UBERON:0001621	ENSG00000183087.15	GAS6	760.406667910448	0.0568526977977319	-0.235178426318262
Brain Cerebellum	UBERON:0002037	ENSG00000183087.15	GAS6	71.5125056390977	0.00534671649188778	-0.0403523703422772
Esophagus Gastroesophageal Junction	UBERON:0004550	ENSG00000183087.15	GAS6	341.454898263027	0.025529276585446	-0.135093363092343
Muscle Skeletal	UBERON:0011907	ENSG00000183087.15	GAS6	94.8403196821516	0.0070908479126654	-0.050627421222279
Brain Nucleus accumbens basal ganglia	UBERON:0001882	ENSG00000183087.15	GAS6	38.6159858947368	0.00288716954872035	-0.0243565331771218
Bladder	UBERON:0001255	ENSG00000183087.15	GAS6	348.193077922078	0.0260330645031868	-0.137025322418226
Cervix Endocervix	UBERON:0000458	ENSG00000183087.15	GAS6	522.321652173913	0.0390519919109293	-0.182703184125944
Spleen	UBERON:0002106	ENSG00000183087.15	GAS6	79.3442613718412	0.00593226690943324	-0.0438821693769235
Brain Substantia nigra	UBERON:0002038	ENSG00000183087.15	GAS6	48.3922226775956	0.00361810137621505	-0.0293447973740058
Brain Hypothalamus	UBERON:0001898	ENSG00000183087.15	GAS6	59.2748626459144	0.00443175473759406	-0.0346470430294679
Brain Caudate basal ganglia	UBERON:0001873	ENSG00000183087.15	GAS6	39.6661518	0.0029656864362872	-0.024904109302349
Breast Mammary Tissue	UBERON:0008367	ENSG00000183087.15	GAS6	181.994279766537	0.0136070161206179	-0.0843567706865598
Minor Salivary Gland	UBERON:0006330	ENSG00000183087.15	GAS6	177.667835911602	0.0132835444634067	-0.0828124859053541
Heart Atrial Appendage	UBERON:0006631	ENSG00000183087.15	GAS6	159.845673101952	0.0119510495247401	-0.0763279935220576
Adrenal Gland	UBERON:0002369	ENSG00000183087.15	GAS6	62.9841088135593	0.00470908088467533	-0.0364027905885988
Colon Transverse	UBERON:0001157	ENSG00000183087.15	GAS6	137.426088517745	0.0102748229463762	-0.0678625613955056
Stomach	UBERON:0000945	ENSG00000183087.15	GAS6	122.496515479115	0.00915859587994764	-0.0620097191027278
Artery Tibial	UBERON:0007610	ENSG00000183087.15	GAS6	568.642140376266	0.0425151976253773	-0.193694034212981
Brain Cerebellar Hemisphere	UBERON:0002037	ENSG00000183087.15	GAS6	59.9206436823105	0.00448003731539762	-0.0349544765850833
Artery Aorta	UBERON:0001496	ENSG00000183087.15	GAS6	1808.38441737288	0.135205985325652	-0.390308457374233
Heart Left Ventricle	UBERON:0006566	ENSG00000183087.15	GAS6	132.042925221239	0.00987234441875739	-0.0657734241098611
Brain Anterior cingulate cortex BA24	UBERON:0009835	ENSG00000183087.15	GAS6	40.9402622317597	0.00306094679945159	-0.0255644348071774
Cells EBV-transformed lymphocytes	EFO:0000572	ENSG00000183087.15	GAS6	3.65153455657492	0.000273011270684147	-0.00323211269096289
Colon Sigmoid	UBERON:0001159	ENSG00000183087.15	GAS6	133.988169451074	0.0100177828887349	-0.0665310307700056
Fallopian Tube	UBERON:0003889	ENSG00000183087.15	GAS6	496.859931034483	0.0371483164193296	-0.176475282318862
Cells Cultured fibroblasts	EFO:0002009	ENSG00000183087.15	GAS6	1074.79164723926	0.0803580600942555	-0.292295488848461
Brain Hippocampus	UBERON:0001954	ENSG00000183087.15	GAS6	35.724440745098	0.00267097977882702	-0.0228326442226218
Pancreas	UBERON:0001150	ENSG00000183087.15	GAS6	53.1927776243094	0.00397702050615496	-0.0317131444384602
Lung	UBERON:0008952	ENSG00000183087.15	GAS6	262.442288410596	0.0196218059914619	-0.11128307825002
Brain Amygdala	UBERON:0001876	ENSG00000100906.11	NFKBIA	42.7039497790055	0.00402475565087444	-0.0320245101678232
Brain Cortex	UBERON:0001870	ENSG00000100906.11	NFKBIA	52.9586514814815	0.00499123928619762	-0.0381649432716334
Kidney Medulla	UBERON:0001293	ENSG00000100906.11	NFKBIA	131.707936363636	0.012413190439943	-0.0786001012208288
Uterus	UBERON:0000995	ENSG00000100906.11	NFKBIA	226.576430718954	0.0213543425048564	-0.118502223265498
Skin Not Sun Exposed Suprapubic	UBERON:0036149	ENSG00000100906.11	NFKBIA	394.799044239631	0.0372089629293369	-0.176675821364763
Whole Blood	UBERON:0013756	ENSG00000100906.11	NFKBIA	197.748881444583	0.0186374078315226	-0.107084114970109
Kidney Cortex	UBERON:0001225	ENSG00000100906.11	NFKBIA	106.421352884615	0.0100299841961371	-0.0665944497456035
Brain Frontal Cortex BA9	UBERON:0009834	ENSG00000100906.11	NFKBIA	50.6125342007435	0.00477012276577902	-0.0367860318665806
Vagina	UBERON:0000996	ENSG00000100906.11	NFKBIA	302.335519411765	0.028494474082835	-0.146267094200986
Prostate	UBERON:0002367	ENSG00000100906.11	NFKBIA	196.603725531915	0.0185294793435374	-0.106619251288971
Esophagus Mucosa	UBERON:0006920	ENSG00000100906.11	NFKBIA	203.721346579805	0.0192002998573663	-0.109494075078949
Liver	UBERON:0001114	ENSG00000100906.11	NFKBIA	115.673548473282	0.0109019837809809	-0.0710729268613738
Pituitary	UBERON:0000007	ENSG00000100906.11	NFKBIA	167.741194249201	0.0158092476909667	-0.094588111824642
Thyroid	UBERON:0002046	ENSG00000100906.11	NFKBIA	232.548818421053	0.0219172272327944	-0.120803173538643
Esophagus Muscularis	UBERON:0004648	ENSG00000100906.11	NFKBIA	236.84854741533	0.022322467465993	-0.122446763043678
Brain Spinal cord cervical c-1	UBERON:0006469	ENSG00000100906.11	NFKBIA	85.299487254902	0.00803929367476541	-0.0559431577576897
Brain Putamen basal ganglia	UBERON:0001874	ENSG00000100906.11	NFKBIA	45.5024173228346	0.00428850521313044	-0.0337304204086246
Adipose Visceral Omentum	UBERON:0010414	ENSG00000100906.11	NFKBIA	414.95354241908	0.0391084811438829	-0.182885911094804
Nerve Tibial	UBERON:0001323	ENSG00000100906.11	NFKBIA	473.566191044776	0.0446325975310037	-0.200211050122064
Ovary	UBERON:0000992	ENSG00000100906.11	NFKBIA	397.322659067358	0.0374468082127612	-0.177460927191602
Cervix Ectocervix	UBERON:0012249	ENSG00000100906.11	NFKBIA	248.314204166667	0.023403081016724	-0.126778180921781
Testis	UBERON:0000473	ENSG00000100906.11	NFKBIA	68.0433509661836	0.00641293985036055	-0.0467169740193159
Skin Sun Exposed Lower leg	UBERON:0004264	ENSG00000100906.11	NFKBIA	346.490054376658	0.0326559442754365	-0.161206413897154
Adipose Subcutaneous	UBERON:0002190	ENSG00000100906.11	NFKBIA	318.819991596639	0.0300481002209579	-0.151940695024247
Small Intestine Terminal Ileum	UBERON:0001211	ENSG00000100906.11	NFKBIA	234.456133333333	0.0220969875713796	-0.121533574960601
Artery Coronary	UBERON:0001621	ENSG00000100906.11	NFKBIA	239.24290261194	0.0225481303064944	-0.123357402154125
Brain Cerebellum	UBERON:0002037	ENSG00000100906.11	NFKBIA	59.4121733082707	0.00559946987317674	-0.0418868009989557
Esophagus Gastroesophageal Junction	UBERON:0004550	ENSG00000100906.11	NFKBIA	244.636415880893	0.0230564573610086	-0.125396816428283
Muscle Skeletal	UBERON:0011907	ENSG00000100906.11	NFKBIA	98.9682717603912	0.00932754728979984	-0.0629076514071535
Brain Nucleus accumbens basal ganglia	UBERON:0001882	ENSG00000100906.11	NFKBIA	38.2262835087719	0.00360274521115833	-0.0292423575894787
Bladder	UBERON:0001255	ENSG00000100906.11	NFKBIA	239.592466233766	0.022581075927908	-0.12349007746195
Cervix Endocervix	UBERON:0000458	ENSG00000100906.11	NFKBIA	213.295508695652	0.0201026440966594	-0.113307968835915
Spleen	UBERON:0002106	ENSG00000100906.11	NFKBIA	388.575711191336	0.0366224271408906	-0.174730316171848
Brain Substantia nigra	UBERON:0002038	ENSG00000100906.11	NFKBIA	59.8015081967213	0.0056361638511456	-0.042108178784809
Brain Hypothalamus	UBERON:0001898	ENSG00000100906.11	NFKBIA	49.7369618677043	0.00468760195181718	-0.0362676679333753
Brain Caudate basal ganglia	UBERON:0001873	ENSG00000100906.11	NFKBIA	47.8229163333333	0.00450720726653967	-0.0351271474002902
Breast Mammary Tissue	UBERON:0008367	ENSG00000100906.11	NFKBIA	285.688275291829	0.0269255070390385	-0.140413360230046
Minor Salivary Gland	UBERON:0006330	ENSG00000100906.11	NFKBIA	174.693691712707	0.0164645056612187	-0.0975439142878508
Heart Atrial Appendage	UBERON:0006631	ENSG00000100906.11	NFKBIA	123.939212581345	0.0116810048902533	-0.074988451291597
Adrenal Gland	UBERON:0002369	ENSG00000100906.11	NFKBIA	217.637165762712	0.0205118359607665	-0.115018059947743
Colon Transverse	UBERON:0001157	ENSG00000100906.11	NFKBIA	179.952384551148	0.0169601261793969	-0.0997545316498741
Stomach	UBERON:0000945	ENSG00000100906.11	NFKBIA	167.724494594595	0.0158076737843469	-0.0945809655579031
Artery Tibial	UBERON:0007610	ENSG00000100906.11	NFKBIA	311.444413892909	0.0293529678457287	-0.149416874290088
Brain Cerebellar Hemisphere	UBERON:0002037	ENSG00000100906.11	NFKBIA	55.9579628158845	0.00527391794483085	-0.0399072580042815
Artery Aorta	UBERON:0001496	ENSG00000100906.11	NFKBIA	258.579646822034	0.0243705769638139	-0.130594995418563
Heart Left Ventricle	UBERON:0006566	ENSG00000100906.11	NFKBIA	58.9354228761062	0.00555453716775158	-0.0416152455672627
Brain Anterior cingulate cortex BA24	UBERON:0009835	ENSG00000100906.11	NFKBIA	39.8192489270386	0.00375287878432885	-0.0302398963491849
Cells EBV-transformed lymphocytes	EFO:0000572	ENSG00000100906.11	NFKBIA	331.056137614679	0.0312013307320907	-0.15607681386657
Colon Sigmoid	UBERON:0001159	ENSG00000100906.11	NFKBIA	207.835118854415	0.0195880140686824	-0.111140140231074
Fallopian Tube	UBERON:0003889	ENSG00000100906.11	NFKBIA	304.489286206897	0.0286974619826482	-0.147015176151488
Cells Cultured fibroblasts	EFO:0002009	ENSG00000100906.11	NFKBIA	106.851292944785	0.0100705051244274	-0.0668049126716081
Brain Hippocampus	UBERON:0001954	ENSG00000100906.11	NFKBIA	48.1439482352941	0.00453746383456708	-0.0353191563039025
Pancreas	UBERON:0001150	ENSG00000100906.11	NFKBIA	67.5583585635359	0.00636723035689943	-0.0464496988557372
Lung	UBERON:0008952	ENSG00000100906.11	NFKBIA	698.934399006622	0.0658730676330882	-0.25849694806372
Brain Amygdala	UBERON:0001876	ENSG00000140368.13	PSTPIP1	1.73566668508287	0.00495131283129151	-0.0379170208721228
Brain Cortex	UBERON:0001870	ENSG00000140368.13	PSTPIP1	1.18574366666667	0.0033825548890506	-0.0277628974641788
Kidney Medulla	UBERON:0001293	ENSG00000140368.13	PSTPIP1	1.47217363636364	0.00419964978199044	-0.03315839894565
Uterus	UBERON:0000995	ENSG00000140368.13	PSTPIP1	2.82975843137255	0.00807241352912254	-0.0561257492632957
Skin Not Sun Exposed Suprapubic	UBERON:0036149	ENSG00000140368.13	PSTPIP1	2.28400039938556	0.00651553698722558	-0.0473151793454927
Whole Blood	UBERON:0013756	ENSG00000140368.13	PSTPIP1	113.331040797011	0.323297924252703	-0.526672961269035
Kidney Cortex	UBERON:0001225	ENSG00000140368.13	PSTPIP1	2.70596788461538	0.00771927791396145	-0.0541686308259783
Brain Frontal Cortex BA9	UBERON:0009834	ENSG00000140368.13	PSTPIP1	1.19463996282528	0.00340793323254228	-0.0279344443392304
Vagina	UBERON:0000996	ENSG00000140368.13	PSTPIP1	4.29725323529412	0.0122587160692117	-0.0778434391988001
Prostate	UBERON:0002367	ENSG00000140368.13	PSTPIP1	4.41669989361702	0.0125994599327034	-0.0795088200237394
Esophagus Mucosa	UBERON:0006920	ENSG00000140368.13	PSTPIP1	2.25783584690554	0.00644089772294013	-0.0468802190067626
Liver	UBERON:0001114	ENSG00000140368.13	PSTPIP1	1.78939854961832	0.00510459299309336	-0.0388663115811776
Pituitary	UBERON:0000007	ENSG00000140368.13	PSTPIP1	2.4716821086262	0.00705093405576902	-0.0503998643755664
Thyroid	UBERON:0002046	ENSG00000140368.13	PSTPIP1	5.35386488304094	0.0152728977978487	-0.0921395959006679
Esophagus Muscularis	UBERON:0004648	ENSG00000140368.13	PSTPIP1	3.03875153297683	0.00866860531785602	-0.0593798110767904
Brain Spinal cord cervical c-1	UBERON:0006469	ENSG00000140368.13	PSTPIP1	3.01851156862745	0.0086108670458426	-0.0590673255052631
Brain Putamen basal ganglia	UBERON:0001874	ENSG00000140368.13	PSTPIP1	1.25274	0.00357367442123599	-0.0290481696857366
Adipose Visceral Omentum	UBERON:0010414	ENSG00000140368.13	PSTPIP1	7.40140291311755	0.0211138817886151	-0.11751277910025
Nerve Tibial	UBERON:0001323	ENSG00000140368.13	PSTPIP1	6.60812356716418	0.0188509045487023	-0.108001025313497
Ovary	UBERON:0000992	ENSG00000140368.13	PSTPIP1	1.8405510880829	0.00525051514636712	-0.0397638592332573
Cervix Ectocervix	UBERON:0012249	ENSG00000140368.13	PSTPIP1	4.82634666666667	0.0137680537307696	-0.0851214266697406
Testis	UBERON:0000473	ENSG00000140368.13	PSTPIP1	1.56704770531401	0.00447029575277969	-0.0348925090619771
Skin Sun Exposed Lower leg	UBERON:0004264	ENSG00000140368.13	PSTPIP1	2.01319343501326	0.00574300962985705	-0.0427508333403357
Adipose Subcutaneous	UBERON:0002190	ENSG00000140368.13	PSTPIP1	6.0123369047619	0.017151312010793	-0.10060165945852
Small Intestine Terminal Ileum	UBERON:0001211	ENSG00000140368.13	PSTPIP1	12.1918544444444	0.0347795379532413	-0.16852833507816
Artery Coronary	UBERON:0001621	ENSG00000140368.13	PSTPIP1	7.59515358208955	0.0216665916963395	-0.119781238095772
Brain Cerebellum	UBERON:0002037	ENSG00000140368.13	PSTPIP1	0.863302631578947	0.00246273171788193	-0.0213408628037725
Esophagus Gastroesophageal Junction	UBERON:0004550	ENSG00000140368.13	PSTPIP1	3.00466074441687	0.00857135498731938	-0.0588531604359962
Muscle Skeletal	UBERON:0011907	ENSG00000140368.13	PSTPIP1	0.586903716381418	0.00167425227817473	-0.015440402126565
Brain Nucleus accumbens basal ganglia	UBERON:0001882	ENSG00000140368.13	PSTPIP1	0.986830035087719	0.00281511666786436	-0.0238513281213031
Bladder	UBERON:0001255	ENSG00000140368.13	PSTPIP1	4.65758025974026	0.0132866160888033	-0.0828272031506196
Cervix Endocervix	UBERON:0000458	ENSG00000140368.13	PSTPIP1	3.65248608695652	0.0104193975628437	-0.0686074018646572
Spleen	UBERON:0002106	ENSG00000140368.13	PSTPIP1	53.2285129963899	0.15184425768765	-0.412915517439073
Brain Substantia nigra	UBERON:0002038	ENSG00000140368.13	PSTPIP1	2.03398617486339	0.00580232479705041	-0.0431063600019872
Brain Hypothalamus	UBERON:0001898	ENSG00000140368.13	PSTPIP1	1.6214533463035	0.00462549798754117	-0.035876174573858
Brain Caudate basal ganglia	UBERON:0001873	ENSG00000140368.13	PSTPIP1	1.61053003333333	0.0045943372006607	-0.0356792897840137
Breast Mammary Tissue	UBERON:0008367	ENSG00000140368.13	PSTPIP1	3.24794151750973	0.00926535875185188	-0.0625776534304835
Minor Salivary Gland	UBERON:0006330	ENSG00000140368.13	PSTPIP1	3.05213060773481	0.00870677162310882	-0.0595860662952629
Heart Atrial Appendage	UBERON:0006631	ENSG00000140368.13	PSTPIP1	1.63830945770065	0.00467358318809476	-0.0361794002091795
Adrenal Gland	UBERON:0002369	ENSG00000140368.13	PSTPIP1	2.93543311864407	0.00837387027742972	-0.0577787814079032
Colon Transverse	UBERON:0001157	ENSG00000140368.13	PSTPIP1	4.1755903131524	0.0119116498999581	-0.0761331070387738
Stomach	UBERON:0000945	ENSG00000140368.13	PSTPIP1	2.82046434889435	0.00804590042598765	-0.0559795968173411
Artery Tibial	UBERON:0007610	ENSG00000140368.13	PSTPIP1	2.73032160636758	0.00778875144596947	-0.0545554699151186
Brain Cerebellar Hemisphere	UBERON:0002037	ENSG00000140368.13	PSTPIP1	0.728611768953069	0.00207850091936004	-0.0185199438993941
Artery Aorta	UBERON:0001496	ENSG00000140368.13	PSTPIP1	13.1121449152542	0.0374048381078146	-0.17732254641798
Heart Left Ventricle	UBERON:0006566	ENSG00000140368.13	PSTPIP1	1.09082736725664	0.00311178844800138	-0.0259150996039631
Brain Anterior cingulate cortex BA24	UBERON:0009835	ENSG00000140368.13	PSTPIP1	1.25292081545064	0.00357419023102169	-0.0290516181717393
Cells EBV-transformed lymphocytes	EFO:0000572	ENSG00000140368.13	PSTPIP1	8.23150788990826	0.0234819110065675	-0.127091296451055
Colon Sigmoid	UBERON:0001159	ENSG00000140368.13	PSTPIP1	3.41995937947494	0.00975607177554458	-0.0651655244745611
Fallopian Tube	UBERON:0003889	ENSG00000140368.13	PSTPIP1	4.95357413793103	0.0141309938138962	-0.0868348617113041
Cells Cultured fibroblasts	EFO:0002009	ENSG00000140368.13	PSTPIP1	0.277221012269939	0.000790824624884836	-0.00814893734920667
Brain Hippocampus	UBERON:0001954	ENSG00000140368.13	PSTPIP1	1.7852528627451	0.00509276664833125	-0.0387933079591551
Pancreas	UBERON:0001150	ENSG00000140368.13	PSTPIP1	0.73873773480663	0.00210738712492638	-0.0187353647118782
Lung	UBERON:0008952	ENSG00000140368.13	PSTPIP1	17.4178286258278	0.0496876036796086	-0.215195532044137
Brain Amygdala	UBERON:0001876	ENSG00000140545.15	MFGE8	16.964764640884	0.00177958236513357	-0.0162551423483909
Brain Cortex	UBERON:0001870	ENSG00000140545.15	MFGE8	30.149252962963	0.00316261852319127	-0.0262644865261053
Kidney Medulla	UBERON:0001293	ENSG00000140545.15	MFGE8	52.60575	0.0055182766744088	-0.0413957193974269
Uterus	UBERON:0000995	ENSG00000140545.15	MFGE8	389.99622875817	0.0409101113901733	-0.188652835478441
Skin Not Sun Exposed Suprapubic	UBERON:0036149	ENSG00000140545.15	MFGE8	88.8907924731183	0.00932453176076991	-0.062891663600841
Whole Blood	UBERON:0013756	ENSG00000140545.15	MFGE8	11.7365630012453	0.00123115062227041	-0.0119000273791846
Kidney Cortex	UBERON:0001225	ENSG00000140545.15	MFGE8	42.0788031730769	0.00441401325971076	-0.034533886059587
Brain Frontal Cortex BA9	UBERON:0009834	ENSG00000140545.15	MFGE8	27.7004476579926	0.00290574194231205	-0.0244863319788969
Vagina	UBERON:0000996	ENSG00000140545.15	MFGE8	237.373415882353	0.0249001712548215	-0.132660655469057
Prostate	UBERON:0002367	ENSG00000140545.15	MFGE8	128.632792553191	0.0134934173300512	-0.0838157167496999
Esophagus Mucosa	UBERON:0006920	ENSG00000140545.15	MFGE8	53.7228071661238	0.00563545455902792	-0.0421039028410577
Liver	UBERON:0001114	ENSG00000140545.15	MFGE8	6.13891072519084	0.000643963974681449	-0.00682648976937962
Pituitary	UBERON:0000007	ENSG00000140545.15	MFGE8	55.5213830670926	0.00582412289740291	-0.043236794420418
Thyroid	UBERON:0002046	ENSG00000140545.15	MFGE8	103.487736988304	0.010855732787954	-0.0708379886947565
Esophagus Muscularis	UBERON:0004648	ENSG00000140545.15	MFGE8	238.956320855615	0.0250662159855165	-0.133304943211884
Brain Spinal cord cervical c-1	UBERON:0006469	ENSG00000140545.15	MFGE8	37.2012281372549	0.00390236180434979	-0.0312245011226771
Brain Putamen basal ganglia	UBERON:0001874	ENSG00000140545.15	MFGE8	20.3069904724409	0.00213017762985059	-0.0189049228957212
Adipose Visceral Omentum	UBERON:0010414	ENSG00000140545.15	MFGE8	189.119897103918	0.0198384381337619	-0.11219743237543
Nerve Tibial	UBERON:0001323	ENSG00000140545.15	MFGE8	215.913027910448	0.0226490036853234	-0.123763410549117
Ovary	UBERON:0000992	ENSG00000140545.15	MFGE8	238.725776683938	0.0250420321933458	-0.133211204098149
Cervix Ectocervix	UBERON:0012249	ENSG00000140545.15	MFGE8	239.669766666667	0.0251410555492064	-0.133594816701322
Testis	UBERON:0000473	ENSG00000140545.15	MFGE8	50.1023057971015	0.00525566854220768	-0.039795449150336
Skin Sun Exposed Lower leg	UBERON:0004264	ENSG00000140545.15	MFGE8	114.020713129973	0.0119606286701471	-0.0763753475081981
Adipose Subcutaneous	UBERON:0002190	ENSG00000140545.15	MFGE8	220.078532492997	0.0230859598502868	-0.125514680869216
Small Intestine Terminal Ileum	UBERON:0001211	ENSG00000140545.15	MFGE8	98.5555420289855	0.010338351771665	-0.0681902174561561
Artery Coronary	UBERON:0001621	ENSG00000140545.15	MFGE8	1044.5306738806	0.109569947265837	-0.349536452877809
Brain Cerebellum	UBERON:0002037	ENSG00000140545.15	MFGE8	18.2357390977444	0.00191290597897924	-0.0172735760326551
Esophagus Gastroesophageal Junction	UBERON:0004550	ENSG00000140545.15	MFGE8	225.393532258065	0.0236434966067832	-0.127731928235629
Muscle Skeletal	UBERON:0011907	ENSG00000140545.15	MFGE8	120.79378398533	0.0126711152408211	-0.0798573302740757
Brain Nucleus accumbens basal ganglia	UBERON:0001882	ENSG00000140545.15	MFGE8	29.9939347017544	0.00314632583393321	-0.026152625936213
Bladder	UBERON:0001255	ENSG00000140545.15	MFGE8	156.880423376623	0.0164565580947063	-0.0975082921009419
Cervix Endocervix	UBERON:0000458	ENSG00000140545.15	MFGE8	287.9587	0.0302065036123063	-0.152512545734642
Spleen	UBERON:0002106	ENSG00000140545.15	MFGE8	40.4428406859206	0.00424240286287995	-0.0334339639962716
Brain Substantia nigra	UBERON:0002038	ENSG00000140545.15	MFGE8	18.9402634972678	0.00198680969787769	-0.0178322738594083
Brain Hypothalamus	UBERON:0001898	ENSG00000140545.15	MFGE8	15.3650331906615	0.00161177255827631	-0.0149526334001333
Brain Caudate basal ganglia	UBERON:0001873	ENSG00000140545.15	MFGE8	21.7145846666667	0.00227783248144056	-0.0199950928613128
Breast Mammary Tissue	UBERON:0008367	ENSG00000140545.15	MFGE8	225.371235214008	0.023641157675048	-0.127722666559237
Minor Salivary Gland	UBERON:0006330	ENSG00000140545.15	MFGE8	82.5297143646409	0.00865726270843052	-0.0593184675951714
Heart Atrial Appendage	UBERON:0006631	ENSG00000140545.15	MFGE8	118.912478091106	0.0124737686307352	-0.0788960724864614
Adrenal Gland	UBERON:0002369	ENSG00000140545.15	MFGE8	66.0338349152542	0.00692686580715243	-0.049690436820106
Colon Transverse	UBERON:0001157	ENSG00000140545.15	MFGE8	92.0275686847599	0.00965357562007317	-0.064627994257486
Stomach	UBERON:0000945	ENSG00000140545.15	MFGE8	97.9707495577396	0.010277007780686	-0.0678738392791419
Artery Tibial	UBERON:0007610	ENSG00000140545.15	MFGE8	945.611505065123	0.0991934515039414	-0.330672411715041
Brain Cerebellar Hemisphere	UBERON:0002037	ENSG00000140545.15	MFGE8	12.0376505415162	0.00126273432463055	-0.0121591632210941
Artery Aorta	UBERON:0001496	ENSG00000140545.15	MFGE8	1967.10063135593	0.206346369555158	-0.469821803033588
Heart Left Ventricle	UBERON:0006566	ENSG00000140545.15	MFGE8	131.153469623894	0.0137578331683004	-0.0850729774002272
Brain Anterior cingulate cortex BA24	UBERON:0009835	ENSG00000140545.15	MFGE8	21.7353273819742	0.0022800083660548	-0.0200110524065077
Cells EBV-transformed lymphocytes	EFO:0000572	ENSG00000140545.15	MFGE8	2.56762217125382	0.000269340319952189	-0.00319391351204584
Colon Sigmoid	UBERON:0001159	ENSG00000140545.15	MFGE8	97.1745169451074	0.0101934839861637	-0.0674422200989601
Fallopian Tube	UBERON:0003889	ENSG00000140545.15	MFGE8	412.509465517241	0.0432717214665057	-0.196039577500869
Cells Cultured fibroblasts	EFO:0002009	ENSG00000140545.15	MFGE8	202.017775613497	0.0211914092848008	-0.117832217491471
Brain Hippocampus	UBERON:0001954	ENSG00000140545.15	MFGE8	13.4367017254902	0.0014094930252446	-0.0133487558444154
Pancreas	UBERON:0001150	ENSG00000140545.15	MFGE8	12.991305718232	0.00136277154712239	-0.0129725501763541
Lung	UBERON:0008952	ENSG00000140545.15	MFGE8	143.922533609272	0.0150972918385891	-0.0913320695665289
Brain Amygdala	UBERON:0001876	ENSG00000103313.13	MEFV	0.144597679558011	0.000786917176789346	-0.00811429692472222
Brain Cortex	UBERON:0001870	ENSG00000103313.13	MEFV	0.338289962962963	0.00184101282541113	-0.0167261254847484
Kidney Medulla	UBERON:0001293	ENSG00000103313.13	MEFV	0.501876363636364	0.00273126880304872	-0.0232600668268667
Uterus	UBERON:0000995	ENSG00000103313.13	MEFV	0.723659607843137	0.0039382386861329	-0.0314595711206917
Skin Not Sun Exposed Suprapubic	UBERON:0036149	ENSG00000103313.13	MEFV	0.316844884792627	0.00172430624739819	-0.0158287317534244
Whole Blood	UBERON:0013756	ENSG00000103313.13	MEFV	105.872433312578	0.57616993977229	-0.45830498784981
Kidney Cortex	UBERON:0001225	ENSG00000103313.13	MEFV	0.706741442307692	0.00384616808651953	-0.0308553545162486
Brain Frontal Cortex BA9	UBERON:0009834	ENSG00000103313.13	MEFV	0.252647769516729	0.00137493817409752	-0.0130707363708688
Vagina	UBERON:0000996	ENSG00000103313.13	MEFV	1.22302447058824	0.00665583961292731	-0.0481294652407324
Prostate	UBERON:0002367	ENSG00000103313.13	MEFV	0.900554503546099	0.0049009210219803	-0.0376034505489034
Esophagus Mucosa	UBERON:0006920	ENSG00000103313.13	MEFV	0.784184071661238	0.0042676197684574	-0.0335962077608854
Liver	UBERON:0001114	ENSG00000103313.13	MEFV	0.917339312977099	0.00499226588235955	-0.0381713118048801
Pituitary	UBERON:0000007	ENSG00000103313.13	MEFV	0.642024696485623	0.00349397212411569	-0.0285140136631725
Thyroid	UBERON:0002046	ENSG00000103313.13	MEFV	1.28500625730994	0.00699315161384249	-0.0500698571477767
Esophagus Muscularis	UBERON:0004648	ENSG00000103313.13	MEFV	0.742890160427808	0.00404289356160728	-0.0321426050544794
Brain Spinal cord cervical c-1	UBERON:0006469	ENSG00000103313.13	MEFV	0.384737009803922	0.0020937829879892	-0.0186339825945526
Brain Putamen basal ganglia	UBERON:0001874	ENSG00000103313.13	MEFV	0.147387913385827	0.000802101949692192	-0.00824875770478123
Adipose Visceral Omentum	UBERON:0010414	ENSG00000103313.13	MEFV	2.81147293015332	0.0153003585367242	-0.0922656102414997
Nerve Tibial	UBERON:0001323	ENSG00000103313.13	MEFV	0.959602731343284	0.00522226825835786	-0.0395905781910977
Ovary	UBERON:0000992	ENSG00000103313.13	MEFV	0.407914715025907	0.00221991872138057	-0.019569199398781
Cervix Ectocervix	UBERON:0012249	ENSG00000103313.13	MEFV	0.916670416666667	0.00498862567182658	-0.0381487282278241
Testis	UBERON:0000473	ENSG00000103313.13	MEFV	4.21266963768116	0.0229258319231901	-0.124874303600606
Skin Sun Exposed Lower leg	UBERON:0004264	ENSG00000103313.13	MEFV	0.358272519893899	0.00194976019489306	-0.0175526919577541
Adipose Subcutaneous	UBERON:0002190	ENSG00000103313.13	MEFV	1.45982030812325	0.00794450975285002	-0.0554195184022217
Small Intestine Terminal Ileum	UBERON:0001211	ENSG00000103313.13	MEFV	1.45095830917874	0.00789628173694108	-0.0551524548499263
Artery Coronary	UBERON:0001621	ENSG00000103313.13	MEFV	1.48635444029851	0.00808891154715083	-0.0562166305078755
Brain Cerebellum	UBERON:0002037	ENSG00000103313.13	MEFV	0.178152030075188	0.000969523805461999	-0.00970535606049508
Esophagus Gastroesophageal Junction	UBERON:0004550	ENSG00000103313.13	MEFV	0.82811841191067	0.00450671549322188	-0.0351240241803289
Muscle Skeletal	UBERON:0011907	ENSG00000103313.13	MEFV	0.206958667481663	0.00112629283419045	-0.0110311398786525
Brain Nucleus accumbens basal ganglia	UBERON:0001882	ENSG00000103313.13	MEFV	0.134188877192982	0.000730271279041309	-0.00760890085039001
Bladder	UBERON:0001255	ENSG00000103313.13	MEFV	1.25463246753247	0.00682785396194971	-0.0491219853746248
Cervix Endocervix	UBERON:0000458	ENSG00000103313.13	MEFV	0.579195652173913	0.00315204925010229	-0.0261919349866998
Spleen	UBERON:0002106	ENSG00000103313.13	MEFV	23.5416747292419	0.128116497245697	-0.379797747678619
Brain Substantia nigra	UBERON:0002038	ENSG00000103313.13	MEFV	0.25799087431694	0.00140401596398684	-0.0133047711013202
Brain Hypothalamus	UBERON:0001898	ENSG00000103313.13	MEFV	0.177521595330739	0.000966092907187782	-0.00967595224434367
Brain Caudate basal ganglia	UBERON:0001873	ENSG00000103313.13	MEFV	0.1602326	0.000872004209244802	-0.00886250776874624
Breast Mammary Tissue	UBERON:0008367	ENSG00000103313.13	MEFV	0.844051906614786	0.00459342740109811	-0.0356735367798843
Minor Salivary Gland	UBERON:0006330	ENSG00000103313.13	MEFV	0.818574364640884	0.00445477569200487	-0.0347937203636856
Heart Atrial Appendage	UBERON:0006631	ENSG00000103313.13	MEFV	0.821399544468547	0.00447015064505185	-0.034891585778888
Adrenal Gland	UBERON:0002369	ENSG00000103313.13	MEFV	1.05299562711864	0.00573052312178562	-0.0426758786833616
Colon Transverse	UBERON:0001157	ENSG00000103313.13	MEFV	1.01124891440501	0.00550333271728353	-0.0413051466632701
Stomach	UBERON:0000945	ENSG00000103313.13	MEFV	0.786967886977887	0.00428276961108541	-0.0336935773125869
Artery Tibial	UBERON:0007610	ENSG00000103313.13	MEFV	0.519735311143271	0.00282845924618391	-0.0239450794944489
Brain Cerebellar Hemisphere	UBERON:0002037	ENSG00000103313.13	MEFV	0.103166389891697	0.000561443340731848	-0.00606278630639888
Artery Aorta	UBERON:0001496	ENSG00000103313.13	MEFV	1.18306853813559	0.00643839484024681	-0.0468656119135361
Heart Left Ventricle	UBERON:0006566	ENSG00000103313.13	MEFV	0.415161039823009	0.00225935405304609	-0.0198594372625559
Brain Anterior cingulate cortex BA24	UBERON:0009835	ENSG00000103313.13	MEFV	0.297128454935622	0.00161700717201286	-0.0149936314228453
Cells EBV-transformed lymphocytes	EFO:0000572	ENSG00000103313.13	MEFV	0.125656697247706	0.000683838176000387	-0.00718991384471576
Colon Sigmoid	UBERON:0001159	ENSG00000103313.13	MEFV	0.837744510739857	0.00455910182844741	-0.035456292902828
Fallopian Tube	UBERON:0003889	ENSG00000103313.13	MEFV	2.00467448275862	0.010909668738641	-0.0711119361837036
Cells Cultured fibroblasts	EFO:0002009	ENSG00000103313.13	MEFV	0.0766629294478528	0.000417208465515537	-0.00468397605692486
Brain Hippocampus	UBERON:0001954	ENSG00000103313.13	MEFV	0.158110862745098	0.000860457471457447	-0.00876170155539301
Pancreas	UBERON:0001150	ENSG00000103313.13	MEFV	0.197988397790055	0.00107747559644269	-0.0106218935214087
Lung	UBERON:0008952	ENSG00000103313.13	MEFV	15.2311174668874	0.0828894902949078	-0.297794336289609
Brain Amygdala	UBERON:0001876	ENSG00000213918.11	DNASE1	2.21958867403315	0.00592590662455057	-0.0438442921033614
Brain Cortex	UBERON:0001870	ENSG00000213918.11	DNASE1	3.34723962962963	0.00893653392956725	-0.0608226656501373
Kidney Medulla	UBERON:0001293	ENSG00000213918.11	DNASE1	34.0792636363636	0.0909855670580506	-0.314647969364807
Uterus	UBERON:0000995	ENSG00000213918.11	DNASE1	9.47718745098039	0.0253024033483753	-0.134218667386692
Skin Not Sun Exposed Suprapubic	UBERON:0036149	ENSG00000213918.11	DNASE1	4.34356322580645	0.0115965405640632	-0.0745676309822621
Whole Blood	UBERON:0013756	ENSG00000213918.11	DNASE1	4.48314135740971	0.011969189327497	-0.0764176572880791
Kidney Cortex	UBERON:0001225	ENSG00000213918.11	DNASE1	10.0477541346154	0.0268257148203863	-0.140036658133704
Brain Frontal Cortex BA9	UBERON:0009834	ENSG00000213918.11	DNASE1	3.0160080669145	0.00805220462354894	-0.0560143598667872
Vagina	UBERON:0000996	ENSG00000213918.11	DNASE1	8.46365829411765	0.0225964609298124	-0.123552010641932
Prostate	UBERON:0002367	ENSG00000213918.11	DNASE1	12.2337579787234	0.0326619559278679	-0.16122741670348
Esophagus Mucosa	UBERON:0006920	ENSG00000213918.11	DNASE1	4.94186853420195	0.0131939092261056	-0.0823825594963395
Liver	UBERON:0001114	ENSG00000213918.11	DNASE1	1.84168335877863	0.00491696670819641	-0.037703377903379
Pituitary	UBERON:0000007	ENSG00000213918.11	DNASE1	18.1281198083067	0.0483988526880935	-0.211448941255044
Thyroid	UBERON:0002046	ENSG00000213918.11	DNASE1	9.84546076023392	0.0262856275234136	-0.137988557437639
Esophagus Muscularis	UBERON:0004648	ENSG00000213918.11	DNASE1	5.11067215686275	0.0136445848478892	-0.0845354032455994
Brain Spinal cord cervical c-1	UBERON:0006469	ENSG00000213918.11	DNASE1	3.26783269607843	0.0087245315531489	-0.0596819606995093
Brain Putamen basal ganglia	UBERON:0001874	ENSG00000213918.11	DNASE1	2.32830665354331	0.00621616427567489	-0.0455629901108208
Adipose Visceral Omentum	UBERON:0010414	ENSG00000213918.11	DNASE1	4.6557367802385	0.0124299883807062	-0.0786822147873797
Nerve Tibial	UBERON:0001323	ENSG00000213918.11	DNASE1	7.30343189552239	0.0194988629911272	-0.110762631947525
Ovary	UBERON:0000992	ENSG00000213918.11	DNASE1	8.74324155440415	0.0233428984628688	-0.12653887587376
Cervix Ectocervix	UBERON:0012249	ENSG00000213918.11	DNASE1	9.12188875	0.0243538190676634	-0.130529362835504
Testis	UBERON:0000473	ENSG00000213918.11	DNASE1	10.63472647343	0.028392826471163	-0.145891703950634
Skin Sun Exposed Lower leg	UBERON:0004264	ENSG00000213918.11	DNASE1	4.23628876657825	0.0113101368551137	-0.0731340571146395
Adipose Subcutaneous	UBERON:0002190	ENSG00000213918.11	DNASE1	4.55013672268908	0.012148055026159	-0.0772996635984143
Small Intestine Terminal Ileum	UBERON:0001211	ENSG00000213918.11	DNASE1	22.7436203864734	0.0607214175721882	-0.245414760939735
Artery Coronary	UBERON:0001621	ENSG00000213918.11	DNASE1	5.47212432835821	0.0146095977994245	-0.089073837238058
Brain Cerebellum	UBERON:0002037	ENSG00000213918.11	DNASE1	15.8085140601504	0.0422059182808512	-0.19272956427982
Esophagus Gastroesophageal Junction	UBERON:0004550	ENSG00000213918.11	DNASE1	5.32095970223325	0.0142060151582661	-0.0871873476483451
Muscle Skeletal	UBERON:0011907	ENSG00000213918.11	DNASE1	1.15567108801956	0.00308543607039256	-0.0257334929485324
Brain Nucleus accumbens basal ganglia	UBERON:0001882	ENSG00000213918.11	DNASE1	2.97875287719298	0.00795273989922753	-0.0554650507325534
Bladder	UBERON:0001255	ENSG00000213918.11	DNASE1	6.75133714285714	0.0180248682863994	-0.10443369806092
Cervix Endocervix	UBERON:0000458	ENSG00000213918.11	DNASE1	10.2172726086957	0.0272782989682008	-0.141740837649916
Spleen	UBERON:0002106	ENSG00000213918.11	DNASE1	10.4449521299639	0.0278861627580743	-0.144012698899683
Brain Substantia nigra	UBERON:0002038	ENSG00000213918.11	DNASE1	2.3578818579235	0.00629512480633958	-0.0460271153947915
Brain Hypothalamus	UBERON:0001898	ENSG00000213918.11	DNASE1	3.01035805447471	0.00803712009615995	-0.055931167829612
Brain Caudate basal ganglia	UBERON:0001873	ENSG00000213918.11	DNASE1	2.7740833	0.00740630856376392	-0.0524146651393005
Breast Mammary Tissue	UBERON:0008367	ENSG00000213918.11	DNASE1	5.20264963035019	0.0138901483281075	-0.0856993563742381
Minor Salivary Gland	UBERON:0006330	ENSG00000213918.11	DNASE1	4.1669808839779	0.0111250971468831	-0.0722023060816377
Heart Atrial Appendage	UBERON:0006631	ENSG00000213918.11	DNASE1	2.32912895878525	0.00621835968428263	-0.0455759140639025
Adrenal Gland	UBERON:0002369	ENSG00000213918.11	DNASE1	3.88196925423729	0.0103641668337522	-0.0683232000112637
Colon Transverse	UBERON:0001157	ENSG00000213918.11	DNASE1	5.5006394572025	0.0146857281171249	-0.0894278806922197
Stomach	UBERON:0000945	ENSG00000213918.11	DNASE1	8.05048995085995	0.0214933750062766	-0.119072526984889
Artery Tibial	UBERON:0007610	ENSG00000213918.11	DNASE1	4.43514895803184	0.0118410581648503	-0.0757834611439208
Brain Cerebellar Hemisphere	UBERON:0002037	ENSG00000213918.11	DNASE1	15.257327833935	0.0407343491800071	-0.188095351624485
Artery Aorta	UBERON:0001496	ENSG00000213918.11	DNASE1	5.7039955720339	0.015228652741908	-0.0919364102562668
Heart Left Ventricle	UBERON:0006566	ENSG00000213918.11	DNASE1	1.61487181415929	0.0043114202614568	-0.0338775067598866
Brain Anterior cingulate cortex BA24	UBERON:0009835	ENSG00000213918.11	DNASE1	2.47227596566524	0.00660053670936779	-0.047809013734599
Cells EBV-transformed lymphocytes	EFO:0000572	ENSG00000213918.11	DNASE1	5.57082944954128	0.0148731229013223	-0.0902969391119914
Colon Sigmoid	UBERON:0001159	ENSG00000213918.11	DNASE1	6.31948723150358	0.0168719059017736	-0.0993625889867793
Fallopian Tube	UBERON:0003889	ENSG00000213918.11	DNASE1	9.22081931034483	0.0246179460519901	-0.131561892782794
Cells Cultured fibroblasts	EFO:0002009	ENSG00000213918.11	DNASE1	4.48836242331288	0.0119831286439951	-0.0764865313944645
Brain Hippocampus	UBERON:0001954	ENSG00000213918.11	DNASE1	2.666088	0.00711798033827903	-0.0507819234131842
Pancreas	UBERON:0001150	ENSG00000213918.11	DNASE1	6.41302223756906	0.0171216277167006	-0.100470333428716
Lung	UBERON:0008952	ENSG00000213918.11	DNASE1	5.80663688741722	0.0155026867815922	-0.093191888882763
Brain Amygdala	UBERON:0001876	ENSG00000185338.7	SOCS1	0.717266243093923	0.00175398638510845	-0.0160580027275694
Brain Cortex	UBERON:0001870	ENSG00000185338.7	SOCS1	0.739855	0.00180922441206324	-0.0164827814534245
Kidney Medulla	UBERON:0001293	ENSG00000185338.7	SOCS1	15.3151427272727	0.0374512980197669	-0.177475726636718
Uterus	UBERON:0000995	ENSG00000185338.7	SOCS1	7.28586039215686	0.0178166755436874	-0.103526074204003
Skin Not Sun Exposed Suprapubic	UBERON:0036149	ENSG00000185338.7	SOCS1	6.42332678955453	0.0157074556964836	-0.0941254624235827
Whole Blood	UBERON:0013756	ENSG00000185338.7	SOCS1	7.12558237858032	0.0174247353731409	-0.101807840162653
Kidney Cortex	UBERON:0001225	ENSG00000185338.7	SOCS1	11.1934484615385	0.027372201595971	-0.142093059565748
Brain Frontal Cortex BA9	UBERON:0009834	ENSG00000185338.7	SOCS1	0.715525092936803	0.00174972861653308	-0.0160251574314682
Vagina	UBERON:0000996	ENSG00000185338.7	SOCS1	10.0617421176471	0.024604752913925	-0.131510415303259
Prostate	UBERON:0002367	ENSG00000185338.7	SOCS1	8.5359929787234	0.020873721037645	-0.116520625662874
Esophagus Mucosa	UBERON:0006920	ENSG00000185338.7	SOCS1	5.70455921824104	0.0139497979978538	-0.0859811417614581
Liver	UBERON:0001114	ENSG00000185338.7	SOCS1	13.1811358778626	0.0322328467185484	-0.159724217653417
Pituitary	UBERON:0000007	ENSG00000185338.7	SOCS1	19.731392172524	0.0482506929094538	-0.211015070342344
Thyroid	UBERON:0002046	ENSG00000185338.7	SOCS1	6.90414460526316	0.0168832365318297	-0.0994129655783829
Esophagus Muscularis	UBERON:0004648	ENSG00000185338.7	SOCS1	5.02041871657754	0.0122768165394723	-0.0779322453313325
Brain Spinal cord cervical c-1	UBERON:0006469	ENSG00000185338.7	SOCS1	1.0620331372549	0.00259707142391642	-0.0223059831001292
Brain Putamen basal ganglia	UBERON:0001874	ENSG00000185338.7	SOCS1	0.796158228346457	0.00194690703257994	-0.0175311196293563
Adipose Visceral Omentum	UBERON:0010414	ENSG00000185338.7	SOCS1	11.1802723339012	0.0273399809962889	-0.141972254899616
Nerve Tibial	UBERON:0001323	ENSG00000185338.7	SOCS1	3.89354217910448	0.00952117855503272	-0.0639313255973036
Ovary	UBERON:0000992	ENSG00000185338.7	SOCS1	13.6144202590674	0.0332923903856743	-0.163421149185092
Cervix Ectocervix	UBERON:0012249	ENSG00000185338.7	SOCS1	16.4096175	0.0401277014734241	-0.186162746811466
Testis	UBERON:0000473	ENSG00000185338.7	SOCS1	12.3423981400966	0.0301818167322878	-0.152423502833411
Skin Sun Exposed Lower leg	UBERON:0004264	ENSG00000185338.7	SOCS1	8.70563940318302	0.02128857050484	-0.118231975606588
Adipose Subcutaneous	UBERON:0002190	ENSG00000185338.7	SOCS1	9.73520635854342	0.0238062498737591	-0.128375578931434
Small Intestine Terminal Ileum	UBERON:0001211	ENSG00000185338.7	SOCS1	14.8724234299517	0.0363686824256238	-0.173884472550162
Artery Coronary	UBERON:0001621	ENSG00000185338.7	SOCS1	4.05461014925373	0.00991505046722565	-0.0659962036530502
Brain Cerebellum	UBERON:0002037	ENSG00000185338.7	SOCS1	7.24605853383459	0.0177193449941579	-0.103100556641229
Esophagus Gastroesophageal Junction	UBERON:0004550	ENSG00000185338.7	SOCS1	6.69994397022332	0.0163838889922809	-0.0971823211396528
Muscle Skeletal	UBERON:0011907	ENSG00000185338.7	SOCS1	1.16506968215159	0.00284903462259959	-0.0240894741561904
Brain Nucleus accumbens basal ganglia	UBERON:0001882	ENSG00000185338.7	SOCS1	0.959735859649123	0.002346916012475	-0.0205003537792593
Bladder	UBERON:0001255	ENSG00000185338.7	SOCS1	10.0584192207792	0.0245966271782983	-0.131478704925732
Cervix Endocervix	UBERON:0000458	ENSG00000185338.7	SOCS1	21.7351891304348	0.0531507319347632	-0.225027795259269
Spleen	UBERON:0002106	ENSG00000185338.7	SOCS1	23.3482038628159	0.0570951610875588	-0.23583086116549
Brain Substantia nigra	UBERON:0002038	ENSG00000185338.7	SOCS1	1.19000120218579	0.00291000158866148	-0.0245160776248932
Brain Hypothalamus	UBERON:0001898	ENSG00000185338.7	SOCS1	1.14053027237354	0.00278902651394577	-0.0236677421275629
Brain Caudate basal ganglia	UBERON:0001873	ENSG00000185338.7	SOCS1	0.906904133333333	0.00221772252323459	-0.0195530061791978
Breast Mammary Tissue	UBERON:0008367	ENSG00000185338.7	SOCS1	8.38912538910506	0.0205145744096187	-0.115029464514342
Minor Salivary Gland	UBERON:0006330	ENSG00000185338.7	SOCS1	5.60260364640884	0.0137004781858572	-0.0848008899924424
Heart Atrial Appendage	UBERON:0006631	ENSG00000185338.7	SOCS1	1.97750386117137	0.00483574249086721	-0.0371967578585261
Adrenal Gland	UBERON:0002369	ENSG00000185338.7	SOCS1	3.8827500338983	0.00949478769119381	-0.0637921414913429
Colon Transverse	UBERON:0001157	ENSG00000185338.7	SOCS1	5.3519603131524	0.0130875607395354	-0.0818713296536027
Stomach	UBERON:0000945	ENSG00000185338.7	SOCS1	7.75460302211302	0.0189629279973323	-0.108480737634639
Artery Tibial	UBERON:0007610	ENSG00000185338.7	SOCS1	1.88481149059334	0.00460907469831086	-0.0357724443433192
Brain Cerebellar Hemisphere	UBERON:0002037	ENSG00000185338.7	SOCS1	6.8034761732852	0.0166370642620489	-0.098315987720785
Artery Aorta	UBERON:0001496	ENSG00000185338.7	SOCS1	5.13789235169491	0.0125640838667569	-0.0793365447199089
Heart Left Ventricle	UBERON:0006566	ENSG00000185338.7	SOCS1	1.98921477876106	0.00486438009957558	-0.037375602255309
Brain Anterior cingulate cortex BA24	UBERON:0009835	ENSG00000185338.7	SOCS1	0.65942034334764	0.00161253135140761	-0.0149585778625598
Cells EBV-transformed lymphocytes	EFO:0000572	ENSG00000185338.7	SOCS1	39.5486149235474	0.0967112739428274	-0.325933638231368
Colon Sigmoid	UBERON:0001159	ENSG00000185338.7	SOCS1	3.24931584725537	0.00794580229012222	-0.0554266700286498
Fallopian Tube	UBERON:0003889	ENSG00000185338.7	SOCS1	7.74764896551724	0.018945922707166	-0.108407978349854
Cells Cultured fibroblasts	EFO:0002009	ENSG00000185338.7	SOCS1	2.36968932515337	0.00579478381044009	-0.0430612091282172
Brain Hippocampus	UBERON:0001954	ENSG00000185338.7	SOCS1	0.641169607843137	0.0015679014222825	-0.0146080582595738
Pancreas	UBERON:0001150	ENSG00000185338.7	SOCS1	1.67030743093923	0.00408453140102572	-0.0324132633864489
Lung	UBERON:0008952	ENSG00000185338.7	SOCS1	14.503020513245	0.0354653530235207	-0.170852418857943
Brain Amygdala	UBERON:0001876	ENSG00000005844.19	ITGAL	0.701642154696133	0.00189272104100628	-0.0171202721991171
Brain Cortex	UBERON:0001870	ENSG00000005844.19	ITGAL	0.512403333333333	0.00138223817367668	-0.0131295736329866
Kidney Medulla	UBERON:0001293	ENSG00000005844.19	ITGAL	1.55427545454545	0.0041927495898701	-0.0331138650638021
Uterus	UBERON:0000995	ENSG00000005844.19	ITGAL	2.11491176470588	0.00570509905959705	-0.0425231403887974
Skin Not Sun Exposed Suprapubic	UBERON:0036149	ENSG00000005844.19	ITGAL	0.991466420890937	0.00267453907053828	-0.0228579321337368
Whole Blood	UBERON:0013756	ENSG00000005844.19	ITGAL	90.6538550933998	0.244544113883695	-0.496872887383822
Kidney Cortex	UBERON:0001225	ENSG00000005844.19	ITGAL	2.50225846153846	0.00674998959012227	-0.0486734932355793
Brain Frontal Cortex BA9	UBERON:0009834	ENSG00000005844.19	ITGAL	0.464793791821561	0.00125380863111162	-0.0120860470723065
Vagina	UBERON:0000996	ENSG00000005844.19	ITGAL	3.442855	0.00928730415642685	-0.0626941733287747
Prostate	UBERON:0002367	ENSG00000005844.19	ITGAL	3.62999960992908	0.00979213776505899	-0.0653542983897119
Esophagus Mucosa	UBERON:0006920	ENSG00000005844.19	ITGAL	2.24939283387622	0.00606786966500053	-0.0446873976632974
Liver	UBERON:0001114	ENSG00000005844.19	ITGAL	4.74010942748092	0.0127867243865227	-0.0804183879451571
Pituitary	UBERON:0000007	ENSG00000005844.19	ITGAL	2.06583948881789	0.00557272370489292	-0.0417252207084536
Thyroid	UBERON:0002046	ENSG00000005844.19	ITGAL	5.59167317251462	0.0150838677482716	-0.0912702178964159
Esophagus Muscularis	UBERON:0004648	ENSG00000005844.19	ITGAL	0.896020017825312	0.00241706677620483	-0.0210104181011287
Brain Spinal cord cervical c-1	UBERON:0006469	ENSG00000005844.19	ITGAL	3.03127279411765	0.00817703691269962	-0.0567012594990917
Brain Putamen basal ganglia	UBERON:0001874	ENSG00000005844.19	ITGAL	0.509809251968504	0.0013752404863963	-0.0130731740854087
Adipose Visceral Omentum	UBERON:0010414	ENSG00000005844.19	ITGAL	4.53961819420784	0.0122458874752661	-0.0777804750689811
Nerve Tibial	UBERON:0001323	ENSG00000005844.19	ITGAL	2.36449834328358	0.00637837355666795	-0.0465148995183213
Ovary	UBERON:0000992	ENSG00000005844.19	ITGAL	1.08506958549223	0.0029270391205422	-0.0246349630376428
Cervix Ectocervix	UBERON:0012249	ENSG00000005844.19	ITGAL	4.19893291666667	0.0113268688717695	-0.0732180933025247
Testis	UBERON:0000473	ENSG00000005844.19	ITGAL	1.19061657004831	0.00321175832839906	-0.0266011344480917
Skin Sun Exposed Lower leg	UBERON:0004264	ENSG00000005844.19	ITGAL	0.906474084880637	0.00244526723786078	-0.0212146302871042
Adipose Subcutaneous	UBERON:0002190	ENSG00000005844.19	ITGAL	3.31594288515406	0.00894495125114632	-0.0608678051754095
Small Intestine Terminal Ileum	UBERON:0001211	ENSG00000005844.19	ITGAL	24.2666203381643	0.0654606377349802	-0.257471648075492
Artery Coronary	UBERON:0001621	ENSG00000005844.19	ITGAL	4.56835399253731	0.0123234039838799	-0.0781606398472073
Brain Cerebellum	UBERON:0002037	ENSG00000005844.19	ITGAL	1.01895563909774	0.00274869285584408	-0.0233832361645265
Esophagus Gastroesophageal Junction	UBERON:0004550	ENSG00000005844.19	ITGAL	0.801514342431762	0.00216213215017834	-0.0191420685230591
Muscle Skeletal	UBERON:0011907	ENSG00000005844.19	ITGAL	0.337416503667482	0.000910200893432346	-0.00919441924369161
Brain Nucleus accumbens basal ganglia	UBERON:0001882	ENSG00000005844.19	ITGAL	0.49307849122807	0.00133010827380971	-0.0127081744660822
Bladder	UBERON:0001255	ENSG00000005844.19	ITGAL	4.26472662337662	0.0115043512710556	-0.0741073098898626
Cervix Endocervix	UBERON:0000458	ENSG00000005844.19	ITGAL	3.00561739130435	0.00810782995243474	-0.0563207849913148
Spleen	UBERON:0002106	ENSG00000005844.19	ITGAL	79.7257	0.215064771819911	-0.476832335915754
Brain Substantia nigra	UBERON:0002038	ENSG00000005844.19	ITGAL	1.43790710382514	0.00387883910937605	-0.0310701193559907
Brain Hypothalamus	UBERON:0001898	ENSG00000005844.19	ITGAL	0.898538015564202	0.0024238592234227	-0.0210596484454236
Brain Caudate basal ganglia	UBERON:0001873	ENSG00000005844.19	ITGAL	0.6252525	0.00168665544789609	-0.0155368273643937
Breast Mammary Tissue	UBERON:0008367	ENSG00000005844.19	ITGAL	2.74957038910506	0.00741712808210732	-0.0524756145298548
Minor Salivary Gland	UBERON:0006330	ENSG00000005844.19	ITGAL	3.02999988950276	0.00817360317752328	-0.0566824020640253
Heart Atrial Appendage	UBERON:0006631	ENSG00000005844.19	ITGAL	0.960120867678959	0.00258998259440695	-0.0222553109112214
Adrenal Gland	UBERON:0002369	ENSG00000005844.19	ITGAL	1.60793718644068	0.00433750527248572	-0.0340447265624653
Colon Transverse	UBERON:0001157	ENSG00000005844.19	ITGAL	4.7705709394572	0.0128688961093482	-0.0808162542811321
Stomach	UBERON:0000945	ENSG00000005844.19	ITGAL	2.75393454545455	0.00742890065092125	-0.0525419068564958
Artery Tibial	UBERON:0007610	ENSG00000005844.19	ITGAL	1.07063506512301	0.00288810115161204	-0.0243630480630969
Brain Cerebellar Hemisphere	UBERON:0002037	ENSG00000005844.19	ITGAL	1.0476436101083	0.00282608034744794	-0.023928370871629
Artery Aorta	UBERON:0001496	ENSG00000005844.19	ITGAL	2.39548911016949	0.00646197297578678	-0.0470031608558873
Heart Left Ventricle	UBERON:0006566	ENSG00000005844.19	ITGAL	0.550791017699115	0.0014857912133969	-0.0139583441305904
Brain Anterior cingulate cortex BA24	UBERON:0009835	ENSG00000005844.19	ITGAL	0.425877424892704	0.00114882943903661	-0.011219031356417
Cells EBV-transformed lymphocytes	EFO:0000572	ENSG00000005844.19	ITGAL	52.5441624770642	0.141740973282118	-0.399521204106047
Colon Sigmoid	UBERON:0001159	ENSG00000005844.19	ITGAL	1.38865489260143	0.00374597836850514	-0.0301942403088508
Fallopian Tube	UBERON:0003889	ENSG00000005844.19	ITGAL	4.41748379310345	0.0119164227342243	-0.076156725403874
Cells Cultured fibroblasts	EFO:0002009	ENSG00000005844.19	ITGAL	0.0541613036809816	0.00014610330693389	-0.00186146184291306
Brain Hippocampus	UBERON:0001954	ENSG00000005844.19	ITGAL	0.746693803921569	0.00201425051846185	-0.018038703420183
Pancreas	UBERON:0001150	ENSG00000005844.19	ITGAL	0.574485497237569	0.00154970846762394	-0.0144646494378424
Lung	UBERON:0008952	ENSG00000005844.19	ITGAL	24.9199055629139	0.0672229131090955	-0.261826734440741
Brain Amygdala	UBERON:0001876	ENSG00000103490.14	PYCARD	6.67219132596685	0.0034188639594597	-0.0280082473062569
Brain Cortex	UBERON:0001870	ENSG00000103490.14	PYCARD	3.72417481481481	0.00190828566374374	-0.01723851215086
Kidney Medulla	UBERON:0001293	ENSG00000103490.14	PYCARD	15.2050718181818	0.00779115428507969	-0.0545688332439192
Uterus	UBERON:0000995	ENSG00000103490.14	PYCARD	25.0364682352941	0.0128288106170878	-0.0806222596548282
Skin Not Sun Exposed Suprapubic	UBERON:0036149	ENSG00000103490.14	PYCARD	129.9373546851	0.0665805456134827	-0.260247073637823
Whole Blood	UBERON:0013756	ENSG00000103490.14	PYCARD	287.283922166874	0.147205707936774	-0.406890484962202
Kidney Cortex	UBERON:0001225	ENSG00000103490.14	PYCARD	13.0050621153846	0.00666385839143787	-0.0481758747221438
Brain Frontal Cortex BA9	UBERON:0009834	ENSG00000103490.14	PYCARD	4.18779156133829	0.00214584518628357	-0.0190212830629509
Vagina	UBERON:0000996	ENSG00000103490.14	PYCARD	58.1007129411765	0.0297710937515296	-0.150937777081322
Prostate	UBERON:0002367	ENSG00000103490.14	PYCARD	40.9527682624113	0.0209844017673121	-0.116978362999942
Esophagus Mucosa	UBERON:0006920	ENSG00000103490.14	PYCARD	73.5062483713355	0.0376649665865863	-0.178179131629421
Liver	UBERON:0001114	ENSG00000103490.14	PYCARD	7.75613286259542	0.00397428098404626	-0.0316952501587969
Pituitary	UBERON:0000007	ENSG00000103490.14	PYCARD	15.3387294249201	0.0078596411063144	-0.054949272726376
Thyroid	UBERON:0002046	ENSG00000103490.14	PYCARD	20.3528068274854	0.0104288792597313	-0.0686561494780984
Esophagus Muscularis	UBERON:0004648	ENSG00000103490.14	PYCARD	15.8512496078431	0.00812225899244602	-0.05640018064593
Brain Spinal cord cervical c-1	UBERON:0006469	ENSG00000103490.14	PYCARD	19.5700837745098	0.010027808081565	-0.066583140481803
Brain Putamen basal ganglia	UBERON:0001874	ENSG00000103490.14	PYCARD	4.66142885826772	0.00238853928859834	-0.0208033547748204
Adipose Visceral Omentum	UBERON:0010414	ENSG00000103490.14	PYCARD	39.9850016865417	0.020488513369368	-0.114920909109627
Nerve Tibial	UBERON:0001323	ENSG00000103490.14	PYCARD	27.3246867313433	0.0140013051343037	-0.0862241656553297
Ovary	UBERON:0000992	ENSG00000103490.14	PYCARD	31.3992471502591	0.016089130121075	-0.0958553345526408
Cervix Ectocervix	UBERON:0012249	ENSG00000103490.14	PYCARD	59.78435	0.030633797738872	-0.154049157674953
Testis	UBERON:0000473	ENSG00000103490.14	PYCARD	5.39990971014493	0.00276694054328182	-0.0235120569056651
Skin Sun Exposed Lower leg	UBERON:0004264	ENSG00000103490.14	PYCARD	133.388455570292	0.0683489068400146	-0.264574375684986
Adipose Subcutaneous	UBERON:0002190	ENSG00000103490.14	PYCARD	36.4347307142857	0.0186693368978954	-0.107221465028185
Small Intestine Terminal Ileum	UBERON:0001211	ENSG00000103490.14	PYCARD	72.7538256038647	0.0372794214251381	-0.176908626514316
Artery Coronary	UBERON:0001621	ENSG00000103490.14	PYCARD	32.8088339552239	0.0168114093978201	-0.0990934323103838
Brain Cerebellum	UBERON:0002037	ENSG00000103490.14	PYCARD	14.9090890225564	0.00763949123119728	-0.0537232531823929
Esophagus Gastroesophageal Junction	UBERON:0004550	ENSG00000103490.14	PYCARD	17.9990758808933	0.00922281583762129	-0.0623515565758317
Muscle Skeletal	UBERON:0011907	ENSG00000103490.14	PYCARD	2.60142788508557	0.00133298456308337	-0.0127315011341293
Brain Nucleus accumbens basal ganglia	UBERON:0001882	ENSG00000103490.14	PYCARD	4.62861968421053	0.00237172770493058	-0.0206811001020255
Bladder	UBERON:0001255	ENSG00000103490.14	PYCARD	36.9316138961039	0.0189239423070312	-0.108313899798528
Cervix Endocervix	UBERON:0000458	ENSG00000103490.14	PYCARD	35.7427913043478	0.0183147837091162	-0.105691824262974
Spleen	UBERON:0002106	ENSG00000103490.14	PYCARD	147.841450902527	0.0757546934000183	-0.281998430659639
Brain Substantia nigra	UBERON:0002038	ENSG00000103490.14	PYCARD	11.279626284153	0.00577973650560401	-0.0429710726251008
Brain Hypothalamus	UBERON:0001898	ENSG00000103490.14	PYCARD	7.71445404669261	0.00395292455186355	-0.0315556585680204
Brain Caudate basal ganglia	UBERON:0001873	ENSG00000103490.14	PYCARD	4.9884679	0.00255611571716437	-0.0220128369179307
Breast Mammary Tissue	UBERON:0008367	ENSG00000103490.14	PYCARD	35.0703903307393	0.0179702421121106	-0.104195890617328
Minor Salivary Gland	UBERON:0006330	ENSG00000103490.14	PYCARD	35.7050928176796	0.0182954668173936	-0.105608203108272
Heart Atrial Appendage	UBERON:0006631	ENSG00000103490.14	PYCARD	8.26967360086768	0.00423742180780538	-0.033401890709232
Adrenal Gland	UBERON:0002369	ENSG00000103490.14	PYCARD	16.1565948135593	0.00827871939173854	-0.05725874162122
Colon Transverse	UBERON:0001157	ENSG00000103490.14	PYCARD	61.7824203340292	0.0316576188974309	-0.157696205959558
Stomach	UBERON:0000945	ENSG00000103490.14	PYCARD	19.8068355282555	0.0101491208555363	-0.0672125673498219
Artery Tibial	UBERON:0007610	ENSG00000103490.14	PYCARD	15.1775830535456	0.00777706890561236	-0.0544904825170975
Brain Cerebellar Hemisphere	UBERON:0002037	ENSG00000103490.14	PYCARD	17.7414769314079	0.0090908208570573	-0.0616482536168408
Artery Aorta	UBERON:0001496	ENSG00000103490.14	PYCARD	24.2735823728814	0.0124379041138474	-0.078720898001021
Heart Left Ventricle	UBERON:0006566	ENSG00000103490.14	PYCARD	4.40852444690266	0.00225894981267319	-0.0198564671840514
Brain Anterior cingulate cortex BA24	UBERON:0009835	ENSG00000103490.14	PYCARD	4.28532068669528	0.00219581959429896	-0.0193913371956703
Cells EBV-transformed lymphocytes	EFO:0000572	ENSG00000103490.14	PYCARD	57.4615525993884	0.0294435848192916	-0.149747212137614
Colon Sigmoid	UBERON:0001159	ENSG00000103490.14	PYCARD	20.0329843675418	0.0102650006435005	-0.0678118514249672
Fallopian Tube	UBERON:0003889	ENSG00000103490.14	PYCARD	37.6211689655172	0.0192772737478886	-0.109821764037118
Cells Cultured fibroblasts	EFO:0002009	ENSG00000103490.14	PYCARD	49.4989488803681	0.0253635071433905	-0.134454536963476
Brain Hippocampus	UBERON:0001954	ENSG00000103490.14	PYCARD	6.05150466666667	0.0031008210338409	-0.0258395572548163
Pancreas	UBERON:0001150	ENSG00000103490.14	PYCARD	7.59372693370166	0.00389106337981831	-0.0311503740549548
Lung	UBERON:0008952	ENSG00000103490.14	PYCARD	65.5861670529801	0.033606677599888	-0.164508325338834
Brain Amygdala	UBERON:0001876	ENSG00000169896.18	ITGAM	3.03662668508287	0.0056022093658843	-0.0419033405386312
Brain Cortex	UBERON:0001870	ENSG00000169896.18	ITGAM	1.60474540740741	0.00296056140038572	-0.0248684597040002
Kidney Medulla	UBERON:0001293	ENSG00000169896.18	ITGAM	1.79486272727273	0.00331130488663591	-0.0272798026291006
Uterus	UBERON:0000995	ENSG00000169896.18	ITGAM	4.77059	0.00880116219424734	-0.0600951296820559
Skin Not Sun Exposed Suprapubic	UBERON:0036149	ENSG00000169896.18	ITGAM	2.52568210445469	0.00465957834406512	-0.0360911595534038
Whole Blood	UBERON:0013756	ENSG00000169896.18	ITGAM	191.13521117061	0.352621372732567	-0.530274902781967
Kidney Cortex	UBERON:0001225	ENSG00000169896.18	ITGAM	3.07942038461538	0.00568115857142859	-0.0423791654396053
Brain Frontal Cortex BA9	UBERON:0009834	ENSG00000169896.18	ITGAM	1.87225431226766	0.00345408301093715	-0.0282457000233778
Vagina	UBERON:0000996	ENSG00000169896.18	ITGAM	4.12544247058824	0.00761094294556512	-0.0535636022713513
Prostate	UBERON:0002367	ENSG00000169896.18	ITGAM	4.2743614893617	0.007885680543647	-0.0550936936582323
Esophagus Mucosa	UBERON:0006920	ENSG00000169896.18	ITGAM	2.28115397394137	0.00420845348577636	-0.033215194360164
Liver	UBERON:0001114	ENSG00000169896.18	ITGAM	2.46730435114504	0.00455187844207942	-0.0354105292604982
Pituitary	UBERON:0000007	ENSG00000169896.18	ITGAM	3.01342549520767	0.00555940597360133	-0.0416446959534942
Thyroid	UBERON:0002046	ENSG00000169896.18	ITGAM	4.6023973245614	0.00849086702815268	-0.058416081764916
Esophagus Muscularis	UBERON:0004648	ENSG00000169896.18	ITGAM	6.78377557932264	0.0125152463663808	-0.0790984783520654
Brain Spinal cord cervical c-1	UBERON:0006469	ENSG00000169896.18	ITGAM	9.62646843137255	0.0177596712403102	-0.103276951523766
Brain Putamen basal ganglia	UBERON:0001874	ENSG00000169896.18	ITGAM	1.81404114173228	0.00334668674428602	-0.0275199749964616
Adipose Visceral Omentum	UBERON:0010414	ENSG00000169896.18	ITGAM	18.048241890971	0.033296825802143	-0.163436521773463
Nerve Tibial	UBERON:0001323	ENSG00000169896.18	ITGAM	10.4921644029851	0.0193567757194351	-0.110159749915224
Ovary	UBERON:0000992	ENSG00000169896.18	ITGAM	3.00623870466321	0.00554614721331428	-0.041564482041709
Cervix Ectocervix	UBERON:0012249	ENSG00000169896.18	ITGAM	3.74514291666667	0.00690933621422505	-0.0495899446851846
Testis	UBERON:0000473	ENSG00000169896.18	ITGAM	2.7410822705314	0.00505696562704458	-0.0385720675835579
Skin Sun Exposed Lower leg	UBERON:0004264	ENSG00000169896.18	ITGAM	2.52563889920424	0.00465949863559787	-0.0360906571587322
Adipose Subcutaneous	UBERON:0002190	ENSG00000169896.18	ITGAM	15.3130945938375	0.0282508094839876	-0.145366347783323
Small Intestine Terminal Ileum	UBERON:0001211	ENSG00000169896.18	ITGAM	9.27924729468599	0.0171190901924211	-0.100459103746461
Artery Coronary	UBERON:0001621	ENSG00000169896.18	ITGAM	14.2366855597015	0.0262649648616695	-0.13790988530025
Brain Cerebellum	UBERON:0002037	ENSG00000169896.18	ITGAM	2.97415672932331	0.0054869598447753	-0.0412058463066455
Esophagus Gastroesophageal Junction	UBERON:0004550	ENSG00000169896.18	ITGAM	6.9183358808933	0.0127634938659627	-0.0803057704298
Muscle Skeletal	UBERON:0011907	ENSG00000169896.18	ITGAM	1.31886660146699	0.00243314954168913	-0.0211269384253266
Brain Nucleus accumbens basal ganglia	UBERON:0001882	ENSG00000169896.18	ITGAM	2.16256319298246	0.00398966782237585	-0.0317957201536618
Bladder	UBERON:0001255	ENSG00000169896.18	ITGAM	7.38223766233766	0.0136193366067331	-0.0844153688586042
Cervix Endocervix	UBERON:0000458	ENSG00000169896.18	ITGAM	4.7446747826087	0.00875335174909065	-0.0598374638516129
Spleen	UBERON:0002106	ENSG00000169896.18	ITGAM	58.1105649819495	0.107206971801284	-0.345370407877113
Brain Substantia nigra	UBERON:0002038	ENSG00000169896.18	ITGAM	5.25984234972678	0.00970377367078629	-0.0648914477511494
Brain Hypothalamus	UBERON:0001898	ENSG00000169896.18	ITGAM	3.84103945525292	0.00708625374223825	-0.0506012454834973
Brain Caudate basal ganglia	UBERON:0001873	ENSG00000169896.18	ITGAM	2.63638906666667	0.00486381931435602	-0.0373721024416117
Breast Mammary Tissue	UBERON:0008367	ENSG00000169896.18	ITGAM	6.7724659922179	0.0124943815445331	-0.0789966856105277
Minor Salivary Gland	UBERON:0006330	ENSG00000169896.18	ITGAM	5.16336414364641	0.00952578303652023	-0.0639555985832411
Heart Atrial Appendage	UBERON:0006631	ENSG00000169896.18	ITGAM	4.06738828633406	0.00750383998939497	-0.0529632673931736
Adrenal Gland	UBERON:0002369	ENSG00000169896.18	ITGAM	7.31603315254237	0.013497197284616	-0.0838337422315981
Colon Transverse	UBERON:0001157	ENSG00000169896.18	ITGAM	5.40258768267223	0.00996712156438537	-0.0662674777931369
Stomach	UBERON:0000945	ENSG00000169896.18	ITGAM	4.1226241031941	0.00760574339822219	-0.0535345081680473
Artery Tibial	UBERON:0007610	ENSG00000169896.18	ITGAM	5.23689698986975	0.00966144225397893	-0.0646693053990964
Brain Cerebellar Hemisphere	UBERON:0002037	ENSG00000169896.18	ITGAM	3.15015884476534	0.00581166248418384	-0.0431622488415989
Artery Aorta	UBERON:0001496	ENSG00000169896.18	ITGAM	10.2159593008475	0.0188472106755324	-0.107985190902792
Heart Left Ventricle	UBERON:0006566	ENSG00000169896.18	ITGAM	2.07429024336283	0.00382681489496709	-0.0307279465880147
Brain Anterior cingulate cortex BA24	UBERON:0009835	ENSG00000169896.18	ITGAM	1.87316472103004	0.0034557626051133	-0.0282570111424945
Cells EBV-transformed lymphocytes	EFO:0000572	ENSG00000169896.18	ITGAM	7.70536143730887	0.0142154609335646	-0.0872316878149212
Colon Sigmoid	UBERON:0001159	ENSG00000169896.18	ITGAM	6.57561054892601	0.0121312070346229	-0.077216747274692
Fallopian Tube	UBERON:0003889	ENSG00000169896.18	ITGAM	8.99092724137931	0.0165871745272715	-0.0980930342105948
Cells Cultured fibroblasts	EFO:0002009	ENSG00000169896.18	ITGAM	0.0985539110429447	0.000181820059147062	-0.00225915078202586
Brain Hippocampus	UBERON:0001954	ENSG00000169896.18	ITGAM	3.02466588235294	0.00558014312988424	-0.0417700618334193
Pancreas	UBERON:0001150	ENSG00000169896.18	ITGAM	1.69534389502762	0.0031277046644472	-0.0260246296254964
Lung	UBERON:0008952	ENSG00000169896.18	ITGAM	35.0115473344371	0.0645920749345361	-0.255300113146178
Brain Amygdala	UBERON:0001876	ENSG00000167207.14	NOD2	0.214774640883978	0.00139397250029293	-0.0132240346863485
Brain Cortex	UBERON:0001870	ENSG00000167207.14	NOD2	0.241127888888889	0.00156501551943637	-0.014585330092394
Kidney Medulla	UBERON:0001293	ENSG00000167207.14	NOD2	0.428455454545455	0.00278084562860244	-0.0236101041453103
Uterus	UBERON:0000995	ENSG00000167207.14	NOD2	0.895354117647059	0.00581120290965014	-0.0431594986578031
Skin Not Sun Exposed Suprapubic	UBERON:0036149	ENSG00000167207.14	NOD2	14.420383625192	0.0935940022269717	-0.319851897177362
Whole Blood	UBERON:0013756	ENSG00000167207.14	NOD2	17.1975890784558	0.111619165782499	-0.353089743102382
Kidney Cortex	UBERON:0001225	ENSG00000167207.14	NOD2	0.539173269230769	0.00349944810573209	-0.0285507963310602
Brain Frontal Cortex BA9	UBERON:0009834	ENSG00000167207.14	NOD2	0.187613271375465	0.00121768445246136	-0.0117891873233544
Vagina	UBERON:0000996	ENSG00000167207.14	NOD2	14.8928801176471	0.0966606916380508	-0.325836122911653
Prostate	UBERON:0002367	ENSG00000167207.14	NOD2	1.30446117021277	0.00846646974471638	-0.0582833787911961
Esophagus Mucosa	UBERON:0006920	ENSG00000167207.14	NOD2	11.1389022638436	0.0722958882638132	-0.273997266135849
Liver	UBERON:0001114	ENSG00000167207.14	NOD2	0.851740648854962	0.00552813422012358	-0.0414554323051065
Pituitary	UBERON:0000007	ENSG00000167207.14	NOD2	0.603646198083067	0.00391790295432846	-0.0313263869242004
Thyroid	UBERON:0002046	ENSG00000167207.14	NOD2	0.813894152046784	0.0052824954633044	-0.03995977850631
Esophagus Muscularis	UBERON:0004648	ENSG00000167207.14	NOD2	1.13551219251337	0.00736992395189727	-0.0522095329133632
Brain Spinal cord cervical c-1	UBERON:0006469	ENSG00000167207.14	NOD2	0.844101029411765	0.00547855006357377	-0.0411548141699974
Brain Putamen basal ganglia	UBERON:0001874	ENSG00000167207.14	NOD2	0.200048188976378	0.00129839199366705	-0.0124503564920944
Adipose Visceral Omentum	UBERON:0010414	ENSG00000167207.14	NOD2	1.51085339011925	0.00980603701224807	-0.0654269975955709
Nerve Tibial	UBERON:0001323	ENSG00000167207.14	NOD2	2.36380767164179	0.0153420481891534	-0.0924567836448986
Ovary	UBERON:0000992	ENSG00000167207.14	NOD2	0.672298704663213	0.00436348491807901	-0.0342110459620308
Cervix Ectocervix	UBERON:0012249	ENSG00000167207.14	NOD2	12.5548779166667	0.0814861311760846	-0.294759917096533
Testis	UBERON:0000473	ENSG00000167207.14	NOD2	0.951649299516908	0.0061765809407928	-0.0453297782514322
Skin Sun Exposed Lower leg	UBERON:0004264	ENSG00000167207.14	NOD2	16.7085635809019	0.108445196580518	-0.347562727887883
Adipose Subcutaneous	UBERON:0002190	ENSG00000167207.14	NOD2	1.47677158263305	0.00958483258047486	-0.0642666000831009
Small Intestine Terminal Ileum	UBERON:0001211	ENSG00000167207.14	NOD2	1.78717879227053	0.0115994983359215	-0.074582382226652
Artery Coronary	UBERON:0001621	ENSG00000167207.14	NOD2	2.33216664179104	0.0151366853711254	-0.0915134764207467
Brain Cerebellum	UBERON:0002037	ENSG00000167207.14	NOD2	0.604871578947368	0.0039258561615609	-0.0313784927133954
Esophagus Gastroesophageal Junction	UBERON:0004550	ENSG00000167207.14	NOD2	1.1312482133995	0.00734224903831302	-0.0520533315041625
Muscle Skeletal	UBERON:0011907	ENSG00000167207.14	NOD2	0.385509327628362	0.00250210825220587	-0.0216248210561969
Brain Nucleus accumbens basal ganglia	UBERON:0001882	ENSG00000167207.14	NOD2	0.180939719298246	0.00117437045581526	-0.0114312007108534
Bladder	UBERON:0001255	ENSG00000167207.14	NOD2	1.04907922077922	0.00680893972573304	-0.0490131593444299
Cervix Endocervix	UBERON:0000458	ENSG00000167207.14	NOD2	1.19832260869565	0.00777758843467648	-0.0544933730804561
Spleen	UBERON:0002106	ENSG00000167207.14	NOD2	5.6043319133574	0.0363743342211173	-0.173903340235183
Brain Substantia nigra	UBERON:0002038	ENSG00000167207.14	NOD2	0.408942677595628	0.00265419997639483	-0.0227133354409905
Brain Hypothalamus	UBERON:0001898	ENSG00000167207.14	NOD2	0.327147937743191	0.00212331971253488	-0.0188539381187446
Brain Caudate basal ganglia	UBERON:0001873	ENSG00000167207.14	NOD2	0.254224733333333	0.00165001922807268	-0.0152516251201038
Breast Mammary Tissue	UBERON:0008367	ENSG00000167207.14	NOD2	1.12121692607004	0.00727714200974458	-0.0516852630659794
Minor Salivary Gland	UBERON:0006330	ENSG00000167207.14	NOD2	4.56521309392265	0.0296300414458293	-0.150425662424131
Heart Atrial Appendage	UBERON:0006631	ENSG00000167207.14	NOD2	0.510716138828633	0.00331475005639741	-0.0273032123479657
Adrenal Gland	UBERON:0002369	ENSG00000167207.14	NOD2	0.533004169491525	0.0034594082045935	-0.0282815581465117
Colon Transverse	UBERON:0001157	ENSG00000167207.14	NOD2	1.01646321503132	0.00659724892790493	-0.0477899417572843
Stomach	UBERON:0000945	ENSG00000167207.14	NOD2	0.602108427518428	0.00390792221419059	-0.0312609647020996
Artery Tibial	UBERON:0007610	ENSG00000167207.14	NOD2	2.08429503617945	0.0135279004586987	-0.083980100013849
Brain Cerebellar Hemisphere	UBERON:0002037	ENSG00000167207.14	NOD2	0.472254512635379	0.00306511886619137	-0.0255932559804263
Artery Aorta	UBERON:0001496	ENSG00000167207.14	NOD2	2.27075463983051	0.014738097150614	-0.089671091757936
Heart Left Ventricle	UBERON:0006566	ENSG00000167207.14	NOD2	0.300865995575221	0.00195273949652032	-0.0175752115777504
Brain Anterior cingulate cortex BA24	UBERON:0009835	ENSG00000167207.14	NOD2	0.14853	0.000964018538763875	-0.00965816576859158
Cells EBV-transformed lymphocytes	EFO:0000572	ENSG00000167207.14	NOD2	13.8554333944954	0.0899272514300253	-0.312505994995401
Colon Sigmoid	UBERON:0001159	ENSG00000167207.14	NOD2	1.01107021479714	0.00656224621999873	-0.0475867489829635
Fallopian Tube	UBERON:0003889	ENSG00000167207.14	NOD2	1.35592344827586	0.00880048031564378	-0.0600914574581885
Cells Cultured fibroblasts	EFO:0002009	ENSG00000167207.14	NOD2	0.0576651840490798	0.000374269887999352	-0.00426055119731518
Brain Hippocampus	UBERON:0001954	ENSG00000167207.14	NOD2	0.227120431372549	0.00147410157123265	-0.0138653232410807
Pancreas	UBERON:0001150	ENSG00000167207.14	NOD2	0.187961325966851	0.00121994346463801	-0.0118077961880902
Lung	UBERON:0008952	ENSG00000167207.14	NOD2	6.34076150662252	0.0411540540110716	-0.189424770164391
Brain Amygdala	UBERON:0001876	ENSG00000083799.18	CYLD	10.8764270165746	0.012195463326559	-0.0775327998116088
Brain Cortex	UBERON:0001870	ENSG00000083799.18	CYLD	10.8890243333333	0.0122095883801552	-0.0776022100625522
Kidney Medulla	UBERON:0001293	ENSG00000083799.18	CYLD	6.40662909090909	0.00718359163408926	-0.0511549231363752
Uterus	UBERON:0000995	ENSG00000083799.18	CYLD	18.7651117647059	0.0210408465938775	-0.117211474784782
Skin Not Sun Exposed Suprapubic	UBERON:0036149	ENSG00000083799.18	CYLD	18.5540294777266	0.0208041653486653	-0.116232534366489
Whole Blood	UBERON:0013756	ENSG00000083799.18	CYLD	17.2917807596513	0.0193888376931012	-0.110295921231856
Kidney Cortex	UBERON:0001225	ENSG00000083799.18	CYLD	6.31583278846154	0.00708178402990097	-0.0505757747329436
Brain Frontal Cortex BA9	UBERON:0009834	ENSG00000083799.18	CYLD	14.9026260966543	0.0167099388203688	-0.0986412709772249
Vagina	UBERON:0000996	ENSG00000083799.18	CYLD	19.3035245882353	0.0216445553149397	-0.119691188123702
Prostate	UBERON:0002367	ENSG00000083799.18	CYLD	16.633035212766	0.0186502029239503	-0.10713916540514
Esophagus Mucosa	UBERON:0006920	ENSG00000083799.18	CYLD	14.5229717589577	0.0162842419858208	-0.0967345792913805
Liver	UBERON:0001114	ENSG00000083799.18	CYLD	5.70248236641221	0.00639404966943194	-0.0466065754518594
Pituitary	UBERON:0000007	ENSG00000083799.18	CYLD	22.8180664536741	0.0255853224771979	-0.135308995515343
Thyroid	UBERON:0002046	ENSG00000083799.18	CYLD	22.3036414619883	0.0250085107070449	-0.133081215298553
Esophagus Muscularis	UBERON:0004648	ENSG00000083799.18	CYLD	15.3583915508021	0.0172209771303857	-0.100909573449215
Brain Spinal cord cervical c-1	UBERON:0006469	ENSG00000083799.18	CYLD	17.3753062745098	0.0194824927465242	-0.110693248680557
Brain Putamen basal ganglia	UBERON:0001874	ENSG00000083799.18	CYLD	13.0642418503937	0.0146486049263217	-0.0892553108912819
Adipose Visceral Omentum	UBERON:0010414	ENSG00000083799.18	CYLD	11.8459324020443	0.0132825452658189	-0.0828076981749163
Nerve Tibial	UBERON:0001323	ENSG00000083799.18	CYLD	21.387804761194	0.0239816061104681	-0.129067275174657
Ovary	UBERON:0000992	ENSG00000083799.18	CYLD	18.4548920207254	0.0206930050182274	-0.115771424651811
Cervix Ectocervix	UBERON:0012249	ENSG00000083799.18	CYLD	17.3636333333333	0.019469404171957	-0.110637760092904
Testis	UBERON:0000473	ENSG00000083799.18	CYLD	19.7196823913043	0.0221111825646473	-0.121591161892837
Skin Sun Exposed Lower leg	UBERON:0004264	ENSG00000083799.18	CYLD	18.2057903448276	0.0204136935910127	-0.114608986705796
Adipose Subcutaneous	UBERON:0002190	ENSG00000083799.18	CYLD	14.3208882633053	0.0160576508583876	-0.0957131588688255
Small Intestine Terminal Ileum	UBERON:0001211	ENSG00000083799.18	CYLD	20.6685580676329	0.0231751329312974	-0.125870602978296
Artery Coronary	UBERON:0001621	ENSG00000083799.18	CYLD	20.4213599626866	0.0228979559301855	-0.124762658450084
Brain Cerebellum	UBERON:0002037	ENSG00000083799.18	CYLD	18.1450273684211	0.0203455615979189	-0.114324601441144
Esophagus Gastroesophageal Junction	UBERON:0004550	ENSG00000083799.18	CYLD	15.8448561538462	0.0177664376218736	-0.103306536048543
Muscle Skeletal	UBERON:0011907	ENSG00000083799.18	CYLD	18.9986145599022	0.021302667389542	-0.118289922324469
Brain Nucleus accumbens basal ganglia	UBERON:0001882	ENSG00000083799.18	CYLD	15.6116106315789	0.0175049052998565	-0.102160324130365
Bladder	UBERON:0001255	ENSG00000083799.18	CYLD	16.1603881818182	0.0181202357275956	-0.104848294906189
Cervix Endocervix	UBERON:0000458	ENSG00000083799.18	CYLD	18.0146956521739	0.0201994239312608	-0.113713506215491
Spleen	UBERON:0002106	ENSG00000083799.18	CYLD	28.4770935018051	0.0319306467941188	-0.158660651072557
Brain Substantia nigra	UBERON:0002038	ENSG00000083799.18	CYLD	13.9483843169399	0.0156399715773171	-0.0938182196987801
Brain Hypothalamus	UBERON:0001898	ENSG00000083799.18	CYLD	17.419176692607	0.0195316835399906	-0.110901678095036
Brain Caudate basal ganglia	UBERON:0001873	ENSG00000083799.18	CYLD	15.3874524666667	0.0172535624024721	-0.101053457956854
Breast Mammary Tissue	UBERON:0008367	ENSG00000083799.18	CYLD	13.734010155642	0.0153995992364477	-0.0927204231227988
Minor Salivary Gland	UBERON:0006330	ENSG00000083799.18	CYLD	14.8306245303867	0.0166292052798842	-0.0982808808531487
Heart Atrial Appendage	UBERON:0006631	ENSG00000083799.18	CYLD	7.40697301518438	0.00830525204921036	-0.0574039116664262
Adrenal Gland	UBERON:0002369	ENSG00000083799.18	CYLD	16.5471947118644	0.0185539521350577	-0.106724738479282
Colon Transverse	UBERON:0001157	ENSG00000083799.18	CYLD	11.6412033402923	0.0130529877318353	-0.0817048650414114
Stomach	UBERON:0000945	ENSG00000083799.18	CYLD	9.95442791154791	0.0111616489815229	-0.0723867092027528
Artery Tibial	UBERON:0007610	ENSG00000083799.18	CYLD	27.5229973950796	0.0308608428905159	-0.154862139099551
Brain Cerebellar Hemisphere	UBERON:0002037	ENSG00000083799.18	CYLD	21.7175115884477	0.0243512980611574	-0.130519487831688
Artery Aorta	UBERON:0001496	ENSG00000083799.18	CYLD	25.082017161017	0.0281238333119106	-0.144895759362706
Heart Left Ventricle	UBERON:0006566	ENSG00000083799.18	CYLD	5.60820838495575	0.00628834263147279	-0.0459873065261994
Brain Anterior cingulate cortex BA24	UBERON:0009835	ENSG00000083799.18	CYLD	11.0031332188841	0.0123375357958689	-0.0782298706536519
Cells EBV-transformed lymphocytes	EFO:0000572	ENSG00000083799.18	CYLD	49.6799920489297	0.0557049222298073	-0.232069567924548
Colon Sigmoid	UBERON:0001159	ENSG00000083799.18	CYLD	14.7149422434368	0.0164994936488604	-0.0977006699239208
Fallopian Tube	UBERON:0003889	ENSG00000083799.18	CYLD	17.783224137931	0.0199398807597036	-0.112624422688897
Cells Cultured fibroblasts	EFO:0002009	ENSG00000083799.18	CYLD	13.1039583282209	0.0146931380113195	-0.0894623098945452
Brain Hippocampus	UBERON:0001954	ENSG00000083799.18	CYLD	10.8922329411765	0.0122131861112134	-0.0776198854779729
Pancreas	UBERON:0001150	ENSG00000083799.18	CYLD	4.51850320441989	0.00506648369326315	-0.0386309221693356
Lung	UBERON:0008952	ENSG00000083799.18	CYLD	24.621931986755	0.0276079514086666	-0.142975295398097
Brain Amygdala	UBERON:0001876	ENSG00000072736.19	NFATC3	1.40380729281768	0.00376837662033535	-0.0303423698506402
Brain Cortex	UBERON:0001870	ENSG00000072736.19	NFATC3	1.78080788888889	0.0047803960330823	-0.0368504196764237
Kidney Medulla	UBERON:0001293	ENSG00000072736.19	NFATC3	4.36189636363636	0.0117090631749467	-0.0751280487055956
Uterus	UBERON:0000995	ENSG00000072736.19	NFATC3	10.3769790196078	0.0278559353034215	-0.14390018040642
Skin Not Sun Exposed Suprapubic	UBERON:0036149	ENSG00000072736.19	NFATC3	7.94907439324117	0.0213384744829694	-0.118437050636582
Whole Blood	UBERON:0013756	ENSG00000072736.19	NFATC3	7.11203057285181	0.0190915162436941	-0.109030207934333
Kidney Cortex	UBERON:0001225	ENSG00000072736.19	NFATC3	3.65635826923077	0.00981511856209494	-0.065474482760138
Brain Frontal Cortex BA9	UBERON:0009834	ENSG00000072736.19	NFATC3	1.63915840148699	0.0044001525200739	-0.0344454092742057
Vagina	UBERON:0000996	ENSG00000072736.19	NFATC3	7.83160394117647	0.0210231371090964	-0.117138359836196
Prostate	UBERON:0002367	ENSG00000072736.19	NFATC3	6.54521542553192	0.0175699591466904	-0.102445957646078
Esophagus Mucosa	UBERON:0006920	ENSG00000072736.19	NFATC3	4.8018240228013	0.0128900038310594	-0.0809183331299313
Liver	UBERON:0001114	ENSG00000072736.19	NFATC3	2.98704744274809	0.00801842233237801	-0.0558279918849863
Pituitary	UBERON:0000007	ENSG00000072736.19	NFATC3	4.64736546325879	0.0124753756783431	-0.0789039183673896
Thyroid	UBERON:0002046	ENSG00000072736.19	NFATC3	9.6568590497076	0.0259228471421812	-0.136603865081879
Esophagus Muscularis	UBERON:0004648	ENSG00000072736.19	NFATC3	7.66007365418895	0.0205626816559368	-0.115229726401554
Brain Spinal cord cervical c-1	UBERON:0006469	ENSG00000072736.19	NFATC3	3.58553911764706	0.00962501181705561	-0.064477915399695
Brain Putamen basal ganglia	UBERON:0001874	ENSG00000072736.19	NFATC3	1.65470803149606	0.00444189390614652	-0.0347116656501591
Adipose Visceral Omentum	UBERON:0010414	ENSG00000072736.19	NFATC3	7.91040303236797	0.0212346651831198	-0.118010267861403
Nerve Tibial	UBERON:0001323	ENSG00000072736.19	NFATC3	14.2266528059701	0.0381899895334202	-0.179900119689777
Ovary	UBERON:0000992	ENSG00000072736.19	NFATC3	9.23783621761658	0.0247980233491169	-0.132263507606762
Cervix Ectocervix	UBERON:0012249	ENSG00000072736.19	NFATC3	8.22177791666667	0.0220705191070553	-0.121426161278083
Testis	UBERON:0000473	ENSG00000072736.19	NFATC3	25.5961754589372	0.0687103063668067	-0.265450565496885
Skin Sun Exposed Lower leg	UBERON:0004264	ENSG00000072736.19	NFATC3	8.51859632625995	0.0228672976684142	-0.124639813597891
Adipose Subcutaneous	UBERON:0002190	ENSG00000072736.19	NFATC3	9.60189521008403	0.0257753023550434	-0.136038613556318
Small Intestine Terminal Ileum	UBERON:0001211	ENSG00000072736.19	NFATC3	8.48658130434783	0.0227813566274391	-0.124295139346695
Artery Coronary	UBERON:0001621	ENSG00000072736.19	NFATC3	9.02875764925373	0.0242367733877705	-0.130070486942187
Brain Cerebellum	UBERON:0002037	ENSG00000072736.19	NFATC3	4.99798740601504	0.0134165843032158	-0.0834489911275099
Esophagus Gastroesophageal Junction	UBERON:0004550	ENSG00000072736.19	NFATC3	7.43321518610422	0.0199537033783417	-0.112682546861549
Muscle Skeletal	UBERON:0011907	ENSG00000072736.19	NFATC3	13.1187428606357	0.0352159189777278	-0.170009372655397
Brain Nucleus accumbens basal ganglia	UBERON:0001882	ENSG00000072736.19	NFATC3	1.58719950877193	0.00426067420454746	-0.033551542004609
Bladder	UBERON:0001255	ENSG00000072736.19	NFATC3	10.1526007792208	0.0272536149425624	-0.141648172326571
Cervix Endocervix	UBERON:0000458	ENSG00000072736.19	NFATC3	10.279112173913	0.027593221799147	-0.142920258768368
Spleen	UBERON:0002106	ENSG00000072736.19	NFATC3	8.69160014440433	0.0233317086647522	-0.126494357001413
Brain Substantia nigra	UBERON:0002038	ENSG00000072736.19	NFATC3	1.90809846994536	0.00512209453550231	-0.0389742754972645
Brain Hypothalamus	UBERON:0001898	ENSG00000072736.19	NFATC3	1.5925693385214	0.00427508896146361	-0.0336442226900909
Brain Caudate basal ganglia	UBERON:0001873	ENSG00000072736.19	NFATC3	1.97578186666667	0.00530378366840141	-0.0400900403206045
Breast Mammary Tissue	UBERON:0008367	ENSG00000072736.19	NFATC3	7.90023243190662	0.0212073632498777	-0.117897902178257
Minor Salivary Gland	UBERON:0006330	ENSG00000072736.19	NFATC3	6.17727430939227	0.0165822589781454	-0.0980710552824534
Heart Atrial Appendage	UBERON:0006631	ENSG00000072736.19	NFATC3	3.38131403470716	0.0090767905392675	-0.061573334630574
Adrenal Gland	UBERON:0002369	ENSG00000072736.19	NFATC3	4.733342	0.0127061708684028	-0.0800276173254518
Colon Transverse	UBERON:0001157	ENSG00000072736.19	NFATC3	5.694254217119	0.0152856411074537	-0.0921980824112485
Stomach	UBERON:0000945	ENSG00000072736.19	NFATC3	4.45649331695332	0.0119629989886858	-0.0763870633408548
Artery Tibial	UBERON:0007610	ENSG00000072736.19	NFATC3	10.8114741389291	0.0290222928638055	-0.148207988796985
Brain Cerebellar Hemisphere	UBERON:0002037	ENSG00000072736.19	NFATC3	4.94380523465704	0.0132711378243229	-0.0827530308724028
Artery Aorta	UBERON:0001496	ENSG00000072736.19	NFATC3	10.181203029661	0.0273303947487363	-0.141936302618914
Heart Left Ventricle	UBERON:0006566	ENSG00000072736.19	NFATC3	2.14918004424779	0.0057692532821786	-0.0429082425295399
Brain Anterior cingulate cortex BA24	UBERON:0009835	ENSG00000072736.19	NFATC3	1.29433635193133	0.00347451311331921	-0.0283832054050609
Cells EBV-transformed lymphocytes	EFO:0000572	ENSG00000072736.19	NFATC3	18.157353883792	0.0487415532124065	-0.212450001229836
Colon Sigmoid	UBERON:0001159	ENSG00000072736.19	NFATC3	7.57639202863962	0.0203380469194704	-0.114293214782149
Fallopian Tube	UBERON:0003889	ENSG00000072736.19	NFATC3	10.0405	0.0269526919044088	-0.140515886851123
Cells Cultured fibroblasts	EFO:0002009	ENSG00000072736.19	NFATC3	10.8455062423313	0.0291136485530499	-0.148542508791489
Brain Hippocampus	UBERON:0001954	ENSG00000072736.19	NFATC3	1.63403956862745	0.00438641153855174	-0.0343576347600265
Pancreas	UBERON:0001150	ENSG00000072736.19	NFATC3	1.77631607734807	0.00476833822594596	-0.0367748439925747
Lung	UBERON:0008952	ENSG00000072736.19	NFATC3	10.554138410596	0.0283315015086182	-0.145664973678243
Brain Amygdala	UBERON:0001876	ENSG00000051523.11	CYBA	12.1813848618785	0.00374973980680035	-0.030219129831032
Brain Cortex	UBERON:0001870	ENSG00000051523.11	CYBA	7.48529407407407	0.00230416372796829	-0.0201880250885795
Kidney Medulla	UBERON:0001293	ENSG00000051523.11	CYBA	53.8273572727273	0.016569428398249	-0.0980136759170619
Uterus	UBERON:0000995	ENSG00000051523.11	CYBA	29.9736734640523	0.00922665836590769	-0.062371989533
Skin Not Sun Exposed Suprapubic	UBERON:0036149	ENSG00000051523.11	CYBA	20.0900388940092	0.00618422448803713	-0.0453748399318689
Whole Blood	UBERON:0013756	ENSG00000051523.11	CYBA	602.378346948941	0.185427362481405	-0.450787629573422
Kidney Cortex	UBERON:0001225	ENSG00000051523.11	CYBA	65.0063128846154	0.0200105950087494	-0.112921631086625
Brain Frontal Cortex BA9	UBERON:0009834	ENSG00000051523.11	CYBA	7.81141096654275	0.0024045507945642	-0.0209196325066635
Vagina	UBERON:0000996	ENSG00000051523.11	CYBA	46.1629675882353	0.0142101344903199	-0.0872066856469912
Prostate	UBERON:0002367	ENSG00000051523.11	CYBA	47.6310539007092	0.0146620487634606	-0.0893178211855563
Esophagus Mucosa	UBERON:0006920	ENSG00000051523.11	CYBA	37.0627250325733	0.0114088485815811	-0.0736293202298391
Liver	UBERON:0001114	ENSG00000051523.11	CYBA	16.6425878244275	0.0051230114441851	-0.0389799293636464
Pituitary	UBERON:0000007	ENSG00000051523.11	CYBA	25.4764657188498	0.00784230354148947	-0.0548530454585832
Thyroid	UBERON:0002046	ENSG00000051523.11	CYBA	95.571782748538	0.0294194233449254	-0.149659172559323
Esophagus Muscularis	UBERON:0004648	ENSG00000051523.11	CYBA	26.3104412299465	0.00809902239630888	-0.0562723032939631
Brain Spinal cord cervical c-1	UBERON:0006469	ENSG00000051523.11	CYBA	34.0590774509804	0.0104842495290099	-0.0689405729256689
Brain Putamen basal ganglia	UBERON:0001874	ENSG00000051523.11	CYBA	11.8941419291339	0.00366131913285011	-0.0296325962619615
Adipose Visceral Omentum	UBERON:0010414	ENSG00000051523.11	CYBA	76.0491703577513	0.0234098671536946	-0.126805150750581
Nerve Tibial	UBERON:0001323	ENSG00000051523.11	CYBA	54.090426119403	0.0166504076742093	-0.0983755818263985
Ovary	UBERON:0000992	ENSG00000051523.11	CYBA	26.3723366839378	0.00811807538989892	-0.0563771642225507
Cervix Ectocervix	UBERON:0012249	ENSG00000051523.11	CYBA	51.7568291666667	0.0159320672321396	-0.0951450742304946
Testis	UBERON:0000473	ENSG00000051523.11	CYBA	6.09350236714976	0.00187573487317025	-0.0169910223992855
Skin Sun Exposed Lower leg	UBERON:0004264	ENSG00000051523.11	CYBA	20.9152607824934	0.0064382487553744	-0.046864759303121
Adipose Subcutaneous	UBERON:0002190	ENSG00000051523.11	CYBA	61.3826495798319	0.0188951393610988	-0.108190564231559
Small Intestine Terminal Ileum	UBERON:0001211	ENSG00000051523.11	CYBA	145.598137198068	0.0448188064853065	-0.200777136155192
Artery Coronary	UBERON:0001621	ENSG00000051523.11	CYBA	72.6435544776119	0.0223615320442446	-0.122604638747825
Brain Cerebellum	UBERON:0002037	ENSG00000051523.11	CYBA	4.06742590225564	0.00125205705179131	-0.0120716880099052
Esophagus Gastroesophageal Junction	UBERON:0004550	ENSG00000051523.11	CYBA	27.7381530769231	0.00853850838299684	-0.0586749237968863
Muscle Skeletal	UBERON:0011907	ENSG00000051523.11	CYBA	5.70140095354523	0.0017550360942082	-0.0160660981052199
Brain Nucleus accumbens basal ganglia	UBERON:0001882	ENSG00000051523.11	CYBA	15.1757071578947	0.00467146829950234	-0.0361660787656724
Bladder	UBERON:0001255	ENSG00000051523.11	CYBA	60.4776454545455	0.0186165560938936	-0.106994373943893
Cervix Endocervix	UBERON:0000458	ENSG00000051523.11	CYBA	52.5695608695652	0.0161822467029603	-0.096275374888718
Spleen	UBERON:0002106	ENSG00000051523.11	CYBA	403.034750902527	0.124064338014029	-0.373537824189756
Brain Substantia nigra	UBERON:0002038	ENSG00000051523.11	CYBA	21.1399645355191	0.00650741828059768	-0.047267927625574
Brain Hypothalamus	UBERON:0001898	ENSG00000051523.11	CYBA	14.8049957587549	0.00455735391054319	-0.0354452205137475
Brain Caudate basal ganglia	UBERON:0001873	ENSG00000051523.11	CYBA	15.1764158333333	0.00467168644781079	-0.0361674529210208
Breast Mammary Tissue	UBERON:0008367	ENSG00000051523.11	CYBA	51.6149046692607	0.0158883792653347	-0.094947114986655
Minor Salivary Gland	UBERON:0006330	ENSG00000051523.11	CYBA	57.8590049723757	0.0178104720101028	-0.103498976026765
Heart Atrial Appendage	UBERON:0006631	ENSG00000051523.11	CYBA	26.0119127548807	0.00800712774565049	-0.0557656368730054
Adrenal Gland	UBERON:0002369	ENSG00000051523.11	CYBA	30.6267552881356	0.00942769354709852	-0.0634378130964703
Colon Transverse	UBERON:0001157	ENSG00000051523.11	CYBA	89.6397991649269	0.0275934080577503	-0.142920954787407
Stomach	UBERON:0000945	ENSG00000051523.11	CYBA	42.5434999262899	0.0130959703681521	-0.0819118010039487
Artery Tibial	UBERON:0007610	ENSG00000051523.11	CYBA	24.7976976121563	0.00763336146978624	-0.0536889866414579
Brain Cerebellar Hemisphere	UBERON:0002037	ENSG00000051523.11	CYBA	4.21883433212996	0.00129866441401017	-0.0124525756859345
Artery Aorta	UBERON:0001496	ENSG00000051523.11	CYBA	69.1891004237288	0.0212981633038688	-0.11827140927306
Heart Left Ventricle	UBERON:0006566	ENSG00000051523.11	CYBA	11.7545087168142	0.00361833648181959	-0.0293463650133986
Brain Anterior cingulate cortex BA24	UBERON:0009835	ENSG00000051523.11	CYBA	7.94502716738197	0.00244568125656021	-0.0212176248739957
Cells EBV-transformed lymphocytes	EFO:0000572	ENSG00000051523.11	CYBA	195.524599388379	0.0601874402498959	-0.244023580315546
Colon Sigmoid	UBERON:0001159	ENSG00000051523.11	CYBA	33.0331486157518	0.0101684425632157	-0.0673126235372055
Fallopian Tube	UBERON:0003889	ENSG00000051523.11	CYBA	63.4922896551724	0.0195445401852433	-0.110956124317873
Cells Cultured fibroblasts	EFO:0002009	ENSG00000051523.11	CYBA	72.3864225460123	0.0222823803016101	-0.122284652121181
Brain Hippocampus	UBERON:0001954	ENSG00000051523.11	CYBA	11.9193999607843	0.00366909419683463	-0.0296842941782709
Pancreas	UBERON:0001150	ENSG00000051523.11	CYBA	23.337412320442	0.00718384854907044	-0.0511563819916412
Lung	UBERON:0008952	ENSG00000051523.11	CYBA	158.347432284768	0.0487433634907136	-0.212455279969035
Brain Amygdala	UBERON:0001876	ENSG00000161905.13	ALOX15	0.112252375690608	0.00102810798652574	-0.0102047865210959
Brain Cortex	UBERON:0001870	ENSG00000161905.13	ALOX15	0.390295074074074	0.00357467252063499	-0.0290548424588992
Kidney Medulla	UBERON:0001293	ENSG00000161905.13	ALOX15	0.0244618181818182	0.000224043281783052	-0.00271628616612645
Uterus	UBERON:0000995	ENSG00000161905.13	ALOX15	0.105336666666667	0.000964767717455632	-0.00966459027255119
Skin Not Sun Exposed Suprapubic	UBERON:0036149	ENSG00000161905.13	ALOX15	1.01374566820276	0.00928479251662146	-0.062680841483259
Whole Blood	UBERON:0013756	ENSG00000161905.13	ALOX15	2.45639389788294	0.0224978595680434	-0.123154823003919
Kidney Cortex	UBERON:0001225	ENSG00000161905.13	ALOX15	0.0297785576923077	0.000272738753209663	-0.00322927938752204
Brain Frontal Cortex BA9	UBERON:0009834	ENSG00000161905.13	ALOX15	0.323179107806691	0.00295996427487746	-0.0248643052845036
Vagina	UBERON:0000996	ENSG00000161905.13	ALOX15	0.269910823529412	0.0024720855270375	-0.0214083981799938
Prostate	UBERON:0002367	ENSG00000161905.13	ALOX15	0.283615531914894	0.00259760554438622	-0.0223097999544945
Esophagus Mucosa	UBERON:0006920	ENSG00000161905.13	ALOX15	1.05942788273616	0.00970319123036816	-0.064888393091914
Liver	UBERON:0001114	ENSG00000161905.13	ALOX15	0.0568823282442748	0.000520979405561131	-0.00568205461179292
Pituitary	UBERON:0000007	ENSG00000161905.13	ALOX15	5.4233147284345	0.0496715829080909	-0.21514925592077
Thyroid	UBERON:0002046	ENSG00000161905.13	ALOX15	0.0743704239766082	0.000681151079264452	-0.00716553058995384
Esophagus Muscularis	UBERON:0004648	ENSG00000161905.13	ALOX15	0.179773083778966	0.00164652322107585	-0.0152243487985633
Brain Spinal cord cervical c-1	UBERON:0006469	ENSG00000161905.13	ALOX15	0.128775147058824	0.00117943835346623	-0.0114732039190028
Brain Putamen basal ganglia	UBERON:0001874	ENSG00000161905.13	ALOX15	0.70504342519685	0.00645742036044048	-0.0469766117201946
Adipose Visceral Omentum	UBERON:0010414	ENSG00000161905.13	ALOX15	62.5883591311755	0.57324035674451	-0.46019043044778
Nerve Tibial	UBERON:0001323	ENSG00000161905.13	ALOX15	0.109912	0.00100667272580915	-0.010022624475241
Ovary	UBERON:0000992	ENSG00000161905.13	ALOX15	0.300994041450777	0.00275677352936501	-0.0234403036989019
Cervix Ectocervix	UBERON:0012249	ENSG00000161905.13	ALOX15	0.221569583333333	0.00202933307018856	-0.0181519350461281
Testis	UBERON:0000473	ENSG00000161905.13	ALOX15	4.01409780193237	0.0367647097308372	-0.175203496110064
Skin Sun Exposed Lower leg	UBERON:0004264	ENSG00000161905.13	ALOX15	0.817890145888594	0.0074909718918236	-0.0528909911765276
Adipose Subcutaneous	UBERON:0002190	ENSG00000161905.13	ALOX15	0.052850462184874	0.000484051958184007	-0.00533064661704427
Small Intestine Terminal Ileum	UBERON:0001211	ENSG00000161905.13	ALOX15	1.22864280193237	0.0112530133057996	-0.0728468859396457
Artery Coronary	UBERON:0001621	ENSG00000161905.13	ALOX15	0.691256679104478	0.00633114896815531	-0.046238387527459
Brain Cerebellum	UBERON:0002037	ENSG00000161905.13	ALOX15	0.139037556390977	0.00127343070712888	-0.0122466643886882
Esophagus Gastroesophageal Junction	UBERON:0004550	ENSG00000161905.13	ALOX15	0.215643076923077	0.00197505280631802	-0.0177436631958796
Muscle Skeletal	UBERON:0011907	ENSG00000161905.13	ALOX15	0.0611580929095355	0.000560140695233745	-0.00605059673361073
Brain Nucleus accumbens basal ganglia	UBERON:0001882	ENSG00000161905.13	ALOX15	1.26288098245614	0.0115665972867536	-0.0744182340651527
Bladder	UBERON:0001255	ENSG00000161905.13	ALOX15	0.50841974025974	0.00465656421302909	-0.0360721604107866
Cervix Endocervix	UBERON:0000458	ENSG00000161905.13	ALOX15	0.432331739130435	0.00395968202092807	-0.0315998452284123
Spleen	UBERON:0002106	ENSG00000161905.13	ALOX15	0.317795306859206	0.00291065459463309	-0.0245206368521476
Brain Substantia nigra	UBERON:0002038	ENSG00000161905.13	ALOX15	0.0754671038251366	0.000691195457425691	-0.00725659751562326
Brain Hypothalamus	UBERON:0001898	ENSG00000161905.13	ALOX15	0.476280972762646	0.004362208540487	-0.0342028799286375
Brain Caudate basal ganglia	UBERON:0001873	ENSG00000161905.13	ALOX15	0.9917044	0.00908291880363318	-0.061606062136554
Breast Mammary Tissue	UBERON:0008367	ENSG00000161905.13	ALOX15	1.10350412451362	0.0101068810044924	-0.0669936461111836
Minor Salivary Gland	UBERON:0006330	ENSG00000161905.13	ALOX15	0.150190939226519	0.00137558339565286	-0.0130759390400605
Heart Atrial Appendage	UBERON:0006631	ENSG00000161905.13	ALOX15	2.79536329718004	0.0256024455018478	-0.135374839744962
Adrenal Gland	UBERON:0002369	ENSG00000161905.13	ALOX15	0.0318084745762712	0.000291330553584013	-0.00342169348166538
Colon Transverse	UBERON:0001157	ENSG00000161905.13	ALOX15	1.23189382045929	0.0112827890507788	-0.0729966264565587
Stomach	UBERON:0000945	ENSG00000161905.13	ALOX15	0.221955380835381	0.00203286654990866	-0.0181784390707713
Artery Tibial	UBERON:0007610	ENSG00000161905.13	ALOX15	0.0736679594790159	0.000674717279037222	-0.007107086736545
Brain Cerebellar Hemisphere	UBERON:0002037	ENSG00000161905.13	ALOX15	0.128792454873646	0.00117959687396559	-0.0114745172442645
Artery Aorta	UBERON:0001496	ENSG00000161905.13	ALOX15	0.274088686440678	0.00251035014459465	-0.0216841426662618
Heart Left Ventricle	UBERON:0006566	ENSG00000161905.13	ALOX15	0.224423296460177	0.00205546993579083	-0.0183477742043496
Brain Anterior cingulate cortex BA24	UBERON:0009835	ENSG00000161905.13	ALOX15	0.198587639484979	0.00181884380552031	-0.0165565034205067
Cells EBV-transformed lymphocytes	EFO:0000572	ENSG00000161905.13	ALOX15	0.0431710397553517	0.000395399121720423	-0.00446975090431888
Colon Sigmoid	UBERON:0001159	ENSG00000161905.13	ALOX15	2.68142028639618	0.0245588531620424	-0.131331242380373
Fallopian Tube	UBERON:0003889	ENSG00000161905.13	ALOX15	2.36920896551724	0.0216993417218204	-0.119915008821138
Cells Cultured fibroblasts	EFO:0002009	ENSG00000161905.13	ALOX15	0.0139752760736196	0.000127998119031281	-0.00165521916664183
Brain Hippocampus	UBERON:0001954	ENSG00000161905.13	ALOX15	0.223602196078431	0.00204794956167832	-0.0182914747028678
Pancreas	UBERON:0001150	ENSG00000161905.13	ALOX15	0.0188735082872928	0.000172860525085074	-0.00216042880805419
Lung	UBERON:0008952	ENSG00000161905.13	ALOX15	10.2560732781457	0.093934322394364	-0.320523051198602
Brain Amygdala	UBERON:0001876	ENSG00000073861.3	TBX21	0.13363408839779	0.00111548654340014	-0.0109408160316993
Brain Cortex	UBERON:0001870	ENSG00000073861.3	TBX21	0.128364481481481	0.00107149944643538	-0.0105715776707967
Kidney Medulla	UBERON:0001293	ENSG00000073861.3	TBX21	0.501437272727273	0.00418565754286828	-0.0330680758763278
Uterus	UBERON:0000995	ENSG00000073861.3	TBX21	0.979118104575163	0.00817301246372033	-0.056679157763886
Skin Not Sun Exposed Suprapubic	UBERON:0036149	ENSG00000073861.3	TBX21	0.295247357910906	0.00246452427425326	-0.0213538091923431
Whole Blood	UBERON:0013756	ENSG00000073861.3	TBX21	32.4825759402242	0.271142466646948	-0.510527916192278
Kidney Cortex	UBERON:0001225	ENSG00000073861.3	TBX21	0.777739711538462	0.00649204250869425	-0.0471783989693207
Brain Frontal Cortex BA9	UBERON:0009834	ENSG00000073861.3	TBX21	0.109957583643123	0.000917851173823151	-0.00926061548499165
Vagina	UBERON:0000996	ENSG00000073861.3	TBX21	1.27937647058824	0.0106793652277987	-0.0699394863841098
Prostate	UBERON:0002367	ENSG00000073861.3	TBX21	1.09438510638298	0.0091351830517514	-0.0618849332138606
Esophagus Mucosa	UBERON:0006920	ENSG00000073861.3	TBX21	0.512691058631922	0.00427959649878479	-0.0336731898129896
Liver	UBERON:0001114	ENSG00000073861.3	TBX21	0.906596297709924	0.00756764971061476	-0.0533211980340361
Pituitary	UBERON:0000007	ENSG00000073861.3	TBX21	0.524093067092652	0.00437477271585762	-0.0342832398269801
Thyroid	UBERON:0002046	ENSG00000073861.3	TBX21	1.91170388888889	0.0159576047443336	-0.0952607099255657
Esophagus Muscularis	UBERON:0004648	ENSG00000073861.3	TBX21	0.476670570409982	0.00397892194500872	-0.0317255628428875
Brain Spinal cord cervical c-1	UBERON:0006469	ENSG00000073861.3	TBX21	0.555686225490196	0.00463849092936513	-0.0359581789569515
Brain Putamen basal ganglia	UBERON:0001874	ENSG00000073861.3	TBX21	0.136338582677165	0.00113806182349159	-0.0111293402759438
Adipose Visceral Omentum	UBERON:0010414	ENSG00000073861.3	TBX21	1.95583633730835	0.0163259924284151	-0.0969222824647428
Nerve Tibial	UBERON:0001323	ENSG00000073861.3	TBX21	0.760344805970149	0.00634684165973564	-0.0463303284245786
Ovary	UBERON:0000992	ENSG00000073861.3	TBX21	0.407282590673575	0.00339971825081894	-0.027878944477929
Cervix Ectocervix	UBERON:0012249	ENSG00000073861.3	TBX21	1.45411791666667	0.012137988053844	-0.0772501236880017
Testis	UBERON:0000473	ENSG00000073861.3	TBX21	0.801821062801932	0.00669305726176632	-0.0483447485901472
Skin Sun Exposed Lower leg	UBERON:0004264	ENSG00000073861.3	TBX21	0.260018912466843	0.00217046115526238	-0.0192037686209407
Adipose Subcutaneous	UBERON:0002190	ENSG00000073861.3	TBX21	1.0948900280112	0.00913939779432577	-0.0619074033672348
Small Intestine Terminal Ileum	UBERON:0001211	ENSG00000073861.3	TBX21	3.32985869565217	0.0277953971996067	-0.143674691394705
Artery Coronary	UBERON:0001621	ENSG00000073861.3	TBX21	1.18386078358209	0.0098820651914351	-0.0658241566910143
Brain Cerebellum	UBERON:0002037	ENSG00000073861.3	TBX21	0.14253969924812	0.0011898245299379	-0.0115591874968225
Esophagus Gastroesophageal Junction	UBERON:0004550	ENSG00000073861.3	TBX21	0.399530024813896	0.00333500510017767	-0.0274407398467988
Muscle Skeletal	UBERON:0011907	ENSG00000073861.3	TBX21	0.145971992665037	0.00121847498256923	-0.0117957000904029
Brain Nucleus accumbens basal ganglia	UBERON:0001882	ENSG00000073861.3	TBX21	0.0985528070175439	0.000822651849991583	-0.00843006755553356
Bladder	UBERON:0001255	ENSG00000073861.3	TBX21	1.27202181818182	0.010617973588217	-0.0696257450254528
Cervix Endocervix	UBERON:0000458	ENSG00000073861.3	TBX21	1.04114956521739	0.00869080893648771	-0.0594998314777687
Spleen	UBERON:0002106	ENSG00000073861.3	TBX21	23.9188098916967	0.199657968174347	-0.464084471113132
Brain Substantia nigra	UBERON:0002038	ENSG00000073861.3	TBX21	0.220794644808743	0.00184304362825315	-0.0167416444620217
Brain Hypothalamus	UBERON:0001898	ENSG00000073861.3	TBX21	0.221022684824903	0.00184494715131701	-0.0167561878622174
Brain Caudate basal ganglia	UBERON:0001873	ENSG00000073861.3	TBX21	0.114182366666667	0.000953116791062371	-0.00956458358732204
Breast Mammary Tissue	UBERON:0008367	ENSG00000073861.3	TBX21	0.895112509727626	0.00747179085367864	-0.0527831978667865
Minor Salivary Gland	UBERON:0006330	ENSG00000073861.3	TBX21	0.66003182320442	0.00550949705892979	-0.041342514754406
Heart Atrial Appendage	UBERON:0006631	ENSG00000073861.3	TBX21	0.402330802603037	0.00335838408956802	-0.0275992577008229
Adrenal Gland	UBERON:0002369	ENSG00000073861.3	TBX21	0.326462677966102	0.00272508855008271	-0.0232163406013282
Colon Transverse	UBERON:0001157	ENSG00000073861.3	TBX21	0.957368768267223	0.00799146378650578	-0.0556791214357277
Stomach	UBERON:0000945	ENSG00000073861.3	TBX21	1.04864208845209	0.00875335142803776	-0.0598374621200932
Artery Tibial	UBERON:0007610	ENSG00000073861.3	TBX21	0.360109030390738	0.00300594543184224	-0.0251837070176598
Brain Cerebellar Hemisphere	UBERON:0002037	ENSG00000073861.3	TBX21	0.113352166064982	0.000946186840698619	-0.00950500249441407
Artery Aorta	UBERON:0001496	ENSG00000073861.3	TBX21	0.862694661016949	0.00720118868595106	-0.0512548148833495
Heart Left Ventricle	UBERON:0006566	ENSG00000073861.3	TBX21	0.21586110619469	0.00180186180106143	-0.0164263053870153
Brain Anterior cingulate cortex BA24	UBERON:0009835	ENSG00000073861.3	TBX21	0.0907628326180257	0.000757626438285046	-0.0078537266580406
Cells EBV-transformed lymphocytes	EFO:0000572	ENSG00000073861.3	TBX21	21.3211154434251	0.177974180484736	-0.443202007036709
Colon Sigmoid	UBERON:0001159	ENSG00000073861.3	TBX21	0.406897279236277	0.00339650193282346	-0.0278572074536421
Fallopian Tube	UBERON:0003889	ENSG00000073861.3	TBX21	1.30419068965517	0.0108864974631888	-0.0709942936017848
Cells Cultured fibroblasts	EFO:0002009	ENSG00000073861.3	TBX21	1.00461937116565	0.00838587970487414	-0.0578443067732933
Brain Hippocampus	UBERON:0001954	ENSG00000073861.3	TBX21	0.133778078431373	0.00111668847433535	-0.0109508697502733
Pancreas	UBERON:0001150	ENSG00000073861.3	TBX21	0.172343729281768	0.0014386083158733	-0.0135820599841984
Lung	UBERON:0008952	ENSG00000073861.3	TBX21	7.89502918874172	0.0659023376848083	-0.258569571509222
Brain Amygdala	UBERON:0001876	ENSG00000261371.6	PECAM1	10.0480155801105	0.0030208591231068	-0.0252870842131625
Brain Cortex	UBERON:0001870	ENSG00000261371.6	PECAM1	11.2667518148148	0.00338726286162756	-0.0277947420605814
Kidney Medulla	UBERON:0001293	ENSG00000261371.6	PECAM1	63.8124672727273	0.0191847307950385	-0.109427741261276
Uterus	UBERON:0000995	ENSG00000261371.6	PECAM1	116.26101503268	0.034952986002363	-0.169117942397304
Skin Not Sun Exposed Suprapubic	UBERON:0036149	ENSG00000261371.6	PECAM1	45.9058684178187	0.0138012486454149	-0.0852787074528685
Whole Blood	UBERON:0013756	ENSG00000261371.6	PECAM1	96.8441069987547	0.0291154409359606	-0.148549067875312
Kidney Cortex	UBERON:0001225	ENSG00000261371.6	PECAM1	47.9616028846154	0.0144192895082297	-0.0881862998460979
Brain Frontal Cortex BA9	UBERON:0009834	ENSG00000261371.6	PECAM1	12.2107989591078	0.00367108342358265	-0.0296975171140841
Vagina	UBERON:0000996	ENSG00000261371.6	PECAM1	71.5762633529412	0.0215188567756231	-0.11917691086777
Prostate	UBERON:0002367	ENSG00000261371.6	PECAM1	44.321364964539	0.0133248797868804	-0.0830104522876652
Esophagus Mucosa	UBERON:0006920	ENSG00000261371.6	PECAM1	29.3147058143322	0.00881324235560586	-0.0601601741699949
Liver	UBERON:0001114	ENSG00000261371.6	PECAM1	5.24413778625954	0.0015766099632458	-0.0146765966996248
Pituitary	UBERON:0000007	ENSG00000261371.6	PECAM1	18.5781495527157	0.00558537873665861	-0.0418016959481826
Thyroid	UBERON:0002046	ENSG00000261371.6	PECAM1	147.837531140351	0.0444462243437329	-0.199643342535266
Esophagus Muscularis	UBERON:0004648	ENSG00000261371.6	PECAM1	86.1412452762923	0.0258977073228032	-0.136507638985252
Brain Spinal cord cervical c-1	UBERON:0006469	ENSG00000261371.6	PECAM1	21.080766372549	0.00633777136499	-0.0462771938963286
Brain Putamen basal ganglia	UBERON:0001874	ENSG00000261371.6	PECAM1	12.67065	0.00380933412602971	-0.0306127440336227
Adipose Visceral Omentum	UBERON:0010414	ENSG00000261371.6	PECAM1	201.955632197615	0.0607164179954682	-0.245401766964486
Nerve Tibial	UBERON:0001323	ENSG00000261371.6	PECAM1	103.47814119403	0.0311099126365687	-0.155751212854948
Ovary	UBERON:0000992	ENSG00000261371.6	PECAM1	19.3340749740933	0.00581264193976082	-0.0431681099201871
Cervix Ectocervix	UBERON:0012249	ENSG00000261371.6	PECAM1	70.8481375	0.0212999513003986	-0.118278758603165
Testis	UBERON:0000473	ENSG00000261371.6	PECAM1	6.86039316425121	0.00206252479537854	-0.0184005526528003
Skin Sun Exposed Lower leg	UBERON:0004264	ENSG00000261371.6	PECAM1	59.362744867374	0.017846955747186	-0.103658299002255
Adipose Subcutaneous	UBERON:0002190	ENSG00000261371.6	PECAM1	302.457404481793	0.0909315080570346	-0.314538989007561
Small Intestine Terminal Ileum	UBERON:0001211	ENSG00000261371.6	PECAM1	67.0537541062802	0.0201591989199811	-0.1135450324266
Artery Coronary	UBERON:0001621	ENSG00000261371.6	PECAM1	112.928184626866	0.0339509960017602	-0.165694518673145
Brain Cerebellum	UBERON:0002037	ENSG00000261371.6	PECAM1	6.63497229323308	0.0019947537325926	-0.0178920904957904
Esophagus Gastroesophageal Junction	UBERON:0004550	ENSG00000261371.6	PECAM1	89.1656637717122	0.0268069756386353	-0.139965860595243
Muscle Skeletal	UBERON:0011907	ENSG00000261371.6	PECAM1	27.8706921393643	0.00837911067565977	-0.057807376916081
Brain Nucleus accumbens basal ganglia	UBERON:0001882	ENSG00000261371.6	PECAM1	9.61457010526316	0.0028905470523678	-0.0243801506749634
Bladder	UBERON:0001255	ENSG00000261371.6	PECAM1	74.4536558441558	0.0223839228464849	-0.122695084603642
Cervix Endocervix	UBERON:0000458	ENSG00000261371.6	PECAM1	78.4087652173913	0.0235729962647899	-0.127452614989342
Spleen	UBERON:0002106	ENSG00000261371.6	PECAM1	84.2269227436823	0.0253221808776959	-0.134295034816161
Brain Substantia nigra	UBERON:0002038	ENSG00000261371.6	PECAM1	17.5423890710383	0.00527398526045599	-0.0399076702589636
Brain Hypothalamus	UBERON:0001898	ENSG00000261371.6	PECAM1	12.8995008560311	0.0038781363876067	-0.031065504164011
Brain Caudate basal ganglia	UBERON:0001873	ENSG00000261371.6	PECAM1	13.2280744666667	0.00397691953353108	-0.0317124849438898
Breast Mammary Tissue	UBERON:0008367	ENSG00000261371.6	PECAM1	207.852271011673	0.0624891974079895	-0.249972373130949
Minor Salivary Gland	UBERON:0006330	ENSG00000261371.6	PECAM1	49.0660941436464	0.0147513463675801	-0.0897325808783445
Heart Atrial Appendage	UBERON:0006631	ENSG00000261371.6	PECAM1	41.6733617787419	0.0125287778582901	-0.0791644673085291
Adrenal Gland	UBERON:0002369	ENSG00000261371.6	PECAM1	21.0993650508475	0.00634336291553723	-0.0463099518688442
Colon Transverse	UBERON:0001157	ENSG00000261371.6	PECAM1	59.1301861795407	0.0177770387543034	-0.103352879708646
Stomach	UBERON:0000945	ENSG00000261371.6	PECAM1	42.2623845945946	0.0127058630680811	-0.0800261227550358
Artery Tibial	UBERON:0007610	ENSG00000261371.6	PECAM1	82.0458893777135	0.0246664698580564	-0.131751137075078
Brain Cerebellar Hemisphere	UBERON:0002037	ENSG00000261371.6	PECAM1	5.99088732851986	0.00180111450838983	-0.0164205707377167
Artery Aorta	UBERON:0001496	ENSG00000261371.6	PECAM1	50.0674984322034	0.0150524109167826	-0.0911252125944204
Heart Left Ventricle	UBERON:0006566	ENSG00000261371.6	PECAM1	36.0803759513274	0.0108472893964693	-0.0707950686963923
Brain Anterior cingulate cortex BA24	UBERON:0009835	ENSG00000261371.6	PECAM1	10.0249684549356	0.00301393018098974	-0.0252390681259867
Cells EBV-transformed lymphocytes	EFO:0000572	ENSG00000261371.6	PECAM1	3.36572418960245	0.00101187926540914	-0.0100669309302386
Colon Sigmoid	UBERON:0001159	ENSG00000261371.6	PECAM1	60.2135393317422	0.0181027406033185	-0.104772291605618
Fallopian Tube	UBERON:0003889	ENSG00000261371.6	PECAM1	83.2490620689655	0.0250281945361348	-0.133157552620433
Cells Cultured fibroblasts	EFO:0002009	ENSG00000261371.6	PECAM1	0.310748987730061	9.34243092177048e-05	-0.00125056308728287
Brain Hippocampus	UBERON:0001954	ENSG00000261371.6	PECAM1	11.9806712941176	0.00360189729914621	-0.0292366984870084
Pancreas	UBERON:0001150	ENSG00000261371.6	PECAM1	12.2132282320442	0.00367181376593273	-0.0297023715096834
Lung	UBERON:0008952	ENSG00000261371.6	PECAM1	350.18587218543	0.105280707254122	-0.341918785241298
Brain Amygdala	UBERON:0001876	ENSG00000184557.4	SOCS3	17.6652170165746	0.00293494451578448	-0.0246900770875059
Brain Cortex	UBERON:0001870	ENSG00000184557.4	SOCS3	21.510157037037	0.00357375272380075	-0.0290486931904716
Kidney Medulla	UBERON:0001293	ENSG00000184557.4	SOCS3	77.6274727272727	0.0128972276503228	-0.0809532567150356
Uterus	UBERON:0000995	ENSG00000184557.4	SOCS3	81.1390522875817	0.0134806504954879	-0.0837548242075039
Skin Not Sun Exposed Suprapubic	UBERON:0036149	ENSG00000184557.4	SOCS3	97.2403169431644	0.0161557559501086	-0.0961559564097103
Whole Blood	UBERON:0013756	ENSG00000184557.4	SOCS3	194.704007845579	0.0323486238233856	-0.160130600111159
Kidney Cortex	UBERON:0001225	ENSG00000184557.4	SOCS3	80.3850844230769	0.0133553843384444	-0.0831564284183576
Brain Frontal Cortex BA9	UBERON:0009834	ENSG00000184557.4	SOCS3	19.22405	0.00319393303041386	-0.0264791427999724
Vagina	UBERON:0000996	ENSG00000184557.4	SOCS3	73.3984177058824	0.0121946015897239	-0.0775285644892004
Prostate	UBERON:0002367	ENSG00000184557.4	SOCS3	100.272784113475	0.0166595778325372	-0.0984165284764273
Esophagus Mucosa	UBERON:0006920	ENSG00000184557.4	SOCS3	56.8981940716612	0.00945321206594746	-0.0635726589117968
Liver	UBERON:0001114	ENSG00000184557.4	SOCS3	64.1451155343511	0.0106572342063653	-0.0698264448635469
Pituitary	UBERON:0000007	ENSG00000184557.4	SOCS3	119.714207539936	0.0198896258421936	-0.112412983972178
Thyroid	UBERON:0002046	ENSG00000184557.4	SOCS3	133.14313004386	0.0221207415097116	-0.121629933673348
Esophagus Muscularis	UBERON:0004648	ENSG00000184557.4	SOCS3	143.922939679144	0.023911726762856	-0.128791857128588
Brain Spinal cord cervical c-1	UBERON:0006469	ENSG00000184557.4	SOCS3	37.7829354411765	0.00627735391301875	-0.0459227843901592
Brain Putamen basal ganglia	UBERON:0001874	ENSG00000184557.4	SOCS3	19.5027951574803	0.00324024446663798	-0.0267957901115908
Adipose Visceral Omentum	UBERON:0010414	ENSG00000184557.4	SOCS3	821.957007836457	0.136562047898804	-0.39225693388008
Nerve Tibial	UBERON:0001323	ENSG00000184557.4	SOCS3	139.377929104478	0.0231566070353267	-0.125796700209119
Ovary	UBERON:0000992	ENSG00000184557.4	SOCS3	118.664398393782	0.0197152078549573	-0.111677726814466
Cervix Ectocervix	UBERON:0012249	ENSG00000184557.4	SOCS3	34.2358833333333	0.00568803756772006	-0.0424205496944409
Testis	UBERON:0000473	ENSG00000184557.4	SOCS3	8.81196089371981	0.00146404181018916	-0.0137851651812816
Skin Sun Exposed Lower leg	UBERON:0004264	ENSG00000184557.4	SOCS3	60.9069003448276	0.0101192288197061	-0.0670576688214836
Adipose Subcutaneous	UBERON:0002190	ENSG00000184557.4	SOCS3	209.730462871148	0.0348451576461854	-0.168751544548371
Small Intestine Terminal Ileum	UBERON:0001211	ENSG00000184557.4	SOCS3	126.530954299517	0.0210221776528366	-0.117134398033957
Artery Coronary	UBERON:0001621	ENSG00000184557.4	SOCS3	189.05834011194	0.0314106380892031	-0.156820844038764
Brain Cerebellum	UBERON:0002037	ENSG00000184557.4	SOCS3	13.0221360526316	0.00216353112195626	-0.0191524351388275
Esophagus Gastroesophageal Junction	UBERON:0004550	ENSG00000184557.4	SOCS3	153.29670146402	0.0254691076156911	-0.134861669842118
Muscle Skeletal	UBERON:0011907	ENSG00000184557.4	SOCS3	21.9291422249389	0.00364336399878671	-0.0295131179698911
Brain Nucleus accumbens basal ganglia	UBERON:0001882	ENSG00000184557.4	SOCS3	18.0904765614035	0.00300559822854157	-0.0251812990399475
Bladder	UBERON:0001255	ENSG00000184557.4	SOCS3	127.010115974026	0.0211017868038284	-0.117462906850365
Cervix Endocervix	UBERON:0000458	ENSG00000184557.4	SOCS3	49.0883086956522	0.00815565765539497	-0.0565838147140696
Spleen	UBERON:0002106	ENSG00000184557.4	SOCS3	103.080101805054	0.0171259928024317	-0.100489649620131
Brain Substantia nigra	UBERON:0002038	ENSG00000184557.4	SOCS3	32.9058145355191	0.00546705652230759	-0.0410850390704244
Brain Hypothalamus	UBERON:0001898	ENSG00000184557.4	SOCS3	25.0944493385214	0.00416925625049617	-0.0329621158972659
Brain Caudate basal ganglia	UBERON:0001873	ENSG00000184557.4	SOCS3	23.5350755	0.00391017787681233	-0.0312757534380037
Breast Mammary Tissue	UBERON:0008367	ENSG00000184557.4	SOCS3	217.560927431907	0.0361461311353352	-0.173140508585904
Minor Salivary Gland	UBERON:0006330	ENSG00000184557.4	SOCS3	67.836068121547	0.0112704585468106	-0.0729346308277599
Heart Atrial Appendage	UBERON:0006631	ENSG00000184557.4	SOCS3	77.0615279609545	0.0128032001336167	-0.0804982225840137
Adrenal Gland	UBERON:0002369	ENSG00000184557.4	SOCS3	61.6013545762712	0.010234607228934	-0.0676548522553859
Colon Transverse	UBERON:0001157	ENSG00000184557.4	SOCS3	143.399387160752	0.0238247424030748	-0.128448610748504
Stomach	UBERON:0000945	ENSG00000184557.4	SOCS3	205.67449992629	0.0341712895476464	-0.166450794528292
Artery Tibial	UBERON:0007610	ENSG00000184557.4	SOCS3	76.6302723589001	0.0127315502205155	-0.0801508135724222
Brain Cerebellar Hemisphere	UBERON:0002037	ENSG00000184557.4	SOCS3	7.83788949458484	0.00130220708672149	-0.0124814275475154
Artery Aorta	UBERON:0001496	ENSG00000184557.4	SOCS3	148.576510338983	0.0246848829416957	-0.13182291259257
Heart Left Ventricle	UBERON:0006566	ENSG00000184557.4	SOCS3	31.260775199115	0.00519374546283411	-0.0394153809214034
Brain Anterior cingulate cortex BA24	UBERON:0009835	ENSG00000184557.4	SOCS3	16.7608327467811	0.00278468779092785	-0.0236371782087493
Cells EBV-transformed lymphocytes	EFO:0000572	ENSG00000184557.4	SOCS3	17.1068088990826	0.00284216915726695	-0.0240413173399168
Colon Sigmoid	UBERON:0001159	ENSG00000184557.4	SOCS3	222.974671408115	0.0370455844609255	-0.176135253814735
Fallopian Tube	UBERON:0003889	ENSG00000184557.4	SOCS3	482.749027586207	0.080205163043571	-0.291959712890837
Cells Cultured fibroblasts	EFO:0002009	ENSG00000184557.4	SOCS3	75.2029697852761	0.0124944145059136	-0.0789968464581015
Brain Hippocampus	UBERON:0001954	ENSG00000184557.4	SOCS3	19.7446350980392	0.00328042437535776	-0.0270697398801728
Pancreas	UBERON:0001150	ENSG00000184557.4	SOCS3	24.5313580110497	0.00407570281144709	-0.032355926297143
Lung	UBERON:0008952	ENSG00000184557.4	SOCS3	507.815524337748	0.0843697751794898	-0.300957950453478
Brain Amygdala	UBERON:0001876	ENSG00000128016.7	ZFP36	55.8025813259668	0.00165891398921869	-0.0153209751249792
Brain Cortex	UBERON:0001870	ENSG00000128016.7	ZFP36	76.0206132222222	0.00225996102235227	-0.0198638966570085
Kidney Medulla	UBERON:0001293	ENSG00000128016.7	ZFP36	342.001290909091	0.0101671053979708	-0.0673057008224181
Uterus	UBERON:0000995	ENSG00000128016.7	ZFP36	566.614292810458	0.0168444604980509	-0.099240519728648
Skin Not Sun Exposed Suprapubic	UBERON:0036149	ENSG00000128016.7	ZFP36	1227.99479569892	0.0365061561108239	-0.174343049188923
Whole Blood	UBERON:0013756	ENSG00000128016.7	ZFP36	898.550524034869	0.0267123491229534	-0.139608068088819
Kidney Cortex	UBERON:0001225	ENSG00000128016.7	ZFP36	290.151347115385	0.0086256964692846	-0.059147637052995
Brain Frontal Cortex BA9	UBERON:0009834	ENSG00000128016.7	ZFP36	56.12675866171	0.00166855121933374	-0.0153960363076926
Vagina	UBERON:0000996	ENSG00000128016.7	ZFP36	1214.87608823529	0.0361161596838708	-0.173040166618089
Prostate	UBERON:0002367	ENSG00000128016.7	ZFP36	581.987821276596	0.0173014888438751	-0.101264922116481
Esophagus Mucosa	UBERON:0006920	ENSG00000128016.7	ZFP36	803.653491856678	0.0238912248940195	-0.128710996497216
Liver	UBERON:0001114	ENSG00000128016.7	ZFP36	283.628353816794	0.0084317791884441	-0.0580945133978834
Pituitary	UBERON:0000007	ENSG00000128016.7	ZFP36	546.422222364217	0.0162441852538129	-0.0965543456101855
Thyroid	UBERON:0002046	ENSG00000128016.7	ZFP36	1076.90882923977	0.0320146322891993	-0.158956643144259
Esophagus Muscularis	UBERON:0004648	ENSG00000128016.7	ZFP36	732.33974688057	0.0217711909035957	-0.120208234243656
Brain Spinal cord cervical c-1	UBERON:0006469	ENSG00000128016.7	ZFP36	201.880280196078	0.0060015506990323	-0.0442941386619644
Brain Putamen basal ganglia	UBERON:0001874	ENSG00000128016.7	ZFP36	51.8364861811024	0.00154100885719702	-0.0143959647134815
Adipose Visceral Omentum	UBERON:0010414	ENSG00000128016.7	ZFP36	2264.17326405451	0.0673099453914893	-0.262040074461592
Nerve Tibial	UBERON:0001323	ENSG00000128016.7	ZFP36	1400.1130880597	0.0416229345144935	-0.190902652956532
Ovary	UBERON:0000992	ENSG00000128016.7	ZFP36	859.427292746114	0.0255492832907613	-0.135170357764088
Cervix Ectocervix	UBERON:0012249	ENSG00000128016.7	ZFP36	912.106583333333	0.0271153472616513	-0.141128509921042
Testis	UBERON:0000473	ENSG00000128016.7	ZFP36	106.751210144928	0.00317352838645544	-0.026339322560469
Skin Sun Exposed Lower leg	UBERON:0004264	ENSG00000128016.7	ZFP36	877.494189655172	0.0260863808104823	-0.137228955505767
Adipose Subcutaneous	UBERON:0002190	ENSG00000128016.7	ZFP36	1241.13948039216	0.0368969247957722	-0.175642482982814
Small Intestine Terminal Ileum	UBERON:0001211	ENSG00000128016.7	ZFP36	502.536541062802	0.0149395400401436	-0.0906041341262826
Artery Coronary	UBERON:0001621	ENSG00000128016.7	ZFP36	1169.94295895522	0.0347803756579194	-0.168531185707605
Brain Cerebellum	UBERON:0002037	ENSG00000128016.7	ZFP36	55.7693577819549	0.00165792631086003	-0.0153132778712623
Esophagus Gastroesophageal Junction	UBERON:0004550	ENSG00000128016.7	ZFP36	854.636965260546	0.0254068751603501	-0.134621814959626
Muscle Skeletal	UBERON:0011907	ENSG00000128016.7	ZFP36	239.42256992665	0.00711761787982356	-0.050779860423606
Brain Nucleus accumbens basal ganglia	UBERON:0001882	ENSG00000128016.7	ZFP36	47.1166581754386	0.00140069655408752	-0.0132780988571483
Bladder	UBERON:0001255	ENSG00000128016.7	ZFP36	947.814207792208	0.0281768730249591	-0.145092431061047
Cervix Endocervix	UBERON:0000458	ENSG00000128016.7	ZFP36	390.433526086957	0.0116069117753203	-0.0746193503638564
Spleen	UBERON:0002106	ENSG00000128016.7	ZFP36	472.315277978339	0.0140411142879402	-0.0864118081235796
Brain Substantia nigra	UBERON:0002038	ENSG00000128016.7	ZFP36	83.8321010382514	0.00249218301113313	-0.0215533314282353
Brain Hypothalamus	UBERON:0001898	ENSG00000128016.7	ZFP36	69.7337785603113	0.00207306432831536	-0.0184793356398586
Brain Caudate basal ganglia	UBERON:0001873	ENSG00000128016.7	ZFP36	64.0787946	0.00190495146009931	-0.0172131986327924
Breast Mammary Tissue	UBERON:0008367	ENSG00000128016.7	ZFP36	1236.97412470817	0.0367730959934114	-0.175231360935256
Minor Salivary Gland	UBERON:0006330	ENSG00000128016.7	ZFP36	462.681528729282	0.0137547196262931	-0.0850582158760628
Heart Atrial Appendage	UBERON:0006631	ENSG00000128016.7	ZFP36	495.693304338395	0.0147361024775094	-0.0896618330668065
Adrenal Gland	UBERON:0002369	ENSG00000128016.7	ZFP36	298.562602033898	0.00887574849411295	-0.0604963517101843
Colon Transverse	UBERON:0001157	ENSG00000128016.7	ZFP36	655.567955323591	0.0194888986517857	-0.110720401684031
Stomach	UBERON:0000945	ENSG00000128016.7	ZFP36	736.92657051597	0.0219075492173876	-0.120763789683104
Artery Tibial	UBERON:0007610	ENSG00000128016.7	ZFP36	1118.79939797395	0.0332599662654813	-0.16330874541325
Brain Cerebellar Hemisphere	UBERON:0002037	ENSG00000128016.7	ZFP36	36.4432901444043	0.00108339582860077	-0.0106716914228739
Artery Aorta	UBERON:0001496	ENSG00000128016.7	ZFP36	1145.16344279661	0.0340437236066197	-0.166013106510725
Heart Left Ventricle	UBERON:0006566	ENSG00000128016.7	ZFP36	137.482695353982	0.00408712215777163	-0.0324300837741686
Brain Anterior cingulate cortex BA24	UBERON:0009835	ENSG00000128016.7	ZFP36	49.2956015021459	0.00146547276121805	-0.0137965733348662
Cells EBV-transformed lymphocytes	EFO:0000572	ENSG00000128016.7	ZFP36	218.092647400612	0.006483516266124	-0.0471287304978081
Colon Sigmoid	UBERON:0001159	ENSG00000128016.7	ZFP36	952.89153221957	0.0283278130768386	-0.14565133072973
Fallopian Tube	UBERON:0003889	ENSG00000128016.7	ZFP36	2038.70851724138	0.0606072693919848	-0.245117939992468
Cells Cultured fibroblasts	EFO:0002009	ENSG00000128016.7	ZFP36	284.918023006135	0.00847011881734343	-0.0583032334604948
Brain Hippocampus	UBERON:0001954	ENSG00000128016.7	ZFP36	71.6021429019608	0.00212860756071915	-0.0188932531256101
Pancreas	UBERON:0001150	ENSG00000128016.7	ZFP36	82.3047091160221	0.00244677629756186	-0.0212255447908054
Lung	UBERON:0008952	ENSG00000128016.7	ZFP36	2050.2781705298	0.0609512151241447	-0.246011368055673
Brain Amygdala	UBERON:0001876	ENSG00000167601.12	AXL	13.2307762430939	0.00584741944512635	-0.0433760650706105
Brain Cortex	UBERON:0001870	ENSG00000167601.12	AXL	16.7118321481481	0.00738589259400231	-0.0522995941014359
Kidney Medulla	UBERON:0001293	ENSG00000167601.12	AXL	16.5937181818182	0.00733369143129129	-0.052005000636189
Uterus	UBERON:0000995	ENSG00000167601.12	AXL	74.5552287581699	0.0329501222276298	-0.162232311483352
Skin Not Sun Exposed Suprapubic	UBERON:0036149	ENSG00000167601.12	AXL	26.1558192012289	0.0115597182652308	-0.0743838965642964
Whole Blood	UBERON:0013756	ENSG00000167601.12	AXL	0.411454869240349	0.000181844901537336	-0.00225942361127693
Kidney Cortex	UBERON:0001225	ENSG00000167601.12	AXL	11.6727375	0.00515883505104115	-0.0392006409228951
Brain Frontal Cortex BA9	UBERON:0009834	ENSG00000167601.12	AXL	14.4455272490706	0.00638428580298971	-0.0465494816200299
Vagina	UBERON:0000996	ENSG00000167601.12	AXL	56.9945707058824	0.0251890860285815	-0.133780682106704
Prostate	UBERON:0002367	ENSG00000167601.12	AXL	40.8312126950355	0.0180455948082158	-0.10452386554588
Esophagus Mucosa	UBERON:0006920	ENSG00000167601.12	AXL	13.0605874429967	0.00577220350308739	-0.0429259271444379
Liver	UBERON:0001114	ENSG00000167601.12	AXL	3.28634312977099	0.00145241869164032	-0.013692425776765
Pituitary	UBERON:0000007	ENSG00000167601.12	AXL	15.966425686901	0.00705645582053297	-0.0504313644427736
Thyroid	UBERON:0002046	ENSG00000167601.12	AXL	39.9010825584795	0.0176345183190465	-0.102729075636043
Esophagus Muscularis	UBERON:0004648	ENSG00000167601.12	AXL	70.2718329768271	0.0310570502473619	-0.155562757738382
Brain Spinal cord cervical c-1	UBERON:0006469	ENSG00000167601.12	AXL	11.4162617647059	0.00504548409005391	-0.0385010375568386
Brain Putamen basal ganglia	UBERON:0001874	ENSG00000167601.12	AXL	15.2615757480315	0.00674494324086912	-0.0486443821416992
Adipose Visceral Omentum	UBERON:0010414	ENSG00000167601.12	AXL	57.7498173764906	0.0255228717405035	-0.135068709630568
Nerve Tibial	UBERON:0001323	ENSG00000167601.12	AXL	85.0694780597015	0.0375969565997834	-0.177955430379511
Ovary	UBERON:0000992	ENSG00000167601.12	AXL	54.2532784974093	0.0239775558001139	-0.129051319565516
Cervix Ectocervix	UBERON:0012249	ENSG00000167601.12	AXL	61.808975	0.0273168403469132	-0.14188545988608
Testis	UBERON:0000473	ENSG00000167601.12	AXL	37.8853122463768	0.0167436367635482	-0.0987915301387398
Skin Sun Exposed Lower leg	UBERON:0004264	ENSG00000167601.12	AXL	37.58415433687	0.0166105382526409	-0.0981974718718208
Adipose Subcutaneous	UBERON:0002190	ENSG00000167601.12	AXL	87.1724057422969	0.0385263578682329	-0.180997229326476
Small Intestine Terminal Ileum	UBERON:0001211	ENSG00000167601.12	AXL	36.6614488405797	0.016202743126943	-0.0963677284128314
Artery Coronary	UBERON:0001621	ENSG00000167601.12	AXL	103.498239179104	0.0457416560595323	-0.203566268845835
Brain Cerebellum	UBERON:0002037	ENSG00000167601.12	AXL	9.29442620300752	0.00410772637313145	-0.0325637716186901
Esophagus Gastroesophageal Junction	UBERON:0004550	ENSG00000167601.12	AXL	76.176282133995	0.0336665563095935	-0.164714974474057
Muscle Skeletal	UBERON:0011907	ENSG00000167601.12	AXL	8.20686849633252	0.00362707384263251	-0.0294046084545309
Brain Nucleus accumbens basal ganglia	UBERON:0001882	ENSG00000167601.12	AXL	16.9565751578947	0.00749405820786778	-0.052908328986451
Bladder	UBERON:0001255	ENSG00000167601.12	AXL	60.4722831168831	0.0267260815005787	-0.139660021566852
Cervix Endocervix	UBERON:0000458	ENSG00000167601.12	AXL	80.6103565217391	0.0356262215869475	-0.171394784611944
Spleen	UBERON:0002106	ENSG00000167601.12	AXL	39.6248321299639	0.017512427815984	-0.10219337123538
Brain Substantia nigra	UBERON:0002038	ENSG00000167601.12	AXL	12.4250403825137	0.00549131973848579	-0.041232295641955
Brain Hypothalamus	UBERON:0001898	ENSG00000167601.12	AXL	9.57125412451362	0.00423007210262058	-0.0333545501234836
Brain Caudate basal ganglia	UBERON:0001873	ENSG00000167601.12	AXL	18.0929381666667	0.0079962805289265	-0.0557057300589926
Breast Mammary Tissue	UBERON:0008367	ENSG00000167601.12	AXL	52.6577243190661	0.0232723912385814	-0.126258231846653
Minor Salivary Gland	UBERON:0006330	ENSG00000167601.12	AXL	17.8508852486188	0.00788930381692281	-0.0551137793554744
Heart Atrial Appendage	UBERON:0006631	ENSG00000167601.12	AXL	26.4820384164859	0.0117038927677407	-0.0751023318546661
Adrenal Gland	UBERON:0002369	ENSG00000167601.12	AXL	24.9824536610169	0.0110411424575825	-0.0717780997810732
Colon Transverse	UBERON:0001157	ENSG00000167601.12	AXL	47.4409435490605	0.0209668042680955	-0.116905642233581
Stomach	UBERON:0000945	ENSG00000167601.12	AXL	34.2629028255528	0.015142691596284	-0.091541122027893
Artery Tibial	UBERON:0007610	ENSG00000167601.12	AXL	148.789778437048	0.0657585184484521	-0.258212553650753
Brain Cerebellar Hemisphere	UBERON:0002037	ENSG00000167601.12	AXL	5.81137259927798	0.00256837032956625	-0.0221006495893678
Artery Aorta	UBERON:0001496	ENSG00000167601.12	AXL	98.2648754237288	0.0434287401410444	-0.196523999309383
Heart Left Ventricle	UBERON:0006566	ENSG00000167601.12	AXL	10.0444438716814	0.00443920109686743	-0.034694506122372
Brain Anterior cingulate cortex BA24	UBERON:0009835	ENSG00000167601.12	AXL	15.3788947639485	0.00679679307056556	-0.0489432316983002
Cells EBV-transformed lymphocytes	EFO:0000572	ENSG00000167601.12	AXL	0.539423425076453	0.000238401358090771	-0.00286899821386344
Colon Sigmoid	UBERON:0001159	ENSG00000167601.12	AXL	79.669763627685	0.0352105210205116	-0.169991100332749
Fallopian Tube	UBERON:0003889	ENSG00000167601.12	AXL	61.2685965517241	0.0270780169106976	-0.140988034128499
Cells Cultured fibroblasts	EFO:0002009	ENSG00000167601.12	AXL	242.340944631902	0.107104007048002	-0.345187179282525
Brain Hippocampus	UBERON:0001954	ENSG00000167601.12	AXL	9.16278576470588	0.00404954710650742	-0.0321858964410039
Pancreas	UBERON:0001150	ENSG00000167601.12	AXL	3.04409997237569	0.00134535790223717	-0.0128317468832879
Lung	UBERON:0008952	ENSG00000167601.12	AXL	50.796382781457	0.0224497603890333	-0.122960843021666
Brain Amygdala	UBERON:0001876	ENSG00000105329.11	TGFB1	11.7011771823204	0.00353652816954039	-0.0287995422029731
Brain Cortex	UBERON:0001870	ENSG00000105329.11	TGFB1	10.6523365925926	0.00321952978269993	-0.0266542755117325
Kidney Medulla	UBERON:0001293	ENSG00000105329.11	TGFB1	58.7258518181818	0.0177491226736615	-0.10323082280203
Uterus	UBERON:0000995	ENSG00000105329.11	TGFB1	102.867373856209	0.0310903219138318	-0.155681386794769
Skin Not Sun Exposed Suprapubic	UBERON:0036149	ENSG00000105329.11	TGFB1	43.9971903225806	0.0132975768618846	-0.0828797117481601
Whole Blood	UBERON:0013756	ENSG00000105329.11	TGFB1	357.292272851806	0.10798692883727	-0.346753738915933
Kidney Cortex	UBERON:0001225	ENSG00000105329.11	TGFB1	42.5652348076923	0.0128647869863853	-0.0807963763856518
Brain Frontal Cortex BA9	UBERON:0009834	ENSG00000105329.11	TGFB1	8.07071921933085	0.00243926960705627	-0.0211712382209108
Vagina	UBERON:0000996	ENSG00000105329.11	TGFB1	97.4603317647059	0.0294561139728236	-0.149792854602336
Prostate	UBERON:0002367	ENSG00000105329.11	TGFB1	66.2247858156028	0.0200155776559409	-0.112942559288465
Esophagus Mucosa	UBERON:0006920	ENSG00000105329.11	TGFB1	75.0871990228013	0.022694126443726	-0.123944816554962
Liver	UBERON:0001114	ENSG00000105329.11	TGFB1	11.8198152671756	0.00357238498313555	-0.0290395485782295
Pituitary	UBERON:0000007	ENSG00000105329.11	TGFB1	37.0183061341853	0.0111883001506908	-0.0725210548133783
Thyroid	UBERON:0002046	ENSG00000105329.11	TGFB1	48.7427785087719	0.0147318689882239	-0.0896421811528014
Esophagus Muscularis	UBERON:0004648	ENSG00000105329.11	TGFB1	46.9697226381462	0.0141959859796228	-0.0871402589637285
Brain Spinal cord cervical c-1	UBERON:0006469	ENSG00000105329.11	TGFB1	21.7481400490196	0.00657309164027331	-0.0476497360170947
Brain Putamen basal ganglia	UBERON:0001874	ENSG00000105329.11	TGFB1	9.17185940944882	0.00277207486590228	-0.0235482716443739
Adipose Visceral Omentum	UBERON:0010414	ENSG00000105329.11	TGFB1	68.9819659284497	0.0208488993795288	-0.116417855770791
Nerve Tibial	UBERON:0001323	ENSG00000105329.11	TGFB1	52.7680044776119	0.0159484410309989	-0.0952192227589298
Ovary	UBERON:0000992	ENSG00000105329.11	TGFB1	38.0621467875648	0.0115037873719907	-0.0741044909489219
Cervix Ectocervix	UBERON:0012249	ENSG00000105329.11	TGFB1	103.5853375	0.0313073170598252	-0.156453818473764
Testis	UBERON:0000473	ENSG00000105329.11	TGFB1	20.7005984057971	0.00625648584307023	-0.0458001775225949
Skin Sun Exposed Lower leg	UBERON:0004264	ENSG00000105329.11	TGFB1	52.3334458885942	0.0158171013659865	-0.0946237677773788
Adipose Subcutaneous	UBERON:0002190	ENSG00000105329.11	TGFB1	73.4211981792717	0.0221905994206055	-0.121913101720437
Small Intestine Terminal Ileum	UBERON:0001211	ENSG00000105329.11	TGFB1	71.133052173913	0.0214990371377782	-0.119095725185504
Artery Coronary	UBERON:0001621	ENSG00000105329.11	TGFB1	135.117217164179	0.04083741637662	-0.188422393285893
Brain Cerebellum	UBERON:0002037	ENSG00000105329.11	TGFB1	6.7585737593985	0.00204269075782761	-0.0182520822498154
Esophagus Gastroesophageal Junction	UBERON:0004550	ENSG00000105329.11	TGFB1	54.1697481389578	0.0163720997678579	-0.0971293945662663
Muscle Skeletal	UBERON:0011907	ENSG00000105329.11	TGFB1	7.19540031784841	0.0021747158870168	-0.0192352692699954
Brain Nucleus accumbens basal ganglia	UBERON:0001882	ENSG00000105329.11	TGFB1	9.72178614035088	0.0029382830469011	-0.0247133430964713
Bladder	UBERON:0001255	ENSG00000105329.11	TGFB1	77.9488298701299	0.0235590170393231	-0.127397194994969
Cervix Endocervix	UBERON:0000458	ENSG00000105329.11	TGFB1	119.177234782609	0.0360197646279075	-0.172717200413474
Spleen	UBERON:0002106	ENSG00000105329.11	TGFB1	166.533718050542	0.0503326439628566	-0.21705257139486
Brain Substantia nigra	UBERON:0002038	ENSG00000105329.11	TGFB1	16.9654773224044	0.00512759421770275	-0.0390081842339905
Brain Hypothalamus	UBERON:0001898	ENSG00000105329.11	TGFB1	14.0519016731518	0.00424700398330845	-0.0334635833665136
Brain Caudate basal ganglia	UBERON:0001873	ENSG00000105329.11	TGFB1	10.7059847666667	0.00323574424351026	-0.0267650626380751
Breast Mammary Tissue	UBERON:0008367	ENSG00000105329.11	TGFB1	47.8139243190661	0.01445113492565	-0.0883350679148647
Minor Salivary Gland	UBERON:0006330	ENSG00000105329.11	TGFB1	33.5764932596685	0.0101480571054521	-0.0672070572499135
Heart Atrial Appendage	UBERON:0006631	ENSG00000105329.11	TGFB1	34.2556722342733	0.0103533300911033	-0.0682673874109048
Adrenal Gland	UBERON:0002369	ENSG00000105329.11	TGFB1	41.6834836271186	0.0125982891938952	-0.079503121023768
Colon Transverse	UBERON:0001157	ENSG00000105329.11	TGFB1	44.4126217536534	0.0134231355929088	-0.0834802852727425
Stomach	UBERON:0000945	ENSG00000105329.11	TGFB1	29.8896253071253	0.00903374935945492	-0.0613433082350329
Artery Tibial	UBERON:0007610	ENSG00000105329.11	TGFB1	120.430507670043	0.036398550010051	-0.173984166731331
Brain Cerebellar Hemisphere	UBERON:0002037	ENSG00000105329.11	TGFB1	4.60323906137184	0.00139126896020916	-0.0132022839302802
Artery Aorta	UBERON:0001496	ENSG00000105329.11	TGFB1	206.6931875	0.0624703197512717	-0.249924088383971
Heart Left Ventricle	UBERON:0006566	ENSG00000105329.11	TGFB1	14.9345077654867	0.0045137601617267	-0.0351687570214024
Brain Anterior cingulate cortex BA24	UBERON:0009835	ENSG00000105329.11	TGFB1	9.1458857081545	0.00276422465349516	-0.0234928949293311
Cells EBV-transformed lymphocytes	EFO:0000572	ENSG00000105329.11	TGFB1	156.377182874618	0.047262963690956	-0.208105733843544
Colon Sigmoid	UBERON:0001159	ENSG00000105329.11	TGFB1	57.0515505966587	0.0172430869695651	-0.101007212011555
Fallopian Tube	UBERON:0003889	ENSG00000105329.11	TGFB1	64.1183344827586	0.0193789302177989	-0.110253851084888
Cells Cultured fibroblasts	EFO:0002009	ENSG00000105329.11	TGFB1	137.154271932515	0.0414530896083699	-0.190368196898312
Brain Hippocampus	UBERON:0001954	ENSG00000105329.11	TGFB1	9.68235901960784	0.00292636671395622	-0.0246302737998937
Pancreas	UBERON:0001150	ENSG00000105329.11	TGFB1	10.6141154972376	0.0032079779551968	-0.0265752745205658
Lung	UBERON:0008952	ENSG00000105329.11	TGFB1	136.778551490066	0.0413395330056547	-0.190010305166008
Brain Amygdala	UBERON:0001876	ENSG00000069399.15	BCL3	4.81814872928177	0.00169698218043447	-0.0156170094486761
Brain Cortex	UBERON:0001870	ENSG00000069399.15	BCL3	7.48467214814815	0.0026361484411244	-0.0225848133963569
Kidney Medulla	UBERON:0001293	ENSG00000069399.15	BCL3	50.6339181818182	0.0178335833341806	-0.103599914729208
Uterus	UBERON:0000995	ENSG00000069399.15	BCL3	63.3161359477124	0.022300339917745	-0.122357292959273
Skin Not Sun Exposed Suprapubic	UBERON:0036149	ENSG00000069399.15	BCL3	49.3845549923195	0.0173935497883946	-0.101670582543573
Whole Blood	UBERON:0013756	ENSG00000069399.15	BCL3	153.373894483188	0.05401924691532	-0.227441700651529
Kidney Cortex	UBERON:0001225	ENSG00000069399.15	BCL3	44.2245285576923	0.0155761561374023	-0.093527293367956
Brain Frontal Cortex BA9	UBERON:0009834	ENSG00000069399.15	BCL3	6.14685408921933	0.00216496053592993	-0.0191630259884207
Vagina	UBERON:0000996	ENSG00000069399.15	BCL3	79.9554394117647	0.0281608068854277	-0.145032872901507
Prostate	UBERON:0002367	ENSG00000069399.15	BCL3	94.1322978723404	0.0331539852893922	-0.162941025825384
Esophagus Mucosa	UBERON:0006920	ENSG00000069399.15	BCL3	101.893519543974	0.0358875362059758	-0.172273570923377
Liver	UBERON:0001114	ENSG00000069399.15	BCL3	112.952808396947	0.0397826870546233	-0.185057740647222
Pituitary	UBERON:0000007	ENSG00000069399.15	BCL3	58.275238913738	0.020524904388312	-0.11507248008226
Thyroid	UBERON:0002046	ENSG00000069399.15	BCL3	91.4471061695906	0.0322082439421142	-0.159637783664607
Esophagus Muscularis	UBERON:0004648	ENSG00000069399.15	BCL3	65.5539303743315	0.0230885051402856	-0.125524846925217
Brain Spinal cord cervical c-1	UBERON:0006469	ENSG00000069399.15	BCL3	9.45541838235294	0.00333025761655917	-0.0274085213928241
Brain Putamen basal ganglia	UBERON:0001874	ENSG00000069399.15	BCL3	4.82915275590551	0.00170085786757963	-0.0156470788573873
Adipose Visceral Omentum	UBERON:0010414	ENSG00000069399.15	BCL3	108.619594378194	0.0382565019185892	-0.18011739643277
Nerve Tibial	UBERON:0001323	ENSG00000069399.15	BCL3	67.7695665671642	0.0238688660940089	-0.128622783080016
Ovary	UBERON:0000992	ENSG00000069399.15	BCL3	53.859891865285	0.0189697914844445	-0.108510097699413
Cervix Ectocervix	UBERON:0012249	ENSG00000069399.15	BCL3	55.6669041666667	0.0196062325425286	-0.111217213836417
Testis	UBERON:0000473	ENSG00000069399.15	BCL3	24.4472344202899	0.00861046918705652	-0.0590651703185176
Skin Sun Exposed Lower leg	UBERON:0004264	ENSG00000069399.15	BCL3	45.8433470822281	0.0161463141677676	-0.0961133783660805
Adipose Subcutaneous	UBERON:0002190	ENSG00000069399.15	BCL3	64.3022114845938	0.022647641902111	-0.123757933788041
Small Intestine Terminal Ileum	UBERON:0001211	ENSG00000069399.15	BCL3	79.0878874396135	0.0278552496434119	-0.143897627561085
Artery Coronary	UBERON:0001621	ENSG00000069399.15	BCL3	64.079377238806	0.0225691582841201	-0.123442091930954
Brain Cerebellum	UBERON:0002037	ENSG00000069399.15	BCL3	4.42569740601504	0.00155875836467218	-0.0145360249631478
Esophagus Gastroesophageal Junction	UBERON:0004550	ENSG00000069399.15	BCL3	62.4341424317618	0.0219896962734899	-0.12109788435415
Muscle Skeletal	UBERON:0011907	ENSG00000069399.15	BCL3	14.8813154645477	0.00524129257598194	-0.0397073073717932
Brain Nucleus accumbens basal ganglia	UBERON:0001882	ENSG00000069399.15	BCL3	3.96682228070175	0.00139713966951468	-0.0132495058512754
Bladder	UBERON:0001255	ENSG00000069399.15	BCL3	60.7565454545455	0.0213988361036937	-0.118684875260613
Cervix Endocervix	UBERON:0000458	ENSG00000069399.15	BCL3	53.0145739130435	0.0186720652035937	-0.107233197793224
Spleen	UBERON:0002106	ENSG00000069399.15	BCL3	117.863878700361	0.0415123967958578	-0.190554934472465
Brain Substantia nigra	UBERON:0002038	ENSG00000069399.15	BCL3	7.94068661202186	0.00279675959339354	-0.0237221932870305
Brain Hypothalamus	UBERON:0001898	ENSG00000069399.15	BCL3	7.07247875486381	0.00249097134456752	-0.0215446001226194
Brain Caudate basal ganglia	UBERON:0001873	ENSG00000069399.15	BCL3	4.93901373333333	0.00173955159238872	-0.0159465891581209
Breast Mammary Tissue	UBERON:0008367	ENSG00000069399.15	BCL3	72.717410311284	0.0256115276715391	-0.135409757269522
Minor Salivary Gland	UBERON:0006330	ENSG00000069399.15	BCL3	73.1833966850829	0.0257756509929833	-0.136039950639311
Heart Atrial Appendage	UBERON:0006631	ENSG00000069399.15	BCL3	32.0350015835141	0.0112829283386437	-0.0729973266606259
Adrenal Gland	UBERON:0002369	ENSG00000069399.15	BCL3	59.188773220339	0.0208466568967175	-0.116408569049575
Colon Transverse	UBERON:0001157	ENSG00000069399.15	BCL3	66.6511613778706	0.0234749567766807	-0.12706368937556
Stomach	UBERON:0000945	ENSG00000069399.15	BCL3	52.4606613759214	0.0184769737363455	-0.106392774402717
Artery Tibial	UBERON:0007610	ENSG00000069399.15	BCL3	41.6388230824891	0.014665454463001	-0.0893336539656438
Brain Cerebellar Hemisphere	UBERON:0002037	ENSG00000069399.15	BCL3	2.70519906137184	0.000952788064381815	-0.00956175896612375
Artery Aorta	UBERON:0001496	ENSG00000069399.15	BCL3	58.6045650211864	0.0206408951074227	-0.115554968626626
Heart Left Ventricle	UBERON:0006566	ENSG00000069399.15	BCL3	19.8906967699115	0.00700562806827199	-0.0501411708179797
Brain Anterior cingulate cortex BA24	UBERON:0009835	ENSG00000069399.15	BCL3	4.6303269527897	0.00163083017357185	-0.015101777254355
Cells EBV-transformed lymphocytes	EFO:0000572	ENSG00000069399.15	BCL3	30.6708122324159	0.0108024522990639	-0.0705669907947636
Colon Sigmoid	UBERON:0001159	ENSG00000069399.15	BCL3	70.9541312649165	0.0249904897399713	-0.133011307247105
Fallopian Tube	UBERON:0003889	ENSG00000069399.15	BCL3	82.5416275862069	0.0290716785695264	-0.148388877419748
Cells Cultured fibroblasts	EFO:0002009	ENSG00000069399.15	BCL3	44.2897966257669	0.015599143960049	-0.0936321352601307
Brain Hippocampus	UBERON:0001954	ENSG00000069399.15	BCL3	4.85378941176471	0.00170953505218467	-0.0157143543958085
Pancreas	UBERON:0001150	ENSG00000069399.15	BCL3	30.2101635082873	0.0106402089312875	-0.069739437517647
Lung	UBERON:0008952	ENSG00000069399.15	BCL3	193.170204635762	0.0680357567763653	-0.263812934740067
Brain Amygdala	UBERON:0001876	ENSG00000130203.10	APOE	1367.01532541436	0.0435831060228544	-0.1969994385189
Brain Cortex	UBERON:0001870	ENSG00000130203.10	APOE	654.55930962963	0.0208686232403337	-0.116499522568646
Kidney Medulla	UBERON:0001293	ENSG00000130203.10	APOE	256.340727272727	0.00817264070636255	-0.0566771159780058
Uterus	UBERON:0000995	ENSG00000130203.10	APOE	84.8519396732026	0.00270524478714317	-0.0230758060463661
Skin Not Sun Exposed Suprapubic	UBERON:0036149	ENSG00000130203.10	APOE	462.281756989247	0.0147384410786958	-0.0896726881324731
Whole Blood	UBERON:0013756	ENSG00000130203.10	APOE	11.7564042590286	0.000374817021977037	-0.00426598964578023
Kidney Cortex	UBERON:0001225	ENSG00000130203.10	APOE	784.930545192308	0.025025111668974	-0.133145598199446
Brain Frontal Cortex BA9	UBERON:0009834	ENSG00000130203.10	APOE	697.716124163569	0.0222445463836029	-0.122131557804388
Vagina	UBERON:0000996	ENSG00000130203.10	APOE	199.031757647059	0.00634551934728125	-0.0463225833751582
Prostate	UBERON:0002367	ENSG00000130203.10	APOE	74.0333143262411	0.00236032597990504	-0.0205980884268981
Esophagus Mucosa	UBERON:0006920	ENSG00000130203.10	APOE	41.606713990228	0.00132650292457331	-0.0126789224557316
Liver	UBERON:0001114	ENSG00000130203.10	APOE	3591.53238549618	0.114505034311995	-0.358001943901791
Pituitary	UBERON:0000007	ENSG00000130203.10	APOE	166.575255591054	0.00531074296698788	-0.0401325972750522
Thyroid	UBERON:0002046	ENSG00000130203.10	APOE	254.958402777778	0.00812856951425421	-0.0564348926045443
Esophagus Muscularis	UBERON:0004648	ENSG00000130203.10	APOE	19.7134619251337	0.000628503488722905	-0.00668463214271755
Brain Spinal cord cervical c-1	UBERON:0006469	ENSG00000130203.10	APOE	757.975149509804	0.0241657212539013	-0.129791530561845
Brain Putamen basal ganglia	UBERON:0001874	ENSG00000130203.10	APOE	1624.59213385827	0.0517951553998695	-0.221219130089714
Adipose Visceral Omentum	UBERON:0010414	ENSG00000130203.10	APOE	383.860896592845	0.012238231600778	-0.0777428899704163
Nerve Tibial	UBERON:0001323	ENSG00000130203.10	APOE	108.240790597015	0.0034509268220218	-0.0282244416839247
Ovary	UBERON:0000992	ENSG00000130203.10	APOE	825.231923316062	0.026309997948579	-0.138081316598053
Cervix Ectocervix	UBERON:0012249	ENSG00000130203.10	APOE	362.999066666667	0.0115731159077789	-0.0744507671349849
Testis	UBERON:0000473	ENSG00000130203.10	APOE	253.247427294686	0.00807402028975339	-0.056134602426951
Skin Sun Exposed Lower leg	UBERON:0004264	ENSG00000130203.10	APOE	355.684375729443	0.011339909341097	-0.0732835640465778
Adipose Subcutaneous	UBERON:0002190	ENSG00000130203.10	APOE	535.274679831933	0.0170655973556062	-0.100222247548516
Small Intestine Terminal Ileum	UBERON:0001211	ENSG00000130203.10	APOE	225.46595410628	0.0071882929179155	-0.0511816166118663
Artery Coronary	UBERON:0001621	ENSG00000130203.10	APOE	419.277285074627	0.0133673749142813	-0.0832137804483157
Brain Cerebellum	UBERON:0002037	ENSG00000130203.10	APOE	798.216563909774	0.0254486957734239	-0.134783023197461
Esophagus Gastroesophageal Junction	UBERON:0004550	ENSG00000130203.10	APOE	26.3897230521092	0.00084135567196016	-0.00859444530315093
Muscle Skeletal	UBERON:0011907	ENSG00000130203.10	APOE	13.5026264547677	0.000430489980195914	-0.0048136238975184
Brain Nucleus accumbens basal ganglia	UBERON:0001882	ENSG00000130203.10	APOE	1850.40212280702	0.0589944168173593	-0.240890590408231
Bladder	UBERON:0001255	ENSG00000130203.10	APOE	103.184663636364	0.00328972766551323	-0.027133068892412
Cervix Endocervix	UBERON:0000458	ENSG00000130203.10	APOE	190.477156521739	0.00607278203344388	-0.0447164853458288
Spleen	UBERON:0002106	ENSG00000130203.10	APOE	760.757925631769	0.024254441566327	-0.130139806941433
Brain Substantia nigra	UBERON:0002038	ENSG00000130203.10	APOE	2019.86950273224	0.0643973663303485	-0.254811008904626
Brain Hypothalamus	UBERON:0001898	ENSG00000130203.10	APOE	1190.61391050584	0.0379590859949813	-0.179144525535003
Brain Caudate basal ganglia	UBERON:0001873	ENSG00000130203.10	APOE	1801.91126333333	0.0574484339521414	-0.236778811862331
Breast Mammary Tissue	UBERON:0008367	ENSG00000130203.10	APOE	415.92836692607	0.0132606048934798	-0.0827025418819942
Minor Salivary Gland	UBERON:0006330	ENSG00000130203.10	APOE	100.302687845304	0.00319784467479476	-0.0265059253287455
Heart Atrial Appendage	UBERON:0006631	ENSG00000130203.10	APOE	122.69207472885	0.00391166185313292	-0.0312854817653865
Adrenal Gland	UBERON:0002369	ENSG00000130203.10	APOE	3821.58375932203	0.121839519324529	-0.370020033494236
Colon Transverse	UBERON:0001157	ENSG00000130203.10	APOE	161.439441753653	0.00514700323793895	-0.0391277841720215
Stomach	UBERON:0000945	ENSG00000130203.10	APOE	48.0748701228501	0.00153272031603891	-0.0143304595360829
Artery Tibial	UBERON:0007610	ENSG00000130203.10	APOE	67.2228970767004	0.00214319663868377	-0.0190016243933257
Brain Cerebellar Hemisphere	UBERON:0002037	ENSG00000130203.10	APOE	700.501190252708	0.0223333397046338	-0.122490712039225
Artery Aorta	UBERON:0001496	ENSG00000130203.10	APOE	226.699101355932	0.00722760804944637	-0.0514046710865566
Heart Left Ventricle	UBERON:0006566	ENSG00000130203.10	APOE	30.706836659292	0.00097899364613395	-0.0097864246966587
Brain Anterior cingulate cortex BA24	UBERON:0009835	ENSG00000130203.10	APOE	850.501571244635	0.0271156434481987	-0.141129624187753
Cells EBV-transformed lymphocytes	EFO:0000572	ENSG00000130203.10	APOE	6.12953577981651	0.00019542151634741	-0.00240781255139776
Colon Sigmoid	UBERON:0001159	ENSG00000130203.10	APOE	84.0509819570406	0.0026797086981072	-0.0228946489253589
Fallopian Tube	UBERON:0003889	ENSG00000130203.10	APOE	101.324366896552	0.00323041778907083	-0.0267286819968386
Cells Cultured fibroblasts	EFO:0002009	ENSG00000130203.10	APOE	129.741423558282	0.00413640879759903	-0.0327496258127413
Brain Hippocampus	UBERON:0001954	ENSG00000130203.10	APOE	795.751649411765	0.0253701095074861	-0.134480010331021
Pancreas	UBERON:0001150	ENSG00000130203.10	APOE	23.1110473480663	0.000736825116839614	-0.0076676896299007
Lung	UBERON:0008952	ENSG00000130203.10	APOE	405.875620860927	0.012940103806599	-0.0811604216424801
Brain Amygdala	UBERON:0001876	ENSG00000104856.14	RELB	2.84698906077348	0.00354240424665541	-0.028838909320112
Brain Cortex	UBERON:0001870	ENSG00000104856.14	RELB	3.87057818518519	0.00481601871574691	-0.037073438938286
Kidney Medulla	UBERON:0001293	ENSG00000104856.14	RELB	16.4556790909091	0.0204751989729802	-0.114865430486923
Uterus	UBERON:0000995	ENSG00000104856.14	RELB	26.8648789542484	0.0334269852331494	-0.163887258724942
Skin Not Sun Exposed Suprapubic	UBERON:0036149	ENSG00000104856.14	RELB	22.541539124424	0.0280476117807121	-0.144612876513371
Whole Blood	UBERON:0013756	ENSG00000104856.14	RELB	31.1159961768369	0.0387164947398126	-0.181615509020804
Kidney Cortex	UBERON:0001225	ENSG00000104856.14	RELB	16.8406141346154	0.0209541595535808	-0.116853375441636
Brain Frontal Cortex BA9	UBERON:0009834	ENSG00000104856.14	RELB	3.93041059479554	0.00489046599227904	-0.037538299233848
Vagina	UBERON:0000996	ENSG00000104856.14	RELB	14.2605064705882	0.0177438260571132	-0.103207657367793
Prostate	UBERON:0002367	ENSG00000104856.14	RELB	24.7125319858156	0.0307488987078782	-0.154461602426975
Esophagus Mucosa	UBERON:0006920	ENSG00000104856.14	RELB	11.309348990228	0.014071808860062	-0.0865563773471684
Liver	UBERON:0001114	ENSG00000104856.14	RELB	7.24699408396947	0.00901716939213159	-0.0612546205128306
Pituitary	UBERON:0000007	ENSG00000104856.14	RELB	7.09910952076677	0.00883316204488816	-0.0602673776988576
Thyroid	UBERON:0002046	ENSG00000104856.14	RELB	20.2473304824561	0.0251930119692845	-0.133795868626635
Esophagus Muscularis	UBERON:0004648	ENSG00000104856.14	RELB	11.6989992691622	0.0145566364352097	-0.0888272034303935
Brain Spinal cord cervical c-1	UBERON:0006469	ENSG00000104856.14	RELB	3.57574715686275	0.00444917126235647	-0.0347580277445194
Brain Putamen basal ganglia	UBERON:0001874	ENSG00000104856.14	RELB	3.33778633858268	0.00415308532903578	-0.0328575530915243
Adipose Visceral Omentum	UBERON:0010414	ENSG00000104856.14	RELB	23.309874088586	0.0290036228442607	-0.148139573186426
Nerve Tibial	UBERON:0001323	ENSG00000104856.14	RELB	18.9471092537313	0.0235751943015991	-0.127461327916573
Ovary	UBERON:0000992	ENSG00000104856.14	RELB	11.7815975647668	0.0146594104701183	-0.0893055552209439
Cervix Ectocervix	UBERON:0012249	ENSG00000104856.14	RELB	12.8453645833333	0.0159830168218049	-0.0953757191158039
Testis	UBERON:0000473	ENSG00000104856.14	RELB	8.63701630434783	0.0107467231456946	-0.0702831326751988
Skin Sun Exposed Lower leg	UBERON:0004264	ENSG00000104856.14	RELB	21.5564287798409	0.0268218750484721	-0.140022152827813
Adipose Subcutaneous	UBERON:0002190	ENSG00000104856.14	RELB	19.1137441456583	0.0237825319963364	-0.128281880515496
Small Intestine Terminal Ileum	UBERON:0001211	ENSG00000104856.14	RELB	25.4431772463768	0.0316580138532337	-0.157697603549925
Artery Coronary	UBERON:0001621	ENSG00000104856.14	RELB	16.1852062686567	0.0201386595435342	-0.113458963031447
Brain Cerebellum	UBERON:0002037	ENSG00000104856.14	RELB	2.01831714285714	0.00251131812077006	-0.0216911071798511
Esophagus Gastroesophageal Junction	UBERON:0004550	ENSG00000104856.14	RELB	12.5372640694789	0.0155996586334253	-0.0936344820011365
Muscle Skeletal	UBERON:0011907	ENSG00000104856.14	RELB	10.1408660635697	0.0126179083380789	-0.0795986036817237
Brain Nucleus accumbens basal ganglia	UBERON:0001882	ENSG00000104856.14	RELB	2.51317305263158	0.00312704921029916	-0.0260201213226385
Bladder	UBERON:0001255	ENSG00000104856.14	RELB	14.677765974026	0.0182630067794071	-0.105467620128135
Cervix Endocervix	UBERON:0000458	ENSG00000104856.14	RELB	17.8001760869565	0.0221481073568009	-0.121740898608812
Spleen	UBERON:0002106	ENSG00000104856.14	RELB	43.6668819494585	0.0543331023597038	-0.228309041627575
Brain Substantia nigra	UBERON:0002038	ENSG00000104856.14	RELB	3.6252143715847	0.00451072150640752	-0.035149463853704
Brain Hypothalamus	UBERON:0001898	ENSG00000104856.14	RELB	3.09667027237354	0.00385307343624542	-0.0309007804831932
Brain Caudate basal ganglia	UBERON:0001873	ENSG00000104856.14	RELB	3.24516453333333	0.00403783940808411	-0.0321097095747962
Breast Mammary Tissue	UBERON:0008367	ENSG00000104856.14	RELB	19.5705828015564	0.0243509596088577	-0.130518162055649
Minor Salivary Gland	UBERON:0006330	ENSG00000104856.14	RELB	18.3558848618785	0.0228395554383234	-0.124528601912377
Heart Atrial Appendage	UBERON:0006631	ENSG00000104856.14	RELB	7.0133514967462	0.00872645647560413	-0.0596923511468648
Adrenal Gland	UBERON:0002369	ENSG00000104856.14	RELB	14.4560113220339	0.0179870855854146	-0.104269241844803
Colon Transverse	UBERON:0001157	ENSG00000104856.14	RELB	17.181499394572	0.0213783106011316	-0.118600632010473
Stomach	UBERON:0000945	ENSG00000104856.14	RELB	13.1969316216216	0.0164204588150236	-0.0973464199693859
Artery Tibial	UBERON:0007610	ENSG00000104856.14	RELB	15.5829741678726	0.0193893241910794	-0.110297986861761
Brain Cerebellar Hemisphere	UBERON:0002037	ENSG00000104856.14	RELB	1.53633223826715	0.00191160195172389	-0.0172636813149141
Artery Aorta	UBERON:0001496	ENSG00000104856.14	RELB	18.642585338983	0.0231962863445312	-0.125954961210438
Heart Left Ventricle	UBERON:0006566	ENSG00000104856.14	RELB	5.38788396017699	0.00670394673586564	-0.0484076815931815
Brain Anterior cingulate cortex BA24	UBERON:0009835	ENSG00000104856.14	RELB	2.80958038626609	0.00349585800267346	-0.0285266826782451
Cells EBV-transformed lymphocytes	EFO:0000572	ENSG00000104856.14	RELB	56.5961712538226	0.0704205436390084	-0.269559969856084
Colon Sigmoid	UBERON:0001159	ENSG00000104856.14	RELB	16.7867545107399	0.0208871439956468	-0.116576183414603
Fallopian Tube	UBERON:0003889	ENSG00000104856.14	RELB	21.405675862069	0.0266342987126622	-0.139312587651849
Cells Cultured fibroblasts	EFO:0002009	ENSG00000104856.14	RELB	22.0674801687117	0.0274577575796481	-0.142413569163782
Brain Hippocampus	UBERON:0001954	ENSG00000104856.14	RELB	2.97281341176471	0.00369896287957228	-0.0298826762628391
Pancreas	UBERON:0001150	ENSG00000104856.14	RELB	9.33780610497238	0.0116186902353998	-0.0746780712313447
Lung	UBERON:0008952	ENSG00000104856.14	RELB	41.6919900993377	0.0518758167406813	-0.221447177542743
Brain Amygdala	UBERON:0001876	ENSG00000171049.9	FPR2	0.139074751381215	0.000760084955104286	-0.00787565955960233
Brain Cortex	UBERON:0001870	ENSG00000171049.9	FPR2	0.138444111111111	0.000756638318122169	-0.00784490820743716
Kidney Medulla	UBERON:0001293	ENSG00000171049.9	FPR2	0.126214545454545	0.000689800097879474	-0.00724395921284223
Uterus	UBERON:0000995	ENSG00000171049.9	FPR2	0.277172549019608	0.00151483056691025	-0.0141888541710618
Skin Not Sun Exposed Suprapubic	UBERON:0036149	ENSG00000171049.9	FPR2	0.0832536251920123	0.000455005867980194	-0.0050513965342293
Whole Blood	UBERON:0013756	ENSG00000171049.9	FPR2	131.375896973848	0.718008421812214	-0.343155847081183
Kidney Cortex	UBERON:0001225	ENSG00000171049.9	FPR2	0.24138375	0.0013192341166136	-0.0126199039409846
Brain Frontal Cortex BA9	UBERON:0009834	ENSG00000171049.9	FPR2	0.163785055762082	0.000895134131244541	-0.00906377776845702
Vagina	UBERON:0000996	ENSG00000171049.9	FPR2	0.327262529411765	0.00178858723459745	-0.0163243709436404
Prostate	UBERON:0002367	ENSG00000171049.9	FPR2	0.384960390070922	0.0021039232347929	-0.0187095628170636
Esophagus Mucosa	UBERON:0006920	ENSG00000171049.9	FPR2	0.496284381107492	0.00271234201597858	-0.0231260930304236
Liver	UBERON:0001114	ENSG00000171049.9	FPR2	0.458352671755725	0.00250503392221369	-0.0216458832527251
Pituitary	UBERON:0000007	ENSG00000171049.9	FPR2	0.226804984025559	0.00123955681666442	-0.0119691108955988
Thyroid	UBERON:0002046	ENSG00000171049.9	FPR2	0.338146038011696	0.00184806885195358	-0.0167800323166644
Esophagus Muscularis	UBERON:0004648	ENSG00000171049.9	FPR2	0.369572370766488	0.00201982312426964	-0.0180805584392299
Brain Spinal cord cervical c-1	UBERON:0006469	ENSG00000171049.9	FPR2	0.294242303921569	0.00160812186356506	-0.0149240262783071
Brain Putamen basal ganglia	UBERON:0001874	ENSG00000171049.9	FPR2	0.148425196850394	0.000811187925658331	-0.00832901495900318
Adipose Visceral Omentum	UBERON:0010414	ENSG00000171049.9	FPR2	3.06597608177172	0.0167564728271665	-0.0988487404148434
Nerve Tibial	UBERON:0001323	ENSG00000171049.9	FPR2	0.32305023880597	0.00176556581133986	-0.0161472534707221
Ovary	UBERON:0000992	ENSG00000171049.9	FPR2	0.763509119170985	0.00417280483195726	-0.0329850492629052
Cervix Ectocervix	UBERON:0012249	ENSG00000171049.9	FPR2	0.289169166666667	0.00158039565687165	-0.0147063694111668
Testis	UBERON:0000473	ENSG00000171049.9	FPR2	1.24547241545894	0.00680687785227705	-0.049001291453312
Skin Sun Exposed Lower leg	UBERON:0004264	ENSG00000171049.9	FPR2	0.079849801061008	0.000436402954898541	-0.00487115226139697
Adipose Subcutaneous	UBERON:0002190	ENSG00000171049.9	FPR2	0.87872637254902	0.0048025014518781	-0.0369888577041246
Small Intestine Terminal Ileum	UBERON:0001211	ENSG00000171049.9	FPR2	0.759086956521739	0.00414863639544859	-0.0328287699204817
Artery Coronary	UBERON:0001621	ENSG00000171049.9	FPR2	1.04025608208955	0.00568530944401741	-0.0424041386546266
Brain Cerebellum	UBERON:0002037	ENSG00000171049.9	FPR2	0.100932969924812	0.000551628754694327	-0.0059708377594209
Esophagus Gastroesophageal Junction	UBERON:0004550	ENSG00000171049.9	FPR2	0.306818709677419	0.00167685566829505	-0.0154606524696466
Muscle Skeletal	UBERON:0011907	ENSG00000171049.9	FPR2	0.0878172982885086	0.000479947701247635	-0.00529134429752038
Brain Nucleus accumbens basal ganglia	UBERON:0001882	ENSG00000171049.9	FPR2	0.172419438596491	0.000942323606141073	-0.00947175611019054
Bladder	UBERON:0001255	ENSG00000171049.9	FPR2	0.800037922077922	0.00437244562399022	-0.0342683597850046
Cervix Endocervix	UBERON:0000458	ENSG00000171049.9	FPR2	0.268268695652174	0.00146616835525912	-0.0138021181798177
Spleen	UBERON:0002106	ENSG00000171049.9	FPR2	17.9534477617329	0.0981209414391735	-0.32863598970538
Brain Substantia nigra	UBERON:0002038	ENSG00000171049.9	FPR2	0.236656775956284	0.00129339979501235	-0.0124096743647932
Brain Hypothalamus	UBERON:0001898	ENSG00000171049.9	FPR2	0.164240622568093	0.000897623939580385	-0.00908539156778667
Brain Caudate basal ganglia	UBERON:0001873	ENSG00000171049.9	FPR2	0.173938766666667	0.00095062718674459	-0.00954318730496083
Breast Mammary Tissue	UBERON:0008367	ENSG00000171049.9	FPR2	0.48998560311284	0.00267791731744971	-0.0228819274438743
Minor Salivary Gland	UBERON:0006330	ENSG00000171049.9	FPR2	0.572480939226519	0.00312877890967649	-0.0260320180018993
Heart Atrial Appendage	UBERON:0006631	ENSG00000171049.9	FPR2	0.55085399132321	0.00301058119540504	-0.0252158521371338
Adrenal Gland	UBERON:0002369	ENSG00000171049.9	FPR2	0.556746406779661	0.0030427850015826	-0.0254388750373979
Colon Transverse	UBERON:0001157	ENSG00000171049.9	FPR2	0.557375594989562	0.00304622370262304	-0.0254626601265395
Stomach	UBERON:0000945	ENSG00000171049.9	FPR2	0.604973538083538	0.00330636064394659	-0.0272461977635446
Artery Tibial	UBERON:0007610	ENSG00000171049.9	FPR2	0.32893528219971	0.00179772932699811	-0.0163945875885241
Brain Cerebellar Hemisphere	UBERON:0002037	ENSG00000171049.9	FPR2	0.0807102166064982	0.000441105382224637	-0.00491682040827813
Artery Aorta	UBERON:0001496	ENSG00000171049.9	FPR2	1.04523819915254	0.00571253819824158	-0.0425678488466952
Heart Left Ventricle	UBERON:0006566	ENSG00000171049.9	FPR2	0.264839800884956	0.0014474284236805	-0.0136525679420965
Brain Anterior cingulate cortex BA24	UBERON:0009835	ENSG00000171049.9	FPR2	0.133316394849785	0.000728613820896257	-0.00759401982106765
Cells EBV-transformed lymphocytes	EFO:0000572	ENSG00000171049.9	FPR2	0.0491956574923547	0.00026886892656673	-0.00318900307769533
Colon Sigmoid	UBERON:0001159	ENSG00000171049.9	FPR2	0.521651360381862	0.00285098011607512	-0.0241031161969468
Fallopian Tube	UBERON:0003889	ENSG00000171049.9	FPR2	1.44660862068966	0.00790614714454116	-0.0552071192206355
Cells Cultured fibroblasts	EFO:0002009	ENSG00000171049.9	FPR2	0.330423358895706	0.00180586210953005	-0.0164569957559954
Brain Hippocampus	UBERON:0001954	ENSG00000171049.9	FPR2	0.120694352941176	0.000659630600993659	-0.00696969258379385
Pancreas	UBERON:0001150	ENSG00000171049.9	FPR2	0.135925690607735	0.000742874399680959	-0.0077218778293511
Lung	UBERON:0008952	ENSG00000171049.9	FPR2	10.8837342549669	0.0594828506281323	-0.242177431249712
Brain Amygdala	UBERON:0001876	ENSG00000101096.20	NFATC2	1.22892248618785	0.00509373743977583	-0.0387993021130012
Brain Cortex	UBERON:0001870	ENSG00000101096.20	NFATC2	0.813582888888889	0.0033722042423926	-0.0276928527183741
Kidney Medulla	UBERON:0001293	ENSG00000101096.20	NFATC2	2.61146181818182	0.0108241984220513	-0.0706776427043892
Uterus	UBERON:0000995	ENSG00000101096.20	NFATC2	6.14087117647059	0.0254531801443881	-0.134800303462335
Skin Not Sun Exposed Suprapubic	UBERON:0036149	ENSG00000101096.20	NFATC2	6.4908979109063	0.0269039992986932	-0.140332216601709
Whole Blood	UBERON:0013756	ENSG00000101096.20	NFATC2	6.38800296388543	0.0264775119897745	-0.138718031933409
Kidney Cortex	UBERON:0001225	ENSG00000101096.20	NFATC2	1.52854663461538	0.00633564387395676	-0.0462647281694024
Brain Frontal Cortex BA9	UBERON:0009834	ENSG00000101096.20	NFATC2	0.844116468401487	0.00349876229538759	-0.0285461903580066
Vagina	UBERON:0000996	ENSG00000101096.20	NFATC2	4.63888564705882	0.0192276288902166	-0.109610469595275
Prostate	UBERON:0002367	ENSG00000101096.20	NFATC2	5.51163734042553	0.0228450807849411	-0.124550755524893
Esophagus Mucosa	UBERON:0006920	ENSG00000101096.20	NFATC2	2.12579161237785	0.00881115322311334	-0.0601489271426928
Liver	UBERON:0001114	ENSG00000101096.20	NFATC2	1.87780450381679	0.00778327617337554	-0.0545250153299698
Pituitary	UBERON:0000007	ENSG00000101096.20	NFATC2	3.29956099041534	0.0136762875938893	-0.0846860279982954
Thyroid	UBERON:0002046	ENSG00000101096.20	NFATC2	8.00494134502924	0.0331795291327694	-0.163029699316439
Esophagus Muscularis	UBERON:0004648	ENSG00000101096.20	NFATC2	6.22203891265597	0.0257896107503508	-0.136093482981954
Brain Spinal cord cervical c-1	UBERON:0006469	ENSG00000101096.20	NFATC2	2.56636980392157	0.0106372973897617	-0.0697245542062924
Brain Putamen basal ganglia	UBERON:0001874	ENSG00000101096.20	NFATC2	2.00587838582677	0.00831412717104533	-0.0574524434483222
Adipose Visceral Omentum	UBERON:0010414	ENSG00000101096.20	NFATC2	8.34945885860307	0.0346075132223055	-0.167942333490955
Nerve Tibial	UBERON:0001323	ENSG00000101096.20	NFATC2	7.58986841791045	0.031459101251544	-0.156992829891684
Ovary	UBERON:0000992	ENSG00000101096.20	NFATC2	4.83379300518135	0.0200354966919005	-0.113026205699844
Cervix Ectocervix	UBERON:0012249	ENSG00000101096.20	NFATC2	4.16642583333333	0.0172693391941526	-0.101123090522518
Testis	UBERON:0000473	ENSG00000101096.20	NFATC2	2.63850246376812	0.0109362786796482	-0.0712469495914624
Skin Sun Exposed Lower leg	UBERON:0004264	ENSG00000101096.20	NFATC2	6.27740692307692	0.0260191045636847	-0.136971978657157
Adipose Subcutaneous	UBERON:0002190	ENSG00000101096.20	NFATC2	6.92231816526611	0.0286921849056854	-0.1469957545523
Small Intestine Terminal Ileum	UBERON:0001211	ENSG00000101096.20	NFATC2	12.0748592753623	0.0500488545552873	-0.216237033972222
Artery Coronary	UBERON:0001621	ENSG00000101096.20	NFATC2	6.16826067164179	0.0255667063419946	-0.135237390976619
Brain Cerebellum	UBERON:0002037	ENSG00000101096.20	NFATC2	0.475862368421053	0.00197239288030752	-0.0177236015818887
Esophagus Gastroesophageal Junction	UBERON:0004550	ENSG00000101096.20	NFATC2	6.06671674937965	0.0251458188699029	-0.133613255416974
Muscle Skeletal	UBERON:0011907	ENSG00000101096.20	NFATC2	2.24760244498778	0.00931604462644356	-0.0628466587486473
Brain Nucleus accumbens basal ganglia	UBERON:0001882	ENSG00000101096.20	NFATC2	1.54605322807018	0.00640820662020467	-0.0466893194788476
Bladder	UBERON:0001255	ENSG00000101096.20	NFATC2	5.7667148051948	0.0239023465172729	-0.128754864011659
Cervix Endocervix	UBERON:0000458	ENSG00000101096.20	NFATC2	6.72915304347826	0.0278915384662491	-0.144032704450756
Spleen	UBERON:0002106	ENSG00000101096.20	NFATC2	15.0086473646209	0.0622090570079103	-0.24925499155604
Brain Substantia nigra	UBERON:0002038	ENSG00000101096.20	NFATC2	1.76823338797814	0.00732911693929993	-0.0519791593321984
Brain Hypothalamus	UBERON:0001898	ENSG00000101096.20	NFATC2	1.52709295719844	0.00632961855407918	-0.0462294180823259
Brain Caudate basal ganglia	UBERON:0001873	ENSG00000101096.20	NFATC2	2.52788143333333	0.0104777676745318	-0.0689072990800909
Breast Mammary Tissue	UBERON:0008367	ENSG00000101096.20	NFATC2	10.0372419649805	0.0416031733195055	-0.190840521289478
Minor Salivary Gland	UBERON:0006330	ENSG00000101096.20	NFATC2	5.64771419889503	0.0234091031675271	-0.126802114617644
Heart Atrial Appendage	UBERON:0006631	ENSG00000101096.20	NFATC2	3.1854851626898	0.0132034568651902	-0.0824283954888425
Adrenal Gland	UBERON:0002369	ENSG00000101096.20	NFATC2	1.42958186440678	0.00592544668015806	-0.0438415526242695
Colon Transverse	UBERON:0001157	ENSG00000101096.20	NFATC2	6.62026260960334	0.0274402005778988	-0.142347828574002
Stomach	UBERON:0000945	ENSG00000101096.20	NFATC2	6.23855909090909	0.0258580849229902	-0.136355907344513
Artery Tibial	UBERON:0007610	ENSG00000101096.20	NFATC2	5.3152384804631	0.0220310308856483	-0.121265825989869
Brain Cerebellar Hemisphere	UBERON:0002037	ENSG00000101096.20	NFATC2	0.389626245487365	0.00161495441450887	-0.014977556937172
Artery Aorta	UBERON:0001496	ENSG00000101096.20	NFATC2	5.55133144067797	0.0230096081061241	-0.125209538545655
Heart Left Ventricle	UBERON:0006566	ENSG00000101096.20	NFATC2	0.904319181415929	0.00374829537554873	-0.030209572640929
Brain Anterior cingulate cortex BA24	UBERON:0009835	ENSG00000101096.20	NFATC2	0.736203776824034	0.00305147703249019	-0.0254989859783798
Cells EBV-transformed lymphocytes	EFO:0000572	ENSG00000101096.20	NFATC2	6.36580639143731	0.0263855098387972	-0.138368524687845
Colon Sigmoid	UBERON:0001159	ENSG00000101096.20	NFATC2	8.24599167064439	0.0341786540428073	-0.16647604164529
Fallopian Tube	UBERON:0003889	ENSG00000101096.20	NFATC2	5.88465448275862	0.0243911924436791	-0.130675713489306
Cells Cultured fibroblasts	EFO:0002009	ENSG00000101096.20	NFATC2	0.192364877300613	0.000797329521281332	-0.00820654303558028
Brain Hippocampus	UBERON:0001954	ENSG00000101096.20	NFATC2	1.36464949019608	0.0056563097172593	-0.0422295737524361
Pancreas	UBERON:0001150	ENSG00000101096.20	NFATC2	1.79075944751381	0.00742248477503984	-0.0525057818588259
Lung	UBERON:0008952	ENSG00000101096.20	NFATC2	6.37749842715232	0.0264339719352582	-0.138552685074352
Brain Amygdala	UBERON:0001876	ENSG00000243646.10	IL10RB	0.32977182320442	0.00712246222216065	-0.0508074305636808
Brain Cortex	UBERON:0001870	ENSG00000243646.10	IL10RB	0.347783148148148	0.00751147357017761	-0.0530061278623123
Kidney Medulla	UBERON:0001293	ENSG00000243646.10	IL10RB	0.568423636363636	0.0122769005454827	-0.0779326573992701
Uterus	UBERON:0000995	ENSG00000243646.10	IL10RB	1.0028422875817	0.0216595409476757	-0.119752429274775
Skin Not Sun Exposed Suprapubic	UBERON:0036149	ENSG00000243646.10	IL10RB	0.814287634408602	0.0175871087398897	-0.102521198852954
Whole Blood	UBERON:0013756	ENSG00000243646.10	IL10RB	4.15469732254047	0.0897337875527441	-0.312112498029656
Kidney Cortex	UBERON:0001225	ENSG00000243646.10	IL10RB	0.476251826923077	0.0102861597226028	-0.0679210733545381
Brain Frontal Cortex BA9	UBERON:0009834	ENSG00000243646.10	IL10RB	0.389888550185874	0.00842087247651379	-0.0580350916065562
Vagina	UBERON:0000996	ENSG00000243646.10	IL10RB	1.058193	0.0228550140913125	-0.124590577792536
Prostate	UBERON:0002367	ENSG00000243646.10	IL10RB	0.790830319148936	0.0170804740609569	-0.100288143045945
Esophagus Mucosa	UBERON:0006920	ENSG00000243646.10	IL10RB	0.868216009771987	0.018751862030501	-0.107576100819982
Liver	UBERON:0001114	ENSG00000243646.10	IL10RB	0.378920763358779	0.00818398854089546	-0.0567394301805737
Pituitary	UBERON:0000007	ENSG00000243646.10	IL10RB	0.55691840255591	0.0120284087478623	-0.0767100989290406
Thyroid	UBERON:0002046	ENSG00000243646.10	IL10RB	0.828435657894737	0.0178926799127664	-0.103857822645383
Esophagus Muscularis	UBERON:0004648	ENSG00000243646.10	IL10RB	0.616616096256684	0.0133177686573968	-0.0829764082980999
Brain Spinal cord cervical c-1	UBERON:0006469	ENSG00000243646.10	IL10RB	0.791323970588235	0.017091136020166	-0.100335358071046
Brain Putamen basal ganglia	UBERON:0001874	ENSG00000243646.10	IL10RB	0.385671062992126	0.00832978254372928	-0.0575380183297666
Adipose Visceral Omentum	UBERON:0010414	ENSG00000243646.10	IL10RB	1.0343069846678	0.0223391202827136	-0.122514075837801
Nerve Tibial	UBERON:0001323	ENSG00000243646.10	IL10RB	1.74689331343284	0.0377296686847551	-0.178391787980161
Ovary	UBERON:0000992	ENSG00000243646.10	IL10RB	0.986933886010363	0.0213159488599534	-0.118344504883525
Cervix Ectocervix	UBERON:0012249	ENSG00000243646.10	IL10RB	0.9622225	0.0207822285693422	-0.116141605327563
Testis	UBERON:0000473	ENSG00000243646.10	IL10RB	0.857095676328502	0.0185116833697548	-0.106542514483766
Skin Sun Exposed Lower leg	UBERON:0004264	ENSG00000243646.10	IL10RB	0.97826974801061	0.0211288194836738	-0.117574359136969
Adipose Subcutaneous	UBERON:0002190	ENSG00000243646.10	IL10RB	1.22153991596639	0.026383005739513	-0.138359005395108
Small Intestine Terminal Ileum	UBERON:0001211	ENSG00000243646.10	IL10RB	1.30588893719807	0.0282047887874433	-0.145195885068062
Artery Coronary	UBERON:0001621	ENSG00000243646.10	IL10RB	1.05383298507463	0.0227608458228041	-0.124212809856089
Brain Cerebellum	UBERON:0002037	ENSG00000243646.10	IL10RB	0.353927030075188	0.00764417007073834	-0.0537494040165737
Esophagus Gastroesophageal Junction	UBERON:0004550	ENSG00000243646.10	IL10RB	0.66679158808933	0.0144014665961222	-0.0881029946092925
Muscle Skeletal	UBERON:0011907	ENSG00000243646.10	IL10RB	0.253242958435208	0.00546958010831894	-0.0411003622645742
Brain Nucleus accumbens basal ganglia	UBERON:0001882	ENSG00000243646.10	IL10RB	0.420989263157895	0.00909259042704399	-0.0616577005339373
Bladder	UBERON:0001255	ENSG00000243646.10	IL10RB	0.897979220779221	0.0193946924092438	-0.110320778699888
Cervix Endocervix	UBERON:0000458	ENSG00000243646.10	IL10RB	1.03598739130435	0.0223754139619927	-0.122660717453195
Spleen	UBERON:0002106	ENSG00000243646.10	IL10RB	1.85162173285199	0.0399916090884297	-0.185727385661072
Brain Substantia nigra	UBERON:0002038	ENSG00000243646.10	IL10RB	0.437583661202186	0.0094509987714	-0.0635609672862074
Brain Hypothalamus	UBERON:0001898	ENSG00000243646.10	IL10RB	0.324209688715953	0.00700233039166122	-0.0501223248782602
Brain Caudate basal ganglia	UBERON:0001873	ENSG00000243646.10	IL10RB	0.376562766666667	0.00813306016806981	-0.0564595898053775
Breast Mammary Tissue	UBERON:0008367	ENSG00000243646.10	IL10RB	1.03004418287938	0.0222470516383899	-0.122141698144393
Minor Salivary Gland	UBERON:0006330	ENSG00000243646.10	IL10RB	0.893479613259669	0.0192975091985585	-0.10990783559081
Heart Atrial Appendage	UBERON:0006631	ENSG00000243646.10	IL10RB	0.31586967462039	0.00682220149298599	-0.0490894709352827
Adrenal Gland	UBERON:0002369	ENSG00000243646.10	IL10RB	0.482665661016949	0.0104246866913078	-0.0686345960412197
Colon Transverse	UBERON:0001157	ENSG00000243646.10	IL10RB	1.04087279749478	0.0224809297113165	-0.123086563237691
Stomach	UBERON:0000945	ENSG00000243646.10	IL10RB	0.900548771498771	0.0194501899582766	-0.110556279058241
Artery Tibial	UBERON:0007610	ENSG00000243646.10	IL10RB	0.934995528219971	0.020194176272931	-0.113691534089458
Brain Cerebellar Hemisphere	UBERON:0002037	ENSG00000243646.10	IL10RB	0.329855740072202	0.00712427467149235	-0.0508177443603129
Artery Aorta	UBERON:0001496	ENSG00000243646.10	IL10RB	0.995128877118644	0.0214929455299918	-0.119070767298784
Heart Left Ventricle	UBERON:0006566	ENSG00000243646.10	IL10RB	0.156108938053097	0.00337166469536594	-0.0276892002478999
Brain Anterior cingulate cortex BA24	UBERON:0009835	ENSG00000243646.10	IL10RB	0.322556566523605	0.00696662600597659	-0.0499181336931769
Cells EBV-transformed lymphocytes	EFO:0000572	ENSG00000243646.10	IL10RB	1.84750819571865	0.0399027642849322	-0.185442809754672
Colon Sigmoid	UBERON:0001159	ENSG00000243646.10	IL10RB	0.730534701670644	0.015778200102321	-0.0944470995758548
Fallopian Tube	UBERON:0003889	ENSG00000243646.10	IL10RB	1.07761206896552	0.023274430109796	-0.126266351607427
Cells Cultured fibroblasts	EFO:0002009	ENSG00000243646.10	IL10RB	1.77786093558282	0.0383985121193766	-0.180580744732995
Brain Hippocampus	UBERON:0001954	ENSG00000243646.10	IL10RB	0.35108737254902	0.0075828387136276	-0.0534062837468564
Pancreas	UBERON:0001150	ENSG00000243646.10	IL10RB	0.464975801104972	0.010042618394162	-0.0666600961990888
Lung	UBERON:0008952	ENSG00000243646.10	IL10RB	1.52359966887417	0.0329069384333844	-0.162081953149733
Brain Amygdala	UBERON:0001876	ENSG00000159128.15	IFNGR2	21.5624283425414	0.00781120792456698	-0.0546803193886347
Brain Cortex	UBERON:0001870	ENSG00000159128.15	IFNGR2	26.392744	0.00956103866451476	-0.0641413458589208
Kidney Medulla	UBERON:0001293	ENSG00000159128.15	IFNGR2	42.1650909090909	0.0152747309819168	-0.0921480104002385
Uterus	UBERON:0000995	ENSG00000159128.15	IFNGR2	52.8106901960784	0.0191312070796586	-0.109199558048044
Skin Not Sun Exposed Suprapubic	UBERON:0036149	ENSG00000159128.15	IFNGR2	57.917733640553	0.0209812852615247	-0.116965485750891
Whole Blood	UBERON:0013756	ENSG00000159128.15	IFNGR2	182.227622166874	0.0660138006597598	-0.258845956456631
Kidney Cortex	UBERON:0001225	ENSG00000159128.15	IFNGR2	35.4071964423077	0.0128266153071076	-0.08061163018964
Brain Frontal Cortex BA9	UBERON:0009834	ENSG00000159128.15	IFNGR2	30.2051328996283	0.010942115132862	-0.0712765500647252
Vagina	UBERON:0000996	ENSG00000159128.15	IFNGR2	77.9918658823529	0.0282533428588868	-0.145375728374687
Prostate	UBERON:0002367	ENSG00000159128.15	IFNGR2	63.8659216312057	0.0231360765694097	-0.125714775910175
Esophagus Mucosa	UBERON:0006920	ENSG00000159128.15	IFNGR2	64.4194558631922	0.0233365999478865	-0.126513818037519
Liver	UBERON:0001114	ENSG00000159128.15	IFNGR2	19.9022247709924	0.007209782375994	-0.051303575426356
Pituitary	UBERON:0000007	ENSG00000159128.15	IFNGR2	49.1264987220447	0.0177965714263627	-0.10343824439675
Thyroid	UBERON:0002046	ENSG00000159128.15	IFNGR2	80.2303764619883	0.0290642659748318	-0.148361734494058
Esophagus Muscularis	UBERON:0004648	ENSG00000159128.15	IFNGR2	38.4829891265597	0.0139408523405198	-0.0859389059174224
Brain Spinal cord cervical c-1	UBERON:0006469	ENSG00000159128.15	IFNGR2	28.3079512254902	0.0102548418679054	-0.0677593900698254
Brain Putamen basal ganglia	UBERON:0001874	ENSG00000159128.15	IFNGR2	20.4094872440945	0.00739354334144674	-0.0523427257257365
Adipose Visceral Omentum	UBERON:0010414	ENSG00000159128.15	IFNGR2	79.8447681431005	0.0289245754581411	-0.147849714658107
Nerve Tibial	UBERON:0001323	ENSG00000159128.15	IFNGR2	138.249705223881	0.0500823550974196	-0.216333426467901
Ovary	UBERON:0000992	ENSG00000159128.15	IFNGR2	55.3731715025907	0.0200594918706852	-0.113126931205036
Cervix Ectocervix	UBERON:0012249	ENSG00000159128.15	IFNGR2	67.9233791666667	0.0246059316317014	-0.131515014883465
Testis	UBERON:0000473	ENSG00000159128.15	IFNGR2	45.4811801932367	0.0164760178909514	-0.0975955040163932
Skin Sun Exposed Lower leg	UBERON:0004264	ENSG00000159128.15	IFNGR2	60.3030515915119	0.0218453908337335	-0.120510694315923
Adipose Subcutaneous	UBERON:0002190	ENSG00000159128.15	IFNGR2	86.4039890756302	0.0313007196341696	-0.156430365857359
Small Intestine Terminal Ileum	UBERON:0001211	ENSG00000159128.15	IFNGR2	56.2989236714976	0.0203948549644461	-0.114530386496304
Artery Coronary	UBERON:0001621	ENSG00000159128.15	IFNGR2	67.6802302238806	0.0245178484659944	-0.131171072992971
Brain Cerebellum	UBERON:0002037	ENSG00000159128.15	IFNGR2	16.5531187969925	0.00599653483686089	-0.0442643526818829
Esophagus Gastroesophageal Junction	UBERON:0004550	ENSG00000159128.15	IFNGR2	40.5861228287841	0.0147027338123217	-0.0895068876449423
Muscle Skeletal	UBERON:0011907	ENSG00000159128.15	IFNGR2	15.7855106968215	0.00571846103275286	-0.0426034344784126
Brain Nucleus accumbens basal ganglia	UBERON:0001882	ENSG00000159128.15	IFNGR2	26.5889600350877	0.00963211990934749	-0.0645152738861644
Bladder	UBERON:0001255	ENSG00000159128.15	IFNGR2	55.0998441558442	0.0199604762726742	-0.112711021868893
Cervix Endocervix	UBERON:0000458	ENSG00000159128.15	IFNGR2	66.9096782608696	0.0242387082177744	-0.130078079033089
Spleen	UBERON:0002106	ENSG00000159128.15	IFNGR2	95.3205693140794	0.0345308410802406	-0.167680753046799
Brain Substantia nigra	UBERON:0002038	ENSG00000159128.15	IFNGR2	18.2639566666667	0.00661630317245612	-0.0479004400519337
Brain Hypothalamus	UBERON:0001898	ENSG00000159128.15	IFNGR2	23.5969727237354	0.00854824222055632	-0.0587277618234111
Brain Caudate basal ganglia	UBERON:0001873	ENSG00000159128.15	IFNGR2	24.1144898333333	0.00873571803187831	-0.0597423350991729
Breast Mammary Tissue	UBERON:0008367	ENSG00000159128.15	IFNGR2	78.0355645914397	0.028269173158577	-0.145434337454908
Minor Salivary Gland	UBERON:0006330	ENSG00000159128.15	IFNGR2	68.7225077348066	0.0248954240443851	-0.132642211877576
Heart Atrial Appendage	UBERON:0006631	ENSG00000159128.15	IFNGR2	28.2175321041215	0.0102220866259564	-0.0675901384140937
Adrenal Gland	UBERON:0002369	ENSG00000159128.15	IFNGR2	38.1103854237288	0.01380587287763	-0.0853006083747076
Colon Transverse	UBERON:0001157	ENSG00000159128.15	IFNGR2	47.1351964509395	0.0170752020224548	-0.100264792998653
Stomach	UBERON:0000945	ENSG00000159128.15	IFNGR2	32.5689552088452	0.0117984336912683	-0.0755720453360533
Artery Tibial	UBERON:0007610	ENSG00000159128.15	IFNGR2	45.9824642547033	0.0166576131162749	-0.0984077562258278
Brain Cerebellar Hemisphere	UBERON:0002037	ENSG00000159128.15	IFNGR2	18.2317584476534	0.00660463904170435	-0.0478328074987295
Artery Aorta	UBERON:0001496	ENSG00000159128.15	IFNGR2	59.8538404661017	0.0216826595565848	-0.119846877781046
Heart Left Ventricle	UBERON:0006566	ENSG00000159128.15	IFNGR2	16.4529624557522	0.00596025218845212	-0.0440487127986448
Brain Anterior cingulate cortex BA24	UBERON:0009835	ENSG00000159128.15	IFNGR2	23.4991672532189	0.00851281119886303	-0.058535355238254
Cells EBV-transformed lymphocytes	EFO:0000572	ENSG00000159128.15	IFNGR2	85.9150737003058	0.0311236050905984	-0.155800005495403
Colon Sigmoid	UBERON:0001159	ENSG00000159128.15	IFNGR2	41.8690047732697	0.0151674707821962	-0.0916551399760571
Fallopian Tube	UBERON:0003889	ENSG00000159128.15	IFNGR2	52.5065551724138	0.0190210310888449	-0.108729173173056
Cells Cultured fibroblasts	EFO:0002009	ENSG00000159128.15	IFNGR2	68.9489728527607	0.024977463325671	-0.132960762700849
Brain Hippocampus	UBERON:0001954	ENSG00000159128.15	IFNGR2	21.5179602745098	0.00779509891681141	-0.0545907688952586
Pancreas	UBERON:0001150	ENSG00000159128.15	IFNGR2	14.8269793093923	0.00537122333528715	-0.0405018898969974
Lung	UBERON:0008952	ENSG00000159128.15	IFNGR2	86.2494541390729	0.0312447377891806	-0.156231280072129
Brain Amygdala	UBERON:0001876	ENSG00000160224.17	AIRE	0.677869005524862	0.0201348365506068	-0.113442939604838
Brain Cortex	UBERON:0001870	ENSG00000160224.17	AIRE	1.74361577777778	0.0517908598954627	-0.221206980668682
Kidney Medulla	UBERON:0001293	ENSG00000160224.17	AIRE	1.37879727272727	0.0409546055307405	-0.188793789330635
Uterus	UBERON:0000995	ENSG00000160224.17	AIRE	0.347449673202614	0.0103203455571473	-0.0680974060071396
Skin Not Sun Exposed Suprapubic	UBERON:0036149	ENSG00000160224.17	AIRE	1.02126225806452	0.0303346936854137	-0.152974445977166
Whole Blood	UBERON:0013756	ENSG00000160224.17	AIRE	0.122647322540473	0.0036430103347326	-0.0295107633141834
Kidney Cortex	UBERON:0001225	ENSG00000160224.17	AIRE	0.524043173076923	0.0155657266365134	-0.0934797108038359
Brain Frontal Cortex BA9	UBERON:0009834	ENSG00000160224.17	AIRE	1.61557602230483	0.0479876773817095	-0.210243237932659
Vagina	UBERON:0000996	ENSG00000160224.17	AIRE	0.404652941176471	0.0120194621142207	-0.0766659450373329
Prostate	UBERON:0002367	ENSG00000160224.17	AIRE	0.489743758865248	0.0145469264062257	-0.0887819550313162
Esophagus Mucosa	UBERON:0006920	ENSG00000160224.17	AIRE	0.116772361563518	0.00346850555866514	-0.0283427894226915
Liver	UBERON:0001114	ENSG00000160224.17	AIRE	0.0232271755725191	0.000689919999104851	-0.00724504536370652
Pituitary	UBERON:0000007	ENSG00000160224.17	AIRE	0.607888434504792	0.0180561939991359	-0.104569962390092
Thyroid	UBERON:0002046	ENSG00000160224.17	AIRE	0.356191315789474	0.0105799997723949	-0.0694314240640778
Esophagus Muscularis	UBERON:0004648	ENSG00000160224.17	AIRE	0.0818205704099822	0.00243032768610924	-0.0211065050836079
Brain Spinal cord cervical c-1	UBERON:0006469	ENSG00000160224.17	AIRE	0.968535735294118	0.0287685505084708	-0.147276671922094
Brain Putamen basal ganglia	UBERON:0001874	ENSG00000160224.17	AIRE	0.803866141732283	0.0238773468626348	-0.12865624628355
Adipose Visceral Omentum	UBERON:0010414	ENSG00000160224.17	AIRE	0.297112385008518	0.00882517014430461	-0.0602243747834178
Nerve Tibial	UBERON:0001323	ENSG00000160224.17	AIRE	0.942242925373134	0.0279875715495563	-0.144389837353031
Ovary	UBERON:0000992	ENSG00000160224.17	AIRE	0.0381651295336788	0.00113362410558713	-0.0110923326962171
Cervix Ectocervix	UBERON:0012249	ENSG00000160224.17	AIRE	0.784097083333333	0.0232901437948178	-0.126328922376073
Testis	UBERON:0000473	ENSG00000160224.17	AIRE	0.623379830917874	0.0185163370830885	-0.106562583826019
Skin Sun Exposed Lower leg	UBERON:0004264	ENSG00000160224.17	AIRE	0.739681564986737	0.0219708635283794	-0.121021330159887
Adipose Subcutaneous	UBERON:0002190	ENSG00000160224.17	AIRE	0.319638669467787	0.0094942714780183	-0.0637894179543862
Small Intestine Terminal Ileum	UBERON:0001211	ENSG00000160224.17	AIRE	1.24487975845411	0.0369768351367896	-0.175907473618495
Artery Coronary	UBERON:0001621	ENSG00000160224.17	AIRE	0.245651492537313	0.00729662015867165	-0.0517954663076427
Brain Cerebellum	UBERON:0002037	ENSG00000160224.17	AIRE	0.198568834586466	0.00589811747676423	-0.0436786843066363
Esophagus Gastroesophageal Junction	UBERON:0004550	ENSG00000160224.17	AIRE	0.0993854342431762	0.00295205925877672	-0.0248092908177387
Muscle Skeletal	UBERON:0011907	ENSG00000160224.17	AIRE	0.0447398166259169	0.00132891294295048	-0.0126984777102535
Brain Nucleus accumbens basal ganglia	UBERON:0001882	ENSG00000160224.17	AIRE	1.41469778947368	0.0420209635304128	-0.192151232682775
Bladder	UBERON:0001255	ENSG00000160224.17	AIRE	0.16338038961039	0.00485291024308236	-0.0373040012689354
Cervix Endocervix	UBERON:0000458	ENSG00000160224.17	AIRE	1.38974391304348	0.0412797550976165	-0.189821724836928
Spleen	UBERON:0002106	ENSG00000160224.17	AIRE	0.211473176895307	0.00628141693589853	-0.0459466443534808
Brain Substantia nigra	UBERON:0002038	ENSG00000160224.17	AIRE	1.24629092896175	0.0370187513289813	-0.176046372226868
Brain Hypothalamus	UBERON:0001898	ENSG00000160224.17	AIRE	5.74894171206226	0.170761608464032	-0.435432613704582
Brain Caudate basal ganglia	UBERON:0001873	ENSG00000160224.17	AIRE	1.0333389	0.0306934078462166	-0.154262838102078
Breast Mammary Tissue	UBERON:0008367	ENSG00000160224.17	AIRE	0.284028754863813	0.00843654527385749	-0.0581204735239602
Minor Salivary Gland	UBERON:0006330	ENSG00000160224.17	AIRE	0.118312596685083	0.00351425537488251	-0.0286501962536152
Heart Atrial Appendage	UBERON:0006631	ENSG00000160224.17	AIRE	0.324869587852495	0.00964964616815346	-0.064607355520546
Adrenal Gland	UBERON:0002369	ENSG00000160224.17	AIRE	0.0757653220338983	0.00225046780856346	-0.0197941231902891
Colon Transverse	UBERON:0001157	ENSG00000160224.17	AIRE	0.351308016701461	0.0104349504661669	-0.0686873564333806
Stomach	UBERON:0000945	ENSG00000160224.17	AIRE	0.160030663390663	0.00475341286324383	-0.0366812341636893
Artery Tibial	UBERON:0007610	ENSG00000160224.17	AIRE	0.084926975397974	0.00252259766184706	-0.0217722229772483
Brain Cerebellar Hemisphere	UBERON:0002037	ENSG00000160224.17	AIRE	0.116292166064982	0.0034542422455522	-0.0282467724292166
Artery Aorta	UBERON:0001496	ENSG00000160224.17	AIRE	0.109178601694915	0.00324294706209325	-0.0268142390689147
Heart Left Ventricle	UBERON:0006566	ENSG00000160224.17	AIRE	0.116587057522124	0.00346300144716981	-0.0283057471907469
Brain Anterior cingulate cortex BA24	UBERON:0009835	ENSG00000160224.17	AIRE	2.1341669527897	0.0633914553046358	-0.252270594378468
Cells EBV-transformed lymphocytes	EFO:0000572	ENSG00000160224.17	AIRE	0.0621507339449541	0.00184607182107842	-0.0167647792933786
Colon Sigmoid	UBERON:0001159	ENSG00000160224.17	AIRE	0.267133245823389	0.00793469563890502	-0.0553652068746355
Fallopian Tube	UBERON:0003889	ENSG00000160224.17	AIRE	0.14979275862069	0.00444931496603361	-0.0347589430693031
Cells Cultured fibroblasts	EFO:0002009	ENSG00000160224.17	AIRE	0.0369978374233129	0.001098951867061	-0.0108023189077504
Brain Hippocampus	UBERON:0001954	ENSG00000160224.17	AIRE	1.08823466666667	0.0323239843737534	-0.160044164764418
Pancreas	UBERON:0001150	ENSG00000160224.17	AIRE	0.0258481767955801	0.000767771959874783	-0.0079441629628532
Lung	UBERON:0008952	ENSG00000160224.17	AIRE	0.0914839072847682	0.00271735911389463	-0.0231616252048692
Brain Amygdala	UBERON:0001876	ENSG00000160255.18	ITGB2	6.71374270718232	0.00367210315574627	-0.0297042949505117
Brain Cortex	UBERON:0001870	ENSG00000160255.18	ITGB2	3.5376252962963	0.00193491552788883	-0.0174403876195205
Kidney Medulla	UBERON:0001293	ENSG00000160255.18	ITGB2	5.17333181818182	0.00282957046818985	-0.023952883372684
Uterus	UBERON:0000995	ENSG00000160255.18	ITGB2	10.8228221568627	0.0059195773698298	-0.0438065898464911
Skin Not Sun Exposed Suprapubic	UBERON:0036149	ENSG00000160255.18	ITGB2	8.55662291858679	0.00468007241151193	-0.0362202664768353
Whole Blood	UBERON:0013756	ENSG00000160255.18	ITGB2	662.103270734745	0.362139512331025	-0.530672903878645
Kidney Cortex	UBERON:0001225	ENSG00000160255.18	ITGB2	9.98114990384615	0.00545922202539578	-0.0410374573568041
Brain Frontal Cortex BA9	UBERON:0009834	ENSG00000160255.18	ITGB2	4.82181182156134	0.00263730547603918	-0.0225930565077221
Vagina	UBERON:0000996	ENSG00000160255.18	ITGB2	10.3427001764706	0.00565697310925022	-0.0422335694576116
Prostate	UBERON:0002367	ENSG00000160255.18	ITGB2	12.5720204609929	0.00687630700526115	-0.0494004232180488
Esophagus Mucosa	UBERON:0006920	ENSG00000160255.18	ITGB2	8.65706488599348	0.0047350094684666	-0.0365657174915666
Liver	UBERON:0001114	ENSG00000160255.18	ITGB2	7.59656549618321	0.00415496591811975	-0.0328697178308453
Pituitary	UBERON:0000007	ENSG00000160255.18	ITGB2	8.38714019169329	0.00458737328921695	-0.0356352477347498
Thyroid	UBERON:0002046	ENSG00000160255.18	ITGB2	14.3440269298246	0.00784551163969529	-0.054870855269395
Esophagus Muscularis	UBERON:0004648	ENSG00000160255.18	ITGB2	12.8882050445633	0.00704924517965454	-0.0503902285813068
Brain Spinal cord cervical c-1	UBERON:0006469	ENSG00000160255.18	ITGB2	28.5252029901961	0.0156019514728415	-0.0936449362957074
Brain Putamen basal ganglia	UBERON:0001874	ENSG00000160255.18	ITGB2	6.39911720472441	0.00350001772577917	-0.0285546218106745
Adipose Visceral Omentum	UBERON:0010414	ENSG00000160255.18	ITGB2	47.1119317035775	0.0257680224916775	-0.136010692546348
Nerve Tibial	UBERON:0001323	ENSG00000160255.18	ITGB2	25.3702092537313	0.0138763175066131	-0.0856339667722838
Ovary	UBERON:0000992	ENSG00000160255.18	ITGB2	9.04599637305699	0.00494773679557837	-0.037894792952014
Cervix Ectocervix	UBERON:0012249	ENSG00000160255.18	ITGB2	12.4113479166667	0.00678842664064262	-0.0488950483964426
Testis	UBERON:0000473	ENSG00000160255.18	ITGB2	3.16675637681159	0.00173206758017837	-0.0158887565909878
Skin Sun Exposed Lower leg	UBERON:0004264	ENSG00000160255.18	ITGB2	10.0393433687003	0.00549105112806693	-0.0412306662587793
Adipose Subcutaneous	UBERON:0002190	ENSG00000160255.18	ITGB2	52.8013240056022	0.0288798539004375	-0.147685587379998
Small Intestine Terminal Ileum	UBERON:0001211	ENSG00000160255.18	ITGB2	40.4025522222222	0.0220983058163234	-0.121538923434171
Artery Coronary	UBERON:0001621	ENSG00000160255.18	ITGB2	53.2221106343284	0.0291100044996834	-0.148529173174891
Brain Cerebellum	UBERON:0002037	ENSG00000160255.18	ITGB2	1.60365560150376	0.000877124586367057	-0.00890713930438655
Esophagus Gastroesophageal Junction	UBERON:0004550	ENSG00000160255.18	ITGB2	11.8078825558313	0.00645835932162895	-0.0469820877666469
Muscle Skeletal	UBERON:0011907	ENSG00000160255.18	ITGB2	1.91490253056235	0.00104736209475261	-0.0103678624986347
Brain Nucleus accumbens basal ganglia	UBERON:0001882	ENSG00000160255.18	ITGB2	6.15076249122807	0.00336417931686923	-0.027638515022386
Bladder	UBERON:0001255	ENSG00000160255.18	ITGB2	21.5018645454545	0.0117605139332082	-0.0753837780344945
Cervix Endocervix	UBERON:0000458	ENSG00000160255.18	ITGB2	14.0041847826087	0.00765963388481619	-0.0538358045380149
Spleen	UBERON:0002106	ENSG00000160255.18	ITGB2	210.759229602888	0.115275438139664	-0.35929543618063
Brain Substantia nigra	UBERON:0002038	ENSG00000160255.18	ITGB2	13.3276892896175	0.00728962250025663	-0.0517558836826145
Brain Hypothalamus	UBERON:0001898	ENSG00000160255.18	ITGB2	8.49200544747082	0.00464472967796519	-0.0359975358775828
Brain Caudate basal ganglia	UBERON:0001873	ENSG00000160255.18	ITGB2	8.17123073333333	0.00446928091690264	-0.0348860517802991
Breast Mammary Tissue	UBERON:0008367	ENSG00000160255.18	ITGB2	21.8225958560311	0.0119359389545536	-0.0762532727155465
Minor Salivary Gland	UBERON:0006330	ENSG00000160255.18	ITGB2	19.0153733701657	0.0104005195917888	-0.0685103087402103
Heart Atrial Appendage	UBERON:0006631	ENSG00000160255.18	ITGB2	7.86179527114967	0.00430003419614749	-0.0338044442832575
Adrenal Gland	UBERON:0002369	ENSG00000160255.18	ITGB2	18.9239077627119	0.0103504921837658	-0.0682527686009586
Colon Transverse	UBERON:0001157	ENSG00000160255.18	ITGB2	17.4718835699374	0.00955630288383884	-0.0641164059154284
Stomach	UBERON:0000945	ENSG00000160255.18	ITGB2	12.0791405896806	0.00660672477523116	-0.047844903463681
Artery Tibial	UBERON:0007610	ENSG00000160255.18	ITGB2	17.4691550940666	0.00955481053519033	-0.064108546089202
Brain Cerebellar Hemisphere	UBERON:0002037	ENSG00000160255.18	ITGB2	2.44669657039711	0.00133822855434976	-0.0127740068039762
Artery Aorta	UBERON:0001496	ENSG00000160255.18	ITGB2	40.7741291737288	0.0223015410244242	-0.122362150302662
Heart Left Ventricle	UBERON:0006566	ENSG00000160255.18	ITGB2	4.26261199115044	0.00233144933118754	-0.0203874920550054
Brain Anterior cingulate cortex BA24	UBERON:0009835	ENSG00000160255.18	ITGB2	4.58121824034335	0.00250571204337788	-0.0216507644121631
Cells EBV-transformed lymphocytes	EFO:0000572	ENSG00000160255.18	ITGB2	127.09511529052	0.0695150818691599	-0.2673918599172
Colon Sigmoid	UBERON:0001159	ENSG00000160255.18	ITGB2	14.7043257040573	0.0080425782124813	-0.0559612743671653
Fallopian Tube	UBERON:0003889	ENSG00000160255.18	ITGB2	24.08314	0.0131723508408613	-0.0822790260332336
Cells Cultured fibroblasts	EFO:0002009	ENSG00000160255.18	ITGB2	3.71054489263804	0.00202949445697671	-0.0181531457740424
Brain Hippocampus	UBERON:0001954	ENSG00000160255.18	ITGB2	6.90246905882353	0.00377532764045772	-0.0303883009149109
Pancreas	UBERON:0001150	ENSG00000160255.18	ITGB2	4.80983585635359	0.00263075518337077	-0.0225463803165616
Lung	UBERON:0008952	ENSG00000160255.18	ITGB2	107.56860339404	0.0588349934172932	-0.240469308682941
Brain Amygdala	UBERON:0001876	ENSG00000100292.18	HMOX1	11.1353220994475	0.00296317199899868	-0.0248866205488282
Brain Cortex	UBERON:0001870	ENSG00000100292.18	HMOX1	8.15610633333333	0.00217038588484012	-0.0192032112349842
Kidney Medulla	UBERON:0001293	ENSG00000100292.18	HMOX1	62.8252781818182	0.0167181607747927	-0.0986779417147049
Uterus	UBERON:0000995	ENSG00000100292.18	HMOX1	20.9696116993464	0.00558013191378283	-0.0417699940568899
Skin Not Sun Exposed Suprapubic	UBERON:0036149	ENSG00000100292.18	HMOX1	80.1707471428572	0.0213338878705901	-0.118418209478856
Whole Blood	UBERON:0013756	ENSG00000100292.18	HMOX1	188.209082303861	0.0500834980487639	-0.216336714558653
Kidney Cortex	UBERON:0001225	ENSG00000100292.18	HMOX1	91.6429290384615	0.0243867001607852	-0.130658126499518
Brain Frontal Cortex BA9	UBERON:0009834	ENSG00000100292.18	HMOX1	10.9039041263941	0.00290159037148104	-0.0244573323691414
Vagina	UBERON:0000996	ENSG00000100292.18	HMOX1	48.9569991176471	0.0130277335172561	-0.0815831857502379
Prostate	UBERON:0002367	ENSG00000100292.18	HMOX1	12.9035758510638	0.00343371429289189	-0.0281084342413444
Esophagus Mucosa	UBERON:0006920	ENSG00000100292.18	HMOX1	53.8557251140065	0.0143313121271554	-0.0877747793773681
Liver	UBERON:0001114	ENSG00000100292.18	HMOX1	73.7348395801527	0.0196212565782366	-0.111280754933396
Pituitary	UBERON:0000007	ENSG00000100292.18	HMOX1	18.933722428115	0.00503837029901338	-0.0384570094925644
Thyroid	UBERON:0002046	ENSG00000100292.18	HMOX1	25.1154278362573	0.00668335696467748	-0.0482886666150281
Esophagus Muscularis	UBERON:0004648	ENSG00000100292.18	HMOX1	24.4919997326203	0.0065174592309983	-0.0473263648673279
Brain Spinal cord cervical c-1	UBERON:0006469	ENSG00000100292.18	HMOX1	35.6512412745098	0.00948699632850448	-0.0637510300108444
Brain Putamen basal ganglia	UBERON:0001874	ENSG00000100292.18	HMOX1	14.2824685433071	0.00380064541340989	-0.0305554402623716
Adipose Visceral Omentum	UBERON:0010414	ENSG00000100292.18	HMOX1	180.886016252129	0.0481347888800921	-0.210675199666966
Nerve Tibial	UBERON:0001323	ENSG00000100292.18	HMOX1	24.4669333731343	0.00651078893139831	-0.0472875469380312
Ovary	UBERON:0000992	ENSG00000100292.18	HMOX1	189.692698963731	0.0504782968075706	-0.217470242773948
Cervix Ectocervix	UBERON:0012249	ENSG00000100292.18	HMOX1	57.7556466666667	0.0153691032426641	-0.0925807606878057
Testis	UBERON:0000473	ENSG00000100292.18	HMOX1	32.5317874396135	0.00865689207348771	-0.0593164627532336
Skin Sun Exposed Lower leg	UBERON:0004264	ENSG00000100292.18	HMOX1	121.301671100796	0.0322790586592424	-0.159886495312319
Adipose Subcutaneous	UBERON:0002190	ENSG00000100292.18	HMOX1	66.9710707563025	0.0178213795555928	-0.103546620116945
Small Intestine Terminal Ileum	UBERON:0001211	ENSG00000100292.18	HMOX1	53.4759174879227	0.0142302431762471	-0.0873010601469507
Artery Coronary	UBERON:0001621	ENSG00000100292.18	HMOX1	45.5088883208955	0.0121101717915036	-0.0771131762675493
Brain Cerebellum	UBERON:0002037	ENSG00000100292.18	HMOX1	3.40743390977444	0.000906737376764625	-0.00916441971452635
Esophagus Gastroesophageal Junction	UBERON:0004550	ENSG00000100292.18	HMOX1	27.1637645657568	0.00722843091827911	-0.0514093363322283
Muscle Skeletal	UBERON:0011907	ENSG00000100292.18	HMOX1	80.6172226772616	0.0214526975278205	-0.118905804841336
Brain Nucleus accumbens basal ganglia	UBERON:0001882	ENSG00000100292.18	HMOX1	12.7809480701754	0.00340108234894068	-0.027888162213653
Bladder	UBERON:0001255	ENSG00000100292.18	HMOX1	43.5755922077922	0.0115957107946003	-0.0745634924919021
Cervix Endocervix	UBERON:0000458	ENSG00000100292.18	HMOX1	16.9507513043478	0.00451069050167178	-0.0351492669818178
Spleen	UBERON:0002106	ENSG00000100292.18	HMOX1	1059.92876209386	0.282053020174935	-0.515018014953985
Brain Substantia nigra	UBERON:0002038	ENSG00000100292.18	HMOX1	25.4685197814208	0.00677731672225218	-0.0488310420101044
Brain Hypothalamus	UBERON:0001898	ENSG00000100292.18	HMOX1	13.0051290272374	0.00346073816569587	-0.028290511825952
Brain Caudate basal ganglia	UBERON:0001873	ENSG00000100292.18	HMOX1	15.3803875	0.00409280783858156	-0.0324669895332141
Breast Mammary Tissue	UBERON:0008367	ENSG00000100292.18	HMOX1	33.8074946108949	0.00899636494504932	-0.0611432734435861
Minor Salivary Gland	UBERON:0006330	ENSG00000100292.18	HMOX1	21.6128958563536	0.00575131345522542	-0.0428006582835369
Heart Atrial Appendage	UBERON:0006631	ENSG00000100292.18	HMOX1	17.378969978308	0.00462464190539365	-0.0358707696015734
Adrenal Gland	UBERON:0002369	ENSG00000100292.18	HMOX1	66.5029334237288	0.017696805571726	-0.103001907137677
Colon Transverse	UBERON:0001157	ENSG00000100292.18	HMOX1	41.3366045929019	0.01099990356538	-0.0715693910137638
Stomach	UBERON:0000945	ENSG00000100292.18	HMOX1	27.8794733415233	0.00741888505915162	-0.0524855099259483
Artery Tibial	UBERON:0007610	ENSG00000100292.18	HMOX1	22.7196377568741	0.00604582371549923	-0.0445567859252116
Brain Cerebellar Hemisphere	UBERON:0002037	ENSG00000100292.18	HMOX1	3.5226014801444	0.000937384116631263	-0.0094292143490295
Artery Aorta	UBERON:0001496	ENSG00000100292.18	HMOX1	68.3039845974576	0.018176075444577	-0.10509071403525
Heart Left Ventricle	UBERON:0006566	ENSG00000100292.18	HMOX1	7.64435659292035	0.00203420639333158	-0.0181884866884456
Brain Anterior cingulate cortex BA24	UBERON:0009835	ENSG00000100292.18	HMOX1	11.6006954506438	0.00308701047183579	-0.0257443519838844
Cells EBV-transformed lymphocytes	EFO:0000572	ENSG00000100292.18	HMOX1	41.8138251070336	0.0111268946350764	-0.0722113784119904
Colon Sigmoid	UBERON:0001159	ENSG00000100292.18	HMOX1	32.7288675894988	0.00870933621264085	-0.0595999169737333
Fallopian Tube	UBERON:0003889	ENSG00000100292.18	HMOX1	40.029715862069	0.0106521331049994	-0.0698003799015689
Cells Cultured fibroblasts	EFO:0002009	ENSG00000100292.18	HMOX1	218.72302208589	0.0582034294826042	-0.238794238297444
Brain Hippocampus	UBERON:0001954	ENSG00000100292.18	HMOX1	11.5904801176471	0.00308429211412454	-0.0257256020728151
Pancreas	UBERON:0001150	ENSG00000100292.18	HMOX1	4.26144696132597	0.00113399506527482	-0.0110954272088715
Lung	UBERON:0008952	ENSG00000100292.18	HMOX1	233.640962251656	0.0621731774779611	-0.249162980200957
Brain Amygdala	UBERON:0001876	ENSG00000165168.8	CYBB	4.75206171270718	0.00626955313308172	-0.0458769639390417
Brain Cortex	UBERON:0001870	ENSG00000165168.8	CYBB	2.058773	0.00271620772052238	-0.023153471969985
Kidney Medulla	UBERON:0001293	ENSG00000165168.8	CYBB	3.42572636363636	0.00451967477585248	-0.0352063018957423
Uterus	UBERON:0000995	ENSG00000165168.8	CYBB	5.59767431372549	0.00738519797370132	-0.0522956775648866
Skin Not Sun Exposed Suprapubic	UBERON:0036149	ENSG00000165168.8	CYBB	2.11630403993856	0.00279211033574552	-0.0236894600360133
Whole Blood	UBERON:0013756	ENSG00000165168.8	CYBB	130.133359178082	0.171689270695224	-0.436456138467572
Kidney Cortex	UBERON:0001225	ENSG00000165168.8	CYBB	4.81297961538462	0.00634992414900745	-0.0463483816398379
Brain Frontal Cortex BA9	UBERON:0009834	ENSG00000165168.8	CYBB	3.05642431226766	0.00403244229168233	-0.032074571808657
Vagina	UBERON:0000996	ENSG00000165168.8	CYBB	5.45791547058823	0.00720080948174971	-0.0512526629404
Prostate	UBERON:0002367	ENSG00000165168.8	CYBB	7.19396081560284	0.00949123186892187	-0.0637733801776601
Esophagus Mucosa	UBERON:0006920	ENSG00000165168.8	CYBB	4.28806667752443	0.0056573890446429	-0.0422360746389333
Liver	UBERON:0001114	ENSG00000165168.8	CYBB	3.35143	0.00442165311124166	-0.0345826264060511
Pituitary	UBERON:0000007	ENSG00000165168.8	CYBB	5.8264514057508	0.00768703120331809	-0.0539887702530015
Thyroid	UBERON:0002046	ENSG00000165168.8	CYBB	7.01725855263158	0.00925810269396363	-0.0625391106480032
Esophagus Muscularis	UBERON:0004648	ENSG00000165168.8	CYBB	8.8426473083779	0.0116663988156404	-0.0749157437256975
Brain Spinal cord cervical c-1	UBERON:0006469	ENSG00000165168.8	CYBB	19.5094229901961	0.0257394308886445	-0.135901004292003
Brain Putamen basal ganglia	UBERON:0001874	ENSG00000165168.8	CYBB	3.27525326771654	0.00432115061370914	-0.0339399104209352
Adipose Visceral Omentum	UBERON:0010414	ENSG00000165168.8	CYBB	25.527144088586	0.0336788105615843	-0.164757246526787
Nerve Tibial	UBERON:0001323	ENSG00000165168.8	CYBB	15.2897286567164	0.0201722477524552	-0.113599697326576
Ovary	UBERON:0000992	ENSG00000165168.8	CYBB	5.61568487046632	0.00740895990047535	-0.0524296029728611
Cervix Ectocervix	UBERON:0012249	ENSG00000165168.8	CYBB	5.25486541666667	0.0069329187895198	-0.0497251219608069
Testis	UBERON:0000473	ENSG00000165168.8	CYBB	1.67041852657005	0.00220383874199496	-0.0194505642031781
Skin Sun Exposed Lower leg	UBERON:0004264	ENSG00000165168.8	CYBB	2.81387114058355	0.00371243382179976	-0.0299720336645792
Adipose Subcutaneous	UBERON:0002190	ENSG00000165168.8	CYBB	25.2106994677871	0.0332613146442919	-0.163313420708047
Small Intestine Terminal Ileum	UBERON:0001211	ENSG00000165168.8	CYBB	38.0340014492754	0.0501795236186219	-0.216612830674275
Artery Coronary	UBERON:0001621	ENSG00000165168.8	CYBB	20.3011339925373	0.0267839615566598	-0.139878886417649
Brain Cerebellum	UBERON:0002037	ENSG00000165168.8	CYBB	2.5029030075188	0.00330216321699441	-0.02721766045968
Esophagus Gastroesophageal Junction	UBERON:0004550	ENSG00000165168.8	CYBB	8.30810027295285	0.0109611531258029	-0.0713730729778444
Muscle Skeletal	UBERON:0011907	ENSG00000165168.8	CYBB	1.65892048899756	0.00218866899845098	-0.019338489420603
Brain Nucleus accumbens basal ganglia	UBERON:0001882	ENSG00000165168.8	CYBB	3.67821070175439	0.00485278576405136	-0.0373032239898038
Bladder	UBERON:0001255	ENSG00000165168.8	CYBB	13.7032835064935	0.0180791978799239	-0.104669977483028
Cervix Endocervix	UBERON:0000458	ENSG00000165168.8	CYBB	6.78680913043478	0.00895406310350812	-0.060916656376957
Spleen	UBERON:0002106	ENSG00000165168.8	CYBB	94.5557848375451	0.124750593093941	-0.374611238184895
Brain Substantia nigra	UBERON:0002038	ENSG00000165168.8	CYBB	8.81343480874317	0.0116278577928839	-0.074723763664259
Brain Hypothalamus	UBERON:0001898	ENSG00000165168.8	CYBB	6.77524140077821	0.00893880141287876	-0.060834826595876
Brain Caudate basal ganglia	UBERON:0001873	ENSG00000165168.8	CYBB	4.94739626666667	0.00652726450949357	-0.0473834089859589
Breast Mammary Tissue	UBERON:0008367	ENSG00000165168.8	CYBB	10.0442078793774	0.0132516576565249	-0.0826596443420526
Minor Salivary Gland	UBERON:0006330	ENSG00000165168.8	CYBB	9.26749392265193	0.0122269130897877	-0.0776873111761781
Heart Atrial Appendage	UBERON:0006631	ENSG00000165168.8	CYBB	5.48160787418655	0.0072320676581351	-0.051429953170012
Adrenal Gland	UBERON:0002369	ENSG00000165168.8	CYBB	16.501968338983	0.0217715959001607	-0.120209886114244
Colon Transverse	UBERON:0001157	ENSG00000165168.8	CYBB	12.3063088308977	0.0162361227088256	-0.0965180512911129
Stomach	UBERON:0000945	ENSG00000165168.8	CYBB	6.68571982800983	0.00882069262327117	-0.0602002775210476
Artery Tibial	UBERON:0007610	ENSG00000165168.8	CYBB	7.96504578871201	0.0105085499302807	-0.0690652647704507
Brain Cerebellar Hemisphere	UBERON:0002037	ENSG00000165168.8	CYBB	3.207130433213	0.00423127389149529	-0.0333622922902592
Artery Aorta	UBERON:0001496	ENSG00000165168.8	CYBB	16.5576080720339	0.0218450032512774	-0.12050911536506
Heart Left Ventricle	UBERON:0006566	ENSG00000165168.8	CYBB	2.61706783185841	0.00345278466835565	-0.0282369556112195
Brain Anterior cingulate cortex BA24	UBERON:0009835	ENSG00000165168.8	CYBB	3.10314587982833	0.00409408361033339	-0.0324752690028996
Cells EBV-transformed lymphocytes	EFO:0000572	ENSG00000165168.8	CYBB	62.6227863914373	0.0826203257362739	-0.297215008859236
Colon Sigmoid	UBERON:0001159	ENSG00000165168.8	CYBB	9.56486909307876	0.0126192500467057	-0.0796051319148794
Fallopian Tube	UBERON:0003889	ENSG00000165168.8	CYBB	12.5379437931034	0.0165417264216615	-0.097889741595633
Cells Cultured fibroblasts	EFO:0002009	ENSG00000165168.8	CYBB	0.0326736963190184	4.31074947066634e-05	-0.000625132031645411
Brain Hippocampus	UBERON:0001954	ENSG00000165168.8	CYBB	4.55393341176471	0.00600815587331877	-0.0443333533196023
Pancreas	UBERON:0001150	ENSG00000165168.8	CYBB	3.04167798342541	0.00401298696938567	-0.0319478219159555
Lung	UBERON:0008952	ENSG00000165168.8	CYBB	59.7040694701987	0.0787695653875187	-0.288786388560926
Brain Amygdala	UBERON:0001876	ENSG00000015285.11	WAS	4.09603022099448	0.00402374384857586	-0.0320179189138862
Brain Cortex	UBERON:0001870	ENSG00000015285.11	WAS	2.90985111111111	0.00285849832078687	-0.0241558167873225
Kidney Medulla	UBERON:0001293	ENSG00000015285.11	WAS	3.11428545454545	0.00305932482534129	-0.0255532277874788
Uterus	UBERON:0000995	ENSG00000015285.11	WAS	5.43976405228758	0.00534376358624181	-0.0403343433419391
Skin Not Sun Exposed Suprapubic	UBERON:0036149	ENSG00000015285.11	WAS	3.90589264208909	0.00383696180053768	-0.0307947643076159
Whole Blood	UBERON:0013756	ENSG00000015285.11	WAS	381.396106849315	0.374665262707246	-0.530648104639187
Kidney Cortex	UBERON:0001225	ENSG00000015285.11	WAS	5.59011644230769	0.00549146257082479	-0.041233162051149
Brain Frontal Cortex BA9	UBERON:0009834	ENSG00000015285.11	WAS	2.88220171003717	0.00283133687385276	-0.0239652871720924
Vagina	UBERON:0000996	ENSG00000015285.11	WAS	6.55982064705882	0.00644405352310985	-0.0468986345968703
Prostate	UBERON:0002367	ENSG00000015285.11	WAS	8.89957964539007	0.0087425206653761	-0.0597790393978288
Esophagus Mucosa	UBERON:0006920	ENSG00000015285.11	WAS	5.41810928338762	0.00532249097875299	-0.0402044079485996
Liver	UBERON:0001114	ENSG00000015285.11	WAS	5.02534721374046	0.00493666033873564	-0.0378259202459519
Pituitary	UBERON:0000007	ENSG00000015285.11	WAS	5.96254348242812	0.00585731705208495	-0.0434351940561765
Thyroid	UBERON:0002046	ENSG00000015285.11	WAS	8.5786616374269	0.008427266189513	-0.0580699282119759
Esophagus Muscularis	UBERON:0004648	ENSG00000015285.11	WAS	5.64145741532977	0.00554189748297916	-0.0415387620098872
Brain Spinal cord cervical c-1	UBERON:0006469	ENSG00000015285.11	WAS	12.2180565686275	0.012002433406761	-0.0765818775223652
Brain Putamen basal ganglia	UBERON:0001874	ENSG00000015285.11	WAS	2.64926562992126	0.00260251162869863	-0.0223448516962389
Adipose Visceral Omentum	UBERON:0010414	ENSG00000015285.11	WAS	16.4188481942078	0.0161290898400903	-0.0960356841423126
Nerve Tibial	UBERON:0001323	ENSG00000015285.11	WAS	11.626196641791	0.0114210185706057	-0.0736902947804702
Ovary	UBERON:0000992	ENSG00000015285.11	WAS	3.54485502590674	0.00348229574368775	-0.0284355409782551
Cervix Ectocervix	UBERON:0012249	ENSG00000015285.11	WAS	6.83551625	0.00671488367488169	-0.048470863222184
Testis	UBERON:0000473	ENSG00000015285.11	WAS	4.04416403381643	0.00397279299119764	-0.0316855295992826
Skin Sun Exposed Lower leg	UBERON:0004264	ENSG00000015285.11	WAS	4.14462107427056	0.00407147717484981	-0.0323284732297738
Adipose Subcutaneous	UBERON:0002190	ENSG00000015285.11	WAS	13.7037560364146	0.0134619133841546	-0.0836654243131227
Small Intestine Terminal Ileum	UBERON:0001211	ENSG00000015285.11	WAS	42.8487730434783	0.0420925817561128	-0.192375313447353
Artery Coronary	UBERON:0001621	ENSG00000015285.11	WAS	15.1945338432836	0.0149263820785595	-0.090543309331356
Brain Cerebellum	UBERON:0002037	ENSG00000015285.11	WAS	3.17839312030075	0.00312230112478539	-0.025987457423096
Esophagus Gastroesophageal Junction	UBERON:0004550	ENSG00000015285.11	WAS	5.40327307692308	0.00530791660032386	-0.0401153152879021
Muscle Skeletal	UBERON:0011907	ENSG00000015285.11	WAS	1.18952711491443	0.00116853444752882	-0.0113827922340336
Brain Nucleus accumbens basal ganglia	UBERON:0001882	ENSG00000015285.11	WAS	3.10276989473684	0.00304801249109499	-0.0254750307505326
Bladder	UBERON:0001255	ENSG00000015285.11	WAS	9.77219272727273	0.00959973395018426	-0.0643449993948125
Cervix Endocervix	UBERON:0000458	ENSG00000015285.11	WAS	6.73592695652174	0.00661705192428492	-0.0479047805530101
Spleen	UBERON:0002106	ENSG00000015285.11	WAS	146.896457761733	0.144304042305833	-0.403014693211957
Brain Substantia nigra	UBERON:0002038	ENSG00000015285.11	WAS	6.18480464480874	0.00607565576949052	-0.0447334989850057
Brain Hypothalamus	UBERON:0001898	ENSG00000015285.11	WAS	5.19614782101167	0.00510444667227342	-0.038865408589455
Brain Caudate basal ganglia	UBERON:0001873	ENSG00000015285.11	WAS	3.3576142	0.0032983593270122	-0.0271917920713139
Breast Mammary Tissue	UBERON:0008367	ENSG00000015285.11	WAS	8.07166175097276	0.00792921379139051	-0.0553348625855635
Minor Salivary Gland	UBERON:0006330	ENSG00000015285.11	WAS	7.58318475138122	0.00744935738989158	-0.0526570364828964
Heart Atrial Appendage	UBERON:0006631	ENSG00000015285.11	WAS	3.30929121475054	0.00325088914145407	-0.026868435966259
Adrenal Gland	UBERON:0002369	ENSG00000015285.11	WAS	7.41808684745763	0.00728717311890639	-0.051742026338132
Colon Transverse	UBERON:0001157	ENSG00000015285.11	WAS	10.4022650521921	0.0102186868154628	-0.0675725623751314
Stomach	UBERON:0000945	ENSG00000015285.11	WAS	6.48075488943489	0.00636638311085517	-0.0464447403319339
Artery Tibial	UBERON:0007610	ENSG00000015285.11	WAS	5.30106410998553	0.00520751140802907	-0.0394999644459693
Brain Cerebellar Hemisphere	UBERON:0002037	ENSG00000015285.11	WAS	3.26091187725632	0.00320336359815051	-0.0265437009527443
Artery Aorta	UBERON:0001496	ENSG00000015285.11	WAS	10.3874736228814	0.0102041564239643	-0.0674974260470391
Heart Left Ventricle	UBERON:0006566	ENSG00000015285.11	WAS	2.00185099557522	0.00196652250950815	-0.017679307923872
Brain Anterior cingulate cortex BA24	UBERON:0009835	ENSG00000015285.11	WAS	2.77688502145923	0.00272787880470916	-0.0232360845764062
Cells EBV-transformed lymphocytes	EFO:0000572	ENSG00000015285.11	WAS	106.711598776758	0.104828362092853	-0.341100901886146
Colon Sigmoid	UBERON:0001159	ENSG00000015285.11	WAS	6.50519119331742	0.00639038816504771	-0.0465851674689157
Fallopian Tube	UBERON:0003889	ENSG00000015285.11	WAS	11.03866	0.0108438507225507	-0.0707775862881359
Cells Cultured fibroblasts	EFO:0002009	ENSG00000015285.11	WAS	0.37922523006135	0.000372532697357308	-0.00424327606680142
Brain Hippocampus	UBERON:0001954	ENSG00000015285.11	WAS	3.81579964705882	0.0037484587585692	-0.0302106537174821
Pancreas	UBERON:0001150	ENSG00000015285.11	WAS	1.82168806629834	0.00178953907938022	-0.0163316848094347
Lung	UBERON:0008952	ENSG00000015285.11	WAS	41.0338993046358	0.0403097367455513	-0.186744039180388
Brain Amygdala	UBERON:0001876	ENSG00000049768.17	FOXP3	0.607796408839779	0.0128834187431316	-0.0808864924055173
Brain Cortex	UBERON:0001870	ENSG00000049768.17	FOXP3	0.789037962962963	0.0167251835207192	-0.0987092592431047
Kidney Medulla	UBERON:0001293	ENSG00000049768.17	FOXP3	0.420833636363636	0.00892038169297034	-0.0607360140947644
Uterus	UBERON:0000995	ENSG00000049768.17	FOXP3	0.351785751633987	0.00745677842160904	-0.0526987816779213
Skin Not Sun Exposed Suprapubic	UBERON:0036149	ENSG00000049768.17	FOXP3	2.11629321044547	0.0448589218640851	-0.200898942951185
Whole Blood	UBERON:0013756	ENSG00000049768.17	FOXP3	3.39377063511831	0.0719375231154065	-0.273154810903045
Kidney Cortex	UBERON:0001225	ENSG00000049768.17	FOXP3	0.577654326923077	0.0122444991024842	-0.0777736596225183
Brain Frontal Cortex BA9	UBERON:0009834	ENSG00000049768.17	FOXP3	0.714544944237918	0.0151461601179539	-0.0915570854627718
Vagina	UBERON:0000996	ENSG00000049768.17	FOXP3	0.682082411764706	0.0144580540461967	-0.0883673776686883
Prostate	UBERON:0002367	ENSG00000049768.17	FOXP3	0.912448014184397	0.0193410979023656	-0.110093136330206
Esophagus Mucosa	UBERON:0006920	ENSG00000049768.17	FOXP3	1.71690921824104	0.0363932068054929	-0.17396633439489
Liver	UBERON:0001114	ENSG00000049768.17	FOXP3	1.58059095419847	0.0335036779230342	-0.164152499944704
Pituitary	UBERON:0000007	ENSG00000049768.17	FOXP3	1.11634341853035	0.0236630547875725	-0.127809361443757
Thyroid	UBERON:0002046	ENSG00000049768.17	FOXP3	1.01516078947368	0.0215182935472808	-0.119174604121827
Esophagus Muscularis	UBERON:0004648	ENSG00000049768.17	FOXP3	0.164907647058824	0.00349553607113106	-0.0285245201001831
Brain Spinal cord cervical c-1	UBERON:0006469	ENSG00000049768.17	FOXP3	0.460679117647059	0.00976498362369886	-0.0652121880713309
Brain Putamen basal ganglia	UBERON:0001874	ENSG00000049768.17	FOXP3	0.536555748031496	0.011373335347801	-0.0734512833088442
Adipose Visceral Omentum	UBERON:0010414	ENSG00000049768.17	FOXP3	0.269343696763203	0.00570925984549233	-0.0425481480074841
Nerve Tibial	UBERON:0001323	ENSG00000049768.17	FOXP3	0.549265925373134	0.0116427521041526	-0.0747979768374376
Ovary	UBERON:0000992	ENSG00000049768.17	FOXP3	0.530688497409326	0.0112489676392444	-0.0728265317496499
Cervix Ectocervix	UBERON:0012249	ENSG00000049768.17	FOXP3	0.768482916666667	0.0162894796158127	-0.0967581352839826
Testis	UBERON:0000473	ENSG00000049768.17	FOXP3	3.21013437198068	0.0680449978552751	-0.263835434641843
Skin Sun Exposed Lower leg	UBERON:0004264	ENSG00000049768.17	FOXP3	2.13486664456233	0.045252621671694	-0.202091638332411
Adipose Subcutaneous	UBERON:0002190	ENSG00000049768.17	FOXP3	0.381578095238095	0.0080882846832595	-0.0562131782433276
Small Intestine Terminal Ileum	UBERON:0001211	ENSG00000049768.17	FOXP3	3.5231070531401	0.0746790582871792	-0.279535100340214
Artery Coronary	UBERON:0001621	ENSG00000049768.17	FOXP3	0.452885335820896	0.00959977936549875	-0.0643452382835181
Brain Cerebellum	UBERON:0002037	ENSG00000049768.17	FOXP3	1.70028157894737	0.036040751877141	-0.172787548669226
Esophagus Gastroesophageal Junction	UBERON:0004550	ENSG00000049768.17	FOXP3	0.184405607940447	0.00390883300908873	-0.0312669363465056
Muscle Skeletal	UBERON:0011907	ENSG00000049768.17	FOXP3	0.0665575550122249	0.00141081592334243	-0.0133593750597651
Brain Nucleus accumbens basal ganglia	UBERON:0001882	ENSG00000049768.17	FOXP3	0.622552175438597	0.0131961957145049	-0.082393537302273
Bladder	UBERON:0001255	ENSG00000049768.17	FOXP3	0.629458051948052	0.0133425791046758	-0.083095162654437
Cervix Endocervix	UBERON:0000458	ENSG00000049768.17	FOXP3	0.482297826086957	0.0102232339020257	-0.0675960691320714
Spleen	UBERON:0002106	ENSG00000049768.17	FOXP3	3.61319898916968	0.076588730868931	-0.283893291254325
Brain Substantia nigra	UBERON:0002038	ENSG00000049768.17	FOXP3	0.468803989071038	0.00993720596536924	-0.0661116749733332
Brain Hypothalamus	UBERON:0001898	ENSG00000049768.17	FOXP3	0.564067120622568	0.0119564920235136	-0.0763548995780912
Brain Caudate basal ganglia	UBERON:0001873	ENSG00000049768.17	FOXP3	0.611965766666667	0.0129717963346943	-0.0813134188017474
Breast Mammary Tissue	UBERON:0008367	ENSG00000049768.17	FOXP3	0.698637782101167	0.014808977094425	-0.0899998433744705
Minor Salivary Gland	UBERON:0006330	ENSG00000049768.17	FOXP3	0.568541215469613	0.0120513291047675	-0.0768231728810969
Heart Atrial Appendage	UBERON:0006631	ENSG00000049768.17	FOXP3	0.105309848156182	0.00223224562014375	-0.0196600311907302
Adrenal Gland	UBERON:0002369	ENSG00000049768.17	FOXP3	0.31444013559322	0.00666516596277294	-0.0481834411013137
Colon Transverse	UBERON:0001157	ENSG00000049768.17	FOXP3	0.922866534446764	0.0195619385609673	-0.11102978475301
Stomach	UBERON:0000945	ENSG00000049768.17	FOXP3	0.355757862407862	0.00754097498093328	-0.0531716651129357
Artery Tibial	UBERON:0007610	ENSG00000049768.17	FOXP3	0.256172981186686	0.00543008109179936	-0.0408603314409776
Brain Cerebellar Hemisphere	UBERON:0002037	ENSG00000049768.17	FOXP3	1.57854389891697	0.0334602866327956	-0.164002462569446
Artery Aorta	UBERON:0001496	ENSG00000049768.17	FOXP3	0.305970826271186	0.00648564259462873	-0.047141118649791
Heart Left Ventricle	UBERON:0006566	ENSG00000049768.17	FOXP3	0.0582117477876106	0.00123391042067682	-0.0119227169684252
Brain Anterior cingulate cortex BA24	UBERON:0009835	ENSG00000049768.17	FOXP3	0.681924635193133	0.014454709667043	-0.0883517612419566
Cells EBV-transformed lymphocytes	EFO:0000572	ENSG00000049768.17	FOXP3	0.503162660550459	0.0106655043654405	-0.0698686951912526
Colon Sigmoid	UBERON:0001159	ENSG00000049768.17	FOXP3	0.243254606205251	0.00515625118437307	-0.0391847335924928
Fallopian Tube	UBERON:0003889	ENSG00000049768.17	FOXP3	0.383787931034483	0.00813512642089459	-0.0564709523522164
Cells Cultured fibroblasts	EFO:0002009	ENSG00000049768.17	FOXP3	0.359670920245399	0.00762391979922089	-0.0536361919983541
Brain Hippocampus	UBERON:0001954	ENSG00000049768.17	FOXP3	0.603334666666667	0.0127888435006588	-0.0804286580090483
Pancreas	UBERON:0001150	ENSG00000049768.17	FOXP3	0.105060027624309	0.00222695019148386	-0.0196210234426593
Lung	UBERON:0008952	ENSG00000049768.17	FOXP3	1.21065639072848	0.0256622003831465	-0.135604489540207
Brain Amygdala	UBERON:0001876	ENSG00000010671.17	BTK	1.40015872928177	0.00369818543984468	-0.0298775170794805
Brain Cortex	UBERON:0001870	ENSG00000010671.17	BTK	0.844166888888889	0.00222966556005353	-0.0196410279451154
Kidney Medulla	UBERON:0001293	ENSG00000010671.17	BTK	0.887182727272727	0.0023432816407642	-0.0204738467048268
Uterus	UBERON:0000995	ENSG00000010671.17	BTK	2.51127379084967	0.0066329309488702	-0.0479968022157849
Skin Not Sun Exposed Suprapubic	UBERON:0036149	ENSG00000010671.17	BTK	2.90627721966206	0.00767623832436471	-0.0539285278996598
Whole Blood	UBERON:0013756	ENSG00000010671.17	BTK	36.2392376836862	0.0957173057240632	-0.324010392839572
Kidney Cortex	UBERON:0001225	ENSG00000010671.17	BTK	1.59452182692308	0.0042115492197562	-0.0332351595800505
Brain Frontal Cortex BA9	UBERON:0009834	ENSG00000010671.17	BTK	0.903179256505576	0.00238553265863795	-0.020781502982045
Vagina	UBERON:0000996	ENSG00000010671.17	BTK	2.79909441176471	0.00739314049318454	-0.0523404549254301
Prostate	UBERON:0002367	ENSG00000010671.17	BTK	3.2914165248227	0.00869349196916225	-0.0595143289124061
Esophagus Mucosa	UBERON:0006920	ENSG00000010671.17	BTK	2.07256526058632	0.00547418696861602	-0.0411283307518963
Liver	UBERON:0001114	ENSG00000010671.17	BTK	0.963656450381679	0.00254526874652421	-0.0219350402588575
Pituitary	UBERON:0000007	ENSG00000010671.17	BTK	1.59584252396166	0.00421503752608633	-0.0332576526708053
Thyroid	UBERON:0002046	ENSG00000010671.17	BTK	2.71291988304094	0.00716553102238175	-0.0510523352678071
Esophagus Muscularis	UBERON:0004648	ENSG00000010671.17	BTK	3.65730962566845	0.00965991135418547	-0.0646612666978917
Brain Spinal cord cervical c-1	UBERON:0006469	ENSG00000010671.17	BTK	6.29280539215686	0.0166209450331308	-0.0982439757202165
Brain Putamen basal ganglia	UBERON:0001874	ENSG00000010671.17	BTK	0.812191299212598	0.00214520966394812	-0.0190165663706684
Adipose Visceral Omentum	UBERON:0010414	ENSG00000010671.17	BTK	5.79033063032368	0.0152937777561364	-0.0922354182388274
Nerve Tibial	UBERON:0001323	ENSG00000010671.17	BTK	5.33524635820896	0.0140917811582933	-0.0866503935462707
Ovary	UBERON:0000992	ENSG00000010671.17	BTK	1.12335979274611	0.00296708704688909	-0.0249138496842869
Cervix Ectocervix	UBERON:0012249	ENSG00000010671.17	BTK	2.6931875	0.00711341263742345	-0.0507559236748882
Testis	UBERON:0000473	ENSG00000010671.17	BTK	1.88963299516908	0.00499101500654079	-0.0381635519026361
Skin Sun Exposed Lower leg	UBERON:0004264	ENSG00000010671.17	BTK	3.30812570291777	0.00873762527908682	-0.0597526266155522
Adipose Subcutaneous	UBERON:0002190	ENSG00000010671.17	BTK	7.26765785714286	0.0191957853827369	-0.109474842505434
Small Intestine Terminal Ileum	UBERON:0001211	ENSG00000010671.17	BTK	23.1319590338164	0.0610975543735857	-0.246390646558987
Artery Coronary	UBERON:0001621	ENSG00000010671.17	BTK	6.10125421641791	0.0161150082744704	-0.0959721463428656
Brain Cerebellum	UBERON:0002037	ENSG00000010671.17	BTK	0.414962067669173	0.0010960233612436	-0.0107777520091864
Esophagus Gastroesophageal Junction	UBERON:0004550	ENSG00000010671.17	BTK	3.71387151364764	0.0098093060950818	-0.0654440922135163
Muscle Skeletal	UBERON:0011907	ENSG00000010671.17	BTK	0.380015232273839	0.00100371962801332	-0.00999747703822542
Brain Nucleus accumbens basal ganglia	UBERON:0001882	ENSG00000010671.17	BTK	1.00003529824561	0.00264135479925177	-0.0226218995031612
Bladder	UBERON:0001255	ENSG00000010671.17	BTK	4.68135532467532	0.0123646839021847	-0.0783628019196492
Cervix Endocervix	UBERON:0000458	ENSG00000010671.17	BTK	2.65822695652174	0.00702107269756058	-0.0502294057646994
Spleen	UBERON:0002106	ENSG00000010671.17	BTK	54.5788353790614	0.144156980277559	-0.402816033482185
Brain Substantia nigra	UBERON:0002038	ENSG00000010671.17	BTK	2.76330267759563	0.00729860516129486	-0.0518066928168489
Brain Hypothalamus	UBERON:0001898	ENSG00000010671.17	BTK	1.72147256809339	0.00454685933335622	-0.0353787210459585
Brain Caudate basal ganglia	UBERON:0001873	ENSG00000010671.17	BTK	1.1566429	0.00305499643892084	-0.0255233147547221
Breast Mammary Tissue	UBERON:0008367	ENSG00000010671.17	BTK	3.54647949416342	0.00936717998733666	-0.0631176464759202
Minor Salivary Gland	UBERON:0006330	ENSG00000010671.17	BTK	3.74592552486188	0.00989396912298144	-0.0658862643596998
Heart Atrial Appendage	UBERON:0006631	ENSG00000010671.17	BTK	1.13034863340564	0.00298554640312344	-0.0250421341525497
Adrenal Gland	UBERON:0002369	ENSG00000010671.17	BTK	2.36443101694915	0.00624508077372336	-0.0457331265216697
Colon Transverse	UBERON:0001157	ENSG00000010671.17	BTK	4.9502381210856	0.0130748736984653	-0.0818102584954812
Stomach	UBERON:0000945	ENSG00000010671.17	BTK	2.76760577395577	0.00730997076433153	-0.0518709578660339
Artery Tibial	UBERON:0007610	ENSG00000010671.17	BTK	2.22883227206946	0.00588692902029144	-0.0436119540707389
Brain Cerebellar Hemisphere	UBERON:0002037	ENSG00000010671.17	BTK	0.483386678700361	0.00127675065662131	-0.0122737966420483
Artery Aorta	UBERON:0001496	ENSG00000010671.17	BTK	3.8978851059322	0.0102953341242534	-0.0679684115560007
Heart Left Ventricle	UBERON:0006566	ENSG00000010671.17	BTK	0.657690597345133	0.00173713289797663	-0.0159279038314271
Brain Anterior cingulate cortex BA24	UBERON:0009835	ENSG00000010671.17	BTK	0.902234420600858	0.00238303709987536	-0.0207633614360471
Cells EBV-transformed lymphocytes	EFO:0000572	ENSG00000010671.17	BTK	123.061651681957	0.325038011002441	-0.52699051534973
Colon Sigmoid	UBERON:0001159	ENSG00000010671.17	BTK	2.85743863961814	0.00754724285989065	-0.0532068137408317
Fallopian Tube	UBERON:0003889	ENSG00000010671.17	BTK	3.22609310344828	0.00852095572683804	-0.0585796025341034
Cells Cultured fibroblasts	EFO:0002009	ENSG00000010671.17	BTK	0.0382393558282209	0.000101000140909387	-0.001340610732795
Brain Hippocampus	UBERON:0001954	ENSG00000010671.17	BTK	1.3825217254902	0.00365160149956676	-0.0295679483269908
Pancreas	UBERON:0001150	ENSG00000010671.17	BTK	0.632375801104972	0.00167026989958215	-0.0154094140859459
Lung	UBERON:0008952	ENSG00000010671.17	BTK	19.5403037913907	0.0516110534185876	-0.220697953765012
Brain Amygdala	UBERON:0001876	ENSG00000269335.7	IKBKG	1.54246397790055	0.00661667550315247	-0.0479025984616586
Brain Cortex	UBERON:0001870	ENSG00000269335.7	IKBKG	2.57387088888889	0.0110410801826105	-0.071777784777092
Kidney Medulla	UBERON:0001293	ENSG00000269335.7	IKBKG	3.19144636363636	0.0136902807951728	-0.0847524781663126
Uterus	UBERON:0000995	ENSG00000269335.7	IKBKG	6.4987916993464	0.0278777309896623	-0.143981317292297
Skin Not Sun Exposed Suprapubic	UBERON:0036149	ENSG00000269335.7	IKBKG	4.77861566820276	0.020498727804207	-0.114963462304999
Whole Blood	UBERON:0013756	ENSG00000269335.7	IKBKG	8.34725829389788	0.0358070595249138	-0.172003225843857
Kidney Cortex	UBERON:0001225	ENSG00000269335.7	IKBKG	2.47109307692308	0.0106001963497009	-0.0695347991426734
Brain Frontal Cortex BA9	UBERON:0009834	ENSG00000269335.7	IKBKG	2.75103605947955	0.0118010619138239	-0.0755850876411376
Vagina	UBERON:0000996	ENSG00000269335.7	IKBKG	5.03479123529412	0.0215976387827225	-0.1194993594801
Prostate	UBERON:0002367	ENSG00000269335.7	IKBKG	4.48044017730496	0.0192196506299385	-0.109576495931965
Esophagus Mucosa	UBERON:0006920	ENSG00000269335.7	IKBKG	4.33858346905537	0.0186111308720182	-0.106971019529205
Liver	UBERON:0001114	ENSG00000269335.7	IKBKG	4.98251812977099	0.0213734039339714	-0.118580489264113
Pituitary	UBERON:0000007	ENSG00000269335.7	IKBKG	3.8298296485623	0.016428740236372	-0.0973835646531544
Thyroid	UBERON:0002046	ENSG00000269335.7	IKBKG	6.23297576023392	0.02673746590868	-0.139703084292614
Esophagus Muscularis	UBERON:0004648	ENSG00000269335.7	IKBKG	5.02910019607843	0.0215732260506876	-0.119399484473184
Brain Spinal cord cervical c-1	UBERON:0006469	ENSG00000269335.7	IKBKG	2.90693137254902	0.0124698027815665	-0.0788767092552183
Brain Putamen basal ganglia	UBERON:0001874	ENSG00000269335.7	IKBKG	1.45851625984252	0.00625656673070893	-0.0458006529580827
Adipose Visceral Omentum	UBERON:0010414	ENSG00000269335.7	IKBKG	4.42661247018739	0.0189887470392041	-0.108591165617297
Nerve Tibial	UBERON:0001323	ENSG00000269335.7	IKBKG	6.08360795522388	0.0260967259558969	-0.137268448908614
Ovary	UBERON:0000992	ENSG00000269335.7	IKBKG	4.75378616580311	0.020392217206464	-0.114519379002466
Cervix Ectocervix	UBERON:0012249	ENSG00000269335.7	IKBKG	5.38343333333333	0.0230932015073727	-0.125543603462358
Testis	UBERON:0000473	ENSG00000269335.7	IKBKG	4.62118676328502	0.0198234083195503	-0.112134105615856
Skin Sun Exposed Lower leg	UBERON:0004264	ENSG00000269335.7	IKBKG	5.25620950928382	0.0225474521271171	-0.123354670328888
Adipose Subcutaneous	UBERON:0002190	ENSG00000269335.7	IKBKG	5.76601466386555	0.0247343526486405	-0.132015650958512
Small Intestine Terminal Ileum	UBERON:0001211	ENSG00000269335.7	IKBKG	5.25411550724638	0.0225384695303218	-0.123318484080121
Artery Coronary	UBERON:0001621	ENSG00000269335.7	IKBKG	5.48408843283582	0.0235249795849729	-0.127262205021222
Brain Cerebellum	UBERON:0002037	ENSG00000269335.7	IKBKG	4.8663077443609	0.020874898671371	-0.116525500398369
Esophagus Gastroesophageal Junction	UBERON:0004550	ENSG00000269335.7	IKBKG	4.92963275434243	0.0211465426437975	-0.117647402377996
Muscle Skeletal	UBERON:0011907	ENSG00000269335.7	IKBKG	2.17929078239609	0.00934845814276503	-0.0630184784163262
Brain Nucleus accumbens basal ganglia	UBERON:0001882	ENSG00000269335.7	IKBKG	1.69242880701754	0.00725997649777499	-0.0515880818905939
Bladder	UBERON:0001255	ENSG00000269335.7	IKBKG	5.79020246753247	0.0248381105647351	-0.132419437677717
Cervix Endocervix	UBERON:0000458	ENSG00000269335.7	IKBKG	5.68573739130435	0.0243899889095673	-0.130671001850093
Spleen	UBERON:0002106	ENSG00000269335.7	IKBKG	7.44055379061372	0.0319175881586884	-0.158614599606394
Brain Substantia nigra	UBERON:0002038	ENSG00000269335.7	IKBKG	1.80929300546448	0.00776128640850099	-0.054402647750487
Brain Hypothalamus	UBERON:0001898	ENSG00000269335.7	IKBKG	1.84411003891051	0.00791064030952908	-0.0552320100272274
Brain Caudate basal ganglia	UBERON:0001873	ENSG00000269335.7	IKBKG	1.5771546	0.00676548714006794	-0.048762860617716
Breast Mammary Tissue	UBERON:0008367	ENSG00000269335.7	IKBKG	5.0838676848249	0.021808161003043	-0.120358980437133
Minor Salivary Gland	UBERON:0006330	ENSG00000269335.7	IKBKG	4.03252143646409	0.017298222964601	-0.101250518278841
Heart Atrial Appendage	UBERON:0006631	ENSG00000269335.7	IKBKG	2.11135611713666	0.00905704022839096	-0.0614678190349932
Adrenal Gland	UBERON:0002369	ENSG00000269335.7	IKBKG	5.10037054237288	0.0218789529663136	-0.120647383637491
Colon Transverse	UBERON:0001157	ENSG00000269335.7	IKBKG	4.01673352818372	0.017230497904268	-0.100951622855483
Stomach	UBERON:0000945	ENSG00000269335.7	IKBKG	3.77661267813268	0.0162004565100493	-0.0963574271468531
Artery Tibial	UBERON:0007610	ENSG00000269335.7	IKBKG	5.76195471780029	0.0247169367828187	-0.131947813495824
Brain Cerebellar Hemisphere	UBERON:0002037	ENSG00000269335.7	IKBKG	4.28873238267148	0.0183972857081714	-0.106048637812386
Artery Aorta	UBERON:0001496	ENSG00000269335.7	IKBKG	6.29974413135593	0.0270238807954572	-0.140784185550726
Heart Left Ventricle	UBERON:0006566	ENSG00000269335.7	IKBKG	1.53585847345133	0.00658834000870893	-0.0477382504330267
Brain Anterior cingulate cortex BA24	UBERON:0009835	ENSG00000269335.7	IKBKG	1.92061077253219	0.00823880390840725	-0.0570401179260456
Cells EBV-transformed lymphocytes	EFO:0000572	ENSG00000269335.7	IKBKG	6.00113935779816	0.0257429621363302	-0.135914553979059
Colon Sigmoid	UBERON:0001159	ENSG00000269335.7	IKBKG	4.38413019093079	0.0188065116933532	-0.107810658651888
Fallopian Tube	UBERON:0003889	ENSG00000269335.7	IKBKG	6.02017	0.0258245974846238	-0.136227600884119
Cells Cultured fibroblasts	EFO:0002009	ENSG00000269335.7	IKBKG	7.24249558282209	0.0310679820022601	-0.155601740228341
Brain Hippocampus	UBERON:0001954	ENSG00000269335.7	IKBKG	1.63553478431373	0.00701591939712714	-0.0501999704869632
Pancreas	UBERON:0001150	ENSG00000269335.7	IKBKG	1.53408312154696	0.00658072431873277	-0.0476940489045498
Lung	UBERON:0008952	ENSG00000269335.7	IKBKG	7.07972625827815	0.0303697538310969	-0.153100640028408
