K00001	00010 00071 00350 00620 00625 00626 00830 00980 00982 01100 01110 01120 01220
K00002	00010 00040 00053 00561 00620 00930 01100 01110 01120 01220 01240 05208
K00003	00260 00270 00300 01100 01110 01120 01230
K00004	00650 01110
K00005	00561 00640 01100
K00006	00564 01110 04011
K00007	00040 00051 01100
K00008	00040 00051 01100
K00009	00051 01100
K00010	00521 00562 01100 01110 01120
K00011	00040 00051 00052 00561 00790 01100
K00012	00040 00053 00520 00541 01100 01240 01250
K00013	00340 01100 01110 01230
K00014	00400 00999 01100 01110 01230
K00015	00630 01100 01110 01120
K00016	00010 00270 00620 00640 01100 01110 01120 04066 04922 05230
K00018	00260 00630 00680 01100 01110 01120 01200
K00019	00650 01100
K00020	00280 01100
K00021	00900 01100 01110 04152 04976
K00022	00062 00071 00280 00281 00310 00380 00650 00930 01100 01110 01120 01212
K00023	00630 00650 01100 01120 01200
K00024	00020 00270 00620 00630 00680 00710 00720 01100 01110 01120 01200
K00025	00020 00270 00620 00630 00710 01100 01110 01120 01200 04964
K00026	00020 00270 00620 00630 00710 01100 01110 01120 01200
K00027	00620 01200 02020
K00028	00620 00710 01100 01120 01200
K00029	00620 00710 01100 01120 01200 03320
K00030	00020 01100 01110 01120 01200 01210 01230
K00031	00020 00480 00720 01100 01110 01120 01200 01210 01230 04146 05230
K00032	00030 00480 01100 01120
K00033	00030 00480 01100 01110 01120 01200
K00034	00030 01100 01120 01200
K00035	00052 01100
K00036	00030 00480 01100 01110 01120 01200 05230 05415
K00037	00120 00140 01100 05208
K00038	00140 01100
K00039	00040 01100
K00040	00040 01100
K00041	00040 01100
K00042	00630 01100
K00043	00650 01100 01200
K00044	00140 01100 04913
K00045	00051 01100
K00048	00630 00640 01100 01120
K00049	00260 00620 00630 01100 01110 01120
K00051	00620 00710 01100 01120 01200
K00052	00290 00660 01100 01110 01210 01230
K00053	00290 00770 01100 01110 01210 01230
K00054	00900 01110
K00055	00350 00360 00622 00623 01100 01120 01220
K00057	00564 01110
K00058	00260 00270 00680 01100 01110 01120 01200 01230
K00059	00061 00333 00780 01100 01110 01212 01240
K00060	00260 01100
K00061	00830 01100
K00062	00053 01100
K00063	00053 01100
K00064	00051 00053 01100 01110 01120
K00065	00040 01100
K00066	00051 00520 01100 01250 02020
K00067	00521 00523 00541 01100 01110 01250
K00068	00051 01100
K00069	05202
K00070	00140 01100 04913 04925 04927 04934
K00071	00140 01100 04960
K00072	00790 01100 01240
K00073	00230 01100 01120
K00074	00360 00362 00650 01100 01120 01200
K00075	00520 00550 01100 01250
K00076	00121
K00077	00770 01100 01110 01240
K00078	00040 00980 01100
K00079	00590 00790 00980 01100 05204 05208
K00081	00590 00980 01100
K00082	00740 01100 01110 01240
K00083	00940 01100 01110
K00084	00590 00980 01100
K00086	00561 00640 01100
K00087	00230 01100 01120 01232
K00088	00230 00983 01100 01110 01232
K00089	00140 05204 05208
K00090	00030 00260 00620 00630 01100 01110 01120
K00093	00680 01100 01120
K00094	00052 01100
K00096	00564 01110
K00097	00750 01100 01240
K00099	00900 01100 01110
K00100	00650 01100 01120
K00101	00620 01100
K00102	00620 01100
K00103	00053 01100 01240
K00104	00630 01100 01110 01120
K00105	00564 01110
K00106	00230 00232 00983 01100 01110 01120 01232 04146
K00107	00053 01100
K00108	00260 01100
K00109	00650 01100
K00111	00564 01110
K00112	00564 01110
K00113	00564 01110
K00114	00010 00620 00625 01100 01110 01120
K00115	00030 01100 01110
K00116	00020 00620 01100 01110 01120 01200
K00117	00030 01100 01110
K00121	00010 00071 00350 00620 00625 00626 00680 00830 00980 00982 01100 01110 01120 01200 01220 04936
K00122	00630 00680 01100 01120 01200
K00123	00630 00680 01100 01120 01200
K00124	00630 00680 01100 01120 01200
K00125	00680 01100 01120 01200
K00126	00630 00680 01100 01120 01200
K00127	00630 00680 01100 01120 01200
K00128	00010 00053 00071 00280 00310 00330 00340 00380 00410 00561 00620 00625 00770 00903 00981 01100 01110 01120 01240 04936
K00129	00010 00340 00350 00360 00410 00980 00982 01100 01110 01120
K00130	00260 01100
K00131	00010 00030 01100 01120 01200
K00132	00620 00650 01100 01120
K00133	00260 00261 00270 00300 01100 01110 01120 01210 01230
K00134	00010 00710 01100 01110 01120 01200 01230 04066 05010 05130 05132 05415
K00135	00250 00310 00350 00650 00760 01100 01120
K00137	00310 00330 00410 01100 01120
K00138	00010 00620 01100 01110 01120
K00139	00250 00650 01100 01120
K00140	00280 00410 00562 00640 01100 01200
K00141	00622 00623 00627 01100 01120 01220
K00143	00300 01100 01110 01230
K00145	00220 01100 01110 01210 01230
K00146	00350 00360 00643 01100 01120
K00147	00330 00332 01100 01110 01230
K00148	00625 00680 01100 01120 01200
K00149	00010 00053 00071 00280 00310 00330 00340 00380 00410 00561 00620 01100 01110 01120 04936
K00150	00010 00710 01100 01110 01120 01200 01230
K00151	00350 01100 01120 01220
K00152	00626 01100 01120 01220
K00156	00620 01100
K00157	00280 00350 00380 00750 00760 00830 00982 01100 01120 04630
K00158	00620 01100
K00161	00010 00020 00620 01100 01110 01120 01200 04066 04922 05230 05415
K00162	00010 00020 00620 01100 01110 01120 01200 04066 04922 05230 05415
K00163	00010 00020 00620 01100 01110 01120 01200
K00164	00020 01100 01110 01120 01200
K00166	00280 00640 01100 01110
K00167	00280 00640 01100 01110
K00169	00010 00020 00620 00633 00640 00650 00680 00720 01100 01110 01120 01200
K00170	00010 00020 00620 00633 00640 00650 00680 00720 01100 01110 01120 01200
K00171	00010 00020 00620 00633 00640 00650 00680 00720 01100 01110 01120 01200
K00172	00010 00020 00620 00633 00640 00650 00680 00720 01100 01110 01120 01200
K00174	00010 00020 00620 00650 00720 01100 01110 01120 01200
K00175	00010 00020 00620 00650 00720 01100 01110 01120 01200
K00176	00020 00720 01100 01110 01120 01200
K00177	00020 00720 01100 01110 01120 01200
K00181	04310
K00182	04150 04310 04390 04550 04916 04934 05010 05022 05165 05200 05205 05217 05224 05225 05226
K00184	00920 01100
K00185	00920 01100
K00186	00280 01100
K00187	00280 01100
K00188	00280 01100
K00189	00010 00020 00280 00620 00633 00640 00650 00680 00720 01100 01110 01120 01200
K00192	00680 01100 01120 01200
K00193	00680 01100 01120 01200
K00194	00680 00720 01100 01120 01200
K00195	00680 01100 01120 01200
K00196	00633 00680 00720 01100 01120 01200
K00197	00680 00720 01100 01120 01200
K00198	00633 00680 00720 01100 01120 01200
K00200	00680 01100 01120 01200
K00201	00680 01100 01120 01200
K00202	00680 01100 01120 01200
K00203	00680 01100 01120 01200
K00204	00680 01100 01120 01200
K00205	00680 01100 01120 01200
K00206	00440 01100 01120
K00207	00240 00410 00770 00983 01100
K00208	00061 00333 00780 01100 01110 01212 01240
K00209	00061 00650 01100 01110 01120 01200 01212
K00211	00400 01100 01110 01230
K00212	00140 00980 01100 05208
K00213	00100 01100 01110
K00214	00860 01100 01110
K00215	00261 00300 01100 01110 01120 01230
K00216	01053 01110
K00217	00361 00362 00364 00623 01100 01120 01220
K00218	00860 01100 01110
K00220	00400 00401 01100 01110 01230
K00222	00100 01100 01110
K00223	00100 01100 01110
K00224	00592 01110
K00225	00053 01100 01110 01240
K00226	00240 01100 01240
K00227	00100 01100 01110
K00228	00860 01100 01110 01240
K00230	00860 01100 01110 01240
K00231	00860 01100 01110 01240
K00232	00071 00410 00592 00640 01040 01100 01110 01200 01212 03320 04024 04146 04936
K00234	00020 00190 01100 01110 01120 01200 04714 04932 05010 05012 05014 05016 05020 05022 05208 05415
K00235	00020 00190 01100 01110 01120 01200 04714 04932 05010 05012 05014 05016 05020 05022 05208 05415
K00236	00020 00190 01100 01110 01120 01200 04714 04932 05010 05012 05014 05016 05020 05022 05208 05415
K00237	00020 00190 01100 01110 01120 01200 04714 04932 05010 05012 05014 05016 05020 05022 05208 05415
K00239	00020 00190 00650 00720 01100 01110 01120 01200 05134
K00240	00020 00190 00650 00720 01100 01110 01120 01200
K00241	00020 00190 00650 00720 01100 01110 01120 01200
K00242	00020 00190 00650 00720 01100 01110 01120 01200
K00244	00020 00190 00620 00650 00720 01100 01110 01120 01200 02020
K00245	00020 00190 00620 00650 00720 01100 01110 01120 01200 02020
K00246	00020 00190 00620 00650 00720 01100 01110 01120 01200 02020
K00247	00020 00190 00620 00650 00720 01100 01110 01120 01200 02020
K00248	00071 00280 00410 00640 00650 01100 01110 01120 01200 01212
K00249	00071 00280 01100 01110 01212 03320 04936
K00251	00120 00140 01100
K00252	00071 00310 00362 00380 01100 01110 01120
K00253	00280 01100
K00254	00240 01100 01240
K00255	00071 01100 01212 03320
K00259	00250 00430 01100
K00260	00220 00250 00430 00910 01100 01120
K00261	00220 00250 00910 01100 01120 01200 04217 04964
K00262	00220 00250 00910 01100 01120
K00263	00280 00290 01100 01110
K00264	00250 00910 01100 01110 01120 01230
K00265	00250 00910 01100 01110 01120 01230
K00266	00250 00910 01100 01110 01120 01230
K00270	00350 00360 00400 01100 01110
K00271	00280 01100 01110
K00272	00250 00470 01100 04146
K00273	00260 00311 00330 00470 01100 01110 04146
K00274	00260 00330 00340 00350 00360 00380 00950 00982 01100 01110 04726 04728 05012 05030 05031 05034
K00275	00750 01100 01120 01240
K00276	00260 00350 00360 00410 00950 00960 01100 01110
K00278	00250 00760 01100 01240
K00279	00908 01110
K00281	00260 00630 01100 01110 01200
K00282	00260 00630 01100 01110 01200
K00283	00260 00630 01100 01110 01200
K00284	00630 00910 01120
K00285	00360 00470 01100
K00286	00330 01100 01110 01230
K00287	00670 00790 01100 01240 01523
K00288	00670 01100 01120 01240
K00289	00670 01100
K00290	00300 00310 01100 01110 01230
K00293	00300 00310 01100 01110 01230
K00294	00250 00330 01100
K00295	00670 01100
K00296	00330 01100
K00297	00670 00720 01100 01120 01200
K00299	00740 00920 01100
K00300	00670 00680 01100 01120 01240
K00301	00260 01100
K00302	00260 01100
K00303	00260 01100
K00304	00260 01100
K00305	00260 01100
K00306	00260 00310 01100 04146
K00307	00950 01100 01110
K00308	04146
K00309	00260 01100
K00310	00480 00790 01100
K00312	04150 04310 04390 04550 04916 04934 05010 05022 05165 05200 05205 05206 05217 05224 05225 05226
K00314	00260 01100
K00315	00260 01100
K00316	00330 00410 01100
K00317	00680 01100 01120 01200
K00318	00330 01100 01110
K00319	00680 01100 01120 01200
K00320	00680 01100 01120 01200
K00322	00760 01100
K00323	00760 01100
K00324	00760 01100
K00325	00760 01100
K00326	00520
K00330	00190 01100
K00331	00190 01100
K00332	00190 01100
K00333	00190 01100
K00334	00190 01100
K00335	00190 01100
K00336	00190 01100
K00337	00190 01100
K00338	00190 01100
K00339	00190 01100
K00340	00190 01100
K00341	00190 01100
K00342	00190 01100
K00343	00190 01100
K00355	00130 01100 01110 01240 05200 05208 05225 05418
K00357	00790 01100
K00360	00910 01100 01120
K00362	00910 01100 01120
K00363	00910 01100 01120
K00364	00230 01100 01232
K00365	00230 00232 01100 01120
K00366	00910 01100 01120
K00367	00910 01100 01120
K00368	00910 01100 01120
K00370	00910 01100 01120 02020
K00371	00910 01100 01120 02020
K00372	00910 01100 01120
K00373	02020
K00374	00910 01100 01120 02020
K00376	00910 01100 01120
K00380	00920 01100 01120
K00381	00920 01100 01120
K00382	00010 00020 00260 00280 00310 00380 00620 00630 00640 01100 01110 01120 01200 01240
K00383	00480 01100 04918 05415
K00384	00450
K00385	00920 01100 01120
K00386	00920 01100 01120
K00387	00920 01100 01120
K00390	00920 01100 01120
K00392	00920 01100 01120
K00394	00920 01100 01120
K00395	00920 01100 01120
K00399	00680 01100 01120 01200
K00400	00680 01100 01120
K00401	00680 01100 01120 01200
K00402	00680 01100 01120 01200
K00404	00190 01100 02020
K00405	00190 01100 02020
K00406	00190 01100 02020
K00407	00190 01100 02020
K00408	04150 04310 04360 04390 04550 04916 04919 04934 05010 05022 05165 05200 05205 05217 05224 05225 05226
K00410	00190 01100 02020
K00411	00190 01100 02020 04260 04714 04932 05010 05012 05014 05016 05020 05022 05208 05415
K00412	00190 01100 02020 04260 04714 04932 05010 05012 05014 05016 05020 05022 05208 05415
K00413	00190 01100 02020 04260 04714 04932 05010 05012 05014 05016 05020 05022 05208 05415
K00414	00190 01100 04260 04714 04932 05010 05012 05014 05016 05020 05022 05208 05415
K00415	00190 01100 04260 04714 04932 05010 05012 05014 05016 05020 05022 05208 05415
K00416	00190 01100 04260 04714 04932 05010 05012 05014 05016 05020 05022 05208 05415
K00417	00190 01100 04260 04714 04932 05010 05012 05014 05016 05020 05022 05208 05415
K00418	00190 01100 04260 04714 04932 05010 05012 05014 05016 05020 05022 05208 05415
K00419	00190 01100 04260 04714 04932 05010 05012 05014 05016 05020 05022 05208 05415
K00420	00190 01100 04260 04714 04932 05010 05012 05014 05016 05020 05022 05208 05415
K00422	00350 00950 01100 01110
K00423	00053 01100
K00424	00190 02020
K00425	00190 02020
K00426	00190 02020
K00430	00940 01100 01110
K00431	00350 01100 04918 05320
K00432	00480 00590 01100 04918 05014 05016 05022
K00434	00053 00480 01100
K00435	00860 01100 01110 01240
K00440	00680 01100 01120
K00441	00680 01100 01120
K00442	00680 01100 01120
K00443	00680 01100 01120
K00444	04150 04310 04360 04390 04550 04916 04934 05010 05022 05165 05200 05205 05217 05224 05225 05226
K00445	04150 04310 04390 04550 04916 04934 05010 05022 05165 05200 05205 05217 05224 05225 05226
K00446	00361 00362 00622 00643 01100 01120 01220
K00448	00362 00624 01100 01120 01220
K00449	00362 00624 01100 01120 01220
K00450	00350 01100 01120
K00451	00350 00643 01100 01120
K00452	00380 01100 01240
K00453	00380 01100 01240
K00454	00591 00592 01100 01110
K00455	00350 01100 01120 01220
K00456	00270 00430 01100
K00457	00130 00350 00360 01100 01240
K00458	00590 01100 01523 04726 04750
K00459	00910 01100
K00460	00590 00591 01100 04216 04217 04726
K00461	00590 01100 04664 04726 04913 05145
K00462	00361 00621 01100 01120 01220
K00463	00380 01100 01240 05143
K00466	00380 01100
K00467	00620 01100
K00468	00310 01100 01120
K00469	00053 00562 01100 01250
K00471	00310 01100
K00472	00330 01100
K00473	00310 01100
K00474	00310 01100
K00475	00941 01100 01110
K00476	04020 04260
K00477	04146
K00480	00621 00624 00626 01100 01120 01220
K00481	00362 01100 01120 01220
K00483	00350 01100 01120 01220
K00484	00350 00740 01100 01120 01220
K00485	00430 00982 01100
K00486	00380 01100 01240
K00487	00130 00940 00941 00945 01100 01110 01220
K00488	00120 01100 03320 04979
K00489	00120 00140 01100 03320 04976 04979
K00491	00220 00330 01100 01110
K00492	00232 01120
K00494	02020 02024
K00495	00460 01100 01110
K00496	00071 00930
K00497	00140 01100 04927 04934
K00498	00140 01100 04913 04925 04927 04934
K00499	00260 01100
K00500	00360 00400 00790 01100 01230
K00501	00350 00790 00950 01100 01110 04728 04917 05012 05030 05031 05034
K00502	00380 00790 01100 04361 04726
K00503	00350 01100
K00505	00350 00950 00965 01100 01110 04916
K00506	00350 01100 04916
K00507	01040 01100 01212 03320 04152 04212 04936
K00508	00591 01100
K00509	00590 01100 04611 04726 04923
K00510	00860 01100 01110 04066 04216 04978 05200 05206 05208 05225 05418
K00511	00100 00909 01100 01110
K00512	00140 01100 04913 04917 04927 04934
K00513	00140 01100 04925 04927 04934
K00514	00906 01100 01110
K00515	00830 01100 01240
K00522	04216 04217 04978
K00523	00520 00541 01100 01250
K00524	00230 00240 01100 01232
K00525	00230 00240 01100 01232
K00526	00230 00240 01100 01232
K00527	00230 00240 01100 01232
K00529	00071 00360 01100 01120 01220
K00531	00625 00910 01100 01120
K00541	00760 01100
K00542	00260 00330 01100
K00543	00380 01100
K00544	00260 00270 01100 01110
K00545	00140 00350 00965 01100 04728
K00546	00340 01100
K00547	00270 01100 01110
K00548	00270 00450 00670 01100 01110 01230
K00549	00270 00450 01100 01110 01230
K00550	00564 01100 01110
K00551	00564 01100 01110
K00552	00260 01100
K00553	00350 01100
K00558	00270 01100 05206
K00559	00100 01100 01110
K00560	00240 00670 01100 01232 01523
K00562	00380 00450 01100
K00565	03015
K00566	04122
K00568	00130 01100 01110 01240
K00569	00983
K00570	00564 01100 01110
K00572	04150 04310 04390 04550 04916 04934 05010 05022 05165 05200 05205 05217 05224 05225 05226
K00575	02020 02030
K00577	00680 01100 01120 01200
K00578	00680 01100 01120 01200
K00579	00680 01100 01120 01200
K00580	00680 01100 01120 01200
K00581	00680 01100 01120 01200
K00582	00680 01100 01120 01200
K00583	00680 01100 01120 01200
K00584	00680 01100 01120 01200
K00587	00900 01110
K00588	00940 00941 00945 01100 01110
K00589	00860 01100 01110 01120 01240
K00591	00130 01100 01110 01240
K00594	00040 00051 01100
K00595	00860 01100 01240
K00600	00260 00460 00630 00670 00680 01100 01110 01120 01200 01230 01240 01523
K00601	00230 00670 01100 01110
K00602	00230 00670 01100 01110 01523
K00603	00340 00670 01100
K00604	00670 00970 01100
K00605	00260 00630 00670 01100 01110 01200
K00606	00770 01100 01110 01240
K00607	00541 01100 01250
K00608	00240 00250 01100 01240
K00609	00240 00250 01100 01240
K00610	00240 00250 01100 01240
K00611	00220 01100 01110 01230
K00613	00260 00330 01100
K00615	00030 00710 01051 01100 01110 01120 01200 01230
K00616	00030 01100 01110 01120 01200 01230
K00618	00220 01100 01110 01210 01230
K00619	00220 01100 01110 01210 01230
K00620	00220 01100 01110 01210 01230
K00621	00520 01100 01250
K00622	00232 00633 00983 01100 01110 01120 05204
K00623	00564 04725
K00624	04146
K00625	00430 00620 00640 00680 00720 01100 01120 01200
K00626	00071 00280 00310 00362 00380 00620 00630 00650 00720 00900 01100 01110 01120 01200 01212 02020 04975
K00627	00010 00020 00620 01100 01110 01120 01200
K00628	01100
K00629	00561 00564 01100 01110
K00630	00561 00564 01100
K00631	00561 00564 01100 01110
K00632	00071 00280 00281 00362 00592 00642 01100 01110 01120 01212
K00634	00650 01100
K00635	00561 01100
K00637	00100 04979
K00639	00260 01100
K00640	00270 00920 01100 01110 01120 01200 01230 05111
K00641	00270 00920 01100 01110 01230
K00643	00260 00860 01100 01110 01240
K00645	00061 00333 01100 01110 01212
K00647	00061 00780 01100 01212 01240
K00648	00061 01100 01212
K00649	00564 04146
K00650	00564 04979
K00651	00270 00920 01100 01110 01230
K00652	00780 01100 01240
K00654	00600 01100 04071 04138
K00655	00561 00564 01100 01110
K00656	00620 00640 00650 01100 01120
K00657	00330 01100 04216
K00658	00020 00310 00380 01100 01110 01120 01200
K00659	00120 00430 01040 01100 04146 04976
K00660	00941 00960 01100 01110 04712
K00665	00061 01100 01212 04152 04910 04936
K00667	00061 01100 01212
K00668	00061 01100 01212
K00669	00380 01100
K00672	00680 01100 01120 01200
K00673	00330 01100
K00674	00300 01100 01120 01230
K00677	00540 01100 01503
K00678	00830 01100 04977
K00679	00561 01100
K00681	00430 00460 00480 01100
K00682	00480 01100
K00687	00550 01100 01501
K00688	00500 01100 01110 02026 04217 04910 04922 04931
K00689	00500 01100 02020
K00690	00500 01100
K00691	00500 01100
K00692	00500 01100 02020
K00693	00500 01100 01110 04151 04152 04910 04922 04931 05415
K00694	00500 01100 02026
K00695	00500 01100 01110
K00696	00500 01100 01110
K00697	00500 01100 01110
K00698	00520 01100
K00699	00040 00053 00140 00830 00860 00980 00982 00983 01100 01110 01240 04976 05204 05207
K00700	00500 01100 01110
K00701	00500 01100
K00702	00500 01100
K00703	00500 01100 01110 02026
K00704	00052 01100
K00705	00500 01100 01110
K00706	00500 01100 04011
K00709	00601 01100
K00710	00512 00514 01100
K00712	00552
K00713	00540
K00714	04150 04310 04390 04550 04916 04934 05010 05022 05165 05200 05205 05217 05224 05225 05226
K00715	00604 01100
K00716	00601 01100
K00717	00510 00513 00533 01100 05202
K00718	00601 00603 01100
K00719	00601 00603 01100
K00720	00600 01100
K00721	00510 01100
K00722	00603 01100
K00725	00600 00604 01100
K00726	00510 00513 01100
K00727	00512 01100
K00728	00514 00515 01100
K00729	00510 01100
K00730	00510 00513 01100 04141
K00731	00512 00514 01100
K00733	00532 00534 01100
K00734	00532 00534 01100
K00735	00515 01100
K00736	00510 00513 01100
K00737	00510 01100
K00738	00510 00513 01100
K00739	00512 01100
K00741	00533 00601 01100
K00742	00601 01100
K00743	00601 01100
K00744	00510 01100
K00746	00532 01100
K00747	00532 01100
K00748	00540 01100
K00750	00500 01100 01110
K00753	00513 01100
K00756	00240 01100 01232
K00757	00240 00983 01100 01232
K00758	00240 00983 01100 01232 05219
K00759	00230 01100 01232
K00760	00230 00983 01100 01110 01232
K00761	00240 01100 01232
K00762	00240 01100 01240
K00763	00760 01100 01240
K00764	00230 00250 01100 01110
K00765	00340 01100 01110 01230
K00766	00400 01100 01110 01230
K00767	00760 01100 01240
K00768	00860 01100 01240
K00769	00230 01100 01110 01232
K00770	00520 01100
K00771	00532 00534 01100
K00772	00270 01100
K00778	00510 00514 01100
K00779	00510 00514 01100
K00780	00512 00533 00603 00604 01100
K00781	00513 00514 00515 00533 00601 01100
K00787	00900 01100 01110 05164 05166
K00788	00730 01100 01240
K00789	00270 00999 01100 01110 01230 01240
K00790	00520 00550 01100 01250
K00791	00908 01100 01110
K00793	00740 01100 01110 01240
K00794	00740 01100 01110 01240
K00795	00900 01100 01110
K00796	00790 01100 01240
K00797	00270 00330 00480 01100
K00798	00860 01100 01240
K00799	00480 00980 00982 00983 01100 01524 04212 05200 05204 05207 05208 05225 05418
K00800	00400 01100 01110 01230
K00801	00100 00909 01100 01110
K00802	00270 00330 00480 01100
K00803	00565 01100 04146
K00804	00900 01100 01110
K00805	00900 01110
K00806	00550 00900 01110
K00807	00590 01100
K00808	00960 01110
K00811	00220 00250 00270 00330 00350 00360 00400 00950 00960 01100 01110 01210 01230
K00812	00220 00250 00270 00330 00350 00360 00400 00401 00950 00960 01100 01110 01210 01230
K00813	00220 00250 00270 00330 00350 00360 00400 00401 00950 00960 01100 01110 01210 01230
K00814	00220 00250 00710 01100 01120 01200 01210 01230
K00815	00130 00270 00350 00360 00400 00401 00950 00960 01100 01110
K00816	00270 00380 00450 01100 01110
K00817	00340 00350 00360 00400 00401 00960 01100 01110 01230
K00818	00220 01100 01110 01210 01230
K00819	00330 01100 01110
K00820	00250 00520 01100 01250 04931 05415
K00821	00220 00300 01100 01110 01120 01210 01230
K00822	00280 00410 00640 01100
K00823	00250 00410 00640 00650 01100 01120
K00824	00310 00330 00360 00470 01100
K00825	00300 00310 00380 01100 01110 01210
K00826	00270 00280 00290 00770 00966 01100 01110 01210 01230 01240
K00827	00250 00260 00270 00280 01100 01110
K00830	00250 00260 00630 00680 01100 01110 01120 01200 04146
K00831	00260 00270 00680 00750 01100 01110 01120 01200 01230 01240
K00832	00270 00350 00360 00400 00401 00950 00960 01100 01110 01230
K00833	00780 01100 01240
K00835	00290 01100 01110
K00836	00260 01100 01120 01210 01230
K00837	00270 00380 01100
K00838	00130 00270 00300 00350 00360 00380 00400 00401 00950 00960 01100 01110 01210 01230
K00839	00230 01100
K00840	00330 01100
K00841	00300 01100 01110 01230
K00844	00010 00051 00052 00500 00520 00521 00524 01100 01110 01120 01200 01250 04066 04910 04930 04973 05131 05230
K00845	00010 00052 00500 00520 00521 00524 01100 01110 01120 01200 01250
K00846	00051 01100 01120
K00847	00051 00500 00520 01100 01110 01250
K00848	00040 00051 01100 01120
K00849	00052 00520 01100 01250
K00850	00010 00030 00051 00052 00680 01100 01110 01120 01200 01230 03018 04066 04152 04919 04922 05230
K00851	00030 01100 01110 01120 01200
K00852	00030 01100
K00853	00040 01100
K00854	00040 01100
K00855	00710 01100 01120 01200
K00856	00230 01100 01232
K00857	00240 00983 01100 01232
K00858	00760 01100 01240
K00859	00770 01100 01240
K00860	00230 00920 01100 01120
K00861	00740 01100 01110 01240
K00863	00051 00561 00680 01100 01120 01200 04622
K00864	00561 01100 03320 04626
K00865	00260 00561 00630 01100 01110 01120
K00866	00564 01100
K00867	00770 01100 01240
K00868	00750 01100 01240
K00869	00900 01100 01110 04146
K00871	04020 04910 04922
K00872	00260 01100 01110 01120 01230
K00873	00010 00620 01100 01110 01120 01200 01230 04922 04930 05165 05203 05230
K00874	00030 01100 01120 01200
K00875	00040 01100
K00876	00240 00983 01100 01232
K00877	00730 01100 01240
K00878	00730 00740 01100 01240
K00879	00040 00051 01100 01120
K00880	00040 00053 01100
K00881	00051 01100 01120
K00882	00051 01100 02060
K00883	00052 01100
K00884	00520 01100 01250
K00885	00520 01100
K00886	00010 00520 01100 01110 01120 01200 01250
K00887	00550
K00888	00562 01100 04011 04070
K00889	00562 01100 04011 04070 04072 04139 04144 04510 04666 04810 05135 05231
K00891	00400 01100 01110 01230
K00892	00230 01100 01232
K00893	00230 00240 01100 01232
K00894	00564 01100
K00895	00010 00030 00051 01100 01110 01120
K00898	05415
K00899	00270 01100
K00900	00051 01100
K00901	00561 00564 01100 01110 04070 04072 04361 05231
K00902	00510 01100
K00904	00230 01100 01232
K00907	04020 04022 04270 04371 04510 04611 04810 04921 04971
K00908	05034
K00909	04062 04144 04744
K00910	04062 04144 04340 04724 04740 04745 05032
K00911	00562 01100 04020 04070
K00912	00540 01100
K00913	00562 01100 04070
K00914	00562 01100 04070 04136 04138 04140 04145 04371 05010 05014 05016 05017 05022 05131 05132 05152 05167
K00915	00562 01100 04070 04138
K00917	00052 01100
K00918	00010 00030 00680 01100 01110 01120 01200 01230
K00919	00900 01100 01110
K00920	00562 01100 04070 04810
K00921	00562 01100 04070 04145 04810
K00922	00562 01100 01521 01522 01524 04012 04014 04015 04024 04062 04066 04068 04070 04071 04072 04140 04150 04151 04152 04210 04211 04212 04213 04218 04360 04361 04370 04380 04510 04550 04611 04613 04620 04625 04630 04650 04660 04662 04664 04666 04668 04670 04722 04725 04750 04810 04910 04914 04915 04917 04919 04923 04926 04929 04930 04931 04932 04933 04935 04960 04973 05010 05017 05020 05100 05131 05132 05135 05142 05146 05160 05161 05162 05163 05164 05165 05166 05167 05168 05169 05170 05171 05200 05203 05205 05206 05207 05208 05210 05211 05212 05213 05214 05215 05218 05220 05221 05222 05223 05224 05225 05226 05230 05231 05235 05415 05417 05418
K00923	00562 01100 04070 05132
K00925	00430 00620 00640 00680 00720 01100 01120 01200
K00926	00220 00230 00910 01100 01120 01200
K00927	00010 00710 01100 01110 01120 01200 01230 04066
K00928	00260 00261 00270 00300 01100 01110 01120 01210 01230
K00929	00650 01100
K00930	00220 01100 01110 01210 01230
K00931	00330 00332 01100 01110 01230
K00932	00640 01100
K00933	00330 01100
K00934	00330
K00937	00190 03018
K00938	00900 01100 01110
K00939	00230 00730 01100 01110 01232 01240
K00940	00230 00240 00983 01100 01110 01232 01240 04016
K00941	00730 01100 01240
K00942	00230 01100 01232
K00943	00240 01100 01232
K00944	00230 01110 01232 01240
K00945	00240 01100 01232
K00946	00730 01100 01240
K00948	00030 00230 01100 01110 01120 01200 01230
K00949	00730 01100 01240
K00950	00790 01100 01240
K00951	00230 01100
K00952	00760 01100
K00953	00740 01100 01110 01240
K00954	00770 01100 01240
K00955	00230 00261 00450 00920 01100 01110 01120
K00956	00230 00261 00450 00920 01100 01110 01120
K00957	00230 00261 00450 00920 01100 01110 01120
K00958	00230 00261 00450 00920 01100 01110 01120
K00960	03020
K00962	03018
K00963	00040 00052 00500 00520 00541 01100 01110 01240 01250
K00965	00052 00520 01100 01250 04917
K00966	00051 00520 01100 01110 01240 01250
K00967	00440 00564 01100
K00968	00440 00564 01100 05231
K00969	00760 01100 01240
K00970	03018
K00971	00051 00520 00541 01100 01110 01250
K00972	00520 01100 01250
K00973	00521 00523 00525 00541 01100 01110 01250
K00975	00500 00520 01100 01110 01250 02026
K00976	00051 00520 01100 01250
K00977	03450 04640
K00978	00500 00520 00541 01100 01250
K00979	00540 01100 01250
K00980	00564
K00981	00564 01100 01110 04070
K00983	00520 00541 01100 01250
K00985	03230 03240
K00988	00230 00920 01100 01120
K00990	02020
K00991	00900 01100 01110
K00992	00520 01100 01250
K00993	00440 00564 00565 01100 01110
K00994	00440 00564 00565 01100 05231
K00995	00564 01100
K00997	00770 01100
K00998	00260 00564 01100 01110
K00999	00562 00564 01100 04070
K01000	00550 01100 01502
K01001	00510 01100
K01003	00620 01100
K01004	00564 01110
K01005	00552
K01006	00010 00620 00710 00720 01100 01110 01120 01200
K01007	00010 00620 00680 00720 01100 01110 01120 01200
K01008	00450 01100
K01011	00270 00920 01100 01120 04122
K01012	00780 01100 01240
K01014	05204
K01015	00140 01100
K01016	00140 01100
K01017	00532
K01019	00565 00600 01100
K01020	00532
K01022	00533
K01024	00534
K01026	00620 00640 00643 01100 01120
K01027	00280 00650 01100
K01028	00280 00650 01100
K01029	00280 00650 01100
K01031	00362 01100 01120
K01032	00362 01100 01120
K01034	00310 00627 00650 01100 01120 02020
K01035	00310 00627 00650 01100 01120 02020
K01039	00643 00650 01100 01120
K01040	00643 00650 01100 01120
K01042	00450 00970 01100
K01044	00983
K01046	00561 01100
K01047	00564 00565 00590 00591 00592 01100 01110 04014 04270 04972 04975
K01048	00564
K01049	00564 04725
K01051	00040 01100 02020
K01052	00100 04142 04979
K01053	00030 00053 00930 01100 01110 01120 01200 01220 01240
K01054	00561 01100 04714 04723 04923
K01055	00362 01100 01120 01220
K01057	00030 01100 01110 01120 01200
K01058	00564 00565 00590 00591 00592 01100 01110
K01059	00561 03320 04979 05010
K01060	00311 01110
K01061	00361 00364 00623 01100 01120
K01062	00565 01100
K01063	00981
K01064	04150 04310 04390 04550 04916 04934 05010 05022 05165 05200 05205 05217 05224 05225 05226
K01067	00620 01100
K01068	00062 01040 01100 01110 04913
K01069	00620 01100
K01070	00680 01100 01120 01200
K01071	00061 01100
K01074	00062 01100 01212 04142
K01075	00130 00362 01100 01110 01120
K01077	00730 00790 01100 01240 02020
K01078	00730 00740 01100
K01079	00260 00680 01100 01110 01120 01200 01230
K01080	00561 00564 00565 00600 01100 01110 04072 04666 04975 05231
K01081	00230 00240 00760 01100 01110 01232
K01082	00920 01100 01120
K01083	00562 01100
K01084	00010 00052 00500 01100 01110 04068 04151 04152 04910 04920 04922 04931 04973
K01085	00010 01120
K01086	00010 00030 00051 00680 00710 01100 01110 01120 01200
K01087	00500 01100 01110
K01089	00340 01100 01110 01230
K01091	00630 01100 01110
K01092	00521 00562 01100 01110 04070
K01093	00562 00740 01100
K01094	00564 01100
K01095	00564 01100
K01096	00564 01100
K01097	00520 01100 01250
K01099	00562 01100 04070
K01100	00710 01100 01120 01200
K01101	00627 01120
K01103	00051 01100 04066 04152
K01106	00562 01100 04070 04910
K01107	00562 01100 04070
K01108	00562 01100 04070
K01109	00562 01100 04070
K01110	00562 01100 01521 04068 04070 04071 04115 04140 04150 04151 04212 04218 04361 04510 04931 05165 05166 05200 05206 05208 05213 05214 05215 05218 05222 05224 05225 05230 05235 05415
K01113	00790 01100 01240 02020
K01114	00562 00564 00565 01100 01110 02024 04919
K01115	00564 00565 01100 01110 04014 04024 04071 04072 04144 04666 04724 04912 04928 05200 05208 05212 05231
K01116	00562 01100 01521 04012 04014 04015 04020 04062 04064 04066 04070 04072 04360 04370 04613 04650 04658 04659 04660 04664 04666 04670 04722 04750 04919 04933 04935 05012 05022 05110 05120 05131 05135 05167 05170 05171 05200 05205 05206 05214 05223 05225 05231 05235 05417
K01117	00600 01100
K01119	00230 00240 01100
K01120	00230 01100
K01122	00565 01100
K01123	00600 01100
K01125	04142
K01126	00564
K01127	00563 01100
K01129	00230 01100 01232
K01130	00600 01100
K01131	00140 01100
K01132	00531 01100 04142
K01134	00600 01100 04142
K01135	00531 01100 04142
K01136	00531 01100 04142
K01137	00531 01100 04142
K01139	00230 01100
K01141	03430
K01142	03410
K01148	03018
K01151	03410
K01158	04142
K01159	03440
K01164	03008
K01165	04621 05160 05164 05168
K01173	04210
K01176	00500 01100 01110 04970 04972 04973
K01177	00500 01100 01110
K01178	00500 01100
K01179	00500 01100 02020
K01182	00052 00500 01100
K01183	00520 01100
K01184	00040 01100
K01186	00511 00600 01100 04142
K01187	00052 00500 01100 01110
K01188	00460 00500 00999 01100 01110
K01189	00052 00561 00600 00603 01100 04142
K01190	00052 00511 00600 01100
K01191	00511
K01192	00511 04142
K01193	00052 00500 01100 01110
K01194	00500 01100 01110
K01195	00040 00053 00531 00860 00944 00983 01100 01110 01240 04142
K01196	00500 01100 01110
K01197	00531 01100 04142
K01198	00520 01100
K01199	00500 01100
K01200	00500 01100 01110
K01201	00511 00600 01100 04142
K01202	00600 01100 04142
K01203	00052 00500 01100 01110 04973
K01204	00603 01100 04142
K01205	00531 01100 04142
K01206	00511 04142
K01207	00520 00531 01100 01501
K01208	00500 01100 01110
K01209	00520 01100
K01210	00500 01100
K01212	00500
K01213	00040 01100
K01214	00500 01100 01110
K01217	00531 01100 04142
K01218	00051 01100 02024
K01220	00052 01100
K01222	00010 00500
K01223	00010 00500
K01225	00500 01100
K01226	00500 01100
K01227	00511
K01228	00510 01100 04141
K01229	00052 01100 04973
K01230	00510 00513 01100 04141
K01231	00510 00513 01100
K01232	00500 01100
K01233	00520 01100
K01236	00500 01100 01110
K01237	00380 01100
K01239	00230 01100 01110 01232
K01240	00240 00760 01100 01232
K01241	00230 01100 01232
K01242	00760 01100 04020 04640 04921 04970 04972
K01243	00270 01100 01230
K01244	00270 01100
K01246	03410
K01247	03410
K01250	00240 01100 01232
K01251	00270 01100
K01252	01053 01110
K01253	00980 04976 05204 05207 05208
K01254	00590 01100
K01255	00480 01100
K01256	00480 01100
K01257	04614
K01259	00330 01100
K01270	00480 01100
K01275	04142 04210
K01278	04974
K01279	04142
K01283	04614 04924 05142 05171 05410 05415
K01285	04614 04974
K01291	04972 04974
K01294	04940
K01298	04972 04974
K01300	04610 04972 04974
K01307	00790 01240 01523
K01310	04972 04974
K01312	04080 04972 04974 05164
K01313	04072 04080 04610 04611 04810 05130 05171 05200
K01314	04610
K01315	04080 04610 05150 05164
K01318	02024
K01319	04080 04142 04613 04614 05146 05322
K01320	04610
K01321	04610
K01322	04614
K01323	04610
K01324	04610
K01325	04614 04961
K01327	04613 05202 05322
K01328	04610
K01329	04614 05415
K01330	04145 04610 05133 05150 05171 05322
K01331	04610 05133 05150 05171 05322
K01332	04610 04936 05133 05150 05171 05322
K01333	04610 05150
K01334	04610 05150 05171
K01335	04610 05150 05171
K01336	04138
K01338	04112
K01340	05164
K01343	04371 04610 05202 05215 05418
K01344	04610
K01345	04972 04974
K01346	04972 04974
K01348	04064 04610 05202 05205 05206 05215
K01349	03250
K01351	05200 05215
K01352	04080
K01353	04210 04650 04940 05202 05320 05330 05332
K01354	05142 05143
K01357	04150 04310 04390 04550 04916 04934 05010 05022 05165 05200 05205 05217 05224 05225 05226
K01358	04112 04212
K01363	04140 04142 04210 04612 04621 04924
K01364	01503 02024
K01365	04140 04142 04145 04210 04612 05205 05323 05418
K01366	04142 04210
K01367	04141 04210 04217 04218 05010 05022 05131
K01368	04142 04145 04210 04612 05152
K01369	04142 04612
K01370	04217 04613 04621 04623 04625 05014 05130 05131 05132 05133 05134 05135 05164 05171 05417
K01371	04142 04210 04380 04620 05323
K01373	04142 04210 04626
K01374	04142 04210
K01375	04142 04210
K01379	04071 04140 04142 04210 04915 05152 05415
K01380	04614 04924 05415
K01381	04138
K01382	04142
K01383	04011
K01384	04150 04310 04390 04550 04916 04934 05010 05022 05165 05200 05205 05217 05224 05225 05226
K01388	03320 04657 04926 05171 05200 05219 05323 05417
K01389	04614 04640 04974 05010
K01392	04614 05143
K01393	04614
K01394	04657 04668 05171 05202 05215 05323 05417
K01395	04974
K01397	04310 05166
K01398	01522 04670 04912 04915 04926 04933 05200 05205 05219 05415 05418
K01399	01503 02024
K01401	01503 05150
K01403	01522 04657 04668 04670 04915 04926 05161 05200 05202 05205 05206 05215 05219 05415 05417 05418
K01404	05140 05143
K01406	01503
K01408	05010
K01424	00250 00460 01100 01110
K01425	00220 00250 00470 01100 02020 04724 04727 04964 05206 05230
K01426	00330 00360 00380 00627 00643 01100 01120
K01427	00220 00230 00791 01100 01120
K01428	00220 00230 00791 01100 01120 05120
K01429	00220 00230 00791 01100 01120
K01430	00220 00230 00791 01100 01120
K01431	00240 00410 00770 00983 01100
K01432	00380 00630 01100 01240
K01433	00630 00670 01100
K01434	00311 01110
K01435	00780 01100 04977
K01437	00250 00340 01100
K01438	00220 01100 01110 01210 01230
K01439	00300 01100 01120 01230
K01440	00760 01100 01240 04213
K01441	00600 01100 04071
K01442	00120 00121 01100
K01443	00520 01100
K01444	00511 04142
K01446	04624
K01448	01503
K01451	01100
K01452	00520 01100
K01453	00930 01120
K01455	00460 00630 00910 01100 01200
K01456	04141
K01457	00220 00791 01100 01120
K01458	00340 00630 01100
K01460	00480 01100
K01464	00240 00410 00770 00983 01100
K01465	00240 01100 01240
K01466	00230 01100 01120
K01467	01501 02020
K01468	00340 01100
K01469	00480 01100
K01470	00330 01100
K01471	00930 01120
K01473	00330 01100
K01474	00330 01100
K01476	00220 00330 01100 01110 01230 05146
K01477	00230 01100 01120
K01478	00220 01100 01110
K01479	00340 01100
K01480	00330 01100
K01483	00230 01100
K01484	00330 01100
K01485	00240 00330 01100 01232
K01486	00230 01100 01232
K01487	00230 01100 01232
K01488	00230 01100 01232 05340
K01489	00240 00983 01100 01232
K01490	00230 01100 01110 01232
K01491	00670 00720 01100 01120 01200 01240
K01492	00230 00670 01100 01110
K01493	00240 01100 01232
K01494	00240 01100 01232
K01495	00790 01100 01240
K01496	00340 01100 01110 01230
K01497	00740 00790 01100 01110 01240 02024
K01498	00740 01100 01110 01240
K01499	00680 01100 01120 01200
K01500	00670 00720 01100 01200 01240
K01501	00380 00460 00627 00643 00910 01100 01120
K01502	00643 01120
K01505	00270 01100
K01506	00310 01100 01120
K01507	00190
K01509	00230 01100 01110 01232 04742
K01510	00230 00240 01100 01110 01232 05169
K01511	00230 00240 01100 01232
K01512	00620 00627 01100 01120
K01513	00230 00240 00500 00740 00760 00770 01100 01110 01232
K01514	00230 01100
K01515	00230 00740 01100
K01516	03230 03240
K01517	00230 00564 01100
K01518	00230 00240 01100
K01519	00230 00983 01100 01232
K01520	00240 00983 01100 01232
K01521	00564 01110
K01522	00230 01100 05222 05223
K01523	00340 01100 01110 01230
K01524	00230 01100
K01525	00230 01100
K01527	04214
K01528	04072 04144 04721 04961 05100
K01529	00230 01100 01232
K01535	00190 01100
K01538	04022 04024 04260 04261 04911 04918 04919 04960 04961 04964 04970 04972 04973 04974 04976 04978
K01539	04022 04024 04260 04261 04911 04918 04919 04925 04960 04961 04964 04970 04971 04972 04973 04974 04976 04978
K01540	04022 04024 04260 04261 04911 04918 04919 04925 04960 04961 04964 04970 04971 04972 04973 04974 04976 04978
K01542	00190 01100 04966 04971
K01543	00190 01100 04966 04971
K01544	00190 01100
K01545	02020
K01546	02020
K01547	02020
K01548	02020
K01549	00190 01100
K01555	00350 00643 01100 01120
K01556	00380 01100 01240
K01557	00350 01100 01120
K01558	04150 04310 04390 04550 04916 04934 05010 05022 05165 05200 05202 05205 05217 05224 05225 05226
K01560	00361 00625 01100 01120
K01561	00361 00625 01100 01120
K01562	04919
K01563	00361 00625 01100 01120
K01565	00531 01100 04142
K01568	00010 01100 01110
K01569	00630 01100
K01571	00620 01100
K01573	00620 01100
K01574	00650 01100
K01575	00650 00660 01110
K01576	00627 01120
K01577	00630 01100
K01578	00410 00640 01100 04146 04152 04936
K01579	00410 00770 01100 01110 01240
K01580	00250 00410 00430 00650 01100 01110 01120 02024 04727 04940
K01581	00330 00480 01100 01110
K01582	00310 00960 01100 01110 01120
K01583	00330 01100
K01584	00330 01100
K01585	00330 01100
K01586	00300 00470 01100 01110 01120 01230
K01587	00230 01100 01110
K01588	00230 01100 01110
K01589	00230 01100 01110
K01590	00340 01100 01110
K01591	00240 01100 01240
K01592	00350 00950 01100 01110
K01593	00350 00360 00380 00901 00950 00965 01100 01110 04361 04726 04728 05030 05031 05034
K01595	00620 00680 00710 00720 01100 01120 01200
K01596	00010 00020 00620 01100 01110 01120 03320 04068 04151 04152 04910 04920 04922 04931 04964
K01597	00900 01100 01110
K01598	00770 01100 01240
K01599	00860 01100 01110 01240
K01601	00630 00710 01100 01110 01120 01200
K01602	00630 00710 01100 01110 01120 01200
K01607	00362 01100 01120 01220
K01608	00630 01100
K01609	00400 01100 01110 01230
K01610	00010 00020 00620 00710 01100 01110 01120 01200
K01611	00270 00330 01100
K01612	00627 01120 01220
K01613	00564 01100 01110
K01615	00362 00650 01100 01120
K01616	00020 00630 01100 01110 01120 01200
K01617	00362 00621 00622 01100 01120 01220
K01618	00350 01100
K01619	00030 01100
K01620	00260 01100 01110 01120 01230
K01621	00030 00710 01100 01120
K01622	00010 00030 00051 00680 01100 01110 01120 01200 01230
K01623	00010 00030 00051 00680 00710 01100 01110 01120 01200 01230 04066
K01624	00010 00030 00051 00680 00710 01100 01110 01120 01200 01230
K01625	00030 00630 01100 01120 01200
K01626	00400 01100 01110 01230 02024
K01627	00540 01100 01250
K01628	00040 00051 01100 01120
K01629	00040 00051 01100 01120
K01630	00053 01100
K01631	00052 01100
K01633	00790 01100 01240
K01634	00600 01100 04071
K01635	00052 01100 02024
K01637	00630 01100 01110 01120 01200
K01638	00620 00630 01100 01110 01120 01200
K01639	00520 01100
K01640	00280 00281 00650 01100 01110 04146
K01641	00280 00650 00900 01100 01110 03320
K01643	02020
K01644	02020
K01645	04310
K01646	02020
K01647	00020 00630 01100 01110 01120 01200 01210 01230
K01648	00020 00720 01100 01110 01120
K01649	00290 00620 01100 01110 01210 01230
K01652	00290 00650 00660 00770 01100 01110 01210 01230
K01653	00290 00650 00660 00770 01100 01110 01210 01230
K01654	00520 00541 01100 01250
K01655	00300 00620 01100 01110 01120 01210 01230
K01656	00400 01100 01110 01230
K01657	00400 00405 01100 01110 01230 02024 02025
K01658	00400 00405 01100 01110 01230 02024 02025
K01659	00640 01100
K01661	00130 01100 01110 01240
K01662	00730 00900 01100 01110
K01663	00340 01100 01110 01230
K01664	00790 01240
K01665	00790 01240
K01666	00360 00362 00621 00622 01100 01120 01220
K01667	00380 01100
K01668	00350
K01670	00626 01120 01220
K01672	00910 01100
K01673	00910 01100
K01674	00910 01100
K01675	00020 00620 00720 01100 01110 01120
K01676	00020 00620 00720 01100 01110 01120 01200
K01677	00020 00620 00720 01100 01110 01120 01200
K01678	00020 00620 00720 01100 01110 01120 01200
K01679	00020 00620 00720 01100 01110 01120 01200 04934 05200 05211
K01681	00020 00630 00720 01100 01110 01120 01200 01210 01230
K01682	00020 00630 00640 00720 01100 01110 01120 01200 01210 01230
K01683	00053 01100
K01684	00052 01100 01120
K01685	00040 01100
K01686	00040 01100
K01687	00290 00770 01100 01110 01210 01230
K01689	00010 00680 01100 01110 01120 01200 01230 03018 04066
K01690	00030 01100 01120 01200
K01691	04310
K01692	00071 00280 00281 00310 00360 00362 00380 00410 00627 00640 00650 00903 00930 01100 01110 01120 01212
K01693	00340 01100 01110 01230
K01694	00260 00400 01100 01110 01230
K01695	00260 00400 01100 01110 01230
K01696	00260 00400 01100 01110 01230
K01697	00260 00270 01100 01110 01230
K01698	00860 01100 01110 01120 01240
K01699	00640 01100
K01702	00290 01100 01110 01210 01230
K01703	00290 00660 00966 01100 01110 01210 01230
K01704	00290 00660 01100 01110 01210 01230
K01705	00300 01100 01110 01120 01210 01230
K01706	00053 01100
K01707	00053 01100
K01708	00053 01100
K01709	00520 00541 01100 01250
K01710	00521 00523 00525 00541 01055 01100 01110 01250
K01711	00051 00520 00541 01100 01250
K01712	00340 01100
K01713	00400 01100 01110 01230
K01714	00261 00300 01100 01110 01120 01230
K01715	00650 01200
K01716	00061 01100 01212
K01719	00860 01100 01110 01120 01240
K01720	00640 01100
K01721	00364 00380 00627 00643 01100 01120
K01723	00592 01100 01110
K01724	00790 01100
K01725	00910 01100
K01728	00040 01100 02024
K01729	00051 01100
K01730	00040 01100
K01731	00040 01100
K01733	00260 00750 01100 01110 01120 01230
K01734	00640 01100 01120
K01735	00400 01100 01110 01230
K01736	00400 01100 01110 01230
K01737	00790 01100 01240
K01738	00270 00920 01100 01110 01120 01200 01230
K01739	00270 00450 00920 01100 01110 01230
K01740	00270 01100
K01742	00950 01100 01110
K01743	00910 01100
K01744	00250 01100
K01745	00340 01100
K01746	00670 01100
K01749	00860 01100 01110 01120 01240
K01750	00330 01100 01110 01230
K01752	00260 00270 01100 01110 01200 01230
K01753	00260 00470 01100
K01754	00260 00290 01100 01110 01200 01230
K01755	00220 00250 01100 01110 01230
K01756	00230 00250 01100 01110 01232 01240
K01757	00901 01100 01110
K01758	00260 00270 00450 01100 01110 01230
K01759	00620 01100
K01760	00270 00450 01100 01110 01230
K01761	00270 00450 01100
K01762	00270 01100 01110
K01763	00450 01100
K01764	00860 01100
K01765	00562 01100
K01767	00270 01100
K01768	00230 01100 02025 04113 04213
K01769	00230 01100
K01770	00900 01100 01110
K01771	00562 01100
K01772	00860 01100 01110 01240
K01774	00020 00620 00720 01100 01110 01120
K01775	00470 01100 01502
K01776	00470 01100
K01777	00330 00470 01100
K01778	00300 00470 01100 01110 01120 01230
K01779	00250 00470 01054 01100
K01780	00470 01100
K01781	00627 01120
K01782	00071 00280 00281 00310 00362 00380 00410 00640 00650 00903 00930 01100 01110 01120 01200 01212
K01783	00030 00040 00710 01100 01110 01120 01200 01230
K01784	00052 00520 00541 01100 01250
K01785	00010 00052 01100 01110 01120
K01787	00520 01100
K01788	00520 01100
K01790	00521 00523 00541 01100 01110 01250
K01791	00520 00541 01100 01250 02020 05111
K01792	00010 01100 01110 01120
K01793	00534 01100
K01794	00532 01100
K01795	00051 01100
K01796	00120 01100 04146
K01798	00300 00470 00550 01100 01502
K01799	00650 00760 01100 01120
K01800	00350 00643 01100 01120
K01801	00350 01100 01120
K01803	00010 00051 00562 00710 01100 01110 01120 01200 01230
K01804	00040 01100
K01805	00040 00051 01100
K01807	00030 00710 01100 01110 01120 01200 01230
K01808	00030 00051 00710 01100 01110 01120 01200 01230
K01809	00051 00520 00541 01100 01110 01240 01250
K01810	00010 00030 00500 00520 01100 01110 01120 01200 01250
K01812	00040 01100
K01813	00051 01100 01120
K01814	00340 01100 01110 01230
K01815	00040 01100
K01816	00630 01100
K01817	00400 01100 01110 01230
K01818	00040 00051 01100 01120
K01819	00052 01100
K01820	00040 00051 01100 01120
K01821	00362 00621 00622 01100 01120 01220
K01822	00984 01100 01120
K01823	00900 01100 01110
K01824	00100 01100 01110
K01825	00071 00280 00281 00310 00362 00380 00410 00640 00650 00903 00930 01100 01110 01120 01200 01212
K01826	00350 01100 01120 01220
K01827	00350 01100 04916
K01830	00590 01100
K01831	00590 01100
K01832	00590 01100 04611
K01833	00480 01100
K01834	00010 00260 00680 01100 01110 01120 01200 01230 04922 05230
K01835	00010 00030 00052 00230 00500 00520 00521 01100 01110 01120 01250
K01836	00520 01100 01250
K01837	00010 00260 01100 01110 01120
K01838	00500
K01839	00030 00230 01100
K01840	00051 00520 00541 01100 01110 01250
K01841	00440 00998 01100 01110 01120
K01843	00310 01100
K01844	00310 00470 01100
K01845	00860 01100 01110 01120 01240
K01846	00630 00660 01100 01120 01200
K01847	00280 00630 00640 00720 01100 01120 01200
K01848	00280 00630 00640 00720 01100 01120 01200
K01849	00280 00630 00640 00720 01100 01120 01200
K01850	00400 01100 01110 01230
K01851	00130 01053 01100 01110
K01852	00100 01100 01110
K01853	00100 01100 01110
K01854	00052 00520 00541 01100 01250
K01856	00361 00362 00364 00623 01100 01120 01220
K01857	00362 01100 01120 01220
K01858	00521 00562 01100 01110
K01859	00941 01100 01110
K01860	00361 00364 00623 01100 01120
K01865	00627 01120
K01866	00970
K01867	00970
K01868	00970
K01869	00970
K01870	00970
K01872	00970
K01873	00970
K01874	00450 00970 01100
K01875	00970
K01876	00970
K01878	00970
K01879	00970
K01880	00970
K01881	00970
K01883	00970
K01884	00970
K01885	00860 00970 01100 01110 01120 01240
K01886	00970 01100
K01887	00970
K01889	00970
K01890	00970
K01892	00970
K01893	00970
K01895	00010 00620 00630 00640 00680 00720 01100 01110 01120 01200
K01896	00650 01100
K01897	00061 00071 01100 01212 02024 03320 04146 04216 04714 04920
K01899	00020 00640 01100 01110 01120 01200
K01900	00020 00640 01100 01110 01120 01200
K01902	00020 00640 00660 00720 01100 01110 01120 01200
K01903	00020 00640 00660 00720 01100 01110 01120 01200
K01904	00130 00940 01100 01110
K01905	00010 00620 00640 01100 01120
K01906	00780 01100 01240
K01907	00280 00650 01100
K01908	00640 01100
K01909	00071
K01910	02020
K01911	00130 01100 01110 01240
K01912	00360 01100 01120 05111
K01913	00010 00620 00630 00650 01100 01110 01120 01200
K01914	00250 00460 01100 01110 01230
K01915	00220 00250 00630 00910 01100 01120 01230 02020 04217 04724 04727
K01916	00760 01100 01240
K01917	00480 01100
K01918	00410 00770 01100 01110 01240
K01919	00270 00480 01100 01240
K01920	00270 00480 01100 01240
K01921	00470 00550 01100 01502
K01922	00770 01100 01240
K01923	00230 01100 01110
K01924	00550 01100
K01925	00470 00550 01100
K01928	00300 00550 01100
K01929	00300 00550 01100 01502
K01930	00790 01100 01240 01523
K01933	00230 01100 01110
K01934	00670 01100
K01935	00780 01100 01240
K01937	00240 01100 01232 01240
K01938	00670 00720 01100 01120 01200 01240
K01939	00230 00250 01100 01232 01240
K01940	00220 00250 01100 01110 01230 05418
K01941	00220 00791 01100
K01942	00780 01100
K01945	00230 01100 01110
K01946	00061 00254 00620 00640 01100 01110 01120 04152 04910 04920 04922 04931 04936
K01947	00770 00780 01100 01240
K01948	00220 00250 00910 01100 01120 01200 01230
K01950	00760 01100 01240
K01951	00230 00983 01100 01232
K01952	00230 01100 01110
K01953	00250 01100 01110 01230
K01954	00240 00250 01100 01240
K01955	00240 00250 01100 01240
K01956	00240 00250 01100 01240
K01957	00998 01100 01110
K01958	00020 00620 00720 01100 01120 01200 01230
K01959	00020 00620 00720 01100 01120 01200 01230
K01960	00020 00620 00720 01100 01120 01200 01230
K01961	00061 00620 00640 00720 01100 01110 01120 01200 01212
K01962	00061 00620 00640 00720 01100 01110 01120 01200 01212
K01963	00061 00620 00640 00720 01100 01110 01120 01200 01212
K01964	00280 00630 00640 00720 01100 01110 01120 01200
K01965	00280 00630 00640 01100 01110 01120 01200
K01966	00280 00630 00640 01100 01110 01120 01200
K01968	00280 01100
K01969	00280 01100
K01971	03450
K01972	03030 03410 03420 03430
K01977	03010
K01979	03008 03010
K01980	03010
K01981	03008 03010
K01982	03008 03010
K01983	03060
K01985	03010
K01986	03008 03010
K01988	00601 00603 01100
K01991	02020 02026
K01995	02010 02024
K01996	02010 02024
K01997	02010 02024
K01998	02010 02024
K01999	02010 02024
K02000	02010
K02001	02010
K02002	02010
K02006	02010
K02007	02010
K02008	02010
K02009	02010
K02010	02010
K02011	02010
K02012	02010
K02017	02010
K02018	02010
K02020	02010
K02031	02024
K02032	02024
K02033	02024
K02034	02024
K02035	02024
K02036	02010
K02037	02010
K02038	02010
K02040	02010 02020 05152
K02041	02010
K02042	02010
K02044	02010
K02045	00920 02010
K02046	00920 02010
K02047	00920 02010
K02048	00920 02010
K02052	02024
K02053	02024
K02054	02024
K02055	02024
K02062	02010
K02063	02010
K02064	02010
K02065	02010
K02066	02010
K02067	02010
K02071	02010
K02072	02010
K02073	02010
K02078	00998 01100 01110
K02079	00052 01100
K02082	00052 01100
K02083	00230 01100 01120
K02084	01524 04115 04210 04214 04215 05010 05012 05014 05016 05020 05022 05134 05152 05160 05161 05162 05164 05168 05169 05200 05222 05417
K02085	04310 04390 04550 04810 04934 05010 05022 05165 05200 05206 05210 05213 05217 05224 05225 05226
K02087	04110 04114 04115 04218 04540 04914 05170 05203
K02089	01522 04110 04115 04151 04218 04530 04660 04933 04934 05160 05162 05163 05164 05165 05166 05167 05169 05200 05203 05212 05214 05218 05219 05220 05222 05223 05224 05225
K02090	04360 05010 05022 05030
K02091	04110 04115 04151 04218 04934 05160 05162 05163 05164 05165 05167 05169 05200 05203 05206 05212 05214 05218 05220 05222 05223 05224 05225
K02092	00196 01100
K02093	00196 01100
K02094	00196 01100
K02095	00196 01100
K02096	00196 01100
K02097	00196 01100
K02098	04320
K02104	04013 04320
K02105	04015 04310 04390 04510 04520 04550 04670 04916 04919 04934 04936 05010 05022 05100 05132 05160 05163 05165 05167 05200 05205 05210 05213 05215 05216 05217 05224 05225 05226 05412 05418
K02106	02020
K02107	00190 01100
K02108	00190 00195 01100
K02109	00190 00195 01100
K02110	00190 00195 01100
K02111	00190 00195 01100
K02112	00190 00195 01100
K02113	00190 00195 01100
K02114	00190 00195 01100
K02115	00190 00195 01100
K02117	00190 01100
K02118	00190 01100
K02119	00190 01100
K02120	00190 01100
K02121	00190 01100
K02122	00190 01100
K02123	00190 01100
K02124	00190 01100
K02125	00190 01100 04714 05010 05012 05014 05016 05020 05022 05208 05415
K02126	00190 01100 04714 05010 05012 05014 05016 05020 05022 05208 05415
K02127	00190 01100 04714 05010 05012 05014 05016 05020 05022 05208 05415
K02128	00190 01100 04714 05010 05012 05014 05016 05020 05022 05208 05415
K02129	00190 01100 04714
K02130	00190 01100 04714
K02131	00190 01100 04714 05010 05012 05014 05016 05020 05022 05208 05415
K02132	00190 01100 04714 05010 05012 05014 05016 05020 05022 05208 05415
K02133	00190 01100 04714 05010 05012 05014 05016 05020 05022 05208 05415
K02134	00190 01100 04714 05010 05012 05014 05016 05020 05022 05208 05415
K02135	00190 01100 04714 05010 05012 05014 05016 05020 05022 05208 05415
K02136	00190 01100 04714 05010 05012 05014 05016 05020 05022 05208 05415
K02137	00190 01100 04714 05010 05012 05014 05016 05020 05022 05208 05415
K02138	00190 01100 04714 05010 05012 05014 05016 05020 05022 05208 05415
K02139	00190 01100
K02140	00190 01100 04714
K02141	00190 01100
K02142	00190 01100
K02143	00190 01100
K02144	00190 01100 04142 04145 04150 04721 05110 05120 05152 05165 05323
K02145	00190 01100 04145 04150 04721 04966 05110 05120 05165 05323
K02146	00190 01100 04142 04145 04721 04966 05110 05120 05152 05165 05203 05323
K02147	00190 01100 04145 04150 04721 04966 05110 05120 05165 05323
K02148	00190 01100 04145 04150 04721 04966 05110 05120 05165 05323
K02149	00190 01100 04145 04150 04721 04966 05110 05120 05165 05323
K02150	00190 01100 04145 04150 04721 04966 05110 05120 05165 05323
K02151	00190 01100 04145 04150 04721 04966 05110 05120 05165 05323
K02152	00190 01100 04145 04150 04721 04966 05110 05120 05165 05323
K02153	00190 01100 04145 04721 04966 05110 05120 05165 05323
K02154	00190 01100 04142 04145 04721 04966 05110 05120 05152 05165 05323
K02155	00190 01100 04142 04145 04721 04966 05110 05120 05152 05165 05323
K02156	04320
K02157	04310 04390 04550 04934 05010 05022 05165 05200 05210 05213 05217 05224 05225 05226
K02158	01521 01522 01524 04012 04014 04022 04024 04062 04140 04151 04210 04370 04510 04722 04910 04919 05010 05014 05020 05022 05145 05152 05160 05161 05162 05165 05168 05170 05200 05203 05207 05208 05210 05211 05212 05213 05215 05218 05220 05221 05223 05225 05417
K02159	01521 01522 01524 04071 04115 04141 04210 04211 04215 04217 04722 04932 04933 05012 05014 05016 05020 05022 05130 05131 05132 05152 05160 05161 05162 05163 05164 05165 05166 05167 05168 05169 05170 05200 05202 05203 05210 05212 05213 05214 05216 05217 05218 05220 05222 05223 05224 05225 05226 05417
K02160	00061 00620 00640 00720 01100 01110 01120 01200 01212
K02161	01521 01522 01524 04064 04066 04071 04115 04140 04141 04151 04210 04215 04217 04261 04340 04510 04621 04630 04722 04725 04915 04928 04933 05014 05022 05131 05132 05145 05152 05161 05162 05168 05169 05170 05200 05206 05207 05210 05215 05222 05226 05417 05418
K02162	04064 04210 05202 05221
K02163	05206
K02165	04310 05010 05022
K02166	04310
K02169	00780 01100 01240
K02170	00780 01100 01240
K02171	01501
K02172	01501
K02174	04214 04320
K02175	04320
K02176	04310
K02177	04320
K02178	04110 04111 04113 04114 04914
K02179	04111
K02180	04110 04111 05166
K02181	04111
K02183	04014 04015 04016 04020 04022 04024 04070 04114 04218 04261 04270 04371 04625 04626 04713 04720 04722 04728 04740 04744 04745 04750 04910 04912 04915 04916 04921 04922 04924 04925 04970 04971 05010 05012 05022 05031 05034 05133 05152 05163 05167 05170 05200 05214 05417 05418
K02184	04320
K02185	04310
K02186	04210
K02187	01524 04010 04115 04210 04215 04650 04657 04668 04726 04932 04933 04936 05010 05012 05014 05016 05020 05022 05120 05130 05132 05133 05134 05145 05146 05152 05160 05161 05162 05163 05164 05165 05167 05168 05169 05170 05200 05203 05205 05206 05210 05222 05416 05417
K02188	00860 01100 01240
K02189	00860 01100 01240
K02190	00860 01100 01240
K02191	00860 01100 01240
K02193	02010
K02194	02010
K02195	02010
K02196	02010
K02201	00770 01100 01240
K02202	03022 03420 04110
K02203	00260 00680 01100 01110 01120 01200 01230
K02204	00260 01100 01110 01120 01230
K02206	04068 04110 04114 04115 04151 04218 04914 04934 05160 05161 05162 05165 05166 05169 05200 05203 05215 05222 05226
K02207	04120
K02209	03030 04110 04111 04113
K02210	03030 04110 04111 04113
K02211	03250 05202
K02212	03030 04110 04111 04113
K02213	04110 04111 04113 05207
K02214	04110 04111 04113
K02215	04320
K02216	04110 04111 04113 04115 04218 05166 05170 05203
K02218	04011 04392
K02219	04111 05200 05222
K02220	04011 04111 04113
K02222	04310
K02223	04710 04711 04728
K02224	00860 01100 01240
K02225	00860 01100 01240
K02226	00860 01100 01240
K02227	00860 01100 01240
K02228	00860 01100 01240
K02229	00860 01100 01240
K02230	00860 01100 01240
K02231	00860 01100 01240
K02232	00860 01100 01240
K02233	00860 01100 01240
K02235	04150 04310 04390 04550 04916 04934 05010 05022 05165 05200 05205 05217 05224 05225 05226
K02250	02024
K02251	02024
K02252	02020 02024
K02253	02020 02024
K02256	00190 01100 04260 04714 04932 05010 05012 05014 05016 05020 05022 05208 05415
K02257	00190 00860 01100 01110 01240 04714
K02258	00190 01100 04714
K02259	00190 00860 01100 01110 01240 02020 04714
K02260	00190 01100 04714
K02261	00190 01100 04260 04714 04932 05010 05012 05014 05016 05020 05022 05208 05415
K02262	00190 01100 04260 04714 04932 05010 05012 05014 05016 05020 05022 05208 05415
K02263	00190 01100 04260 04714 04932 05010 05012 05014 05016 05020 05022 05208 05415
K02264	00190 01100 04260 04714 04932 05010 05012 05014 05016 05020 05022 05208 05415
K02265	00190 01100 04260 04714 04932 05010 05012 05014 05016 05020 05022 05208 05415
K02266	00190 01100 04260 04714 04932 05010 05012 05014 05016 05020 05022 05208 05415
K02267	00190 01100 04260 04714 04932 05010 05012 05014 05016 05020 05022 05208 05415
K02268	00190 01100 04260 04714 04932 05010 05012 05014 05016 05020 05022 05208 05415
K02269	00190 01100
K02270	00190 01100 04260 04714 04932 05010 05012 05014 05016 05020 05022 05208 05415
K02271	00190 01100 04260 04714 04932 05010 05012 05014 05016 05020 05022 05208 05415
K02272	00190 01100 04260 04714 04932 05010 05012 05014 05016 05020 05022 05208 05415
K02273	00190 01100 04260 04714 04932 05010 05012 05014 05016 05020 05022 05208 05415
K02274	00190 01100
K02275	00190 01100
K02276	00190 01100
K02277	00190 01100
K02284	00196 01100
K02285	00196 01100
K02286	00196 01100
K02287	00196 01100
K02288	00196 01100
K02289	00196 01100
K02290	00196 01100
K02291	00906 01100 01110
K02292	00906 01110
K02293	00906 01100 01110
K02294	00906 01100 01110
K02295	04710
K02296	04710 04711 04728
K02297	00190 01100
K02298	00190 01100
K02299	00190 01100
K02300	00190 01100
K02302	00860 01100 01110 01120 01240
K02303	00860 01100 01110 01120 01240
K02304	00860 01100 01110 01120 01240
K02305	00910 01100 01120
K02306	04310 04391
K02307	04111
K02308	04010 04210 05012 05014 05022 05168
K02309	04111 04113
K02310	04210
K02311	04210
K02313	02020 04112
K02314	03030 04112
K02316	03030
K02317	03440
K02318	00770 01100 01240
K02319	03030
K02320	03030
K02321	03030
K02322	03030
K02323	03030
K02324	03030 03410 03420
K02325	03030 03410 03420
K02326	03030 03410 03420
K02327	03030 03410 03420 03430 03440
K02328	03030 03410 03420 03430 03440
K02329	04150 04310 04360 04390 04550 04916 04934 05010 05022 05165 05200 05205 05206 05217 05224 05225 05226
K02330	03410 05166 05203
K02332	04139
K02335	03030 03410 03420 03440
K02337	03030 03430 03440
K02338	03030 03430 03440
K02339	03030 03430 03440
K02340	03030 03430 03440
K02341	03030 03430 03440
K02342	03030 03430 03440
K02343	03030 03430 03440
K02344	03030 03430 03440
K02345	03030 03430 03440
K02350	01524 03460
K02353	04150 04310 04330 04390 04550 04916 04934 05010 05022 05165 05200 05217 05224 05225 05226
K02354	04150 04310 04390 04550 04916 04934 05010 05022 05165 05200 05205 05217 05224 05225 05226
K02358	04626
K02359	04320
K02360	04320
K02361	00130 01053 01100 01110
K02362	01053 01110
K02363	01053 01110
K02364	01053 01110
K02365	04110 04111 04113 04114 05166
K02366	00534 01100
K02367	00534 01100
K02368	00534 01100
K02369	00534 01100
K02370	00534 01100
K02371	00061 01100 01212
K02372	00061 00780 01100 01212 01240
K02373	01524 04210 04215 04217 04620 04621 04622 04624 04657 04668 04936 05010 05022 05130 05132 05142 05152 05160 05161 05162 05163 05164 05165 05167 05168 05169 05170 05200
K02374	04210
K02375	04150 04310 04390 04550 04916 04934 05010 05022 05165 05200 05205 05217 05224 05225 05226
K02376	04150 04310 04390 04550 04916 04934 05010 05022 05165 05200 05205 05217 05224 05225 05226
K02377	00051 00520 00541 01100 01250
K02386	02040
K02387	02040
K02388	02040
K02389	02040
K02390	02040
K02391	02040
K02392	02040
K02393	02040
K02394	02040
K02395	02040
K02396	02040
K02397	02040
K02398	02020 02025 02026 02040
K02399	02040
K02400	02040
K02401	02040
K02402	02020 02024 02026 02040
K02403	02020 02024 02026 02040
K02405	02020 02025 02026 02040 05111
K02406	02020 02040 04621 04626 05131 05132 05134
K02407	02040
K02408	02040
K02409	02040
K02410	02030 02040
K02411	02040
K02412	02040
K02413	02040
K02414	02040
K02415	02040
K02416	02030 02040
K02417	02030 02040
K02418	02040
K02419	02040
K02420	02040
K02421	02040
K02422	02040
K02423	02040
K02424	02010 02040
K02425	02026 02040
K02432	04150 04310 04390 04550 04916 04934 05010 05022 05165 05200 05205 05217 05224 05225 05226
K02433	00970 01100
K02434	00970 01100
K02435	00970 01100
K02437	00260 00630 01100 01110 01200
K02438	00500 01100
K02439	00920 01100 01110 01120
K02446	00010 00030 00051 00680 00710 01100 01110 01120 01200
K02447	04013 04320
K02452	03070 05111
K02453	03070 05111
K02454	03070 05111
K02455	03070 05111
K02456	03070 05111
K02457	03070 05111
K02458	03070 05111
K02459	03070 05111
K02460	03070 05111
K02461	03070 05111
K02462	03070 05111
K02463	05111
K02464	03070
K02465	03070
K02471	02010
K02472	00520 00541 01100 01250 02020 05111
K02473	00520 00541 01100 01250
K02474	00520 00541 01100 01250
K02488	02020 04112
K02489	02020
K02490	02020 02024
K02491	02020
K02492	00860 01100 01110 01120 01240
K02495	00860 01100 01110 01240
K02496	00860 01100 01110 01120 01240
K02500	00340 01100 01110 01230
K02501	00340 01100 01110 01230
K02502	00340 01100 01110 01230
K02509	00350 01100 01120
K02510	00350 01100 01120
K02512	04210
K02513	00534
K02514	00534
K02515	04011 04111
K02516	04011 04111
K02517	00540 01100
K02523	00900 01110
K02524	04320
K02527	00540 01100
K02535	00540 01100
K02536	00540 01100
K02537	04110 04111 04113 04114 04914 05166
K02539	04151 04210 04630 05206
K02540	03030 04110 04111 04113
K02541	03030 04110 04111 04113
K02542	03030 04110 04111 04113
K02543	04111 04113
K02544	04111 04113
K02545	00550 01100 01501
K02546	01501
K02547	01501
K02548	00130 01100 01110 01240
K02549	00130 01100 01110 01240
K02551	00130 01100 01110 01240
K02552	00130 01053 01100 01110 01240
K02554	00360 00362 00621 00622 01100 01120 01220
K02555	04011 04111
K02556	02020 02030 02040
K02557	02030 02040
K02560	00540 01100
K02561	04214 04215
K02563	00550 01100 01502 04112
K02564	00520 01100
K02566	00230 00240 00760 01100 01110 01232
K02567	00910 01100 01120
K02568	00910 01100 01120
K02575	00910
K02576	00534 01100
K02577	00534 01100
K02578	00534 01100
K02579	00534 01100
K02580	01523 04010 04014 04024 04062 04064 04066 04071 04151 04210 04211 04218 04380 04613 04620 04621 04622 04623 04624 04625 04657 04658 04659 04660 04662 04668 04722 04917 04920 04926 04931 04932 04933 04936 05010 05022 05030 05120 05130 05131 05132 05133 05134 05135 05140 05142 05145 05146 05152 05160 05161 05162 05163 05164 05165 05166 05167 05168 05169 05170 05171 05200 05202 05203 05206 05207 05208 05212 05215 05220 05221 05222 05235 05321 05415 05417 05418
K02581	04062 04621 04622 04623 04658 04659 04660 04662 04722 04920 05130 05131 05140 05145 05162 05164 05169 05171 05235
K02582	04010 04014 04015 04020 04060 04151 04210 04722 04750
K02583	04010 04014 04015 04060 04151 04215 04722 05202
K02584	02020
K02586	00625 00910 01100 01120
K02588	00625 00910 01100 01120
K02591	00625 00910 01100 01120
K02594	00620 01100
K02599	01522 04320 04330 04361 04658 04919 05020 05165 05200 05206 05224
K02602	04114 04320 04914
K02603	04110 04111 04113
K02604	04110 04111 04113
K02605	04110 04111 04113
K02606	04110 04111 04113
K02607	04110 04111 04113
K02608	04110 04111 04113
K02609	00360 01100 01120
K02610	00360 01100 01120
K02611	00360 01100 01120
K02612	00360 01100 01120
K02613	00360 01100 01120
K02614	00360 01100
K02615	00360 01100 01120
K02618	00360 01100 01120
K02619	00790 01240
K02620	04310 04390 04520 04550 04916 04934 04936 05132 05165 05167 05200 05210 05213 05215 05216 05217 05221 05224 05225 05226 05412
K02626	00330 01100
K02627	04111 04113
K02628	00196 01100
K02629	00196 01100
K02630	00196 01100
K02631	00196 01100
K02632	00196 01100
K02633	04710 04711 04713 05202 05221
K02634	00195 01100
K02635	00195 01100
K02636	00195 01100
K02637	00195 01100
K02638	00195 01100
K02639	00195 01100
K02640	00195 01100
K02641	00195 01100
K02642	00195 01100
K02643	00195 01100
K02646	04111
K02649	01521 01522 01524 04012 04014 04015 04024 04062 04066 04068 04070 04071 04072 04140 04150 04151 04152 04210 04211 04213 04218 04360 04370 04380 04510 04550 04611 04613 04620 04625 04630 04650 04660 04662 04664 04666 04668 04670 04722 04725 04750 04810 04910 04914 04915 04917 04919 04923 04926 04929 04930 04931 04932 04933 04935 04960 04973 05010 05017 05020 05100 05131 05135 05142 05146 05160 05161 05162 05163 05164 05165 05166 05167 05168 05169 05170 05171 05200 05203 05205 05206 05207 05208 05210 05211 05212 05213 05214 05215 05218 05220 05221 05222 05223 05224 05225 05226 05230 05231 05235 05415 05417 05418
K02650	02020
K02651	04112
K02657	02020 02025
K02658	02020 02025
K02659	02020 02025
K02660	02020 02025
K02661	02020
K02667	02020
K02668	02020
K02677	01521 04010 04011 04012 04014 04015 04020 04066 04070 04071 04072 04139 04150 04151 04261 04270 04310 04360 04370 04510 04540 04613 04650 04664 04666 04670 04713 04720 04723 04724 04725 04726 04727 04728 04730 04745 04750 04911 04912 04916 04918 04919 04921 04925 04926 04928 04929 04933 04935 04960 04961 04970 04971 04972 05017 05022 05031 05032 05110 05143 05146 05161 05163 05164 05170 05171 05200 05205 05206 05207 05214 05223 05225 05231 05415 05417
K02678	04013 04014 04218 04320 05166 05200 05211
K02683	03030
K02684	03030
K02685	03030
K02686	03440
K02689	00195 01100
K02690	00195 01100
K02691	00195 01100
K02692	00195 01100
K02693	00195 01100
K02694	00195 01100
K02695	00195 01100
K02696	00195 01100
K02697	00195 01100
K02698	00195 01100
K02699	00195 01100
K02700	00195 01100
K02701	00195 01100
K02702	00195 01100
K02703	00195 01100
K02704	00195 01100
K02705	00195 01100
K02706	00195 01100
K02707	00195 01100
K02708	00195 01100
K02709	00195 01100
K02710	00195 01100
K02711	00195 01100
K02712	00195 01100
K02713	00195 01100
K02714	00195 01100
K02716	00195 01100
K02717	00195 01100
K02718	00195 01100
K02719	00195 01100
K02720	00195 01100
K02721	00195 01100
K02722	00195 01100
K02723	00195 01100
K02724	00195 01100
K02725	03050 05010 05012 05014 05016 05017 05020 05022
K02726	03050 05010 05012 05014 05016 05017 05020 05022
K02727	03050 05010 05012 05014 05016 05017 05020 05022
K02728	03050 05010 05012 05014 05016 05017 05020 05022
K02729	03050 05010 05012 05014 05016 05017 05020 05022
K02730	03050 05010 05012 05014 05016 05017 05020 05022
K02731	03050 05010 05012 05014 05016 05017 05020 05022
K02732	03050 05010 05012 05014 05016 05017 05020 05022
K02733	03050
K02734	03050 05010 05012 05014 05016 05017 05020 05022
K02735	03050 05010 05012 05014 05016 05017 05020 05022
K02736	03050 05010 05012 05014 05016 05017 05020 05022
K02737	03050 05010 05012 05014 05016 05017 05020 05022
K02738	03050 05010 05012 05014 05016 05017 05020 05022
K02739	03050 05010 05012 05014 05016 05017 05020 05022
K02740	03050
K02741	03050
K02744	00052 01100 02060
K02745	00052 01100 02060
K02746	00052 01100 02060
K02747	00052 01100 02060
K02750	00500 02060
K02753	00010 02060
K02757	02060
K02759	00500 02060
K02760	00500 02060
K02761	00500 02060
K02765	00520 02060
K02768	00051 01100 01120 02060
K02769	00051 01100 01120 02060
K02770	00051 01100 01120 02060
K02771	00051 02060
K02773	00052 01100 02060
K02774	00052 01100 02060
K02775	00052 01100 02060
K02777	00010 00500 00520 01100 02026 02060 05111
K02779	00010 00520 01100 02060 05111
K02781	00051 01100 02060
K02782	00051 01100 02060
K02783	00051 01100 02060
K02784	02060
K02786	00052 01100 02060
K02788	00052 01100 02060
K02791	00010 00500 00520 01100 02060
K02793	00051 00520 01100 02060
K02794	00051 00520 01100 02060
K02795	00051 00520 01100 02060
K02796	00051 00520 01100 02060
K02798	00051 01100 02060
K02800	00051 01100 02060
K02804	00520 02060
K02805	00541 01100 01250
K02806	02060
K02810	00500 02060
K02812	00051 01100 02060
K02813	00051 01100 02060
K02814	00051 01100 02060
K02815	00051 01100 02060
K02819	00500 02060
K02821	00053 01100 01120 02060
K02822	00053 01100 01120 02060
K02823	00240 01100 01240
K02825	00240 01100 01232
K02826	00190 01100
K02827	00190 01100
K02828	00190 01100
K02829	00190 01100
K02830	04111 04113 04218
K02831	04111 04113
K02833	01521 01522 04010 04012 04014 04015 04062 04068 04071 04072 04137 04140 04144 04150 04151 04210 04211 04213 04218 04360 04370 04371 04510 04540 04550 04625 04630 04650 04660 04662 04664 04714 04720 04722 04725 04726 04730 04810 04910 04912 04915 04916 04917 04919 04921 04926 04929 04933 04935 05010 05022 05034 05132 05160 05161 05163 05165 05166 05167 05170 05200 05203 05205 05206 05207 05208 05210 05211 05213 05214 05215 05216 05218 05219 05220 05221 05223 05224 05225 05226 05230 05231 05235 05417
K02840	00540 01100
K02841	00540 01100
K02842	04150 04310 04390 04550 04916 04934 05010 05022 05165 05200 05205 05217 05224 05225 05226
K02843	00540 01100
K02844	00540 01100
K02847	00540 01100
K02848	00540 01100
K02849	00540 01100
K02850	00540 01100
K02851	00542 00552 00572 01100
K02858	00740 01100 01110 01240
K02861	04064 04210 04217 04620 04621 04622 04623 04668 04936 05130 05131 05132 05160 05163 05169 05170
K02863	03010
K02864	03010
K02865	03010 05171
K02866	03010 05171
K02867	03010
K02868	03010 05171
K02869	03010
K02870	03010 05171
K02871	03010
K02872	03010 05171
K02873	03010 05171
K02874	03010
K02875	03010 05171
K02876	03010
K02877	03010 05171
K02878	03010
K02879	03010
K02880	03010 05171
K02881	03010
K02882	03010 05171
K02883	03010 05171
K02884	03010
K02885	03010 05171
K02886	03010
K02887	03010
K02888	03010
K02889	03010 05171
K02890	03010
K02891	03010 05171
K02892	03010
K02893	03010 05171
K02894	03010 05171
K02895	03010
K02896	03010 05171
K02897	03010
K02898	03010 05171
K02899	03010
K02900	03010 05171
K02901	03010 05171
K02902	03010
K02903	03010 05171
K02904	03010
K02905	03010 05171
K02906	03010
K02907	03010
K02908	03010 05171
K02909	03010
K02910	03010 05171
K02911	03010
K02912	03010 05171
K02913	03010
K02914	03010
K02915	03010 05171
K02916	03010
K02917	03010 05171
K02918	03010 05171
K02919	03010
K02920	03010 05171
K02921	03010 05171
K02922	03010 05171
K02923	03010 05171
K02924	03010 05171
K02925	03010 05171
K02926	03010
K02927	03010 04120 04137 05012 05022 05131 05167 05171
K02928	03010 05171
K02929	03010 05171
K02930	03010 05171
K02931	03010
K02932	03010 05171
K02933	03010
K02934	03010 05171
K02935	03010
K02936	03010 05171
K02937	03010 05171
K02938	03010 05171
K02939	03010
K02940	03010 05171
K02941	03010 05171
K02942	03010 05171
K02943	03010 05171
K02944	03010
K02945	03010
K02946	03010
K02947	03010 05171
K02948	03010
K02949	03010 05171
K02950	03010
K02951	03010 05171
K02952	03010
K02953	03010 05171
K02954	03010
K02955	03010 05171
K02956	03010
K02957	03010 05171
K02958	03010 05171
K02959	03010
K02960	03010 05171
K02961	03010
K02962	03010 05171
K02963	03010
K02964	03010 05171
K02965	03010
K02966	03010 05171
K02967	03010
K02968	03010
K02969	03010 05171
K02970	03010
K02971	03010 05171
K02973	03010 05171
K02974	03010 05171
K02975	03010 05171
K02976	03010 05171
K02977	03010 04120 04137 05012 05022 05131 05167 05171
K02978	03010 05171
K02979	03010 05171
K02980	03010 05171
K02981	03010 05171
K02982	03010
K02983	03010 05171
K02984	03010 05171
K02985	03010 05130 05132 05171
K02986	03010
K02987	03010 05171
K02988	03010
K02989	03010 05171
K02990	03010
K02991	01521 03010 04066 04150 04151 04371 04714 04910 05171 05205
K02992	03010
K02993	03010 05171
K02994	03010
K02995	03010 05171
K02996	03010
K02997	03010 05171
K02998	03010 05171
K02999	03020
K03000	03020
K03001	03020
K03002	03020
K03003	03020
K03004	03020
K03005	03020
K03006	03020 05016
K03007	03020 04623 05016
K03008	03020 05016
K03009	03020 04623 05016
K03010	03020 05016
K03011	03020 05016
K03012	03020 05016
K03013	03020 04623 05016
K03014	03020 04623 05016
K03015	03020 05016
K03016	03020 04623 05016
K03017	03020 05016
K03018	03020 04623
K03019	03020 04623
K03020	03020 04623
K03021	03020 04623
K03022	03020 04623
K03023	03020 04623
K03024	03020 04623
K03025	03020 04623
K03026	03020 04623
K03027	03020 04623
K03028	03050 05010 05012 05014 05016 05017 05020 05022 05169
K03029	03050 05010 05012 05014 05016 05017 05020 05022 05169
K03030	03050 05010 05012 05014 05016 05017 05020 05022 05169
K03031	03050 05010 05012 05014 05016 05017 05020 05022 05169
K03032	03050 05010 05012 05014 05016 05017 05020 05022 05169
K03033	03050 05010 05012 05014 05016 05017 05020 05022 05169
K03035	03050 05010 05012 05014 05016 05017 05020 05022 05169
K03036	03050 05010 05012 05014 05016 05017 05020 05022 05169
K03037	03050 05010 05012 05014 05016 05017 05020 05022 05169
K03038	03050 05010 05012 05014 05016 05017 05020 05022 05169
K03039	03050 05010 05012 05014 05016 05017 05020 05022 05169
K03040	03020
K03041	03020
K03042	03020
K03043	03020
K03044	03020
K03045	03020
K03046	03020
K03047	03020
K03048	03020
K03049	03020
K03050	03020
K03051	03020
K03052	03020
K03053	03020
K03055	03020
K03056	03020
K03058	03020
K03059	03020
K03060	03020
K03061	03050 05010 05012 05014 05016 05017 05020 05022 05169
K03062	03050 05010 05012 05014 05016 05017 05020 05022 05165 05169 05203
K03063	03050 05010 05012 05014 05016 05017 05020 05022 05169
K03064	03050 05010 05012 05014 05016 05017 05020 05022 05169
K03065	03050 05010 05012 05014 05016 05017 05020 05022 05169
K03066	03050 05010 05012 05014 05016 05017 05020 05022 05169
K03068	04150 04310 04928 05010 05022 05200 05224 05225 05226
K03069	04310 05010 05022 05200 05224 05225 05226
K03070	02024 03060 03070
K03071	02024 03060 03070
K03072	03060 03070
K03073	02024 03060 03070
K03074	03060 03070
K03075	02024 03060 03070
K03076	02024 03060 03070
K03077	00040 00053 01100 01120
K03078	00040 00053 01100 01120
K03079	00040 00053 01100 01120
K03083	01521 04012 04062 04110 04150 04151 04310 04340 04341 04360 04390 04510 04550 04657 04660 04662 04711 04722 04728 04910 04916 04917 04919 04931 04932 04934 04935 04936 05010 05020 05022 05131 05135 05160 05162 05163 05165 05167 05200 05210 05213 05215 05217 05224 05225 05226 05415 05417
K03084	00562 01100 04070 04662 04664 04666
K03085	04011 04111 04113
K03086	02040
K03087	02026 05111
K03092	02020 02040 05111
K03094	04110 04111 04114 04120 04141 04310 04341 04350 04710 05131 05132 05170 05200
K03096	04310 05010 05022 05200 05224 05225 05226
K03097	03008 04064 04137 04139 04310 04520 04712 05010 05020 05022 05162 05235
K03099	01521 01522 04010 04012 04013 04014 04062 04068 04072 04150 04151 04320 04510 04540 04630 04650 04660 04662 04664 04714 04722 04810 04910 04912 04915 04917 04926 04935 05034 05160 05161 05163 05165 05200 05205 05206 05207 05208 05210 05211 05213 05214 05215 05220 05221 05223 05224 05225 05226 05231
K03100	03060
K03101	03060
K03102	04320
K03103	00010 00562 01100
K03104	03060
K03105	03060
K03106	02024 03060 03070
K03107	03060
K03108	03060
K03109	03060
K03110	02024 03060 03070
K03111	03030 03430 03440
K03114	04011 04111 04113
K03115	03008 04064 04137 04139 04310 04520 04712 05010 05020 05022 05162 05235
K03116	03060 03070
K03117	03060 03070
K03118	03060 03070
K03119	00430 00920
K03120	03022 05016 05017 05165 05166 05203
K03121	03022 04022
K03122	03022 05203
K03123	03022 05203
K03124	03022 05017 05203
K03125	03022
K03126	03022
K03127	03022
K03128	03022
K03129	03022 05016
K03130	03022
K03131	03022
K03132	03022
K03133	03022
K03134	03022
K03135	03022
K03136	03022 05203
K03137	03022 05203
K03138	03022
K03139	03022
K03140	03022
K03141	03022 03420 05203
K03142	03022 03420 05203
K03143	03022 03420 05203
K03144	03022 03420 05203
K03146	00730 01100 01240
K03147	00730 01100 01240
K03148	00730 01100 01240 04122
K03149	00730 01100 01240
K03150	00730 01100 01240
K03151	00730 01100 01240 04122
K03153	00730 01100 01240
K03154	04122
K03156	01523 04010 04060 04061 04064 04071 04150 04210 04217 04350 04380 04612 04620 04621 04622 04625 04640 04650 04657 04660 04664 04668 04920 04930 04931 04932 04933 04936 04940 05010 05014 05020 05022 05130 05131 05132 05133 05134 05135 05140 05142 05143 05144 05145 05146 05152 05160 05161 05163 05164 05165 05166 05168 05169 05170 05171 05205 05310 05321 05322 05323 05330 05332 05410 05414 05417 05418
K03157	04060 04064 05323
K03158	04010 04060 04061 04064 04071 04150 04210 04215 04217 04380 04668 04920 04931 04932 04936 05010 05014 05022 05130 05131 05132 05142 05145 05152 05160 05163 05164 05165 05166 05167 05168 05170 05171 05417 05418
K03159	04060 04061 04064 04066 04672 05166 05203
K03160	04060 04064 04514 04620 04672 05144 05145 05166 05169 05202 05310 05320 05322 05330 05340 05416 05417
K03161	04060 04064 04514 04660 04672 05144 05145 05310 05320 05322 05330 05340 05416 05417
K03164	01524
K03165	03440 03460
K03171	04010 04064 04071 04210 04217 04622 04657 04668 04920 04936 05130 05131 05132 05152 05160 05162 05163 05164 05165 05167 05168 05169 05170 05203
K03172	04064 04210 04668 05200 05202 05203 05222
K03173	04010 04064 04071 04141 04210 04217 04380 04621 04622 04657 04668 04920 04932 05010 05014 05016 05017 05022 05130 05131 05132 05135 05160 05163 05167 05168 05169 05170 05200 05203 05222 05417
K03174	04064 04620 04621 04622 04657 04668 04936 05160 05161 05162 05164 05165 05167 05168 05169 05171 05200 05203 05222 05417
K03175	04010 04013 04064 04120 04140 04144 04214 04380 04620 04621 04622 04657 04722 04936 05130 05131 05132 05133 05135 05140 05142 05145 05152 05160 05161 05162 05168 05169 05170 05171 05200 05222 05235 05417
K03176	04010 04014 04020 04151 04210 04722 04750 05200 05202 05216 05230
K03178	04120 05012 05022
K03179	00130 01100 01110 01240
K03181	00130 01100 01110 01240
K03182	00130 01100 01110 01240
K03183	00130 01100 01110 01240
K03184	00130 01100 01110 01240
K03185	00130 01100 01110 01240
K03186	00130 00627 00740 00900 00940 01100 01110 01120 01220 01240
K03191	05120
K03193	00532
K03194	03070
K03195	03070
K03196	03070 05120
K03197	03070 05134
K03198	03070
K03199	03070
K03200	03070
K03201	03070
K03202	03070
K03203	03070
K03204	03070
K03205	03070
K03209	04150 04310 04390 04391 04550 04916 04934 05010 05022 05165 05200 05205 05207 05217 05224 05225 05226
K03210	02024 03060 03070
K03211	04013 04320 05202
K03213	04310 04390
K03217	02024 03060 03070
K03219	03070
K03221	03070 05130 05131 05132
K03222	03070
K03223	03070
K03224	03070
K03225	03070
K03226	03070
K03227	03070
K03228	03070
K03229	03070
K03230	03070
K03231	03013 05134 05140
K03233	05134
K03234	04152 04921
K03237	04138 04140 04141 04210 04932 05010 05012 05014 05020 05022 05160 05162 05164 05168 05417
K03239	05168
K03240	05168
K03241	05168
K03247	05162
K03250	05160
K03258	04150 04151 05205
K03259	01521 04066 04150 04151 04211 04910
K03260	05416
K03262	04214
K03264	03008
K03265	03015
K03267	03015
K03268	00361 00362 00623 00625 01100 01120 01220
K03269	00540 01100
K03270	00540 01100 01250
K03271	00540 01100 01250
K03272	00540 01100 01250
K03273	00540 01100 01250
K03274	00540 01100 01250
K03275	00540 01100
K03276	00540 01100
K03277	00540 01100
K03278	00540 01100
K03279	00540 01100
K03280	00540 01100
K03283	03040 04010 04141 04144 04213 04612 04915 05020 05134 05145 05162 05417
K03330	00970 01100
K03331	00040 01100
K03332	00051
K03333	00984 01120
K03334	00250 00270 00280 00350 00360 00380 00400 00950 01100 01110
K03335	00562 01100 01120
K03336	00562 01100 01120
K03337	00562 01100 01120
K03338	00562 01100 01120
K03339	00562 01100 01120
K03340	00300 01100 01110 01230
K03341	00450 00970 01100
K03342	00790 01240
K03343	00330 01100
K03344	04310
K03345	03013 04310
K03347	04110 04111 04114 04120 04141 04310 04340 04341 04350 04710 05131 05170 05200
K03348	04110 04111 04113 04114 04120 04914 05166
K03349	04110 04111 04113 04114 04120 04914 05166
K03350	04110 04111 04113 04114 04120 04914 05166
K03351	04110 04111 04113 04114 04120 04914 05166
K03352	04110 04111 04113 04114 04120 04657 04914 05166
K03353	04110 04111 04113 04114 04120 04914 05166
K03354	04110 04111 04113 04114 04120 04914 05166
K03355	04110 04111 04113 04114 04120 04914 05166
K03356	04111 04113 04120
K03357	04110 04111 04113 04114 04120 04914 05166
K03358	04110 04111 04113 04114 04120 04914 05166
K03359	04110 04111 04113 04114 04120 04914 05166
K03360	04111 04120
K03361	04111 04120
K03362	04114 04120 04218 04310 04340 04341 04390 04624 04710 05131 05170
K03363	04110 04111 04113 04114 04120 05166 05203
K03364	04110 04111 04120 04914
K03365	00240 00330 01100 01232
K03366	00650 01110
K03367	00470 00552 01100 01503 02020 05150
K03368	00512 00533 00603 00604 01100
K03369	00604 01100
K03370	00604 01100
K03371	00601 00603 00604 01100
K03372	00604 01100
K03373	00512 00604 01100
K03374	00512 00604 01100
K03375	00604 01100
K03376	00604 01100
K03378	00950 01100 01110
K03379	00930 01120 01220
K03380	00623 00627 01120
K03381	00361 00362 00364 00623 01100 01120 01220
K03382	00791 01100 01120
K03383	00791 01100 01120
K03385	00910 01100 01120
K03386	04214
K03388	00680 01100 01120 01200
K03389	00680 01100 01120 01200
K03390	00680 01100 01120 01200
K03391	00361 00364 01100 01120
K03392	00380 01100
K03394	00860 01100 01240
K03396	00680 01100 01120 01200
K03399	00860 01100 01240
K03400	02020 02024
K03403	00860 01100 01110
K03404	00860 01100 01110
K03405	00860 01100 01110
K03406	02020 02030
K03407	02020 02030
K03408	02020 02030
K03409	02030
K03410	02030
K03411	02030
K03412	02020 02030
K03413	02020 02030
K03414	02030
K03415	02020 02030
K03416	00640 01100
K03417	00640 01100
K03418	00630 01100
K03419	00532 01100
K03420	03050
K03421	00680 01100 01120
K03422	00680 01100 01120
K03423	00480 01100
K03425	03060 03070
K03426	00760 01100 04146
K03428	00860 01100 01110
K03429	00552 00561 01100
K03430	00440 01100 01120
K03431	00520 01100 01250
K03432	03050
K03433	03050
K03434	00563 01100
K03443	04621
K03456	03015 04071 04111 04113 04114 04151 04152 04261 04350 04390 04391 04530 04728 04730 05142 05160 05165
K03460	04976
K03462	00760 01100 04621
K03464	00362 01100 01120 01220
K03465	00240 00670 01100 01232
K03469	03030
K03470	03030
K03471	03030
K03472	00750 01100 01240
K03473	00750 01100 01240
K03474	00750 01100 01240
K03475	00053 01100 01120 02060
K03476	00053 01100 01120
K03479	00512 01100
K03494	00601 01100
K03504	03030 03410 03420 03430 03440
K03505	03030 03410 03420 03430 03440
K03506	03030 03410 03420
K03508	03460
K03509	01524 03460
K03510	03460
K03511	03460 05169 05200 05202 05210 05212 05213 05214 05216 05217 05218 05220 05222 05223 05224 05225 05226
K03512	03410 03450
K03513	03450
K03514	03018
K03515	03460
K03516	02040
K03517	00760 01100 01240
K03523	02010
K03524	00780 01100
K03525	00770 01100 01240
K03526	00900 01100 01110
K03527	00900 01100 01110
K03531	04112
K03532	00680 01100 01120 02020
K03533	00680 01100 01120 02020
K03537	03008
K03538	03008
K03539	03008
K03541	00195 01100
K03542	00195 01100
K03544	04112
K03550	03440
K03551	03440
K03553	03440
K03555	03430
K03557	05111
K03563	02020 02025 02026 05111
K03566	02026
K03567	02026
K03572	03430
K03573	03430
K03575	03410
K03581	03440
K03582	03440
K03583	03440
K03584	03440
K03585	01501 01503
K03587	00550 01100 01501
K03588	04112
K03589	04112
K03590	04112
K03594	00860
K03596	05134
K03601	03430
K03602	03430
K03606	05111
K03620	02020
K03621	00561 01100 01110
K03626	04928
K03628	03018
K03629	03440
K03635	00790 01100 01240 04122
K03636	04122
K03637	00790 01100 01240 04122
K03638	00790 01100 01240 04122
K03639	00790 01100 01240 04122
K03644	00785 01100 01240
K03648	03410 05340
K03649	03410
K03651	00230 01100 02025
K03652	03410
K03654	03018
K03655	03440
K03657	03420 03430
K03660	03410
K03661	00190 01100 04142 04145 04721 05110 05120 05152 05165 05323
K03662	00190 01100 04142 04145 05110 05120 05152 05161 05165 05323
K03663	00515 00601 00603 01100
K03666	02024 03018 05111
K03671	04621 05012 05132 05418
K03673	01503
K03678	03018
K03679	03018
K03680	05168
K03681	03018
K03685	03008 05205
K03689	00195 01100
K03691	00514
K03693	00550 01100 01501
K03695	04213
K03701	03420
K03702	03420
K03703	03420
K03707	00730 01100 01240
K03714	00513 01100
K03715	00561 01100
K03723	03420
K03728	04710
K03729	04710
K03730	04710
K03732	03018
K03735	00564 01100
K03736	00564 01100
K03737	00010 00020 00620 00650 00720 01100 01110 01120 01200
K03738	00030 01100 01120 01200
K03739	00552 01503 02020 05150
K03740	00552 01503 02020 05150
K03742	00760 01100
K03743	00760 01100
K03750	00790 01100 01240
K03752	00790 01100
K03754	05168
K03760	00540 01100 01503
K03763	03030 03430 03440
K03766	00601 01100
K03767	01503 03250 04217
K03776	02020 02030
K03777	00620 01100 01120
K03778	00620 01100 01120
K03779	00630 01100
K03780	00630 01100
K03781	00380 00630 01100 01110 01200 04011 04016 04068 04146 04211 04212 04213 05014 05022 05208
K03782	00360 00380 00940 00983 01100 01110
K03783	00230 00760 01100 01110 01232
K03784	00230 00760 01100 01110 01232
K03785	00400 01100 01110 01230
K03786	00400 01100 01110 01230
K03787	00230 00240 00760 01100 01110 01232
K03788	00740 01100
K03792	00601 01100
K03793	00790 01100 01240
K03794	00860 01100 01110 01240
K03795	00860 01100 01240
K03800	00785 01100 01240
K03801	00785 01100 01240
K03809	00130 01100 01110 01240
K03814	00550 01100
K03816	00230 01100 01110 01232
K03821	00650 01100
K03823	00440 01110
K03825	00360 01100
K03831	00790 01100 01240 04122
K03841	00010 00030 00051 00680 00710 01100 01110 01120 01200 04152 04910 04922
K03842	00510 00513 01100
K03843	00510 00513 01100
K03844	00510 00513 01100
K03845	00510 00513 01100
K03846	00510 00513 01100
K03847	00510 00513 01100
K03848	00510 01100
K03849	00510 01100
K03850	00510 01100
K03851	00430 01100
K03852	00430 01100
K03853	04141 04210 04217 04218 04510 05010 05022 05131
K03856	00400 01100 01110 01230
K03857	00563 01100
K03858	00563 01100
K03859	00563 01100
K03860	00563 01100
K03861	00563 01100
K03862	00627 01120
K03863	00627 01120
K03865	00970 01100
K03868	03420 04066 04110 04111 04114 04120 04141 04310 04341 04350 04710 05131 05170 05200 05211
K03869	04120 04340 04341
K03870	04066 04120 05200 05211
K03871	04066 04120 04212 05200 05211
K03872	04066 04120 05170 05200 05211
K03873	04066 04120 05170 05200 05211
K03875	04068 04110 04120 04150 05169 05200 05203 05222
K03876	04120
K03877	00601 00603 01100
K03878	00190 01100 04714 04723 05010 05012 05014 05016 05020 05022 05208 05415
K03879	00190 01100 04714 04723 05010 05012 05014 05016 05020 05022 05208 05415
K03880	00190 01100 04714 04723 05010 05012 05014 05016 05020 05022 05208 05415
K03881	00190 01100 04714 04723 05010 05012 05014 05016 05020 05022 05208 05415
K03882	00190 01100 04714 04723 05010 05012 05014 05016 05020 05022 05208 05415
K03883	00190 01100 04714 04723 05010 05012 05014 05016 05020 05022 05208 05415
K03884	00190 01100 04714 04723 05010 05012 05014 05016 05020 05022 05208 05415
K03885	00190 01100
K03886	00190 01100
K03887	00190 01100
K03888	00190 01100
K03889	00190 01100
K03890	00190 01100
K03891	00190 01100
K03894	00997 01100 01110 01120
K03895	00997 01100 01110 01120
K03896	00997 01100 01110 01120
K03897	00997 01100 01110 01120
K03898	04022 04071 04080 04610 04750 04810 05142 05143 05200
K03899	04610
K03900	04151 04510 04512 04610 04611 04613 05165 05171
K03901	04610 04933
K03902	04610
K03903	04610 04611 04613 05171
K03904	04610 04611 04613 05171
K03905	04610 04611 04613 05150 05171
K03906	04610 05171
K03907	04610 04933 05418
K03908	04610
K03909	04610
K03910	04610
K03911	04610
K03912	04610
K03913	04610
K03914	04015 04020 04024 04072 04080 04151 04610 04611 04810 05130 05200
K03915	04020 04080 04610 04750 04810 05200
K03916	04020 04022 04071 04080 04610 04750 04810 04961 05142 05200
K03917	04610 05171
K03921	00061 01040 01100 01212
K03922	00061 01040 01100 01212
K03927	00983
K03934	00190 01100 04714 04723 04932 05010 05012 05014 05016 05020 05022 05208 05415
K03935	00190 01100 04714 04723 04932 05010 05012 05014 05016 05020 05022 05208 05415
K03936	00190 01100 04714 04723 04932 05010 05012 05014 05016 05020 05022 05208 05415
K03937	00190 01100 04714 04723 04932 05010 05012 05014 05016 05020 05022 05208 05415
K03938	00190 01100 04714 04723 04932 05010 05012 05014 05016 05020 05022 05208 05415
K03939	00190 01100 04714 04723 04932 05010 05012 05014 05016 05020 05022 05208 05415
K03940	00190 01100 04714 04723 04932 05010 05012 05014 05016 05020 05022 05208 05415
K03941	00190 01100 04714 04723 04932 05010 05012 05014 05016 05020 05022 05208 05415
K03942	00190 01100 04714 04723 04932 05010 05012 05014 05016 05020 05022 05208 05415
K03943	00190 01100 04714 04723 04932 05010 05012 05014 05016 05020 05022 05208 05415
K03944	00190 01100 04714 04723 04932 05010 05012 05014 05016 05020 05022 05208 05415
K03945	00190 01100 04714 04723 04932 05010 05012 05014 05016 05020 05022 05208 05415
K03946	00190 01100 04714 04723 04932 05010 05012 05014 05016 05020 05022 05208 05415
K03947	00190 01100 04714 04723 04932 05010 05012 05014 05016 05020 05022 05208 05415
K03948	00190 01100 04714 04723 04932 05010 05012 05014 05016 05020 05022 05208 05415
K03949	00190 01100 04714 04723 04932 05010 05012 05014 05016 05020 05022 05208 05415
K03950	00190 01100 04714 04723 04932 05010 05012 05014 05016 05020 05022 05208 05415
K03951	00190 01100 04714 04723 04932 05010 05012 05014 05016 05020 05022 05208 05415
K03952	00190 01100 04714 04723 04932 05010 05012 05014 05016 05020 05022 05208 05415
K03953	00190 01100 04714 04723 04932 05010 05012 05014 05016 05020 05022 05208 05415
K03954	00190 01100 04714 04723 04932 05010 05012 05014 05016 05020 05022 05208 05415
K03955	00190 01100 04714 04723 04932 05010 05012 05014 05016 05020 05022 05208 05415
K03956	00190 01100 04714 04723 04932 05010 05012 05014 05016 05020 05022 05208 05415
K03957	00190 01100 04714 04723 04932 05010 05012 05014 05016 05020 05022 05208 05415
K03958	00190 01100 04714 04723 04932 05010 05012 05014 05016 05020 05022 05208 05415
K03959	00190 01100 04714 04723 04932 05010 05012 05014 05016 05020 05022 05208 05415
K03960	00190 01100 04714 04723 04932 05010 05012 05014 05016 05020 05022 05208 05415
K03961	00190 01100 04714 04723 04932 05010 05012 05014 05016 05020 05022 05208 05415
K03962	00190 01100 04714 04723 04932 05010 05012 05014 05016 05020 05022 05208 05415
K03963	00190 01100 04714 04723 04932 05010 05012 05014 05016 05020 05022 05208 05415
K03964	00190 01100 04714 04723 04932 05010 05012 05014 05016 05020 05022 05208 05415
K03965	00190 01100 04714 04723 04932 05010 05012 05014 05016 05020 05022 05208 05415
K03966	00190 01100 04714 04723 04932 05010 05012 05014 05016 05020 05022 05208 05415
K03967	00190 01100 04714 04723 04932 05010 05012 05014 05016 05020 05022 05208 05415
K03968	00190 01100 04714 04723 04932 05010 05012 05014 05016 05020 05022 05208 05415
K03982	04066 04115 04218 04371 04390 04610 04933 05142
K03983	04610
K03984	04610
K03985	04610 05205
K03986	04610 04936 05020 05133 05142 05150 05171 05322
K03987	04610 04936 05020 05133 05142 05150 05171 05322
K03988	04610 04936 05020 05133 05142 05150 05171 05322
K03989	04610 04936 05133 05150 05171 05322
K03990	04080 04145 04610 04613 04936 05131 05133 05134 05140 05142 05150 05152 05167 05168 05171 05203 05322
K03991	04145 04610 05150 05171
K03992	04610 05150 05171
K03993	04610 05150 05171
K03994	04080 04610 04613 04936 05020 05133 05150 05168 05171 05322
K03995	04610 05020 05171 05322
K03996	04610 05020 05171 05322
K03997	04610 05020 05146 05171 05322
K03998	04610 05020 05146 05171 05322
K03999	04610 05020 05146 05171 05322
K04000	04610 05020 05146 05171 05322
K04001	04610 05133
K04002	04610 05133
K04003	04610 05133
K04004	04610 05150
K04006	04610 04640 05416
K04007	04610 05162
K04008	04610 04640
K04009	04080 04610 04936 05150 05171
K04010	04080 04610 04613 04936 05150 05171
K04011	04610 04613 04640 05134 05140 05144 05152
K04012	04610 04640 04662 05169
K04019	00564 01100
K04020	00620 01100
K04021	00620 01100 01120
K04022	00010 00620 01100 01110 01120
K04032	00860 01100 01240
K04034	00860 01100 01110
K04035	00860 01100 01110
K04036	00860 01100 01110
K04037	00860 01100 01110
K04038	00860 01100 01110
K04039	00860 01100 01110
K04040	00860 01100 01110
K04041	00010 00030 00051 00680 00710 01100 01110 01120
K04042	00520 00541 01100 01250
K04043	03018 04212 05152
K04056	03070
K04057	03070
K04058	03070
K04059	03070
K04066	03440
K04067	03440
K04072	00010 00071 00350 00620 00625 00626 00650 01100 01110 01120 01220 05146
K04073	00360 00362 00620 00621 00622 00650 01100 01120 01220
K04077	03018 04212 04940 05134 05152 05417
K04079	04141 04151 04217 04612 04621 04626 04657 04659 04914 04915 05132 05200 05207 05215 05417 05418
K04085	04122
K04091	00920 01100
K04092	00400 01100 01110 01230
K04093	00400 01100 01110 01230
K04097	00480 00590 00980 00982 01100 05204
K04098	00361 00362 01100 01120
K04099	00627 01120
K04100	00362 00624 00627 01100 01120
K04101	00362 00624 00627 01100 01120
K04102	00624 01100 01120
K04103	00380 01100
K04105	00362 00627 01100 01120 01220
K04107	00362 00627 01100 01120 01220
K04108	00362 00627 01100 01120 01220
K04109	00362 00627 01100 01120 01220
K04110	00362 00627 01100 01120
K04112	00362 01100 01120 01220
K04113	00362 01100 01120 01220
K04114	00362 01100 01120 01220
K04115	00362 01100 01120 01220
K04116	00362 01100 01120
K04117	00362 01100 01120
K04118	00362 01100 01120
K04119	00140 00590 00790 01100 04913 05208
K04120	00904 01100 01110
K04121	00904 01100 01110
K04122	00904 01100 01110
K04123	00904 01100 01110
K04124	00904 01100 01110
K04125	00904 01110
K04126	00311 01100 01110
K04127	00311 01100 01110
K04128	00311 01100 01110
K04129	04020 04024 04080 04151 04725 04810 05010 05022
K04130	04020 04024 04080 04151 04725 04810
K04131	04020 04080 04725 04742 04810 04911 04970 04971 04972 05010 05022
K04132	04080 04725 04810
K04133	04020 04080 04725 04810 05010 05022
K04134	04080
K04135	04020 04022 04080 04152 04261 04270 04970
K04136	04020 04022 04080 04261 04270 04970
K04137	04020 04022 04080 04261 04270 04970
K04138	04022 04080
K04139	04022 04080
K04140	04022 04080
K04141	04020 04022 04024 04080 04261 04540 04923 04924 04970 05207 05414
K04142	04020 04022 04024 04080 04261 04923 04924 04970 05207
K04143	04020 04022 04080 04714 04923 04924 04970 05207
K04144	04020 04024 04080 04540 04728 05012 05030 05031 05032 05034
K04145	04015 04024 04080 04540 04728 05012 05030 05034
K04146	04080 04728
K04147	04080 04728
K04148	04080
K04149	04020 04080 04750
K04150	04020 04080 04971
K04151	04080
K04152	04080
K04153	04024 04080 04726 04742
K04157	04020 04080 04540 04726 04750
K04160	04020 04024 04080 04726
K04161	04020 04080 04726
K04162	04020 04024 04080 04726
K04163	04014 04020 04080 04361 04726
K04166	04020 04022 04072 04080 04261 04270 04371 04614 04924 04925 04927 04933 04934 05171 05200 05415
K04167	04080 04261 04614
K04168	04080
K04169	04020 04080
K04170	04080
K04172	04015 04080 04613 05150
K04173	04080 04613 05150
K04174	04080 04371
K04175	04060 04061 04062 04072 04144 05120
K04176	04060 04061 04062 05163 05167
K04177	04060 04061 04062
K04178	04060 04061 04062 05163 05167 05203
K04179	04060 04061 04062 05167 05203
K04180	03250 04060 04061 04062 04144 05145 05163 05167 05170 05203
K04181	04060 04061 04062
K04182	04060 04061 04062
K04183	04060 04061 04062 05167 05203
K04184	04060 04061 04062 04672
K04185	04060 04061 04062 04672
K04186	04060 04061
K04188	04060 04061 04062
K04189	03250 04020 04060 04061 04062 04144 04360 04670 04672 04810 05163 05170 05200
K04190	04060 04061 04062
K04191	04060 04062
K04192	04060 04061 04062
K04193	04060 04061 04062
K04194	04020 04080 04911 04972
K04195	04020 04080 04971
K04197	04020 04022 04024 04080 04270 04924 05200
K04198	04020 04022 04080 04916 04926 05200
K04199	04080 04916
K04200	04024 04080 04925 04927 04934
K04201	04080
K04202	04080
K04203	04080
K04204	04024 04080 04923
K04205	04080
K04206	04080
K04207	04080
K04208	04080
K04210	04080
K04211	04020 04080
K04212	04080
K04213	04022 04071 04080
K04214	04080
K04215	04080 04915 05032
K04216	04080
K04217	04024 04080 04935
K04218	04024 04080 04935 04971
K04219	04080 04935
K04220	04080
K04221	04024 04080 04935
K04222	04020 04080
K04223	04020 04080
K04224	04020 04080
K04226	04020 04072 04080 04270
K04227	04020 04072 04080 04270
K04228	04072 04080 04962
K04229	04020 04024 04080 04921
K04230	04080
K04231	04080
K04232	04080
K04234	04080 04750 05143
K04235	04080 04610
K04236	04015 04080 04610 04611 05200
K04237	04015 04062 04080 04144 04360 04390 04391 04520 04530 05165
K04238	04080
K04239	04080
K04240	04080
K04241	04080
K04243	05012 05022
K04246	01522 04915 04929
K04247	04024 04080 04913
K04248	04020 04024 04080 04913 04917
K04249	04024 04080 04918 04923 05320
K04250	04744
K04257	04740
K04258	04020 04080 05163 05200
K04259	04024 04080 04750 04924 05163 05200
K04260	04020 04024 04080 04923 05163 05200
K04261	04080 04750 04924 05163 05165 05200
K04262	04020 04072 04080
K04263	04080 04270 04611
K04264	04020 04080 04611
K04265	04022 04024 04071 04080 04923 04924 05032
K04266	04015 04020 04024 04080 04270 05012 05034
K04267	04015 04020 04080 04270 05034
K04268	04022 04071 04080
K04269	04080 04750
K04270	04015 04080 04611 04742
K04271	04080 04742
K04272	04080
K04273	04072 04080 04151 05200
K04274	04080
K04275	04015 04072 04080 04151 04810 05130 05200
K04276	04080
K04277	04015 04080 04714 04723
K04278	04080
K04279	04020 04080 05150
K04280	04080 04912
K04281	05131
K04282	04020 04080
K04283	00480 01100
K04284	04024 04080 04935
K04285	04080 04713
K04286	04080 04713
K04287	04080
K04288	04068 04071 04080
K04289	04015 04072 04080 04151 04540 04810 05130 05200
K04290	04071 04080
K04291	04015 04072 04080 04151 04810 05130 05200
K04292	04071 04080
K04293	04068 04071 04080
K04294	04015 04072 04080 04151 05200
K04295	04071 04080
K04296	04080
K04297	04020 04080
K04298	04611
K04299	04080
K04303	04080 04614 05171
K04304	04060 04061
K04306	04080 04926
K04307	04080 04926
K04308	04310
K04309	04310
K04314	04080
K04320	04080
K04322	04020 04080
K04323	04020 04080
K04325	04911
K04328	04024
K04332	04080
K04333	02026
K04334	02026
K04335	02026
K04336	02026
K04339	00521 01110
K04340	00521 01110
K04341	00521 01100 01110
K04342	00521 01100 01110
K04344	04010 04020 04721 04723 04724 04725 04726 04727 04728 04730 04742 04930 05017 05032 05033 05207
K04345	01522 04010 04014 04020 04024 04062 04113 04114 04138 04140 04211 04213 04261 04270 04310 04340 04341 04361 04371 04530 04540 04611 04713 04714 04720 04723 04724 04725 04726 04727 04728 04740 04742 04750 04910 04911 04912 04913 04914 04915 04916 04918 04919 04921 04922 04923 04924 04925 04926 04927 04928 04934 04935 04961 04962 04970 04971 04976 05012 05020 05030 05031 05032 05034 05110 05146 05163 05165 05166 05200 05203 05205 05207 05414
K04346	04010 04022 04071 04072 04270 04361 04730 04810 04928 05130 05163 05200
K04347	04010 04014 04062 04151 04371 04713 04723 04724 04725 04726 04727 04728 04810 04926 05032 05034 05163 05167 05170 05200
K04348	04010 04020 04022 04114 04218 04310 04360 04370 04380 04625 04650 04658 04659 04660 04662 04720 04724 04728 04921 04922 04924 05010 05014 05020 05022 05031 05152 05163 05166 05167 05170 05235 05417
K04349	04010 04014 04510
K04350	04010 04014 04611 04660 05200 05235
K04351	04015 04024 04072 04261 04670 04911
K04352	04010 04013 04014 04360
K04353	04010 04014 04015 04024 04062 04510 04530 04611 04670 04720 04722 04934 04972 05211 05417
K04354	03015 04071 04111 04151 04152 04261 04390 04391 04530 04728 05142 05160 05165
K04355	04010 04014 04024 04151 04722 05016 05022 05030 05034
K04356	04010 04014 04151 04722
K04357	01521 04010 04012 04014 04015 04020 04066 04068 04072 04151 04510 04540 04630 04810 05160 05165 05200 05207 05208 05210 05212 05213 05214 05215 05218 05219 05223 05224 05226 05231 05235
K04358	04010 04014 04015 04020 04151 04810 05200 05207 05218 05224 05226
K04359	01521 04010 04014 04015 04020 04072 04151 04510 04540 04630 04810 05200 05202 05206 05214 05215 05218 05231 05418
K04360	04010 04014 04020 04151 04722 05034
K04361	01521 01522 04010 04012 04013 04014 04015 04020 04066 04068 04072 04144 04151 04214 04320 04510 04520 04540 04630 04810 04912 04915 04921 04926 04928 04934 05120 05131 05160 05163 05165 05171 05200 05205 05206 05207 05208 05210 05212 05213 05214 05215 05218 05219 05223 05224 05225 05226 05230 05231 05235
K04362	04010 04014 04015 04020 04151 04520 04550 04714 04810 04928 05200 05205 05215 05218 05224 05230
K04363	01521 04010 04014 04015 04020 04072 04144 04151 04510 04540 04630 04810 05163 05200 05206 05214 05215 05218 05230 05231
K04364	01521 01522 04010 04012 04013 04014 04062 04068 04072 04150 04151 04320 04380 04510 04540 04550 04630 04650 04660 04662 04664 04714 04722 04910 04912 04915 04917 04926 04935 05034 05160 05161 05163 05165 05200 05203 05205 05206 05207 05208 05210 05211 05213 05214 05215 05220 05221 05223 05224 05225 05226 05231
K04365	01521 01522 04010 04012 04013 04015 04024 04062 04068 04150 04214 04270 04320 04510 04650 04720 04722 04726 04730 04810 04910 04914 04928 04934 05010 05022 05034 05160 05161 05200 05205 05208 05210 05211 05212 05213 05214 05215 05216 05218 05219 05220 05221 05223 05224 05225 05226
K04366	01521 01522 04010 04012 04014 04015 04022 04024 04062 04068 04071 04072 04140 04150 04151 04210 04218 04270 04360 04370 04371 04510 04540 04550 04613 04625 04630 04650 04660 04662 04664 04666 04720 04722 04726 04730 04810 04910 04912 04914 04915 04916 04917 04919 04921 04926 04928 04929 04935 05010 05022 05034 05132 05152 05160 05161 05163 05164 05165 05167 05170 05200 05205 05206 05207 05208 05210 05211 05212 05213 05214 05215 05218 05219 05220 05221 05223 05224 05225 05226 05230 05231 05235
K04367	04114 04810 04914
K04368	01521 01522 04010 04012 04013 04014 04015 04022 04024 04062 04066 04068 04071 04072 04114 04140 04150 04151 04210 04218 04270 04320 04370 04371 04380 04510 04540 04550 04613 04620 04626 04650 04660 04662 04664 04666 04668 04720 04722 04725 04726 04730 04810 04910 04912 04914 04915 04916 04917 04919 04921 04926 04928 04929 04934 04935 05010 05022 05034 05132 05135 05160 05161 05163 05164 05165 05166 05167 05170 05200 05205 05206 05207 05208 05210 05211 05212 05213 05214 05215 05216 05218 05219 05220 05221 05223 05224 05225 05226 05230 05231 05235
K04369	01521 01522 04010 04012 04014 04015 04022 04024 04066 04068 04071 04072 04140 04150 04151 04210 04218 04270 04370 04371 04540 04550 04613 04620 04650 04660 04662 04664 04720 04722 04730 04810 04910 04912 04915 04916 04917 04919 04921 04926 04929 04934 04935 05010 05022 05132 05135 05160 05161 05163 05164 05165 05166 05167 05170 05200 05205 05206 05207 05208 05210 05211 05213 05214 05215 05216 05218 05219 05220 05221 05223 05224 05225 05226 05230 05231 05235
K04370	04010 04150
K04371	01521 01522 01524 04010 04011 04012 04013 04014 04015 04022 04024 04062 04066 04068 04071 04072 04111 04114 04140 04150 04151 04210 04214 04218 04261 04270 04320 04350 04360 04370 04371 04380 04510 04520 04540 04550 04611 04613 04620 04621 04625 04650 04657 04658 04659 04660 04662 04664 04666 04668 04713 04720 04722 04723 04724 04725 04726 04730 04810 04910 04912 04914 04915 04916 04917 04919 04921 04926 04928 04929 04930 04933 04934 04935 04960 05010 05020 05022 05034 05130 05131 05132 05133 05135 05140 05142 05145 05152 05160 05161 05163 05164 05165 05166 05167 05170 05171 05200 05203 05205 05206 05207 05208 05210 05211 05212 05213 05214 05215 05216 05218 05219 05220 05221 05223 05224 05225 05226 05230 05231 05235 05417
K04372	04010 04066 04910
K04373	04010 04114 04150 04714 04720 04722 04914 04931 05135 05207
K04374	04010 04022 04137 04141 04151 04210 04211 04212 04214 04261 04668 04720 04722 04725 04728 04911 04912 04915 04918 04922 04925 04926 04927 04928 04932 04934 04935 05010 05012 05014 05020 05022 05030 05031 05034 05161 05163 05166 05203 05207 05215 05417
K04375	04010 04012 04014 04510 04910 04912 04921 05140 05161 05163 05166 05200 05205 05213 05225
K04376	04010 05166 05202
K04377	04010 04012 04110 04151 04218 04310 04350 04390 04391 04550 04630 04919 05132 05160 05161 05163 05166 05167 05169 05200 05202 05205 05206 05207 05210 05213 05216 05219 05220 05221 05222 05224 05225 05226 05230
K04378	04010 04022 05166 05203
K04379	01522 04010 04024 04210 04380 04620 04657 04658 04659 04660 04662 04668 04713 04725 04728 04915 04917 04921 04926 04928 04932 04935 05031 05130 05132 05133 05135 05140 05142 05161 05162 05166 05167 05170 05171 05200 05207 05208 05210 05224 05231 05235 05323 05417 05418
K04380	04010 05010 05012 05022
K04381	04010 05206
K04382	03015 04013 04071 04111 04113 04114 04136 04138 04140 04151 04152 04261 04350 04390 04391 04530 04728 04730 05142 05160 05165
K04383	04010 04060 04217 04218 04380 04640 04932 04933 04940 05010 05020 05022 05133 05140 05152 05162 05164 05321 05323 05332 05418
K04385	04310 04390 04550 04934 05010 05022 05165 05200 05210 05213 05217 05224 05225 05226
K04386	04010 04060 04064 04380 04640 04659 04750 05130 05131 05146 05163 05166 05418
K04387	04060 04640 05146 05166 05202 05215 05418
K04388	04010 04060 04068 04144 04218 04350 04380 04390 04520 04659 04926 04933 05142 05161 05166 05200 05202 05210 05212 05220 05225 05226 05415
K04389	01524 04010 04014 04060 04068 04151 04210 04217 04650 04722 04932 04936 04940 05022 05130 05142 05143 05160 05161 05162 05163 05164 05165 05168 05170 05200 05205 05320 05330 05332 05417
K04390	01524 04010 04060 04115 04210 04217 04650 04668 04932 04936 04940 05010 05022 05130 05142 05143 05160 05161 05162 05163 05164 05165 05167 05168 05169 05170 05200 05205 05320 05330 05332 05417
K04391	04010 04064 04145 04620 04640 04936 05131 05132 05133 05134 05146 05152 05202 05221 05417
K04392	04010 04013 04014 04015 04024 04062 04071 04145 04151 04310 04360 04361 04370 04380 04510 04520 04530 04613 04620 04650 04662 04664 04666 04670 04722 04810 04932 04933 04972 05014 05020 05022 05100 05120 05130 05131 05132 05135 05163 05167 05169 05170 05200 05203 05205 05208 05210 05211 05212 05231 05415 05416 05417 05418
K04393	04010 04011 04014 04015 04062 04144 04360 04370 04510 04520 04530 04660 04666 04670 04722 04810 04912 04932 04933 05100 05120 05130 05131 05132 05135 05165 05200 05203 05205 05211 05212 05417
K04394	04613 04621 05130 05131 05132
K04395	04621 05132
K04396	04210 05417
K04397	04210 04214 04215 04668 04932 05010 05022 05130 05132 05133 05134 05200 05417
K04398	01524 04115 04210 04214 04215 04217 04620 04621 04622 04624 04625 04657 04668 04932 04936 05010 05016 05022 05130 05132 05134 05142 05145 05152 05160 05161 05162 05163 05164 05165 05167 05168 05169 05170 05200 05203 05416 05417
K04399	01524 04115 04151 04210 04215 04370 04919 05010 05012 05014 05016 05020 05022 05130 05134 05145 05152 05160 05161 05162 05163 05164 05167 05168 05169 05170 05200 05210 05212 05213 05215 05222 05223 05416 05417
K04400	04210 04622 04668 05152 05161
K04402	04010 04064 04068 04110 04115 04210 04218 05169 05200 05202 05210 05212 05213 05214 05216 05217 05218 05220 05222 05223 05224 05225 05226
K04403	04010 04064 04380 04620 04621 04668 04936 05130 05131 05132 05135 05140 05145 05161 05168 05169 05170 05417
K04404	04010 04013 04064 04214 04380 04620 04621 04624 04657 04668 04936 05130 05131 05132 05135 05140 05145 05161 05162 05168 05169 05170 05171 05417
K04405	04010
K04406	04010
K04407	04010
K04408	04010
K04409	04010 04011 04012 04014 04024 04062 04360 04392 04510 04625 04650 04660 04666 04810 05120 05130 05132 05170 05205 05211
K04410	04010 04012 04014 04360 04510 04660 04810 05130 05170 05211
K04411	04010 04014 04068 05200 05223
K04412	04010 04214 04390 04391 04392
K04414	04010
K04415	04010 04620 04660 04668
K04416	04010 04120 04530 04622 04722 04912 04935 05161 05166
K04417	04013 04361
K04418	05016 05022
K04419	04010 04932
K04420	04010 04540 04912
K04421	04010 04722 04912 05166 05235
K04422	04010 04361
K04423	04010
K04424	04010
K04425	04010
K04426	01524 04010 04013 04071 04141 04210 04214 04530 04668 04714 04722 04932 04936 05010 05012 05014 05016 05017 05022 05208 05417 05418
K04427	04010 04013 04064 04140 04152 04214 04310 04380 04520 04613 04620 04621 04622 04624 04657 04660 04668 04936 05130 05131 05132 05135 05140 05145 05161 05162 05168 05169 05170 05171 05417 05418
K04428	04010 04013 04624 04912
K04429	04010
K04430	04010 04012 04013 04361 04620 04664 04668 04912 04926 04935 04936 05120 05132 05135 05142 05161 05166 05167 05169 05208 05417 05418
K04431	04010 04012 04013 04141 04214 04361 04380 04530 04620 04624 04660 04664 04668 04722 04912 04926 04936 05010 05016 05022 05132 05135 05161 05167 05169 05170 05208 05417 05418
K04432	04010 04013 04015 04218 04620 04624 04664 04668 04714 04750 04912 04935 04936 05014 05022 05132 05135 05145 05161 05169 05170 05235 05417
K04433	04010 04015 04212 04218 04380 04620 04664 04668 04750 04912 04935 04936 05014 05022 05132 05135 05145 05161 05163 05167 05169 05170 05235 05417 05418
K04434	04010
K04435	04010
K04436	04010
K04437	04010 04510 05132 05205
K04438	04010 04012 04015 04062 04510 04666 04722 04810 04910 04935 05100 05131 05135 05163 05170 05200 05206 05211 05220
K04439	04010 04062 04144 04340 04728 04740 04926 04928 04929 05032 05207
K04440	01522 04010 04012 04013 04014 04024 04068 04071 04137 04140 04141 04210 04212 04214 04215 04217 04310 04361 04380 04391 04510 04530 04620 04621 04622 04624 04625 04657 04658 04659 04660 04664 04668 04722 04723 04728 04750 04910 04912 04914 04917 04920 04926 04930 04931 04932 04933 04935 04936 05010 05012 05016 05017 05020 05022 05120 05130 05131 05132 05133 05135 05142 05145 05152 05161 05162 05166 05167 05169 05170 05171 05200 05208 05210 05212 05231 05415 05417 05418
K04441	01522 04010 04011 04013 04015 04068 04071 04114 04139 04212 04218 04261 04361 04370 04380 04550 04611 04613 04620 04621 04622 04624 04625 04657 04658 04659 04660 04664 04668 04670 04714 04722 04723 04728 04750 04912 04914 04917 04926 04932 04933 04935 04936 05014 05020 05022 05120 05130 05131 05132 05133 05135 05140 05142 05145 05152 05161 05163 05167 05169 05170 05171 05205 05208 05235 05415 05417 05418
K04442	04010
K04443	04010 04218 04361 04370 04625 04722 05167 05203
K04444	04010 04370
K04445	04010 04261 04668 04713 04722 05131 05200 05206 05219
K04446	04010 04022 04024 04218 04310 04380 04625 04650 04658 04659 04660 04662 04921 04933 05135 05161 05163 05166 05167 05170 05235 05321 05417
K04447	01521 04062 04151 04217 04550 04630 04658 04659 04725 04917 04920 04933 04935 05140 05145 05152 05161 05164 05167 05168 05200 05207 05235 05417
K04448	01522 04010 04012 04013 04024 04137 04210 04214 04310 04380 04510 04530 04620 04621 04624 04625 04657 04658 04659 04660 04662 04668 04722 04912 04915 04921 04926 04932 04933 05030 05031 05120 05130 05131 05132 05133 05135 05140 05142 05161 05162 05166 05167 05169 05170 05171 05200 05203 05207 05208 05210 05211 05224 05231 05235 05321 05323 05417 05418
K04449	04010 04380 04657 04928
K04450	04010 04013 04022 04151 04211 04261 04624 04668 04714 04728 04911 04915 04918 04922 04925 04926 04927 04928 04934 04935 05020 05030 05031 05034 05161 05163 05166 05203 05207
K04451	01522 01524 04010 04071 04110 04115 04137 04151 04210 04211 04216 04218 04310 04722 04919 05012 05014 05016 05131 05160 05161 05162 05163 05165 05166 05167 05168 05169 05200 05202 05203 05205 05206 05210 05212 05213 05214 05215 05216 05217 05218 05219 05220 05222 05223 05224 05225 05226 05230 05417 05418
K04452	04010 04141 04210 04932 05010 05012 05014 05020 05022 05202 05417
K04453	04010 05200 05202 05222
K04454	04010 04022 04371 04921 04928 05202 05418
K04455	04010 04370 05146
K04456	01521 01522 01524 04010 04012 04014 04015 04022 04024 04062 04066 04068 04071 04072 04140 04150 04151 04152 04210 04211 04212 04213 04218 04261 04370 04371 04380 04510 04550 04611 04613 04620 04625 04630 04660 04662 04664 04666 04668 04722 04725 04728 04910 04914 04915 04917 04919 04920 04922 04923 04926 04929 04931 04932 04933 04935 04936 04973 05010 05017 05131 05132 05135 05142 05145 05152 05160 05161 05162 05163 05164 05165 05166 05167 05168 05169 05170 05200 05205 05207 05208 05210 05211 05212 05213 05214 05215 05218 05220 05221 05222 05223 05224 05225 05226 05230 05231 05235 05415 05417 05418
K04457	04010
K04458	04010
K04459	04010 04361
K04460	04010
K04461	04010 04013
K04462	00310 01100 04010 05200 05220
K04463	04010 04540 04722 04921 05418
K04464	04010 04011 04138 04139 04540 04657 04722 04912 04921 05206 05418
K04465	04010 04151 04925 04927 04934
K04466	04010 04064 04210 04380 04625 04660 04668 04672 04936 05120 05166 05169 05208
K04467	01523 04010 04014 04062 04064 04068 04150 04151 04210 04380 04620 04621 04622 04623 04625 04657 04658 04659 04660 04662 04668 04920 04936 05010 05120 05130 05131 05132 05135 05142 05145 05160 05161 05162 05163 05164 05165 05166 05167 05168 05169 05170 05171 05200 05208 05212 05215 05220 05221 05222 05235 05417 05418
K04468	04010 04068 04310 04520
K04469	04010 04064 04380 04625 05134 05166 05169 05200 05203 05224
K04478	00550 01100
K04480	00680 01100 01120 01200
K04482	03440 03460 05200 05212
K04486	00340 01100 01110 01230
K04487	00730 01100 01240 04122
K04489	04215
K04490	04310 04390 04520 04916 04934 04936 05132 05165 05167 05200 05210 05213 05215 05216 05217 05221 05224 05225 05226 05412
K04491	04310 04390 04520 04916 04934 04936 05132 05165 05167 05200 05210 05213 05215 05216 05217 05221 05224 05225 05226 05412
K04492	04310 04390 04520 04916 04934 04936 05132 05167 05200 05210 05213 05215 05216 05217 05221 05224 05225 05226 05412
K04493	04310
K04494	04310
K04495	04310
K04496	04310 04330 05200 05220
K04497	04013 04310 04330
K04498	03250 04024 04066 04068 04110 04310 04330 04350 04520 04630 04720 04916 04919 04922 04935 05016 05152 05161 05164 05165 05166 05167 05200 05203 05206 05211 05215
K04499	04310
K04500	04110 04144 04218 04350 04371 04390 04550 04659 04926 04933 05142 05166 05200 05205 05210 05212 05225 05226 05321 05415
K04501	04068 04110 04310 04350 04371 04390 04520 04550 04659 04933 05161 05166 05200 05210 05212 05220 05225 05226
K04502	04310 04380 04657 05166
K04503	01522 04068 04110 04115 04151 04152 04218 04310 04340 04371 04390 04510 04530 04630 04917 04919 04921 04933 04934 04936 05160 05162 05163 05165 05166 05167 05169 05200 05203 05205 05206 05207 05210 05212 05213 05214 05215 05216 05218 05219 05220 05221 05222 05223 05224 05225 05226 05416
K04504	03320 04310 05200 05221
K04505	04310 04330 04361 04722 05010 05022 05165
K04506	04013 04115 04120 04310
K04507	04310
K04508	04013 04310
K04510	04310
K04511	04310
K04512	04310
K04513	04011 04014 04015 04022 04024 04062 04071 04072 04144 04150 04270 04310 04350 04360 04361 04510 04520 04530 04611 04621 04625 04660 04670 04722 04810 04921 04928 04972 05100 05130 05131 05132 05133 05135 05152 05163 05200 05203 05205 05206 05210 05417 05418
K04514	04022 04024 04062 04071 04270 04350 04360 04510 04530 04611 04670 04810 04921 05130 05131 05135 05163 05200 05205 05206
K04515	04012 04020 04024 04066 04114 04217 04261 04310 04360 04713 04720 04722 04725 04728 04740 04745 04750 04911 04912 04916 04921 04922 04925 04934 04971 05012 05022 05031 05152 05200 05205 05214 05415 05417
K04516	00400 01100 01110 01230
K04517	00400 00401 01100 01110 01230
K04518	00400 01100 01110 01230
K04519	01523 04010 04060 04064 04217 04380 04620 04621 04623 04625 04640 04657 04659 04668 04750 04932 04933 04936 04940 05010 05020 05022 05130 05131 05132 05133 05134 05135 05140 05142 05143 05144 05146 05152 05162 05163 05164 05168 05171 05321 05323 05332 05417 05418
K04520	04726 05010 05022
K04521	05010
K04522	04330 04722 05010 05022
K04523	04141 05014
K04524	04979 05010
K04526	04010 04014 04015 04022 04066 04068 04072 04114 04140 04150 04151 04152 04211 04213 04810 04910 04911 04913 04914 04917 04923 04930 04931 04932 04940 04950 04960 05010 05215 05415
K04527	04010 04014 04015 04022 04066 04068 04072 04150 04151 04152 04211 04212 04213 04361 04520 04910 04913 04923 04930 04931 04932 04960 05010 05415
K04528	05010 05012 05022
K04529	05010
K04532	05010
K04533	05016 05022
K04534	04015 04361 04713 04723 04724 04725 04726 04727 04728 04730 04915 04916 04921 04926 05032 05034 05142 05145 05163 05170
K04535	04730
K04536	04011 04014 04062 04151 04371 04713 04723 04724 04725 04726 04727 04728 04740 04744 04926 05032 05034 05163 05167 05170 05200
K04537	04014 04062 04151 04371 04713 04723 04724 04725 04726 04727 04728 04926 05032 05034 05163 05167 05170 05200
K04538	04014 04062 04151 04371 04713 04723 04724 04725 04726 04727 04728 04926 05032 05034 05163 05167 05170 05200
K04539	04014 04062 04151 04371 04713 04723 04724 04725 04726 04727 04728 04926 05032 05034 05163 05167 05170 05200
K04540	04014 04062 04151 04371 04713 04723 04724 04725 04726 04727 04728 04926 05032 05034 05163 05167 05170 05200
K04541	04014 04062 04151 04371 04713 04723 04724 04725 04726 04727 04728 04926 05032 05034 05163 05167 05170 05200
K04542	04014 04062 04151 04371 04713 04723 04724 04725 04726 04727 04728 04926 05032 05034 05163 05167 05170 05200
K04543	04014 04062 04151 04371 04713 04723 04724 04725 04726 04727 04728 04740 04926 05032 05034 05163 05167 05170 05200
K04544	04014 04062 04151 04371 04713 04723 04724 04725 04726 04727 04728 04926 05032 05034 05163 05167 05170 05200
K04545	04014 04062 04151 04371 04713 04723 04724 04725 04726 04727 04728 04926 05032 05034 05163 05167 05170 05200
K04546	04014 04062 04151 04371 04713 04723 04724 04725 04726 04727 04728 04926 05032 05034 05163 05167 05170 05200
K04547	04014 04062 04151 04371 04713 04723 04724 04725 04726 04727 04728 04740 04742 04745 04926 05032 05034 05163 05167 05170 05200
K04548	04014 04062 04151 04371 04713 04723 04724 04725 04726 04727 04728 04744 04926 05032 05034 05163 05167 05170 05200
K04549	04014 04062 04151 04371 04713 04723 04724 04725 04726 04727 04728 04926 05032 05034 05163 05167 05170 05200
K04550	04979 05010 05144
K04551	04120 04137 05012 05022 05131 05167
K04552	04120 05012 05022
K04553	04120 05012 05022
K04554	04120 04141 05012 05022
K04555	04120 04141 05012 05022
K04556	04120 04137 04141 05012 05014 05022
K04557	05012 05022
K04558	05012 05022
K04559	05016 05022
K04560	04130 04721 04911 05016 05022 05031
K04561	00910 01100 01120
K04563	04011 04111 04113
K04564	04013 04068 04146 04211 04212 04213 05016 05208 05417
K04565	04146 04213 05012 05014 05016 05020 05022 05208
K04566	00970
K04567	00970
K04569	05014 05022
K04570	01521 01524 04014 04064 04115 04137 04140 04151 04210 04215 04621 04630 05012 05014 05022 05131 05145 05162 05166 05168 05170 05200 05202 05212 05220 05222 05225 05417
K04571	04141
K04572	05014 05022
K04573	05014 05022
K04574	05014 05022
K04575	05014 05022
K04576	04080 04380
K04577	04080 04270
K04578	04024 04080 04730 04934
K04579	04024 04080 04934
K04580	04024 04080
K04581	04024 04080 04911
K04582	04080
K04583	04080 04922
K04584	04080 04935
K04585	04080 04928 04961
K04586	04080
K04587	04024 04080 04713 04911 04924
K04588	04080 04972 04976
K04589	04080
K04590	04024 04080
K04596	04115
K04603	04020 04068 04072 04080 04540 04720 04723 04724 04730 04742 04915 05017 05022
K04604	04020 04072 04080 04540 04720 04723 04724 05010 05016 05022
K04605	04072 04080 04724 05030
K04606	04072 04080 04724 05030
K04607	04072 04080 04724 04742
K04608	04072 04080 04724
K04609	04072 04080 04724
K04610	04072 04080 04724
K04612	04621 04928
K04615	04024 04080 04727 04742 04915 04929 05032
K04617	04080
K04618	00052 01100
K04622	04621
K04623	04013
K04624	04742
K04625	04742 04973
K04626	04742 04973
K04627	04011
K04628	00565 00600 01100
K04630	04015 04022 04024 04062 04071 04113 04261 04360 04371 04540 04611 04670 04713 04723 04724 04725 04726 04727 04728 04730 04914 04915 04916 04921 04923 04924 04926 04928 04934 04935 04971 05012 05030 05032 05034 05133 05142 05145 05163 05170 05200 05207
K04631	04744
K04632	01522 04015 04020 04024 04072 04261 04270 04361 04540 04611 04713 04714 04724 04726 04728 04730 04750 04911 04912 04913 04915 04916 04918 04921 04922 04923 04924 04925 04926 04927 04928 04934 04935 04961 04962 04970 04971 04972 04976 05012 05030 05031 05032 05034 05110 05142 05146 05163 05165 05200 05207 05414
K04633	04020 04728 04740 05012 05142 05146
K04634	04015 04020 04022 04062 04071 04261 04270 04361 04371 04540 04611 04713 04720 04723 04724 04725 04726 04728 04730 04745 04750 04911 04912 04915 04916 04918 04921 04922 04924 04925 04927 04928 04929 04934 04935 04961 04970 04971 04972 05010 05016 05017 05022 05135 05142 05143 05146 05163 05170 05200
K04635	04020 04022 04270 04540 04725 04730 04911 04912 04925 04927 04928 04929 04934 04935 05142 05146 05163 05170 05200
K04636	04020 05142 05146
K04637	04020 04926 05142 05146
K04638	05016 05022
K04639	04022 04071 04072 04270 04371 04611 04730 04810 04928 05130 05163 05200
K04644	04142 04144 04721 04961 05016 05100
K04645	04142 04144 04721 04961 05016 05100
K04646	04142 04144 04721 04961 05016 05100
K04647	04727 05014 05016 05022
K04648	04962 05014 05016 05022 05132
K04649	04120
K04650	01522 04919 05202
K04657	04350
K04658	04350
K04659	04145 04151 04510 04512 05144 05165
K04660	04350 05205
K04661	04350
K04662	04013 04060 04341 04350 04390 04550 04919 05200 05217 05418
K04663	04060 04350 04390
K04664	04060 04350 04390
K04665	04024 04060 04350 04390
K04666	04060 04350 04550
K04667	04060 04350 04550
K04668	04350 04550
K04670	04060 04350 04550 05418
K04671	04060 04350 04360 04390 04550 05206 05418
K04672	04060 04350
K04673	04060 04350 04390 04550 05418
K04674	04010 04060 04068 04144 04218 04350 04371 04380 04390 04520 04659 04926 04933 05142 05161 05166 05200 05210 05212 05220 05225 05226 05415
K04675	04060 04350 04550 05418
K04676	04350 04390 04391 04550 05202
K04677	04350
K04678	04120 04144 04340 04341 04350
K04679	04144 04350
K04680	04015 04350 04390 04550
K04681	04110 04218 04350 05165 05203
K04682	04110 04218 04350
K04683	04110 04350
K04684	01522 04137 04350 04915 04927 04928 04934 05016 05017 05163 05200 05202 05224 05231 05415
K04685	04068 04110 04218 04350 04934 05166 05200 05203 05222 05226
K04686	04350
K04687	03050 04060 04066 04217 04350 04380 04612 04630 04650 04657 04658 04659 04660 04940 05140 05142 05143 05144 05145 05146 05152 05160 05164 05168 05200 05235 05321 05322 05323 05330 05332 05418
K04688	01521 01522 04012 04066 04140 04150 04151 04152 04211 04212 04213 04350 04361 04371 04666 04714 04910 04931 05131 05163 05165 05170 05200 05205 05207 05210 05212 05221 05224 05225 05226 05231 05235
K04690	04150 04310 05010 05022
K04692	01521 04062 04066 04068 04217 04550 04630 04659 04917 04920 04931 04933 04935 05145 05160 05161 05162 05163 05167 05169 05171 05200 05203 05205 05206 05207 05212 05221 05223 05235 05321 05417
K04693	04217 04380 04621 04625 04630 05160 05162 05164 05165 05167 05168 05169 05171 05203
K04694	04120 04380 04630 04910 04917 04930 04935 05145 05206
K04695	04630 04910 04917 04930 04935
K04696	04120 04380 04630 04668 04910 04917 04920 04930 04931 04932 04935 05160 05164 05168
K04697	04630 04910 04917 04930
K04698	04630 04917
K04699	04630 04917
K04701	04630 04917
K04702	04630 04933 05200 05206 05221
K04705	04144 04630
K04706	04120 04630 05160
K04707	04012 04120 04144 04910 05100 05200 05205 05220
K04708	00600 01100
K04709	00600 01100
K04710	00600 01100 04071
K04711	00600 01100
K04712	00600 01100 04071
K04713	00600 01100
K04714	00600 01100 04071
K04715	00600 01100
K04716	00600 01100 04071
K04717	00600 01100 04071
K04718	00600 01100 04020 04071 04072 04370 04371 04666 05152
K04719	00740 01100 01240
K04720	00860 01100
K04721	04060 04061 04068 04210 04217 04650 05130 05132 05164 05417
K04722	04060 04061 04115 04210 04217 04650 05130 05132 05164 05417
K04723	04010 04060 04659 04750
K04724	04064 04140 04210 04217 04668 05142 05160
K04725	01524 04064 04120 04210 04214 04215 04217 04510 04621 05145 05166 05200 05207 05222
K04726	01524 04071 04115 04210 04215 04217 04650 04932 05010 05014 05022 05152 05160 05161 05162 05163 05164 05167 05168 05169 05170 05200 05416 05417
K04727	04210 04214 04217
K04728	01524 03440 04064 04068 04110 04115 04210 04214 04218 05131 05165 05166 05170 05202 05206
K04729	04010 04064 04620 04621 04624 04936 05130 05131 05132 05133 05134 05135 05140 05142 05143 05144 05145 05152 05161 05162 05164 05168 05169 05170 05171 05235 05417
K04730	04010 04064 04620 04624 04722 04936 05130 05132 05133 05135 05140 05142 05145 05152 05161 05162 05168 05169 05170 05171 05417
K04731	04722 05152
K04732	04722
K04733	04010 04064 04620 04621 04624 04722 04936 05130 05132 05133 05135 05140 05142 05145 05152 05161 05162 05164 05168 05169 05170 05171 05417
K04734	04024 04062 04064 04210 04380 04620 04621 04622 04623 04624 04625 04657 04658 04659 04660 04662 04668 04722 04920 04926 04931 04936 05120 05130 05131 05132 05134 05135 05140 05142 05145 05160 05161 05162 05163 05164 05166 05167 05168 05169 05170 05171 05200 05203 05208 05215 05220 05222 05235 05417
K04735	01523 04010 04014 04024 04062 04064 04066 04071 04137 04151 04210 04211 04218 04380 04613 04620 04621 04622 04623 04625 04657 04658 04659 04660 04662 04668 04722 04917 04920 04926 04931 04932 04933 04936 05010 05022 05030 05120 05130 05131 05132 05133 05134 05135 05140 05142 05145 05146 05152 05160 05161 05162 05163 05164 05165 05166 05167 05168 05169 05170 05171 05200 05202 05203 05207 05208 05212 05215 05220 05221 05222 05235 05321 05415 05417 05418
K04736	04060 04151 04210 04630 04640 04664 05200 05202 05221 05310
K04737	04060 04151 04210 04630 04640 05200
K04738	04060 04210 04630 05200
K04739	04910
K04741	04141 04210 04621 05010 05014 05020 05022 05161
K04742	00532
K04743	00532
K04745	00533
K04746	00533
K04751	02020
K04761	02026
K04765	00230 00240 00760 00770 01100 01232
K04771	01503 02020
K04778	01053
K04780	01053
K04781	01053 01110
K04782	01053 01110
K04783	01053
K04784	01053
K04785	01053
K04786	01053
K04787	01053
K04788	01053
K04789	01053
K04790	01053
K04791	01053
K04792	01053
K04793	01053
K04799	03030 03410 03450
K04800	03030
K04801	03030
K04802	03030 03410 03420 03430 04110 04530 05161
K04803	04080
K04804	04080
K04805	04080 04725 05207
K04806	04080 04725 05033 05207
K04807	04080
K04808	04080 04725 05033
K04809	04020 04080 04725 05010 05022 05033 05207
K04810	04080 05207
K04811	04080
K04812	04080
K04813	04080 04725 05033 05207
K04814	04080
K04815	04080 04725 05207
K04816	04080
K04817	04080
K04818	04080
K04819	04726 04742
K04824	04742 04960
K04825	04742 04960
K04827	04742 04960
K04828	04742 04750
K04829	04750
K04830	04750
K04831	04750
K04832	04750
K04833	04728
K04834	04742
K04835	00630 00660 01100 01120 01200
K04836	04742
K04838	04261
K04839	04261
K04841	04742
K04845	04261
K04848	04261
K04849	04010 04020 04721 04723 04725 04726 04727 04728 04930 05016 05020 05022 05032 05033 05207
K04850	04010 04020 04022 04024 04260 04261 04270 04713 04720 04723 04724 04725 04726 04727 04728 04742 04911 04912 04921 04924 04925 04927 04929 04930 04934 04935 05010 05020 05022 05031 05207 05410 05412 05414
K04851	04010 04020 04022 04024 04218 04260 04261 04270 04361 04530 04713 04723 04724 04725 04726 04727 04728 04911 04912 04921 04924 04925 04927 04929 04930 04934 04935 04973 05010 05020 05022 05031 05207 05410 05412 05414
K04852	04010 04020 04930
K04853	04010 04020 04022 04024 04260 04261 04270 04723 04725 04726 04727 04911 04912 04921 04924 04925 04927 04929 04934 04935 05010 05020 05022 05207 05410 05412 05414
K04854	04010 04020 04713 04925 04927 04929 04930 04934
K04855	04010 04020 04713 04925 04927 04929 04934
K04856	04010 04020 04713 04925 04927 04929 04934
K04857	04010 04020 04022 04024 04260 04261 04270 04723 04725 04726 04727 04911 04912 04921 04924 04925 04927 04929 04934 04935 05010 05020 05022 05207 05410 05412 05414
K04858	04010 04260 04261 04921 05410 05412 05414
K04859	04010 04260 04261 04921 05410 05412 05414
K04860	04010 04260 04261 04921 05410 05412 05414
K04861	04010 04260 04261 04921 05410 05412 05414
K04862	04010 04260 04261 04921 05410 05412 05414
K04863	04010 04260 04261 04921 05410 05412 05414
K04864	04010 04260 04261 04921 05410 05412 05414
K04865	04010 04260 04261 04921 05410 05412 05414
K04866	04010 04260 04261 04921 05410 05412 05414
K04867	04010 04260 04261 04921 05410 05412 05414
K04868	04010 04260 04261 04921 05410 05412 05414
K04869	04010 04260 04261 04921 05410 05412 05414
K04870	04010 04260 04261 04921 05410 05412 05414
K04871	04010 04260 04261 04921 05410 05412 05414
K04872	04010 04260 04261 04921 05410 05412 05414
K04873	04010 04260 04261 04921 05410 05412 05414
K04877	04927 04934
K04889	05017
K04892	04726
K04893	05017
K04894	04261
K04896	04971
K04897	04974
K04913	04927 04934 04971
K04914	04925 04927 04934
K04916	04742 04974
K04919	04925
K04920	04971
K04926	04261 04725 04971 04972 04974 05110
K04927	04725
K04928	04725
K04929	04725
K04930	04725
K04936	04022 04270 04911 04924 04970 04972
K04937	04022 04270 04911
K04938	04022 04270 04911
K04939	04022 04270 04911
K04941	04022 04270 04911
K04942	04911 04929
K04943	04726 04911 04929 04976
K04944	04911 04929
K04945	04911 04929 04970 04974
K04948	04022 04024 04744
K04949	04024 04740
K04950	04024 04740
K04951	04024 04740
K04952	04022 04024 04740 04744
K04953	04024
K04954	04929
K04955	04024 04929
K04956	04929
K04957	04024 04742
K04958	04020 04022 04070 04114 04140 04210 04218 04270 04371 04540 04611 04621 04625 04713 04720 04723 04724 04725 04726 04728 04730 04745 04750 04912 04915 04918 04921 04922 04924 04925 04927 04928 04929 04934 04935 04970 04971 04972 05010 05012 05016 05017 05020 05022 05131 05163 05167 05170 05205 05417
K04959	04020 04022 04070 04114 04210 04218 04270 04371 04540 04611 04621 04625 04720 04723 04724 04725 04726 04728 04730 04750 04912 04915 04918 04921 04922 04924 04925 04927 04928 04929 04934 04935 04970 04971 04972 05010 05012 05017 05020 05022 05131 05163 05167 05170 05205
K04960	04020 04022 04070 04114 04210 04218 04270 04371 04540 04611 04621 04625 04713 04720 04723 04724 04725 04726 04728 04730 04742 04750 04911 04912 04915 04918 04921 04922 04924 04925 04927 04928 04929 04934 04935 04970 04971 04972 05010 05012 05014 05017 05020 05022 05131 05163 05167 05170 05205
K04961	04020 04371 04713 04730 04921 05017 05020 05022
K04962	04020 04024 04260 04261 04371 04713 04911 04921 04972 05020 05022 05410 05412 05414 05415
K04963	04020 04371 04713 04921 04970 05010 05012 05020 05022
K04964	04360 04724 04726 04929 04972
K04966	04360 05017 05022
K04967	04360 04745 04929
K04968	04360 04929
K04969	04022 04360
K04971	04621 04750
K04972	04750
K04973	04218 04750 05418
K04974	04928 04961
K04975	04970 04978
K04977	04621 04921
K04979	04911
K04980	04742
K04981	04978
K04982	04217 04218 04621 04978
K04983	04750
K04984	04750
K04989	04742
K04990	04742
K04992	04020 04142
K04993	04020
K04994	04020
K04995	04960 04971
K04996	04725 04921 04924 04971
K04997	04713 04723 04724 04725 04726 04728 04915 04921 04929 05032
K04998	04725 04921
K04999	04713 04723 04726 04728 04915 04921 04925 04929 05032
K05000	04713 04723 04725 04726 04727 04728 04915 04921 04929 05032
K05001	04022
K05002	04713 04723 04726 04728 04915 04921 04929 05032
K05003	04971 05016
K05004	04911 04929 04930
K05005	04725 04921
K05006	04974
K05007	04725 04921
K05008	04971
K05009	04971
K05011	04978
K05012	04613
K05018	04966
K05027	04924 04972
K05028	04924 04972
K05030	04924 04972
K05031	02010 04024 04152 04530 04971 04972 04976 05110
K05032	02010 04911 04930
K05033	02010
K05034	04721 04727
K05035	04721
K05036	04721 04728 05012 05022 05030 05031 05034
K05037	04721 04726
K05038	04721
K05040	04721
K05043	04976
K05044	04721 04727
K05045	04721 04727
K05046	04721 04727
K05050	04060 04061 04062 04072 04144 05120 05163
K05051	04080
K05052	04080
K05053	04080
K05054	04080
K05055	01521 04060 04061 04066 04151 04630 04640 04659 04932 05163 05171 05200
K05056	04060 04630 04640
K05057	04060 04151 04630
K05058	04060 04550 04630
K05059	04060 04630
K05060	04060 04061 04550 04630 04659 05167 05171 05200 05203
K05061	04060 04151 04630 04640 05200
K05062	04060 04080 04152 04630 04920 04932
K05063	04060 04630 04658 04659 05200 05321
K05064	04060 04630 04658 05200 05321
K05065	04060 04630 04659 05200 05321
K05066	04060 04630 04640 05200
K05067	04060 04630 04640 05200
K05068	04060 04061 04144 04151 04630 04640 04658 04659 05162 05166 05200
K05069	04060 04061 04144 04151 04630 04658 04659 05162 05166 05200 05202
K05070	04060 04061 04144 04151 04630 04658 04659 05162 05166 05200 05321 05340
K05071	04060 04151 04630 04640 04658 04659 05200 05321
K05072	04060 04068 04151 04630 04640 05200 05340
K05073	04060 04630 04640
K05074	04060 04630 04672 05166 05200
K05075	04060 04630 04659 05321
K05076	04060 04630 05200
K05077	04060 04630
K05078	04060 04630
K05079	04060 04151 04630 04640 05200
K05080	04060 04080 04151 04630 04935
K05081	04060 04080 04151 04630 04917
K05082	04060 04630
K05083	01521 01522 01524 04010 04012 04020 04066 04151 04510 04520 04530 05200 05205 05206 05212 05213 05215 05219 05223 05224 05226 05230
K05084	01521 04010 04012 04020 04151 05205 05206
K05085	04010 04012 04020 04151 05014 05205
K05086	04810 05215
K05087	01521 01522 04010 04014 04015 04066 04068 04114 04140 04144 04150 04151 04152 04211 04213 04510 04520 04550 04730 04913 04914 05200 05202 05205 05214 05215 05218 05224 05225
K05088	04013
K05089	01521 04010 04014 04015 04020 04072 04151 04510 04540 04630 04810 05165 05200 05206 05214 05215 05218 05230 05231
K05090	04010 04014 04015 04060 04061 04151 04380 04640 05200 05202 05221
K05091	04010 04014 04015 04072 04151 04640 04916 05200 05221 05224 05230
K05092	04010 04014 04151 04640 05200 05202 05221 05230
K05093	01521 04010 04014 04015 04020 04144 04151 04550 04810 05200 05215 05226 05230
K05094	01521 04010 04014 04015 04020 04144 04151 04550 04810 05200 05206 05219 05230
K05095	04010 04014 04015 04020 04144 04151 04550 04810 05200
K05096	04010 04014 04015 04020 04066 04151 04510 05202 05323
K05097	04010 04014 04015 04020 04151 04510 05200 05224
K05098	01521 04010 04014 04015 04020 04151 04370 04510 05205 05418
K05099	01521 04010 04014 04015 04020 04151 04360 04361 04510 04520 05100 05120 05144 05200 05202 05205 05206 05208 05211 05218 05223 05225 05226 05230
K05100	04020
K05101	04020 04722 05230
K05102	04360
K05103	04010 04014 04015 04151 04360
K05104	04360
K05105	04360
K05106	04360
K05107	04360
K05108	04360
K05109	04360
K05110	04360 04361
K05111	04360
K05112	04360
K05113	04360
K05114	04360
K05115	01521
K05119	05200 05223 05235
K05121	04010 04014 04015 04066 04151 05323
K05122	04310
K05123	04310
K05126	04020 05200 05216 05223 05230
K05128	04310 04360
K05130	04060 04151 04217 04380 04620 04621 04630 04650 05160 05161 05162 05164 05165 05167 05168 05169 05171 05200
K05131	04060 04151 04217 04380 04620 04621 04630 04650 05160 05162 05164 05165 05167 05168 05169 05171 05200
K05132	04060 04066 04217 04380 04630 04650 04658 04659 05140 05142 05145 05152 05164 05167 05168 05200 05235 05321
K05133	04060 04066 04217 04380 04630 04650 04658 04659 05140 05142 05145 05152 05164 05168 05200 05235 05321
K05134	04060 04061 04630 05145 05152 05163
K05135	04060 04061 04630 05145 05152 05163
K05136	04060 04061 04630
K05137	04060 04061 04630
K05138	04060 04061 04630
K05139	04630
K05140	04060 04630
K05141	04060 04061 04668 04920 05014 05022 05170
K05142	04060
K05143	04060
K05144	04060
K05145	04060
K05146	04060
K05147	04060 04064 04380 04917 05323
K05148	04060 04380
K05149	04060
K05150	04060 04672 05340
K05151	04060 04064 04672 05166 05340
K05152	04060 04061 05168
K05153	04060 04672
K05154	04060
K05155	04060
K05156	04060
K05157	04060
K05160	04060
K05162	04060 04064
K05163	04060 04064
K05164	04060 04657 04936
K05165	04060 04657
K05166	04060 04657 04936
K05168	04060 04657
K05171	04060
K05172	04060
K05173	04060 04061 04668 05321
K05174	04060 04061 05321
K05175	04080 04723 04727 04742 05032 05033
K05181	04080 04723 04726 04727 05032 05033
K05184	04080 04723 04727 05032 05033
K05185	04080 04723 04727 05032 05033
K05186	04080 04723 04727 05032 05033
K05189	04080 04723 04727 05032 05033
K05190	04080 04723 04727 05032 05033
K05192	04080 04723 04727 05032 05033
K05193	04080
K05194	04080
K05195	04080
K05196	04080
K05197	04024 04080 04713 04720 04723 04724 04728 04730 05014 05016 05017 05022 05031 05033
K05198	04024 04080 04713 04720 04723 04724 04728 04730 05014 05016 05017 05022 05030 05031 05033
K05199	04024 04080 04713 04723 04724 04728 04730 05016 05017 05022 05031 05033 05202
K05200	04024 04080 04713 04723 04724 04728 05016 05022 05031 05033
K05201	04080 04724
K05202	04080 04724
K05203	04080 04724
K05204	04080 04724
K05205	04080 04724
K05206	04080
K05207	04080 04730
K05208	04014 04015 04020 04024 04080 04713 04720 04724 05010 05014 05016 05017 05020 05022 05030 05031 05033 05034
K05209	04014 04015 04020 04024 04080 04713 04720 04724 04728 05010 05014 05017 05020 05022 05030 05031 05033 05034 05322
K05210	04014 04015 04024 04080 04713 04720 04724 04728 05010 05014 05016 05017 05020 05022 05030 05031 05033 05034 05322
K05211	04020 04024 04080 04713 04720 04724 05010 05014 05017 05020 05022 05030 05031 05033 05034
K05212	04020 04024 04080 04713 04720 04724 05010 05014 05017 05020 05022 05030 05031 05033 05034
K05213	04024 04080 04724 05017 05020 05030 05031 05033 05034
K05214	04024 04080 04724 05017 05020 05030 05031 05033 05034
K05215	04020 04080 04611
K05216	04020 04080 04742
K05217	04020 04080 04742
K05218	04020 04080
K05219	04020 04080
K05220	04020 04080 04621
K05221	04020 04080
K05222	04080 04750
K05223	04080
K05224	04080
K05225	04080 04371
K05226	04080 04911 04972
K05227	04024 04080 04270 04924
K05228	04024 04080 04915 04916 04920 04925 04927 04934
K05229	04080
K05230	04621 05150 05202
K05231	04920
K05232	04024 04080 04920 04923 05034
K05233	04080
K05234	04080
K05235	04080
K05237	04024 04080 04935 04971
K05238	04080
K05239	04080
K05240	04080
K05241	04080
K05242	04072 04080 04270 04962
K05243	04024 04080 04921
K05244	04080
K05246	04080
K05247	04080
K05248	04080
K05249	04080
K05250	04024 04080 04912 04913
K05251	04024 04080 04918 04923 05320
K05252	04080 04912 04929
K05253	04080
K05254	04024 04080 04935
K05256	04024 04080 04730 04934 05034
K05257	04080
K05258	04024 04080 04911
K05259	04024 04080 04714 04911 04922
K05260	04080 04935
K05261	04080 04928 04961 05323
K05262	04024 04080 04713 04911 04924
K05263	04080 04972 04976
K05264	04024 04080
K05265	04080
K05266	04080
K05267	04080
K05268	04080
K05269	04080
K05274	04022 04270 04911
K05275	00750 01100 01120
K05277	00941 01100 01110
K05278	00941 01100 01110
K05279	00944 01110
K05280	00941 00944 01100 01110
K05281	00943 01100 01110
K05282	00904 01100 01110
K05283	00563 01100
K05284	00563 01100
K05285	00563 01100
K05286	00563 01100
K05287	00563 01100
K05288	00563 01100
K05289	00563 01100
K05290	00563 01100
K05291	00563 01100
K05292	00563 01100
K05293	00563 01100
K05294	00563 01100
K05295	00140 01100
K05296	00140 00984 01100 01120
K05297	00071
K05298	00710 01100 01120 01200
K05299	00680 00720 01100 01120 01200
K05301	00920 01100 01120
K05304	00520 01100 01250
K05305	00051 00520 01100 01250
K05306	00440 01100 01120
K05307	00730 01100
K05308	00030 00052 01100 01120 01200
K05309	00590 01100
K05310	00563 01100
K05334	04974 04978
K05338	02020
K05339	02020
K05341	00500 01100
K05342	00500 01100 01110
K05343	00500 01100 01110
K05349	00460 00500 00999 01100 01110
K05350	00460 00500 00999 01100 01110
K05351	00040 01100
K05352	00040 01100
K05353	00960 01100 01110
K05354	00960 01110
K05355	00900 01110
K05356	00900 01110
K05357	00130 01100 01110 01240
K05358	00400 01100 01110
K05359	00400 01100 01110 01230
K05360	00480 01100
K05361	00480 01100 04216
K05362	00550 01100
K05363	00550 01100
K05364	00550 01100
K05365	00550 01100
K05366	00550 01100 01501
K05367	00550 01100
K05368	00740 01100
K05369	00860 01110
K05370	00860 01110
K05371	00860 01110
K05375	00261 01100 01110
K05376	00196 01100
K05377	00196 01100
K05378	00196 01100
K05379	00196 01100
K05380	00196 01100
K05381	00196 01100
K05382	00196 01100
K05383	00196 01100
K05384	00196 01100
K05385	00196 01100
K05386	00196 01100
K05391	04626
K05394	00791 01100 01120
K05396	00270 00470 01100
K05398	04620 05152
K05399	04064 04620 04936 05152 05417
K05400	04064 04620 04936 05132 05133 05145 05417
K05401	04217 04620 05160 05161 05164 05165 05167 05168 05171
K05402	04620
K05403	04064 04620 04936 05130 05132 05133 05152 05161 05235 05417
K05404	04613 04620 05162 05164 05171
K05405	01521 01523 04060 04061 04066 04068 04151 04218 04620 04621 04623 04625 04630 04640 04657 04659 04668 04672 04931 04932 04933 04936 05010 05020 05022 05130 05132 05133 05134 05135 05142 05143 05144 05146 05152 05161 05162 05163 05164 05166 05167 05168 05169 05171 05200 05202 05321 05323 05332 05410 05417
K05406	04060 04620 04622 04625 04630 04658 04936 04940 05133 05134 05140 05142 05143 05144 05145 05146 05152 05162 05164 05168 05171 05200 05321 05330 05417
K05407	04060 04061 04062
K05408	04060 04061 04062 04620 05142 05163 05323 05417
K05409	04064 04217 04620 05133 05161 05235 05417
K05410	04014 04137 04140 04620 04621 04622 04623 04657 04936 05014 05022 05131 05135 05160 05161 05162 05163 05164 05165 05167 05168 05169 05170 05171 05417
K05411	04620 04621 04622 04623 04936 05131 05133 05135 05160 05161 05162 05163 05164 05165 05167 05168 05169 05170 05171 05203 05417
K05412	04514 04620 04672 04940 05320 05322 05323 05330 05332 05416
K05413	04514 04620 04672 04940 05167 05202 05320 05322 05323 05330 05332 05416
K05414	04060 04151 04217 04620 04621 04622 04623 04630 04650 04936 05152 05160 05161 05162 05163 05164 05165 05167 05168 05169 05170 05171 05200 05320 05417
K05415	04060 04151 04217 04380 04620 04621 04622 04623 04630 04650 04668 04936 05131 05135 05142 05152 05160 05161 05162 05163 05164 05165 05167 05168 05169 05170 05171 05417
K05416	04060 04061 04062 04620
K05417	04060 04630 04640 05323
K05418	04060 04151 04630
K05419	04060 04550 04630 04668
K05420	04060 04630
K05421	04060
K05422	04060 04630
K05423	04060 04151 04630 04640 04657 05144 05171
K05424	04060 04080 04152 04630 04920 04932
K05425	04060 04620 04622 04625 04630 04658 04936 04940 05133 05134 05140 05142 05143 05145 05146 05152 05162 05164 05168 05171 05200 05205 05321 05330 05417
K05426	04060 04625 04630 04659 05133 05152 05200 05321 05323
K05427	04060 04630 04640 04650 04657 04660 04664 04668 05131 05146 05166 05167 05171 05202 05221 05323
K05428	04060 04630 04640 04657 04658 04660 04664 04672 05200 05310 05320 05321 05330
K05429	04060 04061 04151 04625 04630 04658 04659 04660 04672 04940 05135 05142 05162 05166 05171 05200 05320 05321 05330 05332
K05430	04060 04151 04630 04640 04657 04658 04659 04660 04664 04672 05140 05200 05310 05320 05321 05330
K05431	04060 04151 04630 04640 05200
K05432	04060 04630 05310
K05433	04060 04630 04668 04672 05166 05200 05323
K05434	04060 04630 04659 05321
K05435	04060 04630 04657 04658 04664 05200 05310 05321
K05436	04060 04630
K05437	04060 04066 04151 04630 04640 05200
K05438	04060 04080 04151 04630 04935
K05439	04060 04080 04151 04630 04917
K05440	04060 04622 04630
K05441	04060 04622 04630
K05442	04060 04622 04630
K05443	04060 04061 04068 04625 04630 04660 04672 05133 05135 05140 05142 05143 05144 05145 05146 05150 05152 05310 05320 05321 05322 05330
K05444	04060 04061 04630
K05445	04060 04630 04659 05321
K05446	04060
K05447	04060 04630
K05448	01521 04010 04014 04015 04020 04066 04151 04370 04510 04926 04933 05163 05165 05167 05200 05205 05206 05207 05208 05211 05212 05219 05323 05418
K05449	04010 04014 04015 04020 04151 04510 04668 04926 04933 05200
K05450	01521 04010 04014 04015 04020 04072 04151 04510 04540 04810 05215 05218 05231
K05451	04010 04014 04015 04020 04060 04151 04750
K05452	04020
K05453	04010 04014 04015 04060 04061 04151 04380 04640 04668 05010 05022 05323
K05454	04010 04014 04151 04640 05200
K05455	01521 04012 05014
K05456	01521 04012 05014
K05457	04012 05014
K05458	04012 05014
K05459	01521 01522 04010 04014 04015 04066 04068 04114 04115 04150 04151 04152 04211 04213 04510 04550 04730 04750 04913 04914 04935 04960 05200 05202 05205 05214 05215 05218 05224 05410 05414
K05460	01521 04010 04014 04015 04020 04151 04510 05144 05200 05205 05208 05211 05218 05223 05225 05226
K05461	04010 04014 04015 04072 04151 04640 04916 05200
K05462	04010 04014 04015 04151 04360 05206
K05463	04360
K05464	01521
K05465	04010 04014 04015 04066 04151 05323
K05466	04010 04014 04015 04066 04151 05167
K05467	04010 04014 04015 04066 04151
K05468	04060 04061 04064 04668 04940 05166 05168
K05469	04060
K05470	04060
K05471	04060
K05472	04060
K05473	04060 04064 04380 04917 04928 05207 05224 05323
K05474	04060
K05475	04060 04672 05323
K05476	04060 04064 04672 05323
K05477	04060 04061 04064 05168
K05478	04060
K05479	04060
K05480	04060 04064
K05481	04060
K05482	04060 04061 04621 04623 05130 05131 05132 05134 05135 05143 05144 05152 05164 05321 05323 05417
K05483	04060
K05484	04060
K05485	04060 04061
K05486	04060
K05487	04060
K05488	04060
K05489	04060 04657 04659 04936 05321 05323
K05490	04060 04657
K05491	04060 04657
K05492	04060 04625 04630 04657
K05493	04060 04657
K05494	04060 04657 04659 05321
K05495	04060
K05496	04060
K05497	04060
K05498	04060 04913
K05500	04060
K05503	04060
K05504	04060
K05505	04060 04061 04062 04064 04621 04657 04668 04936 05120 05134 05146 05167 05323 05417
K05506	04060 04061 04062 04657 04668 05133 05323
K05507	04060 04061 04062
K05508	04060 04061 04062 04668 05163
K05509	04060 04061 04062 04657
K05510	04060 04061 04062
K05511	04060 04061 04062
K05512	04060 04061 04062 04064
K05513	04060 04061 04062 04672
K05514	04060 04061 04062
K05515	00550 01100 01501
K05522	03410
K05523	00620 01100 01120
K05525	00902 01110
K05526	00330 01100
K05528	00513 01100
K05529	00513 01100
K05530	00513 01100
K05531	00513 01100
K05532	00513 01100
K05533	00513 01100
K05534	00513 01100
K05535	00513 01100
K05536	00513 01100
K05537	00513 01100
K05538	00513 00514 01100
K05546	00510 01100 04141
K05547	04080 04919
K05549	00362 00364 00622 01100 01120 01220
K05550	00362 00364 00622 01100 01120 01220
K05551	00253 01056 01100 01110
K05552	00253 01056 01100 01110
K05553	00253 01056 01100 01110
K05554	01056 01100 01110
K05555	01057 01100 01110
K05556	01057 01100 01110
K05572	00190 01100
K05573	00190 01100
K05574	00190 01100
K05575	00190 01100
K05576	00190 01100
K05577	00190 01100
K05578	00190 01100
K05579	00190 01100
K05580	00190 01100
K05581	00190 01100
K05582	00190 01100
K05583	00190 01100
K05584	00190 01100
K05585	00190 01100
K05586	00190 01100
K05587	00190 01100
K05588	00190 01100
K05592	03018
K05597	00220 00250 00470 01100 01110 02020
K05599	00627 01100 01120
K05600	00627 01100 01120
K05601	00910 01100
K05602	00340 01100 01110 01230
K05603	00340 01100
K05604	00330 00340 00410 01100
K05605	00280 00410 00640 01100 01200
K05606	00280 00630 00640 00720 01100 01120 01200
K05607	00280 01100
K05611	05012 05022
K05612	04721 04724 04974
K05613	04721 04724 05014 05016
K05614	04721 04724 05016
K05616	04974 05230
K05617	04721 04724 05017
K05618	04721 04724
K05625	05016
K05627	04520 04810 05130 05135
K05628	04391
K05629	04015 04151
K05630	04120
K05631	04015 04151 04530 05165
K05632	04120 04144 04668 04932
K05633	04120 04144
K05634	04216 05020 05022
K05635	04151 04510 04512 05020 05145 05146 05165 05200 05222
K05636	04151 04510 04512 05145 05146 05165 05200 05222
K05637	04151 04510 04512 05145 05146 05165 05200 05222 05410 05412 05414 05416
K05638	04141 04212 05012 05200 05208 05225 05417 05418
K05640	04630
K05641	02010 04975 04979 05417
K05642	02010 04142
K05643	02010
K05644	02010
K05645	02010
K05646	02010
K05647	02010
K05648	02010
K05649	02010
K05650	02010
K05651	02010
K05652	02010
K05653	02010 04145 04612 05163 05168 05169 05170 05340
K05654	02010 04145 04612 05163 05168 05169 05170 05340
K05655	02010
K05656	02010 04142
K05657	02010
K05658	02010 04976 05206 05226
K05659	02010 04976
K05660	02010
K05661	02010
K05662	02010
K05664	01522 02010 04976 04979
K05665	01523 02010 04071 04977 05206
K05666	01523 01524 02010 04976
K05667	01523 02010 04976
K05668	01523 02010
K05669	02010
K05670	02010
K05671	02010
K05672	02010
K05673	01523 02010 04024 04976
K05674	02010
K05675	02010 04146
K05676	02010 04146
K05677	02010 04146
K05678	02010 04146
K05679	02010 05417
K05680	02010
K05681	01523 02010 04976
K05682	02010
K05683	02010 04975 04976 04979
K05684	02010 04975 04976 04979
K05685	02010
K05687	05012 05022
K05688	04137 05012 05014 05022
K05689	04015 04371 04390 04514 04520 05100 05200 05213 05216 05218 05219 05226
K05690	04015 04520 04670
K05691	04390 04520 04670 05100 05200 05213 05226 05412
K05692	04015 04145 04210 04390 04391 04510 04520 04530 04611 04613 04670 04714 04745 04810 04919 04921 04971 05014 05100 05110 05130 05131 05132 05135 05164 05205 05225 05410 05412 05414 05416 05418
K05693	04514 04520
K05694	04520
K05695	04514 04520 04910 04931
K05696	04520 04910 04931 05208
K05697	04520 04630 04650 04660 04662 05130 05140 05205 05235
K05698	04520 05208
K05699	04510 04520 04530 04670 04810 05131 05146 05203 05322
K05700	04510 04520 04670 04810 05100 05131 05146
K05701	04520 04530 04540 05110 05120 05130
K05702	04014 04015 04024 04520 04530 04670
K05703	04071 04072 04360 04380 04510 04520 04611 04650 04660 04664 04725 05020 05130 05416
K05704	01521 01522 04012 04013 04015 04062 04137 04144 04360 04370 04510 04520 04530 04540 04611 04613 04625 04727 04750 04810 04912 04915 04917 04919 04921 04926 05100 05120 05130 05131 05135 05152 05161 05163 05167 05168 05203 05205 05207 05208 05219 05417 05418
K05705	04520
K05706	04390 04520
K05707	04520
K05708	00360 01100 01120 01220
K05709	00360 01100 01120 01220
K05710	00360 01100 01120 01220
K05711	00360 01100 01120 01220
K05712	00360 01100 01120 01220
K05713	00360 01100 01120 01220
K05714	00360 01100 01120 01220
K05717	04151 04510 04512 04810 04933 05100 05135 05146 05165 05200 05205 05222
K05718	04015 04514 04613 04650 04670 04810 05144 05150 05166 05169 05323 05416
K05719	04015 04145 04151 04360 04510 04512 04514 04530 04611 04670 04810 05100 05130 05131 05133 05135 05140 05145 05165 05200 05205 05222 05410 05412 05414
K05720	04810
K05722	04810
K05725	01522 04012 04062 04151 04360 04370 04510 04670 04810 04935 05100 05131 05135 05146 05163 05165 05170 05200 05202 05205 05208 05222 05417 05418
K05726	04015 04062 04510 04670 04810 04935 05100 05131 05135 05163
K05728	05120
K05729	04810 05212
K05730	04015 04024 04062 04510 04650 04660 04662 04664 04666 04670 04810 05135 05205 05417
K05731	04014 04015 04024 04062 04530 04810 05205
K05732	04510 04611 04670 04810
K05733	04012 04014 04360 04510 04660 04810 05130 05132 05170 05211
K05734	04012 04014 04360 04510 04660 04810 05170 05206 05211
K05735	04012 04014 04360 04510 04660 04810 05170 05211
K05736	04012 04014 04360 04510 04660 04810 05170 05211
K05737	04144 04810 05120
K05740	04510 04810 04933 05131
K05741	04810
K05742	04024 04260 04261 04371 04810 04919 04970 04971 04972 04976 05205
K05743	04360 04666 04810 05135 05170
K05744	04360 04666 04810 05170
K05745	04810
K05746	04015 04360 04810
K05747	04062 04520 04530 04666 05135 05231
K05748	04520 04666 04810 05100 05130 05131 05135 05231
K05749	04810 05130 05132
K05750	04810 05130 05132
K05751	04810
K05752	04810 05130 05132
K05753	04520 04666 04810 05100 05130 05131 05231
K05754	04138 04144 04530 04666 04810 05100 05130 05131 05132 05135
K05755	04138 04144 04530 04666 04810 05100 05130 05131 05132 05135
K05756	04138 04144 04530 04666 04810 05100 05130 05131 05132 05135
K05757	04138 04144 04530 04666 04810 05100 05130 05131 05132 05135
K05758	04138 04144 04530 04666 04810 05100 05130 05131 05132 05135
K05759	04013 04015 04810 05014 05131 05132
K05760	04062 04370 04510 04670 04810 05100 05131 05135 05163 05165 05170 05203 05205
K05762	04530 04810 05205 05206
K05763	04530 04670 04810 05162 05205
K05764	04810
K05765	04360 04666 04810 05133 05170
K05766	04360 04810
K05767	04810
K05768	04666 04810 05203
K05769	04810
K05770	04080 04214 04979 05166
K05771	04080
K05772	02010
K05773	02010
K05774	00030 01100
K05776	02010
K05780	00440 01100
K05783	00362 00364 00622 01100 01120 01220
K05784	00362 00364 00622 01100 01120 01220
K05797	00623 01100 01120
K05810	00230 00270 01100 01232
K05813	02010
K05814	02010
K05815	02010
K05816	02010
K05821	00350 00360 00400 00960 01100 01110
K05822	00300 01100 01110 01230
K05823	00300 01100 01110 01230
K05824	00300 01100 01110 01120 01210 01230
K05825	00300 01100 01110 01210
K05827	00300 01100 01210 01230
K05828	00220 00300 01100 01110 01210 01230
K05829	00220 00300 01100 01110 01210 01230
K05830	00220 00300 01100 01110 01210 01230
K05831	00220 00300 01100 01210 01230
K05840	04020 04024 04080 04728
K05842	04064 04217 04620 04621 04936 05133 05135 05142 05160 05161 05164 05165 05167 05168 05235 05417
K05845	02010
K05846	02010
K05847	02010
K05848	00600 01100
K05849	04020 04022 04260 04261 04371 04740 04961 04974 04978 05410 05412 05414
K05850	04020 04022 04024 04261 04925 04961 04970 04972 04978
K05851	00230 01100 02026 05111
K05852	04020 04022 04024 04261 04919 05414 05415
K05853	04020 04022 04024 04260 04261 04919 04972 05010 05017 05022 05410 05412 05414 05415
K05854	04062 04064 04611 04662 04664 04666 04730 05120 05167 05169 05203 05417
K05855	04064 04072 04151 04380 04611 04613 04625 04650 04662 04664 04666 05152 05167 05168 05169 05171 05203
K05856	04064 04380 04650 04658 04659 04660 05135 05166 05235 05340
K05857	00562 01100 04020 04070 04919 04933 05131
K05858	00562 01100 04015 04020 04022 04062 04070 04071 04072 04261 04270 04310 04361 04371 04540 04611 04613 04621 04713 04720 04723 04724 04725 04726 04728 04730 04742 04745 04750 04911 04912 04915 04916 04918 04919 04921 04922 04924 04925 04926 04927 04928 04929 04933 04934 04935 04961 04970 04971 04972 04973 05010 05016 05017 05022 05131 05142 05143 05146 05163 05200 05415 05417
K05859	00562 01100 01521 04012 04014 04020 04062 04064 04066 04070 04072 04360 04370 04380 04611 04613 04625 04650 04662 04664 04666 04670 04722 04750 04919 04933 04935 05110 05120 05131 05167 05169 05170 05171 05200 05205 05206 05214 05223 05225
K05860	00562 01100 04014 04015 04020 04024 04070 04919 04933 05131 05205
K05861	00562 01100 04020 04070 04114 04919 05131
K05862	04020 04022 04217 04218 04613 04621 04979 05010 05012 05014 05016 05017 05020 05022 05131 05164 05166 05208 05415
K05863	04020 04022 04217 04218 04613 05010 05012 05016 05017 05020 05022 05164 05166 05208 05415
K05864	04217 04218 05010 05022 05131
K05865	04020 04260 04261 05410 05414
K05866	04010 04110 04914 05206
K05867	04110 04114 04914 05170 05206
K05868	04068 04110 04114 04115 04218 04914 05170
K05869	04020 04024 04211 04371 04380 04720 04722 04725 04921 04925 05031 05034 05214
K05870	04022 04024 04151 04152 04211 04261 04380 04612 04668 04710 04713 04714 04725 04728 04911 04915 04916 04918 04922 04924 04925 04926 04927 04928 04931 04934 04935 04962 05016 05020 05030 05031 05034 05152 05161 05163 05165 05166 05167 05203 05207 05215
K05871	04020 04062 04072 04650 04670 04912 05135 05161 05163 05170
K05872	04658 04659 04660 04662 04722 04920 05169 05235
K05873	00230 01100
K05874	02020 02030
K05875	02020 02030
K05876	02020 02030
K05877	02020 02030
K05878	00561 01100
K05879	00561 01100
K05881	00561 01100
K05884	00680 01100 01240
K05887	00400 01100 01110
K05894	00592 01100 01110
K05895	00860 01100 01240
K05898	00984 01100 01120
K05901	00740 00860 01100 01110
K05906	00900 01110
K05907	00920 01100 01120
K05908	00920 01100 01120
K05913	00363 01120
K05915	00440 01100
K05917	00100 01100 01110
K05921	00350 01100 01120 01220
K05928	00130 01100 01110 01240
K05929	00564
K05931	01522
K05933	00270 01100 01110
K05934	00860 01100 01240
K05936	00860 01100 01240
K05939	00071 00564
K05940	04146
K05942	00020 01100 01110 01120 01200 01210 01230
K05946	00552 05111
K05947	00051 01100
K05948	00514 04330 05165
K05953	00270 00999 01100 01110
K05954	00900 01110
K05955	00900 01110
K05957	00521 01110
K05961	00230 00240 01100 01232
K05964	02020
K05966	02020
K05973	00650 01100
K05979	00680 01100 01120 01240
K05988	00500 01100
K05992	00500 01100 01110
K06001	00260 00400 01100 01110 01230
K06002	04974
K06005	04613
K06009	04011
K06013	00900 01110
K06016	00240 01100
K06019	00190
K06027	04138 04721 04727 04962
K06030	04137 04214 04621 05012 05022
K06034	00680 01100 01120 01240
K06035	00791 01120
K06041	00540 01100 01250
K06042	00860 01100 01240
K06044	00500 01100 01110
K06045	00909 01110
K06046	02020 02024
K06048	00480 01100
K06051	01522 04330 04658 05200 05207 05224
K06052	01522 04330 04371 04658 04668 05165 05200 05207 05224
K06053	04330 04658 05017 05165 05169 05203
K06054	03460 04330 04950 05165 05169 05200 05224
K06055	04330 05165 05200 05224
K06056	04330 05202
K06057	04330
K06058	04330
K06059	04330 05010 05120 05171
K06061	04330 04658 05165
K06062	03250 04330 04919 05166 05203
K06063	03040 04330 05169 05203
K06064	04330
K06065	04330 05169
K06066	04330 05169
K06067	04110 04213 04330 04613 04919 05016 05031 05034 05165 05169 05200 05202 05203 05206 05220
K06068	04062 04140 04270 04361 04621 04625 04666 04722 04750 04912 04915 04930 04931 04933 05020 05131 05208 05415
K06069	04015 04144 04390 04391 04530 04611 04910 05165
K06070	04015 04925 05208
K06071	04151 04621 05132 05135
K06073	02010
K06074	02010
K06079	01503
K06080	02020
K06081	04514 04520 05168
K06082	04015 04520
K06083	04520 04666 05130 05132 05231
K06084	04520
K06085	04520
K06086	03320 04520 04910
K06087	04514 04530 04670 05130 05160
K06088	04514 04530 04670 05130 05160
K06089	04514 04530 04670 05120
K06090	04530 05165
K06091	04390 04391 04530 05165
K06092	04390 04530 05165
K06093	04015 04144 04360 04390 04391 04530 05165
K06094	04390 04391 04530 05165
K06095	04391 04530
K06096	04979
K06097	04530
K06098	04530 05110
K06099	04530
K06100	03015 04530
K06101	00310 01100
K06102	04530
K06104	04530
K06105	04530
K06106	04530 05100 05130 05131 05205
K06109	04530
K06111	05132
K06112	04015
K06114	04210
K06116	00561 01100
K06117	00561 01100
K06118	00520 00561 01100 01250
K06119	00561 01100
K06120	00561
K06121	00561
K06122	00561
K06123	00564 00565 01100
K06124	00564 01100
K06125	00130 01100 01110 01240
K06126	00130 01100 01110 01240
K06127	00130 01100 01110 01240
K06128	00564 05231
K06129	00564 04142
K06130	00564
K06131	00564 01100
K06132	00564 01100
K06133	00770 01100
K06134	00130 01100 01110 01240
K06151	00030 01100 01120
K06152	00030 01100 01120
K06153	00550 00552
K06159	02010
K06160	02010
K06161	02010
K06162	00440 01100
K06163	00440 01100
K06164	00440 01100
K06165	00440 01100
K06166	00440 01100
K06167	00440 01100
K06170	04330 05010
K06171	04330 05010
K06172	04330 05010
K06185	05130
K06187	03440
K06204	02026
K06208	00400 01100 01110 01230
K06209	00400 01100 01110 01230
K06210	00760 01100 01240
K06211	00760 01100
K06215	00750 01100 01240
K06223	03430
K06224	04341
K06225	04024 04340 04341 04360 05200 05205 05217
K06226	04340 04341 04360 05200 05205 05217
K06227	04341
K06228	04341
K06229	04340 04341 05200 05217
K06230	04024 04340 05200 05217
K06231	04024 04340 05200 05217
K06232	04340
K06233	04340 04918 04979
K06236	04151 04510 04512 04611 04926 04933 04974 05146 05165 05205 05415
K06237	04151 04510 04512 04926 04933 04974 05146 05165 05200 05222
K06238	04151 04510 04512 04974 05165
K06240	04151 04510 04512 05145 05146 05165 05200 05222
K06241	04151 04510 04512 05143 05145 05146 05165 05200 05222
K06243	04151 04510 04512 05145 05146 05165 05200 05222
K06244	04151 04510 04512 05145 05146 05165 05200 05222
K06245	04151 04510 04512 05145 05146 05165 05200 05222
K06246	04151 04510 04512 05145 05146 05165 05200 05222
K06247	04151 04510 04512 05145 05146 05165 05200 05222
K06248	04151 04510 04512 05165
K06249	04151 04510 04512 05017 05165
K06250	04151 04371 04510 04512 04620 04929 05165
K06251	04151 04510 04512 04610 05165 05205
K06252	04151 04510 04512 05165 05206
K06253	04151 04510 04512 05165
K06254	04512
K06255	04512 05161 05205
K06256	04512 04640 05131 05169 05205 05206
K06257	04512 04514 05144 05205 05418
K06258	04512
K06259	03320 04145 04152 04512 04640 04920 04931 04975 04979 05144 05415 05417
K06260	04512 04611 04640
K06261	04512 04611 04613 04640
K06262	04512 04611 04640
K06263	04512 04611 04640
K06264	04512 04611
K06265	04512 05410 05412 05414 05416
K06266	04512
K06267	04512
K06268	04010 04020 04022 04114 04218 04310 04360 04370 04380 04625 04650 04658 04659 04660 04662 04720 04724 04921 04922 04924 05010 05014 05020 05022 05031 05152 05163 05166 05167 05170 05235 05417
K06269	03015 04022 04024 04113 04114 04218 04261 04270 04390 04510 04611 04720 04728 04750 04810 04910 04921 04931 05031 05034 05168 05205 05415
K06270	04022 04024 04270 04510 04611 04810 04921 05205
K06271	04015 04510 04611 05131 05166
K06272	03320 04360 04510 05100 05131 05213
K06273	04510
K06274	04015 04022 04510 04530 04611 04666 04670
K06275	04510
K06276	01524 03320 04011 04068 04071 04140 04150 04151 04152 04210 04360 04510 04660 04664 04722 04910 04919 04931 04960 05145 05205 05208 05213 05215 05223 05231 05417
K06277	04015 04510 04722 04910 05211
K06278	04144 04510 05020 05100 05205 05416 05418
K06279	01521 01522 04012 04013 04014 04062 04072 04510 04650 04722 04910 04915 04917 04926 04935 05034 05100 05206 05214 05220 05224 05225 05226
K06281	00633 01120 02020
K06282	00633 01120 02020
K06287	00240 01100 01232
K06347	02020
K06352	02024
K06353	02024
K06354	02024
K06355	02024
K06356	02024
K06358	02024
K06359	02024
K06360	02024
K06361	02024
K06363	02024
K06364	02024
K06365	02024
K06366	02024
K06369	02024
K06375	02020 02024
K06443	00906 01100 01110
K06444	00906 01100 01110
K06445	00071 01100 01212
K06446	00930 01100 01120
K06447	00330 01100
K06448	04530 04640 05146
K06449	04514 04640
K06450	04640 04658 04659 04660 05142 05162 05166 05169 05170 05235 05340
K06451	04640 04658 04659 04660 05142 05162 05166 05169 05170 05235 05340
K06452	04640 04658 04659 04660 05142 05162 05166 05169 05170 05235
K06453	04650 04658 04659 04660 05142 05169 05170 05235
K06454	03250 04060 04514 04612 04640 04658 04659 04660 05135 05166 05170 05235 05340
K06455	04640
K06456	04514
K06457	04640
K06458	04514 04612 04640 04660 05135 05340
K06459	04514 04612 04640 04660 05135 05340
K06460	04640
K06461	04015 04145 04514 04610 04613 04640 04670 04810 05133 05134 05140 05146 05150 05152 05202 05221
K06462	04610 04810 05152
K06463	04145 04380 04613 04650 04666 05140 05150 05152 05322
K06464	04015 04145 04390 04514 04610 04613 04650 04670 04810 05133 05134 05140 05144 05146 05150 05152 05166 05323 05416
K06465	04151 04640 04662 05169 05340
K06466	04640
K06467	04514 04640 04662
K06468	04640 05169
K06469	04640
K06470	04514 04660 04672 04940 05162 05235 05320 05322 05323 05330 05332 05416
K06471	04514 04670 05144 05418
K06472	04145 04380 04611 04613 04666 05130 05135 05140 05150 05152 05171 05322
K06473	04640
K06474	04514 04640
K06475	04640
K06476	04015 04151 04510 04512 04611 04613 04640 04810 05165 05200 05222 05410 05412 05414 05418
K06477	04514
K06478	04514 04660 04666 05132 05340
K06479	04650
K06480	04151 04510 04512 04640 04810 05165 05410 05412 05414
K06481	04145 04151 04510 04512 04611 04640 04810 05165 05200 05205 05222 05410 05412 05414
K06482	04151 04510 04512 04640 04810 05165 05200 05222 05410 05412 05414
K06483	04151 04510 04512 04514 04640 04670 04672 04810 05135 05140 05165 05410 05412 05414
K06484	04145 04151 04510 04512 04640 04810 05100 05131 05133 05135 05165 05168 05205 05206 05410 05412 05414
K06485	04151 04510 04512 04514 04640 04810 05145 05165 05200 05222 05410 05412 05414
K06486	04514
K06487	04145 04151 04510 04512 04514 04810 04919 05163 05165 05200 05205 05222 05410 05412 05414 05418
K06490	04064 04514 04650 04668 04670 04933 05143 05144 05150 05164 05166 05167 05169 05323 05416 05417 05418
K06491	04514 05020
K06492	04514 05169
K06493	04015 04145 04151 04380 04510 04512 04611 04613 04640 04810 04919 05163 05165 05168 05205 05206 05410 05412 05414 05418
K06494	04514 04668 04933 05143 05144 05417 05418
K06495	04514
K06496	04514 04613 05144 05150 05171 05417
K06497	04142 05205
K06498	04145 04380 04613 04640 04666 05140 05150 05152 05202 05221 05322
K06501	04142
K06503	04066 04144 04145 04216 04640
K06504	04662
K06505	04612 05152 05168
K06506	04662 05340
K06507	04662
K06508	04662 05144 05160
K06509	04115
K06512	04380 04662
K06513	04145 05150
K06514	04670
K06515	05231
K06516	04612 04650 05332
K06519	04150 04216 04974
K06520	04514 04670
K06521	04360
K06523	04514 04650
K06524	04810
K06525	04151 04510 04512 04810 05165 05410 05412 05414
K06527	04064 04514 04668 04670 04933 05143 05144 05417 05418
K06528	04140 04142 04145 05152
K06529	04360
K06531	04514 04520 05168
K06532	05202
K06533	04514 04670 05418
K06536	05162
K06538	04514 04660 05320 05323
K06539	04514
K06541	04612 04650 05332
K06543	05144
K06544	04514 04613 05150
K06546	04142
K06547	04514
K06548	04514
K06550	04360 04514
K06551	04380
K06554	05340
K06557	04610
K06558	04145
K06560	04145 05152
K06562	04142
K06563	04145 04625 05152 05162
K06564	04142 04144
K06567	04514
K06571	05202
K06572	04360
K06573	04966
K06574	05144
K06575	04640 05144
K06576	05144
K06582	04650
K06583	04151 04510 04512 04810 05165 05410 05412 05414
K06584	04151 04510 04512 04514 04810 05165 05410 05412 05414
K06585	04151 04510 04512 04514 04810 05165 05410 05412 05414
K06586	04151 04510 04512 04810 05165 05410 05412 05414
K06587	04151 04510 04512 04810 05165 05410 05412 05414
K06588	04145 04151 04510 04512 04810 05165 05205 05410 05412 05414
K06589	04151 04510 04512 04810 05165 05410 05412 05414
K06590	04151 04510 04512 04514 04672 04810 05165 05202 05410 05412 05414
K06591	04151 04510 04512 04514 04810 05165 05410 05412 05414
K06592	04514 04520
K06593	04520
K06594	04810
K06596	02020 02025
K06597	02020
K06598	02020 02025
K06606	00562 01100 01120
K06611	00052 01100
K06616	00512 01100
K06617	00052 01100
K06618	01522 04110 04218 04934 05160 05161 05163 05165 05166 05167 05169 05200 05203 05207 05212 05214 05215 05218 05219 05220 05222 05223 05224 05225 05226
K06619	04012 04014 04110 04360 04722 05130 05200 05206 05208 05220 05416
K06620	01522 04110 04218 04934 05160 05161 05163 05166 05167 05169 05200 05206 05212 05214 05215 05218 05219 05220 05222 05223 05224 05225 05226
K06621	01522 01524 04110 04115 04218 04934 05163 05166 05200 05203 05206 05212 05214 05218 05219 05220 05223 05225
K06622	01522 04110 04934 05166 05202
K06623	04068 04110
K06624	01522 04012 04066 04068 04110 04151 04933 04934 05162 05165 05169 05200 05202 05203 05206 05215 05220 05222 05226
K06625	01522 01524 04012 04066 04068 04110 04115 04151 04218 04630 04921 04928 04934 05160 05161 05163 05165 05166 05167 05169 05200 05202 05203 05205 05206 05210 05211 05212 05213 05214 05215 05216 05217 05218 05219 05220 05222 05223 05224 05225 05226
K06626	04110 04114 04115 04151 04218 04391 04934 05161 05162 05165 05166 05169 05200 05203 05206 05215 05222 05226
K06627	04110 04152 04218 04914 05161 05165 05166 05169 05200 05202 05203 05221
K06628	04110 04111 04113
K06629	04110
K06630	04011 04110 04114 04151 04390 04391 04621 04722 05160 05203
K06631	04068 04110 04114 04914
K06632	04110 05170
K06633	04110 04114 04914
K06634	03022 03420 04110
K06635	04110 04114 05166
K06636	04110 04111 04113 04114
K06637	04110 05166
K06639	04110 04111 04113
K06640	03460 04110 04115 04214 04218 05165 05166 05170
K06641	04110 04111 04115 04218 05166
K06642	03450 04110
K06643	01522 01524 04068 04110 04115 04120 04144 04151 04218 04625 04919 05131 05163 05165 05169 05200 05202 05203 05205 05206 05214 05215 05218 05219 05220
K06644	04110 04115 04960
K06645	04110 04218 04914 05206 05207
K06646	04111 04113
K06647	04111
K06648	04011 04111 04113
K06649	04011 04111 04113
K06650	04011 04111 04113
K06651	04011 04111 04113
K06652	04011 04111
K06653	04111
K06654	04111
K06655	04111 04138
K06656	04111
K06657	04111
K06658	04111
K06659	04111 04113
K06660	04111 04113
K06661	04111 04113
K06662	04111 04113
K06663	04111 04113
K06664	04146
K06665	04011 04111
K06666	04011 04111
K06667	04111
K06668	04111
K06669	04110 04111 04113 04114
K06670	04110 04111
K06671	04110 04111 04113
K06672	04111
K06673	04111
K06674	04111
K06675	04111
K06676	04111
K06677	04111
K06678	04111
K06679	04110 04111 04113 04114 04914 05166 05203
K06680	04111
K06681	04111
K06682	04111
K06683	04111 04113 04392
K06684	04111 04392
K06685	04111 04390 04391 04392
K06686	04111
K06687	04111
K06688	04120
K06689	04013 04120 04141 04624 05131
K06691	03050 05010 05012 05014 05016 05017 05020 05022 05169
K06693	03050 05010 05012 05014 05016 05017 05020 05022
K06696	03050 04612
K06697	03050 04612
K06698	03050 04612 05160
K06699	03050
K06700	03050
K06704	04361 05010 05120
K06708	04514
K06710	04514 04672
K06713	04514 04660 04672 05340
K06718	00260 01100 01120
K06720	00260 01100 01120
K06724	04360 05166 05171
K06726	02010
K06728	04650 05144
K06731	03250 05168 05170
K06735	04514 04530 04670 05120
K06736	04514 05412
K06740	04613
K06741	04650
K06742	04650
K06743	04650
K06744	04514 04660 05235
K06745	04514 05235
K06746	04514
K06747	04514
K06751	04144 04145 04218 04514 04612 04940 05163 05165 05166 05167 05168 05169 05170 05203 05320 05330 05332 05416
K06752	04145 04514 04612 04640 04658 04659 04672 04940 05140 05145 05150 05152 05164 05166 05168 05169 05310 05320 05321 05322 05323 05330 05332 05416
K06753	04360
K06754	04360 04361
K06755	04360
K06756	04514
K06757	04514
K06759	04514
K06760	04514
K06765	04360 05200 05210
K06766	04350 04360 04514
K06770	04514
K06771	04514
K06775	04514
K06779	04514 04672
K06780	04514
K06781	04514
K06785	04514 04530 04670 05120
K06786	04530 05120
K06787	04514 04670
K06788	05416
K06791	04514
K06793	04514
K06796	04514
K06797	04514
K06809	04514
K06811	05226
K06815	04514
K06816	04514
K06817	05132
K06820	04360
K06821	04360
K06823	04974
K06824	04512
K06825	04350
K06827	04371 04390
K06838	04360
K06839	04360 04361
K06840	04360
K06841	04360
K06842	04360
K06843	04360 04361
K06844	04360
K06845	04360
K06847	04350
K06850	04360
K06854	04060 04630 04640
K06855	04657
K06856	04020 04064 04072 04145 04151 04613 04640 04650 04662 04664 04666 04672 05130 05135 05140 05143 05146 05150 05152 05169 05171 05202 05310 05320 05322 05323 05330 05340 05414 05416
K06857	02010
K06858	02010
K06859	00010 00030 00500 00520 01100 01110 01120 01200
K06861	02010
K06863	00230 01100 01110
K06868	00970
K06879	00790 01100
K06881	00920 01100 01120
K06892	00999 01110
K06896	00500 01100
K06897	00790 01240
K06900	00564 00592 01100 01110
K06902	04138
K06912	00361 01120 01220
K06914	00680 01100 01240
K06920	00790 01100
K06928	00230 00730 01100 01110 01232
K06943	03008
K06949	00730 01100
K06952	00230 00240 01100 01232
K06965	03015
K06966	00230 00240 01100 01232
K06981	00900 01100 01110
K06982	00770 01100 01240
K06984	00790
K06985	04112
K06989	00760 01100 01240
K06998	00405 01100 01110 02024
K07007	00121
K07008	00340 01100
K07009	00550 01100
K07023	00230 00240 01100 01232
K07024	00500 01110
K07026	00051 01100
K07029	00561 00564 01100 01110
K07031	00540 01100 01250
K07043	00240 01100 01232
K07046	00051 01100 01120
K07072	00680 01100 01240
K07091	02010
K07094	00564 01110
K07102	00520 01100 01250
K07104	00361 00362 00622 00643 01100 01120 01220
K07106	00520 01100
K07122	02010
K07127	00230 01100 01120
K07130	00380 00630 01100 01240
K07141	00790 01100
K07142	00790 01100
K07144	00680 01100 01240
K07145	00860 01110
K07151	00510 00513 01100 04141
K07160	00480 01100
K07165	02020
K07173	00270 01100 01230 02024 02026 05111
K07178	03008
K07179	03008
K07181	05111
K07187	04022 04068 04140 04152 04211 04213 04910 04920 04923 04930 04931 04932 04935 05010 05206
K07188	04024 04152 04371 04714 04910 04923 04925
K07189	04910 04931
K07190	04020 04910 04922
K07191	04068 04152 04910 04920 04930 04931 05415
K07192	04910
K07193	04722 04910
K07194	04910
K07195	04910 05132
K07196	04910
K07197	04152 04910 04931 04932 04936
K07198	04068 04140 04150 04151 04152 04211 04213 04361 04371 04530 04710 04714 04910 04920 04921 04922 04931 04932 04936 05410 05418
K07199	04068 04152 04211 04213 04371 04530 04710 04714 04910 04920 04921 04922 04931 04932 04936 05410
K07200	04068 04152 04211 04213 04371 04530 04710 04714 04910 04920 04921 04922 04931 04932 04936 05410
K07201	04068 04152 04211 04213 04218 04910 04919 04922 04931 04933 04936 05131 05165 05200 05202 05215
K07202	04152 04211 04371 04714 04910 04920 04922 04931 04936 05016
K07203	01521 01522 04012 04066 04072 04113 04136 04138 04139 04140 04150 04151 04152 04211 04212 04213 04218 04361 04371 04613 04630 04659 04714 04910 04919 04920 04930 04931 04935 05010 05014 05016 05017 05022 05131 05163 05165 05167 05168 05170 05200 05205 05206 05207 05210 05212 05214 05215 05221 05224 05225 05226 05230 05231 05235 05415
K07204	04136 04138 04140 04150 04151 04152 04211 04213 04714 04910 05131 05206
K07205	01521 04012 04066 04150 04151 04152 04211 04218 04910 05163 05165 05168 05207 05221 05231
K07206	04072 04140 04150 04151 04152 04211 04218 04714 04910 05163 05165 05168 05231
K07207	04072 04115 04140 04150 04151 04152 04211 04218 04714 04910 04919 05163 05165 05168 05231
K07208	04072 04140 04150 04151 04152 04211 04218 04714 04910 04919 05163 05165 05168 05231
K07209	01523 04010 04014 04062 04064 04068 04150 04151 04210 04380 04620 04621 04622 04623 04624 04625 04657 04658 04659 04660 04662 04668 04722 04910 04920 04930 04931 04932 04936 05010 05120 05130 05131 05132 05135 05142 05145 05160 05161 05162 05163 05164 05165 05166 05167 05168 05169 05170 05171 05200 05206 05208 05212 05215 05220 05221 05222 05235 05417 05418
K07210	01523 04010 04014 04062 04064 04151 04210 04380 04620 04621 04622 04623 04625 04657 04658 04659 04660 04662 04668 04920 04936 05010 05120 05130 05131 05132 05135 05142 05145 05160 05161 05162 05163 05164 05165 05166 05167 05168 05169 05170 05171 05200 05203 05208 05212 05215 05220 05221 05222 05235 05340 05417 05418
K07211	04620 04621 04622 04623 04625 04657 04936 05160 05161 05162 05164 05165 05167 05168 05169 05171 05207 05417
K07213	04978
K07215	00860 01110
K07226	00860 01110
K07232	00480 01100
K07235	04122
K07236	04122
K07237	04122
K07246	00630 00650 01100
K07248	00620 00630 01100 01120
K07249	00830 01100
K07250	00250 00280 00310 00410 00640 00650 01100 01120
K07251	00730 01100
K07252	00510 01100
K07253	00350 00360 01100
K07255	00430 01100
K07256	00430 01100
K07258	00550 01100
K07259	00550 01100
K07260	00550 01100 01502 02020
K07264	00540 01503
K07271	00552
K07281	00562 01100
K07291	00562 01100
K07292	04152 04950
K07293	04013 04014 04072 04360 04625 04630 04650 04670 04722 04920 04931 05120 05130 05168 05205 05208 05211 05220 05235
K07294	03320 04024 04920 04922 04931 04932 04936 05160 05207 05415
K07296	03320 04152 04211 04920 04930 04932 04936
K07297	04152 04211 04920 04932 04936
K07298	04068 04140 04150 04151 04152 04211 04530 04920
K07299	04066 04911 04919 04920 04922 04931 04976 05166 05200 05211 05230 05415
K07306	00920 01100
K07307	00920 01100
K07308	00920 01100
K07309	00450
K07310	00450
K07323	02010
K07326	05133
K07335	02010
K07342	03060 04141 04145 05110
K07344	02024
K07345	05131 05133
K07347	05133
K07359	04140 04152 04211 04920 04921 04936 05034
K07360	04014 04064 04650 04658 04659 04660 05135 05235 05340
K07361	04015 04380 04611 04650 04660 04664 05135
K07362	04014 04015 04064 04650 04658 04659 04660 04664 04666 05135 05235
K07363	04062 04660 04670
K07364	04013 04380 04660
K07365	04012 04360 04660 05130
K07366	04660
K07367	04064 04660 04662
K07368	04064 04625 04660 04662 05131 05152
K07369	04064 04625 04660 04662 05131 05152
K07370	04064 04380 04611 04662 04664 05169 05340
K07371	04064 04380 04662 05169 05340
K07372	04540 05412
K07373	04540
K07374	04145 04210 04530 04540 05010 05012 05014 05016 05020 05022 05130 05132
K07375	04145 04540 05010 05012 05014 05016 05020 05022 05130 05132
K07376	04022 04270 04540 04611 04713 04714 04730 04740 04923 04970
K07377	04514
K07378	04514
K07379	04514
K07380	04514
K07381	00902 00903 01110
K07382	00902 00903 01110
K07384	00902 01100 01110
K07385	00902 01100 01110
K07389	05133
K07404	00030 01100 01110 01120 01200
K07405	00500 01100 01110
K07406	00052 00561 00600 00603 01100
K07407	00052 00561 00600 00603 01100
K07408	00140 00380 00830 00980 01100 04913 05204 05207 05208 05417
K07409	00140 00232 00380 00591 00830 00980 00982 01100 01110 05204 05207 05208
K07410	00140 00380 00980 04913 05204 05206 05207 05208
K07411	00830 01100
K07412	00140 00590 00830 01100 05207
K07413	00140 00590 00591 00830 01100 04726 04750 05204
K07414	00140 04726
K07415	00140 00590 00591 00980 00982 00983 01100 04932 04936 05204 05208
K07416	00980 05208
K07418	00590 00591 01100 04726 04750 04913 05417
K07419	00100 01100 01110
K07420	00830 00980 01100
K07422	00071 00590 01100
K07423	00830 01100
K07424	00140 00591 00830 01100 05204 05207
K07425	00071 00590 00830 01100 03320 04270 04750
K07428	04726
K07430	00120 00140
K07431	00120 01100 03320
K07432	00510 00513 01100
K07433	00140 01100 04925
K07434	00140 01100 04913
K07436	00100 01100 04928 05206
K07437	00830 01100
K07438	00100 01100 04928 05152
K07439	00120
K07440	00120
K07441	00510 00513 01100
K07456	03430
K07462	03410 03430 03440
K07466	03030 03420 03430 03440 03460
K07508	00062 00071 00280 01100 01110 01212
K07509	00062 00071 00280 01100 01110 01212
K07511	00062 00071 00280 00310 00380 00410 00627 00640 00650 00930 01100 01110 01120 01200 01212
K07512	00061 00062 01100 01212
K07513	00071 00280 00592 01040 01100 01110 01212 03320 04146
K07514	00071 00280 00310 00380 00410 00627 00640 00650 00930 01100 01110 01120 01212 03320 04146
K07515	00062 00071 00280 00310 00380 00410 00627 00640 00650 00930 01100 01110 01120 01212
K07516	00071 00362 00650 01100 01120 01200 01212
K07517	00071
K07518	00650 01100
K07520	04360
K07521	04360
K07522	04360 04514
K07523	04360 04514
K07524	04360
K07525	04360
K07526	04360
K07527	04360
K07528	04360
K07529	04360
K07530	04360
K07531	04360
K07532	04270 04360 04361 04611 04625 04810 05130 05135 05152 05163 05200 05205
K07534	00362 01100 01120 01220
K07535	00362 01100 01120 01220
K07536	00362 01100 01120 01220
K07537	00362 01100 01120 01220
K07538	00362 01100 01120 01220
K07539	00362 01100 01120 01220
K07540	00623 01100 01120 01220
K07541	00563 01100
K07542	00563 01100
K07543	00623 01100 01120 01220
K07544	00623 01100 01120 01220
K07545	00623 01100 01120 01220
K07546	00623 01100 01120 01220
K07547	00623 01100 01120 01220
K07548	00623 01100 01120 01220
K07549	00623 01100 01120 01220
K07550	00623 01100 01120 01220
K07553	00600 01100
K07562	03008 03013
K07573	03018
K07587	00970
K07589	00790
K07590	03010
K07593	04911 04917 04922 04930 04931 04950 04973 05230
K07594	04911 04930 04950
K07595	04930 04950
K07596	05150
K07597	05412
K07601	05412
K07603	04974
K07604	04915 05150
K07606	05169 05206
K07607	05014 05022
K07610	05410 05412 05414
K07611	04210 04214
K07632	00515 00601 01100
K07633	00601 01100
K07634	00601 01100
K07635	00601 01100
K07636	02020
K07637	01503 02020
K07638	02020 02026
K07639	02020
K07640	01503 02020
K07641	02020
K07642	02020
K07643	01503 02020
K07644	02020
K07645	02020 02024
K07646	02020
K07647	02020
K07648	02020 02026
K07649	02020
K07650	02020
K07651	02020
K07652	02020
K07653	02020
K07654	02020
K07655	02020
K07656	02020
K07657	02020
K07658	02020
K07659	02020 02026
K07660	01503 02020
K07661	02020
K07662	01503 02020
K07663	02020
K07664	02020
K07665	02020
K07666	02020 02024
K07667	02020 02024
K07668	02020
K07669	02020
K07670	02020
K07671	02020
K07672	02020
K07673	02020
K07674	02020
K07675	02020
K07676	02020 02026
K07677	02020 02026
K07678	02020 02025 02026 05111
K07679	02020 05133
K07680	02020 02024
K07681	02020
K07682	02020
K07683	02020
K07684	02020
K07685	02020
K07686	02020
K07687	02020 02026
K07688	02020
K07689	02020 02025 02026 05111
K07690	02020 05133
K07691	02020 02024
K07692	02020 02024
K07693	02020
K07694	02020
K07695	02020
K07696	02020
K07697	02020
K07698	02020
K07699	02020 02024
K07700	02020
K07701	02020
K07702	02020
K07703	02020
K07704	02020
K07705	02020
K07706	02020 02024
K07707	02020 02024
K07708	02020
K07709	02020
K07710	02020
K07711	02020 02024
K07712	02020
K07713	02020
K07714	02020
K07715	02020 02024
K07716	02020 04112
K07717	02020
K07718	02020
K07719	02020
K07720	02020
K07732	00740 01100
K07747	05010
K07748	00100 01100 01110
K07750	00100 01100 01110
K07751	00480 01100
K07753	04146
K07754	04919
K07755	05208
K07756	04070 04138
K07758	00750 01100 01240
K07763	04668 04912 04928
K07765	04141
K07768	02020
K07769	02020
K07770	02020
K07771	01503 02020
K07772	02020
K07773	02020 02026
K07774	02020
K07775	02020
K07776	02020
K07777	02020
K07778	02020
K07779	00532
K07780	02020
K07781	02020 02024 02026
K07782	02020 02024 02026
K07783	02020
K07784	02020
K07785	02020
K07786	02020
K07787	02020
K07788	02020
K07789	02020
K07790	02020
K07792	02020
K07793	02020
K07794	02020
K07795	02020
K07796	02020
K07797	02020
K07798	02020
K07799	02020
K07800	02020 02024
K07801	02020
K07803	02020
K07804	02020
K07805	02020
K07806	00520 01100 01250 01503 02020
K07808	00534
K07809	00534
K07810	02020
K07811	00680 01100 01120 02020
K07812	00680 01100 01120
K07813	02020 02024
K07816	00230 01100
K07817	04940
K07818	04210 04650 04940 05320 05330 05332 05416
K07819	00601 01100
K07820	00601 01100
K07821	00680 01100 01120
K07823	00362 01120
K07824	00362 00627 01100 01120 01220
K07825	04014 04062 04151 04371 04713 04723 04724 04725 04726 04727 04728 04742 04926 05032 05034 05163 05167 05170 05200
K07826	04014 04062 04151 04371 04713 04723 04724 04725 04726 04727 04728 04926 05032 05034 05163 05167 05170 05200
K07827	01521 01522 04010 04012 04013 04014 04015 04062 04068 04071 04072 04113 04137 04138 04140 04150 04151 04210 04211 04213 04214 04218 04320 04360 04370 04371 04540 04550 04625 04650 04660 04662 04664 04714 04720 04722 04725 04726 04730 04810 04910 04912 04914 04915 04916 04917 04919 04921 04926 04929 04933 04935 04960 05010 05022 05034 05160 05161 05163 05165 05166 05167 05170 05200 05203 05205 05206 05207 05208 05210 05211 05212 05213 05214 05215 05216 05218 05219 05220 05221 05223 05224 05225 05226 05230 05231 05235 05417
K07828	01521 01522 04010 04012 04014 04015 04062 04068 04071 04072 04137 04140 04150 04151 04210 04211 04213 04218 04360 04370 04371 04540 04550 04625 04650 04660 04662 04664 04714 04720 04722 04725 04726 04730 04810 04910 04912 04915 04916 04917 04919 04921 04926 04929 04933 04935 05010 05022 05034 05160 05161 05163 05165 05166 05167 05170 05200 05203 05205 05206 05207 05208 05210 05211 05213 05214 05215 05216 05218 05219 05220 05221 05223 05224 05225 05226 05230 05231 05235 05417
K07829	04010 04014 04015 04024 04072 04137 04140 04218 04360 04371 04625 04810 05132 05205
K07830	04010 04014 04024 04072 04137 04140 04218 04371 04625 04810 05205
K07831	04010 04014 04015 04072 04137 04140 04218 04371 04625 04810 05205
K07834	04014 04015 04072 05132 05200 05210 05212
K07835	04014 04015 04072 05200 05210 05212
K07836	04010 04014 04015 04024 04062 04510 04611 04670 04720 04722 04934 04972 05211 05417
K07839	04530
K07843	04713 04934
K07856	05132
K07860	04010 04014 04015 04024 04062 04071 04310 04360 04370 04510 04520 04613 04650 04662 04664 04666 04670 04810 05020 05135 05163 05170 05200 05210 05212 05231 05415 05416 05418
K07861	04010 04014 04015 04024 04062 04071 04310 04360 04370 04510 04520 04650 04662 04664 04810 05135 05163 05170 05200 05210 05212 05231 05416 05418
K07863	05100 05132 05135
K07864	05132
K07868	04120
K07870	04137 04214
K07871	04137
K07873	04670 05132
K07874	04140 05014 05022 05130 05134
K07875	05134
K07876	04144
K07877	04152
K07879	04144
K07881	04152
K07882	04721 04911
K07884	04972
K07886	04972
K07887	04014 04144 04145 04962 05014 05022 05132 05146 05152
K07888	04014 04144 04145 04962 05132 05146 05152
K07889	04014 04144 04145 04962 05132 05146 05152
K07891	04144
K07897	04137 04138 04140 04144 04145 05132 05146 05152
K07898	04137 04140 04145 05132 05146
K07899	05132 05162
K07900	05132 05162
K07901	04140 04144 04152 04530 04972 05014 05022
K07902	04530
K07903	04144 04152
K07904	04144 04961 04962 04972 05164
K07905	04144 04152 04962 05164
K07920	04140
K07925	04140 05014 05022
K07936	03008 03013 03250 05166
K07937	04072 04144 05110 05130 05131 05132 05134
K07938	04144
K07939	04144
K07940	04144
K07941	04014 04072 04144 04666 05130 05131 05132 05135
K07953	04141 05134
K07955	05132
K07964	00531 01100 05205
K07965	00531 01100 05205
K07966	00052 00510 00513 00514 00515 00533 00601 01100
K07967	00052 00510 00513 00514 00515 00533 00601 01100
K07968	00510 00513 00514 00515 00533 00601 01100
K07969	00533 00601 01100
K07970	00512 00601 01100
K07971	00601 01100
K07972	04745
K07973	04011
K07980	04612 04650 05332
K07981	04612 04650 05332
K07982	04612 04650
K07983	04071 04072 04611 04625 04650 04664 05152 05310
K07984	04650
K07985	04650 05167
K07986	04650
K07987	04650
K07988	04650
K07989	04650
K07990	04650
K07992	04380 04650
K07994	04657 04926 04928
K07995	04928
K07996	04928 05206
K07997	04928
K08002	04928
K08003	04928
K08007	04530 04670 04810 04971 05130 05205 05206
K08008	04380 04933 05010 05022 05208 05417 05418
K08009	04145 04380 04613 04621 04670 05020 05140 05208 05415 05417 05418
K08010	04145 04380 04613 04670 05020 05140 05208 05415 05417 05418
K08011	04062 04145 04380 04613 04666 04670 05020 05140 05208 05415 05417 05418
K08012	04145 04380 04613 04670 05020 05140 05415 05417
K08013	04015 04670
K08014	04015 04024 04072 04261 04670 04720 04726
K08015	04014 04015 04218 04670 05200 05223
K08016	04670
K08018	04010 04015 04530
K08019	04014 04015
K08020	04015 04530
K08021	00590 01100 04726
K08022	00590 01100 04726
K08024	04950 05202
K08025	04950
K08026	04550 04950
K08027	04950
K08028	04950
K08029	04950
K08030	04950
K08031	04550 04950
K08032	04950
K08033	04950
K08034	04950
K08035	04212 04213 04950
K08036	04950
K08037	04950
K08038	04950
K08039	04080 04950
K08040	04950
K08041	00230 01100 01522 04015 04020 04022 04024 04062 04072 04114 04211 04213 04261 04270 04371 04540 04611 04713 04714 04720 04723 04724 04725 04727 04750 04911 04912 04913 04914 04915 04916 04918 04921 04923 04925 04926 04927 04928 04934 04935 04970 04971 04972 04976 05032 05142 05146 05163 05166 05200 05207 05414
K08042	00230 01100 01522 04015 04020 04022 04024 04062 04072 04114 04211 04213 04261 04270 04371 04540 04611 04713 04714 04723 04724 04725 04727 04750 04911 04912 04913 04914 04915 04916 04918 04921 04922 04923 04925 04926 04927 04928 04934 04935 04970 04971 04972 04976 05032 05163 05166 05200 05207 05414
K08043	00230 01100 01522 04015 04020 04022 04024 04062 04072 04114 04211 04213 04261 04270 04371 04540 04611 04713 04714 04723 04724 04725 04727 04740 04750 04911 04912 04913 04914 04915 04916 04918 04921 04923 04925 04926 04927 04928 04934 04935 04962 04970 04971 04972 04976 05032 05110 05163 05166 05200 05207 05414
K08044	00230 01100 01522 04015 04020 04022 04024 04062 04072 04114 04211 04213 04261 04270 04371 04540 04611 04713 04714 04723 04724 04725 04727 04742 04750 04911 04912 04913 04914 04915 04916 04918 04921 04923 04925 04926 04927 04928 04934 04935 04970 04971 04972 04976 05032 05163 05166 05200 05207 05414
K08045	00230 01100 01522 04015 04022 04024 04062 04072 04114 04211 04213 04261 04270 04371 04540 04611 04713 04714 04723 04724 04725 04726 04727 04728 04750 04911 04912 04913 04914 04915 04916 04918 04921 04923 04924 04925 04926 04927 04928 04934 04935 04970 04971 04972 04976 05012 05030 05031 05032 05034 05163 05166 05200 05207 05414
K08046	00230 01100 01522 04015 04022 04024 04062 04072 04114 04211 04213 04261 04270 04371 04540 04611 04713 04714 04723 04724 04725 04727 04742 04750 04911 04912 04913 04914 04915 04916 04918 04921 04923 04924 04925 04926 04927 04928 04934 04935 04961 04962 04970 04971 04972 04976 05032 05163 05166 05200 05207 05414
K08047	00230 01100 01522 04015 04020 04022 04024 04062 04072 04114 04211 04213 04261 04270 04371 04540 04611 04713 04714 04723 04724 04725 04727 04750 04911 04912 04913 04914 04915 04916 04918 04921 04923 04925 04926 04927 04928 04934 04935 04970 04971 04972 04976 05032 05163 05166 05200 05207 05414
K08048	00230 01100 01522 04015 04020 04022 04024 04062 04072 04114 04211 04213 04261 04270 04371 04540 04611 04713 04714 04720 04723 04724 04725 04727 04742 04750 04911 04912 04913 04914 04915 04916 04918 04921 04923 04925 04926 04927 04928 04934 04935 04970 04971 04972 04976 05032 05163 05166 05200 05207 05414
K08049	00230 01100 01522 04015 04020 04022 04024 04062 04072 04114 04211 04213 04261 04270 04361 04371 04540 04611 04713 04714 04723 04724 04725 04727 04750 04911 04912 04913 04914 04915 04916 04918 04921 04923 04925 04926 04927 04928 04934 04935 04961 04962 04970 04971 04972 04976 05032 05110 05163 05166 05200 05207 05414
K08050	04261 04720
K08052	01521 04010 04014
K08053	04010 04014 05203
K08054	04141 04145 04612 04918 05166
K08055	04612 05163 05166 05168 05169 05170
K08056	04141 04612 05163 05168 05169 05170
K08057	04141 04145 04612 05142 05163 05166 05168 05169 05170
K08058	04612 05163 05168 05169 05170
K08059	04612
K08060	04612 05145 05152 05164 05340
K08061	04612 05152 05340
K08062	04612 05152 05340
K08063	04612 05152 05340
K08064	04612 05017 05152
K08065	04612 05152 05166
K08066	04612 05152
K08067	04730
K08068	00520 00541 01100 01250
K08069	00770 01100
K08074	00010 01100 01110 01120 01200
K08080	00520 01250
K08081	00960 01100 01110
K08082	02020
K08083	02020
K08089	04071 04072 04664 05310
K08090	04071 04072 04664 05310
K08091	04014 04071 04072 04380 04664 04666 05220
K08092	00040 00053 01100
K08093	00030 00680 01100 01120 01200 01230
K08094	00030 00680 01100 01120 01200 01230
K08096	00740 01100
K08097	00680 01100 01120 01240
K08098	00563
K08099	00860 01100 01110
K08100	00860 01110
K08101	00860 01110
K08102	00534
K08103	00534
K08104	00534
K08105	00532
K08106	00532
K08107	05205 05418
K08109	05205
K08110	04310
K08114	05120
K08121	04350
K08122	05205
K08131	04151 04510 04512 04974 05165
K08132	04974
K08133	04974
K08135	04974
K08139	04113
K08143	04973
K08155	04721 04726 04728 05012 05030 05031 05034
K08171	04973
K08180	05230
K08187	04919 04974
K08198	04976 05231
K08199	05231
K08200	05231
K08202	05231
K08204	04976
K08205	04976
K08218	01501
K08231	04919
K08232	00053 01100
K08233	00901 01110
K08239	04142
K08241	00592 01110
K08242	00100 01100 01110
K08243	00941 01100 01110
K08246	00100 01100 01110
K08247	00450 01100
K08248	00460 01100 01110
K08249	00460 01100 01110
K08256	00571 01100
K08260	00860 01100
K08261	00051 01100
K08262	00591
K08264	00680 01100 01120 01200
K08265	00680 01100 01120 01200
K08266	04136 04138 04140 04150 04151 04714
K08267	04150
K08268	04066 04137 04140 04212 04361 04659 04919 05167 05200 05205 05208 05211 05230 05231 05235
K08269	04136 04138 04139 04140 04150 04212 05010 05014 05016 05017 05022
K08270	04140 04150 04151 05206
K08271	04150 04152
K08272	04150 04152
K08273	04370
K08281	00760 01100 01240
K08285	04120
K08288	04141
K08289	00230 01100 01110
K08291	04062 04144 04341 05032
K08292	04152 04921
K08294	04011 04139
K08295	00627 01110 01120
K08300	03018
K08302	00052 01100
K08303	05120
K08310	00790 01100 01240
K08311	03018
K08312	00230 01100
K08318	00650 01100 01200
K08320	00240 01100 01232
K08321	02024
K08322	00040 01100
K08323	00040 01100
K08324	00250 00650 00760 01100 01120
K08325	00640 01100
K08328	04744
K08329	04138
K08330	04136 04138 04139
K08331	04136 04138 04140 04211 05010 05014 05016 05017 05022
K08333	04136 04138 04140 04371 05010 05014 05016 05017 05022 05131
K08334	04136 04137 04138 04140 04215 04371 05010 05014 05016 05017 05022 05131 05167
K08335	04138
K08336	04068 04136 04138 04140 04621 04622 05131
K08337	04136 04138 04140 04216 04613
K08338	04138
K08339	04136 04137 04138 04140 04211 04213 04216 04621 04622 05131
K08340	04138
K08341	04068 04136 04137 04138 04139 04140 04212 04621 04727
K08342	04136 04138 04140
K08343	04136 04138 04140 05167
K08348	02020
K08349	02020
K08350	02020
K08351	00780 01100
K08352	00920 01100 01120
K08353	00920 01100 01120
K08354	00920 01100 01120
K08357	00920 01100 01120 02020
K08358	00920 01100 01120 02020
K08359	00920 01100 01120 02020
K08362	04080 04919
K08367	04530 04659 05200 05202 05220 05221
K08370	04978
K08372	02020
K08374	04080 04929
K08375	04080
K08376	04080
K08377	04080
K08378	04080
K08384	00550 01100
K08386	04080
K08387	04080
K08388	04080
K08390	04015 04072 04151 04810 05130 05200
K08392	04614
K08397	04080 04926
K08398	04080 04926
K08399	04310
K08401	04024
K08402	04024
K08424	04024 04911
K08439	04340
K08447	04270
K08448	04270
K08449	04270
K08474	04742
K08475	02020
K08476	02020
K08477	01503 02020
K08478	02020
K08479	02020
K08483	02060
K08484	02060
K08485	02060
K08486	04130 04721
K08487	04130
K08488	04130 04145
K08489	04130
K08490	04130
K08491	04130 04140
K08492	04130 04145
K08493	04130 04138
K08495	04130
K08496	04130
K08497	04130
K08498	04130
K08499	04130
K08500	04130
K08501	04130
K08502	04130 04138
K08503	04130
K08504	04130
K08505	04130
K08506	04130
K08507	04130
K08508	04130 04611
K08509	04130 04140
K08510	04130
K08512	04130 04140 04611
K08513	04130
K08514	04130
K08515	04130
K08516	04130 04138
K08517	04130 04145 05134
K08521	04024 04080 04912 04913 04917 04929
K08522	04024 04080 04912 04913 04917 04918 04923 04929 05320
K08523	01522 04012 04912 04915 04928 05120 05171 05205 05219
K08524	03320 04151 04659 04919 04920 04928 04932 04976 05160 05200 05202 05207 05216 05222 05223 05226 05417
K08525	03320 04659 04919 04920 04928 05200 05202 05207 05216 05222 05223 05226 05417
K08526	03320 04659 04919 04920 04928 05200 05202 05207 05216 05222 05223 05226 05417
K08527	04659 04915 05200 05202 05221
K08528	05200 05222 05223 05226
K08530	03320 04152 04211 04380 04714 04932 05016 05200 05202 05216 05417
K08532	04659 04710 05017 05321
K08533	04710
K08534	04659 04710 05321
K08535	04931
K08536	03320 04931 04932 05160
K08537	04976
K08539	04928 04961 04978 05152 05207
K08541	05207
K08545	04013
K08550	01522 04915 04917 04919 04961 05200 05205 05207 05224
K08551	01522 04915 04917 04929 05200 05207 05224
K08553	04550
K08555	04960
K08556	04114 04914 04915 05207 05224
K08557	04114 05200 05207 05215
K08558	04925 04928
K08559	05202
K08560	04927 04934
K08562	04927
K08563	04976
K08565	04142
K08568	04142 04210
K08569	04142 04210
K08570	05146
K08571	05142
K08583	05131
K08589	01503
K08590	00250 01100
K08591	00561 00564 01100 01110
K08598	04621 04626 05132 05135
K08599	05135
K08601	04013 04064 04217 04380 04622 04625
K08604	05110 05111
K08605	02024
K08606	04974
K08641	01502 02020
K08642	02024
K08645	04621
K08653	04141
K08658	00900 01110
K08660	00330 00340 00410 01100
K08665	05203
K08669	04210 04214 04215 05012 05022
K08670	05206
K08678	00520 01100 01250
K08679	00053 00520 00541 01100 01240 01250
K08680	00130 01100 01110 01240
K08681	00750 01100 01240
K08682	00770 01100
K08683	00280 01100 01110 05010 05022
K08685	00680 01100 01120
K08686	00364 01120 01220
K08687	00330 01100
K08688	00260 00330 01100
K08689	00621 01100 01120 01220
K08690	00621 01100 01120 01220
K08691	00630 00660 00680 00720 01100 01120 01200
K08692	00630 00680 01100 01120 01200
K08693	00230 00240 00760 01100 01110 01232
K08694	04114 04914
K08695	00941 01100 01110
K08710	00791 01100 01120
K08711	02010
K08712	02010
K08718	00230 01100 04744
K08720	01501 05111
K08722	00230 00240 01100 01232
K08723	00240 01100 01232
K08724	00550 01100
K08725	04916
K08726	00590 00625 01100 01120 04146 05207 05208
K08727	04621 05120 05131 05132 05133
K08729	00564 01100
K08730	00564 01100 01110
K08731	01524 04210 04215 04390 05161 05200 05207 05210
K08732	04014 04015 04072 05200 05210 05212 05231
K08733	04211 05200 05210
K08734	01524 03430 03460 05200 05210 05213 05226
K08735	01524 03430 05200 05210
K08736	01524 03430 05200 05210
K08737	01524 03430 05200 05210
K08738	00190 01100 01524 02020 04115 04210 04214 04215 04932 05010 05012 05014 05016 05017 05020 05022 05130 05131 05132 05134 05145 05152 05160 05161 05162 05163 05164 05167 05168 05169 05170 05200 05210 05222 05416 05417
K08739	03430
K08743	00565 01100
K08744	00564 01100
K08745	03320 04931 04975
K08746	03320 04146 04931
K08747	04919
K08748	00120 01100 03320 04931 04976
K08749	03320 04931
K08750	03320 04936 04975
K08751	03320 04975
K08752	03320
K08753	03320 04923
K08754	03320
K08755	03320
K08756	03320
K08757	03320 04975 04977 04979 05143 05417
K08758	03320 04979
K08759	03320 04979
K08760	04975 04977 04979 05417
K08761	03320 04979
K08762	03320
K08763	03320 04145 05417
K08764	00120 01040 01100 01212 03320 04146
K08765	00071 01212 03320 04152 04714 04920 04922 04931 04936
K08766	00071 01212 03320 04714 05415
K08767	03320 04979
K08768	03320 04371 04714 04923
K08769	03320 04371 04714 05016
K08770	03320 04120 04137 05012 05022 05131 05167
K08771	03320 04923
K08772	04931
K08773	04014 05200 05212
K08774	01521 04010 04012 04014 04151 04915 05200 05210 05211 05212 05214 05215 05223 05225
K08775	03440 03460 05200 05212 05224
K08777	02024
K08779	04972 04974
K08780	04614 04972 04974
K08791	04214 04390 04391 04392
K08794	04020 04921 04925 05214
K08803	04140 05200 05219
K08806	05200 05221
K08821	05202
K08822	04062 04728 04932 05131
K08826	04218
K08834	04745
K08836	04114
K08837	04914
K08840	04013
K08844	05012 05022
K08845	01521 01522 04010 04012 04068 04270 04650 04720 04726 04730 04810 04910 04914 04928 05010 05022 05034 05160 05161 05200 05205 05208 05210 05211 05212 05213 05214 05215 05218 05219 05220 05221 05223 05224 05225 05226
K08846	04621 04722 05131 05132 05152
K08847	04217 04621 04623 04668 05132
K08849	04217 04668 05132
K08852	04140 04141 04210 04932 05010 05012 05014 05016 05017 05022 05417
K08854	05202
K08860	04137 04140 04141 04210 04214 04932 05010 05012 05014 05020 05022 05160 05162 05168 05417
K08861	04068
K08862	04068 04625 05152
K08863	04068
K08866	04110 04111
K08873	03015
K08874	05166
K08878	05200 05220
K08887	04012 04014 05208 05416
K08888	04722
K08889	04520
K08891	04062
K08892	04013
K08893	04062 04666 05167
K08901	00195 01100
K08902	00195 01100
K08903	00195 01100
K08904	00195 01100
K08905	00195 01100
K08906	00195 01100
K08907	00196 01100
K08908	00196 01100
K08909	00196 01100
K08910	00196 01100
K08911	00196 01100
K08912	00196 01100
K08913	00196 01100
K08914	00196 01100
K08915	00196 01100
K08916	00196 01100
K08917	00196 01100
K08926	02020
K08927	02020
K08928	02020
K08929	02020
K08930	02020
K08939	02020
K08955	04139
K08956	05017
K08957	04310 04340 04341 05010 05022 05165 05224 05225 05226
K08958	04340 04341
K08959	04340 04390 04540 04710
K08960	04068 04310 04340 04341 04390 04391 04392 04710 04711 05010 05022
K08963	00270 01100
K08964	00270 01100
K08965	00270 01100
K08966	00270 01100
K08967	00270 01100
K08968	00270 01100
K08969	00270 01100
K08973	00860 01100 01110 01240
K08977	00906 01100 01110
K08991	03440 03460
K09001	00520 01100 01250
K09007	00790 01100 01240
K09008	04714
K09011	00290 00660 01100 01210 01230
K09018	00240 01100
K09019	00240 01100
K09020	00240 01100
K09021	00240 01100
K09023	00240 01100
K09024	00240 01100
K09025	03320
K09026	04710
K09027	04141 04932 05010 05012 05014 05017 05022 05417
K09028	04380 04668 04935
K09029	04380 04657 05030 05031 05034
K09030	04380
K09031	04013 04214 04361 04624
K09034	05235
K09035	04658 05202 05321
K09036	04928
K09047	04022 04024 04151 04152 04211 04261 04668 04714 04725 04728 04911 04915 04918 04922 04925 04926 04927 04928 04931 04934 04935 04962 05016 05020 05030 05031 05034 05161 05163 05165 05166 05203 05207 05215
K09048	04022 04024 04151 04152 04211 04261 04668 04714 04725 04728 04911 04915 04916 04918 04922 04925 04926 04927 04928 04931 04934 04935 04962 05016 05020 05030 05031 05034 05161 05163 05165 05166 05203 05207 05215
K09049	04022 04141 04151 04211 04261 04668 04728 04911 04915 04918 04925 04926 04927 04928 04934 04935 05020 05030 05031 05034 05161 05163 05166 05203 05207
K09051	04011
K09052	04261
K09053	04925 05202
K09054	04141 05010 05012 05014 05022 05417
K09055	04932 05200 05202 05221
K09057	04711
K09063	04550 05166 05202
K09064	05017
K09065	00220 01100 01230
K09069	05205
K09071	04550
K09081	04550
K09087	05165
K09088	05165
K09089	05165
K09091	04330 05165 05200 05224
K09093	04659 04934 05207 05208
K09095	05200 05211
K09097	04066 04934 05200 05207 05208 05211
K09101	04915 04919 05200 05224
K09105	04137 05202 05211
K09108	05205
K09109	05202
K09113	04931 04932
K09123	00330
K09128	00900 01100 01110
K09175	04111
K09183	04022 04218 04530 04919
K09186	00310 01100 04934 05202
K09187	00310 01100 04934
K09188	00310 01100
K09189	00310 01100
K09202	04111
K09203	04371 04912 04928 04933 05020 05166
K09206	05207
K09222	04550 05016
K09228	05168
K09234	05202
K09235	04113
K09236	04391
K09237	04013
K09243	04113 04138 04139
K09251	00310 00330 01100 01120
K09253	04010 04064 04380 04625 05166 05169
K09254	04014 04624 05202 05203
K09258	04625 04668
K09260	04013 04022 04371 04928 05418
K09261	04022 04371
K09262	04022 04371 04928
K09265	04011
K09278	04928 05202
K09279	04658 05169
K09283	05202 05206
K09288	05200 05216
K09289	04216 05200 05216
K09290	04260 04261 05200 05216 05410 05414
K09291	03013 05014 05200 05216
K09292	05200 05216
K09293	04918 05200 05202 05216
K09295	05205 05206
K09299	05202 05206 05215
K09301	04550
K09319	04341
K09326	04550
K09340	05202
K09341	05166
K09348	05200 05215
K09354	04550
K09355	04927 04934 05202
K09358	04113
K09359	04113
K09363	04935
K09364	05168 05417
K09367	04550
K09370	04550
K09378	04550
K09381	05202
K09383	05202
K09385	04068
K09389	01522 04110 04218 04934 05160 05161 05163 05166 05167 05169 05200 05206 05212 05214 05215 05218 05219 05220 05222 05223 05224 05225 05226
K09392	04110
K09406	04218
K09408	01521 04062 04068 04137 04151 04152 04211 04212 04213 04218 04361 04722 04917 04936 05131 05208 05213 05223
K09414	04212 05134
K09420	04151
K09428	04214
K09431	05202
K09435	05202 05215
K09436	05202
K09437	05202
K09438	04380 05166 05200 05202 05221
K09442	04361
K09444	04625 04668 04917 05133 05165
K09445	04659
K09446	04620
K09447	04620 04621 04622 04623 05160 05161 05162 05164 05167 05168 05169 05203 05417
K09448	04011 04390 04391 04392
K09455	04137 04380 04916 05200 05202 05218
K09457	00790 01100
K09458	00061 00780 01100 01212 01240
K09459	00440 00998 01100 01110 01120
K09460	00998 01100 01110
K09461	00627 01120
K09464	04138
K09468	04011 04113 04138 04213
K09470	00330 01100
K09471	00330 01100
K09472	00330 01100
K09473	00330 01100
K09474	00740 01100 02020
K09475	01501 02020
K09476	01501 02020
K09477	02020
K09478	00071 00280 01100 01110 01212
K09479	00071 01100 01212 04936
K09480	00561 01100
K09481	03060 04141 04145 05110
K09482	00970 01100
K09483	01053 01100 01110
K09484	00400 01100
K09485	04141
K09486	04141
K09487	04141 04151 04626 04657 04915 04918 05132 05200 05207 05215 05417 05418
K09488	05012 05022
K09489	04530 04612 05417
K09490	03060 04141 04612 04918 05012 05014 05020 05022 05417
K09502	04141
K09503	04141
K09504	05203
K09507	04141 05164
K09508	04141
K09516	00830
K09517	04141
K09518	04141
K09521	04141
K09523	04141 05164
K09525	04141
K09526	04144
K09530	04141
K09540	03060 04141
K09541	04141
K09542	04141 04213
K09543	05205
K09553	05020
K09554	04151
K09555	04141
K09556	04141
K09558	04668
K09561	04120 04141
K09562	04141
K09564	03040
K09565	04020 04022 04613 05010 05012 05016 05017 05020 05022 05145 05208 05415
K09567	03040
K09571	04915
K09578	03250 04622
K09580	04141
K09582	04141 04918 05110
K09584	04141
K09586	04141
K09587	00905 01100 01110
K09588	00905 01100 01110
K09589	00905 01100 01110
K09590	00905 01100 01110
K09591	00905 01100 01110
K09592	04066 05200 05211
K09593	01521 04012 04014 04072 04722 05100 05205 05211 05225 05226
K09594	04150 05211
K09599	04142
K09600	04142
K09632	04972 04974
K09633	05164 05171 05202 05215
K09635	05164
K09641	05164
K09644	04979
K09647	03060
K09648	03060
K09653	00512 00514 01100
K09654	00515 01100
K09656	00513 01100
K09657	00513 01100
K09658	00510 00563 01100
K09659	00510 01100
K09661	00510 00515 01100
K09662	00512 01100
K09663	00512 01100
K09664	00533
K09666	00515 01100
K09667	00514 04931
K09668	00515 01100
K09671	00533
K09672	00513 01100
K09673	00513 01100
K09674	00515 01100
K09680	00770 01100 01240
K09688	02010
K09689	02010
K09690	02010
K09691	02010
K09692	02010
K09693	02010
K09694	02010
K09695	02010
K09696	02010 02020
K09697	02010 02020
K09698	00970 01100 01240
K09699	00280 00640 01100 01110
K09708	04614 04974 05171
K09709	00720 01100 01120 01200
K09711	00785 01100
K09722	00410 00770 01100 01240
K09733	00680 01100 01240
K09735	00770 01100
K09739	00790 01100
K09753	00940 01100 01110
K09754	00940 00941 00945 01100 01110
K09755	00940 01100 01110
K09756	00940 01110
K09757	00940 01110
K09758	00250 00270 01100 01230
K09759	00970
K09769	00230 00240 01100
K09778	00540 01100
K09782	04010 04012 04151 04390 05210
K09783	04012
K09784	04010 04012 04151 05210
K09788	00640 01100
K09789	00780 01100 01240
K09808	02010
K09809	00552
K09810	02010
K09811	02010
K09812	02010
K09813	02010
K09814	02010
K09815	02010
K09816	02010
K09817	02010
K09821	04072 04080 04261 04270 04614 04924 04925 04927 04931 04933 04934 05200 05410 05414 05415
K09823	02024
K09827	00100 01100 01110
K09828	00100 01100 01110
K09829	00100 01100 01110
K09831	00100 01100 01110
K09832	00100 01100 01110
K09833	00130 01100 01110 01240
K09834	00130 01100 01110 01240
K09835	00906 01100 01110
K09836	00906 01110
K09837	00906 01100 01110
K09838	00906 01100 01110
K09839	00906 01100 01110
K09840	00906 01100 01110
K09841	00906 01100 01110
K09842	00906 01100 01110
K09843	00906 01110
K09844	00906 01100 01110
K09845	00906 01100 01110
K09846	00906 01100 01110
K09847	00906 01100 01110
K09848	04214 04657 05200 05222
K09849	04064 04217 04621 04657 04668 05131 05163 05168 05169 05170 05200 05203 05222
K09850	04014 04390 04392 05200 05206 05219 05223
K09851	04391 04392
K09854	04390 04392
K09860	02040
K09864	04924 04964 04976
K09865	04962
K09866	04962 04976
K09867	04970
K09869	04976
K09876	04962
K09877	04613 04976
K09879	00906 01110
K09880	00270 01100
K09881	00561 01100
K09882	00860 01100 01240
K09883	00860 01100 01240
K09887	00240 01100 01232
K09903	00240 01100 01232 01240
K09905	00512 00600 01100
K09913	00230 00240 01100 01110 01232
K09936	02024
K09949	00540 01100
K09953	00540 01100
K09969	02010
K09970	02010
K09971	02010
K09972	02010
K09988	00040
K09993	04110
K09994	00440
K09996	02010
K09997	02010
K09998	02010
K09999	02010
K10000	02010
K10001	02010 02020
K10002	02010 02020
K10003	02010 02020
K10004	02010 02020
K10005	02010
K10006	02010
K10007	02010
K10008	02010
K10009	02010
K10010	02010
K10011	00520 01100 01250 01503
K10012	00520 01100 01503
K10013	02010
K10014	02010
K10015	02010
K10016	02010
K10017	02010
K10018	02010
K10019	02010
K10020	02010
K10021	02010
K10022	02010
K10023	02010
K10024	02010
K10025	02010
K10026	00790 01100
K10027	00906 01100 01110
K10029	04060 04061 04062
K10030	04060 04061 04062 04064 04072 04218 04620 04621 04622 04657 04932 04933 04936 05120 05130 05131 05132 05133 05134 05135 05142 05144 05146 05161 05163 05164 05167 05171 05200 05202 05219 05323 05417
K10031	04060 04061 04062 04064 04360 04670 04672 04810 05163 05200 05323
K10032	04060 04061 04062
K10033	04060 04061 04062
K10034	04060 04062
K10035	04060 04062
K10036	02010
K10037	02010
K10038	02010
K10039	02010
K10040	02010
K10041	02010
K10042	04024
K10046	00053 00520 01100 01110 01240 01250
K10047	00053 00562 01100 01110 01240 04070
K10048	04657 04668 05152 05202
K10049	05152
K10051	05202 05221
K10053	05200 05202 05221
K10054	04120 04144 05164 05168 05200 05202 05221
K10055	05200 05202 05221
K10056	05200 05202 05221 05226 05412
K10058	04625
K10059	04625 05152
K10062	04145
K10063	04918
K10064	04918
K10066	04145
K10067	04145 05133
K10068	04145
K10070	04625
K10071	05167
K10074	04145 04613 04625 05152
K10080	04141
K10081	04141
K10082	04141
K10084	04141
K10085	04141
K10086	04141
K10087	04142
K10088	04141
K10089	04142 04145 05132
K10094	02010
K10099	04120 04141
K10100	04141
K10105	00785 01100 01240
K10106	00130 01100 01110 01240
K10107	02010
K10108	02010 02030
K10109	02010
K10110	02010
K10111	02010
K10112	02010
K10117	02010
K10118	02010
K10119	02010
K10125	02020
K10126	02020
K10127	04115 05206
K10128	04115
K10129	04115
K10130	04064 04115 04210
K10131	01524 04115 04210 04215 05200 05203 05210
K10132	01524 04115 04210 04215 04390 05016 05162 05200 05210
K10133	04115
K10134	04115
K10135	04115
K10136	04115
K10137	04115
K10138	04115 04218 04935 05202
K10139	04115 05206
K10140	03420 04115 04120 05161 05169 05200 05202 05210 05212 05213 05214 05216 05217 05218 05220 05222 05223 05224 05225 05226
K10141	04115 04211
K10142	04115 04216
K10143	04115 04120 04712
K10144	04115 04120 05162
K10145	04115 05206
K10146	04068 04115
K10147	04115
K10148	04115 04390 04722 05162
K10149	04214 04391 05206
K10150	00260 00270 00920 01100 01110 01120 01230
K10151	04068 04110 04115 04151 04218 04310 04340 04390 04510 04630 04917 05162 05165 05166 05169 05200 05202 05203 05206
K10152	04110 04115 04151 04218 04310 04390 04510 04630 05162 05164 05165 05166 05169 05200 05203 05207
K10155	05133
K10156	00909 01110
K10157	00515 01100
K10158	00532 00534 01100
K10159	04145 04151 04613 04620 05132 05134 05140 05142 05144 05145 05146 05152 05161 05162 05168 05169 05170 05171 05205 05235 05321 05323 05417
K10160	04064 04066 04145 04151 04217 04613 04620 04621 04936 05130 05131 05132 05133 05134 05135 05140 05142 05144 05145 05146 05152 05161 05162 05164 05170 05171 05205 05235 05321 05323 05417
K10161	04620 05132 05142 05143 05144 05152 05162 05168 05235
K10162	04310 04350
K10163	04659 05321
K10164	04550 05205
K10165	04621 04668 05152 05321
K10166	04658 04659 05321
K10167	04151
K10168	04620 05130 05131 05132 05134 05321
K10169	04145 04620 05132 05142 05152 05417
K10170	04613 04620 05171
K10176	04013
K10177	04550
K10187	00909 01100 01110
K10188	02010
K10189	02010
K10190	02010
K10191	02010
K10192	02010
K10193	02010
K10194	02010
K10195	02010
K10196	02010
K10197	02010
K10198	02010
K10199	02010
K10200	02010
K10201	02010
K10202	02010
K10203	00062 01040 01100 01110 01212
K10205	00062 01040 01100 01110 01212
K10206	00300 01100 01110 01230
K10207	00140 01100
K10208	00906 01110
K10209	00906 01110
K10210	00906 01110
K10211	00906 01110
K10212	00906 01110
K10213	00240 01100 01232
K10214	00120 01100 03320 04146
K10215	00627 01120
K10216	00362 00622 00643 01100 01120 01220
K10217	00362 00380 00622 01100 01120 01220
K10218	00362 00660 01100 01120
K10219	00350 00362 00627 01100 01120 01220
K10220	00362 01100 01120
K10221	00362 00627 01100 01120
K10222	00621 01100 01120 01220
K10223	00120
K10224	01040 01100 01212
K10226	00592 01040 01100 01110 01212 03320
K10227	02010
K10228	02010
K10229	02010
K10232	02010
K10233	02010
K10234	02010
K10235	02010
K10236	02010
K10237	02010
K10238	02010
K10240	02010
K10241	02010
K10242	02010
K10244	00062 01040 01100 01110 01212
K10245	00062 01040 01100 01110 01212
K10246	00062 01040 01100 01110 01212
K10247	00062 01040 01100 01110 01212
K10248	00062 01040 01100 01110 01212
K10249	00062 01040 01100 01110 01212
K10250	00062 01040 01100 01110 01212
K10251	00062 00140 01040 01100 01110 01212
K10255	02020
K10256	01040 01100 01212
K10258	00062 01040 01100 01110 01212
K10259	04111 04120
K10260	04120
K10264	04120
K10269	04710
K10291	04120
K10292	04114
K10302	05132
K10305	04068
K10318	04114
K10351	04260 04261 04371 04510 04530 04670 04810 05131 05132 05410 05414
K10352	04270 04530 04810 05130
K10353	00230 01100 01232
K10356	05130
K10357	05130
K10358	05130 05132
K10364	04144
K10365	04144
K10366	05410 05412 05414 05416
K10373	04260 04261 05206 05410 05414
K10374	04260 04261 05410 05414
K10375	04260 04261 05410 05414
K10380	04624 05205
K10381	05412
K10389	05165
K10393	04361
K10394	04340
K10396	04144 04728 05010 05012 05014 05016 05020 05022 05132 05223
K10403	04914
K10407	05010 05012 05014 05016 05020 05022 05132
K10408	05014 05016 05022
K10409	05014 05016 05022
K10410	05014 05016 05022
K10411	05014 05016 05022
K10412	05014 05016 05022
K10413	04145 04962 05132
K10414	04145 04962 05132
K10415	04145 04962 05132
K10416	04145 04962 05132
K10417	04962 05132
K10418	04962 05132
K10419	05132
K10420	05132
K10421	04150
K10424	04962 05014 05016 05022 05132
K10425	05014 05016 05022 05132
K10426	04962 05014 05016 05022 05132
K10427	04962 05014 05016 05022 05132
K10428	04962 05014 05016 05022 05132
K10429	03250
K10435	04137 04140 04216 04371 04621 05014 05022 05131 05167
K10437	00360 00643 01100 01120
K10438	00643 01120
K10439	02010 02030
K10440	02010
K10441	02010
K10447	04120
K10456	04120 05012 05200 05208 05225 05418
K10484	03460
K10500	04110 05200 05202 05222
K10522	04210 04215
K10523	04340 04341
K10524	00760 01100
K10525	00592 01100 01110
K10526	00592 01100 01110
K10527	00071 00592 01100 01110 01212
K10528	00592 01110
K10529	00592 01110
K10532	00531 01100 04142
K10533	00903 01110
K10534	00910 01100 01120
K10535	00910 01100 01120
K10536	00330 01100
K10537	02010
K10538	02010
K10539	02010
K10540	02010 02030
K10541	02010
K10542	02010
K10543	02010
K10544	02010
K10545	02010
K10546	02010
K10547	02010
K10548	02010
K10549	02010
K10550	02010
K10551	02010
K10552	02010
K10553	02010
K10554	02010
K10555	02010 02024
K10556	02010 02024
K10557	02010 02024
K10558	02010 02024
K10559	02010
K10560	02010
K10561	02010
K10562	02010
K10563	03410
K10564	02040
K10565	02040
K10566	00460 00643 01100 01110 01120
K10567	03410
K10568	03410
K10569	03410
K10570	03420 04120
K10571	04120
K10572	00562 01100 04070
K10573	04120
K10574	04120
K10575	04120 04141 05012 05022
K10576	04120
K10577	03013 04064 04120 05206
K10578	04120 04141 05012 05022
K10579	04120
K10580	04120 04624 05131
K10581	04120
K10582	04120
K10583	04120
K10584	04120
K10585	04120
K10586	04120 04214 04215
K10587	04120 05165 05203
K10588	04120
K10589	04120
K10590	04120
K10591	04011 04120 04144 04530 05169
K10592	04120
K10593	04120
K10594	04120
K10595	04120
K10596	04120
K10597	04120 04141
K10598	04120
K10599	03040 04120
K10600	04120
K10601	04120 04141
K10602	04120
K10603	04120 05340
K10604	04120 04340
K10605	01524 03440 03460 04120 04151 05206 05224
K10606	03460 04120
K10607	04120
K10608	04120
K10609	03420 04120 05170
K10610	03420 04120 05161 05170 05203
K10611	04120 05170
K10612	04120 05170
K10613	04120
K10614	04120
K10615	04120
K10616	00622 01100 01120 01220
K10617	00622 01100 01120 01220
K10618	00622 01100 01120 01220
K10619	00622 01100 01120 01220
K10620	00622 01100 01120 01220
K10621	00362 00622 01100 01120 01220
K10622	00362 00622 01100 01120 01220
K10623	00622 01100 01120 01220
K10628	04068 05340
K10630	04217 04621 05131
K10632	04014
K10636	04141
K10637	04979
K10643	03018
K10645	05417
K10648	03250 05170
K10651	05322
K10652	04064 04622 05164
K10661	04141
K10666	04141
K10674	00260 01100 01120
K10675	00460 01100
K10676	00361 01100 01120 01220
K10678	00633 01120
K10679	00633 01120
K10680	00633 01120
K10681	02020
K10682	02020
K10683	03440
K10684	04120
K10685	04120
K10686	04120
K10687	04120
K10688	04120
K10691	05165 05203
K10693	04361
K10697	02020
K10698	04120 05012 05022
K10699	04120
K10700	00642 01100 01120 01220
K10701	00642 01120 01220
K10702	00622 01100 01120 01220
K10703	00062 01040 01100 01110 01212
K10704	04624 05131
K10705	00010 01100 01110
K10706	05014
K10707	04979 05014 05022
K10712	00430 01100
K10713	00680 01100 01120 01200
K10714	00680 01100 01120 01200
K10715	02020 02024
K10717	00908 01100 01110
K10718	00981
K10719	00981
K10720	00981
K10721	00981
K10722	00981
K10723	00981
K10724	00981
K10726	03030
K10728	03440
K10739	03030 03420 03430 03440 03460
K10740	03030 03420 03430 03440 03460
K10741	03030 03420 03430 03440 03460
K10742	03030
K10743	03030
K10744	03030
K10745	03030
K10746	03430
K10747	03030 03410 03420 03430
K10752	04218
K10754	03030 03420 03430
K10755	03030 03420 03430
K10756	03030 03420 03430
K10757	00944 01100 01110
K10760	00908 01100 01110
K10764	00270 00920 01100
K10771	03410
K10772	03410
K10773	03410
K10774	00350 01100
K10775	00360 00940 01100 01110
K10776	03410
K10777	03450
K10780	00061 01100 01212
K10781	00061 01100 01212
K10782	00061 01100
K10784	04014 04015 04020 04064 04514 04612 04658 04659 04660 04672 04940 05135 05142 05144 05150 05162 05166 05169 05170 05202 05235 05310 05320 05321 05322 05323 05330 05332 05416
K10785	04014 04015 04020 04064 04514 04612 04658 04659 04660 04672 04940 05135 05142 05144 05150 05162 05166 05169 05170 05202 05235 05310 05320 05321 05322 05323 05330 05332 05416
K10786	05310
K10787	05310
K10788	05310
K10789	00983 04145 04613 05202 05221
K10790	04623
K10793	00330 00470 01100
K10794	00330 00470 01100
K10797	00360 01100 01120
K10798	03410 04210 04212
K10800	03410
K10801	03410
K10802	03410 04140 04217 04613
K10803	03410
K10804	01040
K10805	01040
K10806	01040
K10807	00230 00240 00480 00983 01100 01232
K10808	00230 00240 00480 00983 01100 01232 04115
K10809	04918 05320
K10810	00730 01100 01240
K10811	00730 01100
K10814	00460 01100 01110
K10815	00460 01100 01110
K10816	00460 01100 01110
K10817	00522 01052 01100 01110
K10820	02010
K10823	01501 02010 02024
K10824	02010
K10829	02010
K10830	02010
K10831	00920 02010
K10837	00450 00970
K10838	03420
K10839	03420 04141
K10840	03420
K10841	03420
K10842	03022 03420
K10843	03022 03420
K10844	03022 03420
K10845	03022 03420
K10846	03420
K10847	01524 03420
K10848	03420 03460
K10849	01524 03420 03460
K10850	02020
K10851	02020
K10852	00311 01100 01110
K10857	03430
K10858	03430 03460
K10865	03440 03450 04218
K10866	03440 03450 04218
K10867	03440 04218
K10868	03440 03450
K10869	03440
K10870	03440 03460
K10871	03440
K10872	04113
K10873	03440
K10875	03440
K10877	03440
K10878	04113
K10879	03440
K10880	03440
K10881	03050 03440 05010 05012 05014 05016 05017 05020 05022 05169
K10882	03440 03460
K10883	03460
K10884	03450
K10885	03450
K10886	03450
K10887	03450 05340
K10888	03460
K10889	03460
K10890	03460
K10891	03460
K10892	03460
K10893	03460
K10894	03460
K10895	03460
K10896	03460
K10897	03440 03460
K10898	03460
K10901	03440 03460
K10903	04218
K10905	03460
K10909	02020 02024 05111
K10910	02020 02024 05111
K10911	02020 02024 05111
K10912	02020 02024 05111
K10913	02020 02024 05111
K10914	02020 02024 02025 02026 05111
K10915	02024 05111
K10916	02020 02024 05111
K10917	02024 05111
K10918	05111
K10919	05111
K10920	05111
K10921	05111
K10922	05111
K10923	05111
K10924	05111
K10925	05111
K10926	05111
K10927	05111
K10928	05110 05111
K10929	05110 05111
K10930	05110 05111
K10931	05110 05111
K10932	05110 05111
K10933	05110 05111
K10934	05110 05111
K10935	05110 05111
K10936	05111
K10937	05111
K10938	05111
K10939	05111
K10940	05111
K10941	02020 02025 02040 05111
K10942	02020 05111
K10943	02020 02040 05111
K10944	00680 00910 01100 01120 01200
K10945	00680 00910 01100 01120 01200
K10946	00680 00910 01100 01120 01200
K10948	05110
K10949	05110
K10950	04141 05110 05417
K10951	04970 04972 05110
K10952	05110
K10953	05110
K10954	05110
K10955	05146 05226
K10956	03060 04141 04145 05110
K10957	03440
K10958	03440
K10959	03440
K10960	00860 00900 01100 01110
K10961	05111
K10962	05111
K10963	05111
K10964	05111
K10965	05111
K10967	00514
K10968	00514
K10969	00514
K10970	00514
K10971	00514
K10976	04141
K10977	00300 00620 00680 01100 01110 01120 01210 01230 01240
K10978	00300 00680 01100 01110 01120 01210 01230 01240
K10979	03450
K10980	03450
K10981	03450
K10982	03450
K10983	03450
K10984	00052 01100 02060
K10985	00052 01100 02060
K10986	00052 01100 02060
K10988	04068 05340
K10989	04672 05340
K10990	03460
K10993	03460
K10994	04218
K10995	04218
K11001	00563 01100
K11002	00563 01100
K11003	03070 05133
K11004	02010 03070 05133
K11006	02024 05130 05131
K11007	02024 05130 05131
K11011	05131
K11012	05131
K11014	05132
K11016	03070
K11017	03070
K11022	05134
K11023	05132 05133
K11024	05133
K11025	05133
K11026	05133
K11027	05133
K11028	03070 05120
K11029	00230 01100
K11030	04621
K11031	02024
K11033	02024
K11034	02024
K11035	02024
K11036	02024
K11037	02024
K11038	05150
K11039	02024
K11040	05150
K11041	05150
K11043	05150
K11050	02010
K11051	02010
K11063	02024
K11067	00220 01100 01110 01210 01230
K11069	02010
K11070	02010
K11071	02010
K11072	02010
K11073	02010
K11074	02010
K11075	02010
K11076	02010
K11077	02010
K11078	02010
K11079	02010
K11080	02010
K11081	02010
K11082	02010
K11083	02010
K11084	02010
K11085	02010
K11086	03040 05322
K11087	03040 05322
K11088	03040 04139 05322
K11089	05322
K11090	05322
K11091	03040
K11092	03040
K11093	03040
K11094	03040
K11095	03040
K11096	03040
K11097	03040
K11098	03040
K11099	03040
K11101	04340 05200 05217
K11103	02020
K11108	03008
K11121	00760 01100 04213
K11124	03015
K11125	03015
K11126	05165 05166 05200 05225 05226
K11128	03008
K11129	03008
K11130	03008
K11131	03008
K11137	03460 04150
K11138	04550
K11140	00480 01100 04614 04640
K11141	04614
K11142	00330 00480 01100
K11143	05014 05016 05022
K11146	00830 01100 01240
K11147	00830 01100 04146
K11148	00830 01100
K11149	00830 01100
K11150	00830 01100
K11151	00830 01100
K11152	00830 01100 01240
K11153	00830 01100 01240
K11154	00830 01100
K11155	00561 00830 01100 04975
K11156	00830 01100 04977
K11157	00830 01100
K11158	00830 01100
K11160	00561 01100 04975
K11161	00830 01100 01240
K11175	00230 00670 01100 01110
K11176	00230 01100 01110
K11177	00230 01100 01120 01232
K11178	00230 01100 01120 01232
K11179	04122
K11180	00633 00920 01100 01120
K11181	00633 00920 01100 01120
K11182	00330 00340 00380 01100
K11183	02060
K11185	00480 01100
K11186	00480 01100
K11187	04146
K11188	00480 00940 01100 01110
K11192	00520 02060
K11194	00051 02060
K11195	00051 02060
K11196	00051 02060
K11200	02060
K11204	00270 00480 01100 01240 04212 04216
K11205	00270 00480 01100 01240 04216
K11207	00480 01100
K11211	00540
K11212	00680 01100 01120 01240
K11213	04011
K11214	00710 01100
K11215	04011
K11216	02024
K11217	01521 04151 04217 04380 04550 04621 04630 04658 04659 05140 05145 05152 05160 05161 05162 05163 05164 05165 05166 05167 05168 05169 05171 05200 05203 05212 05235
K11218	04062 04151 04217 04550 04630 04658 04659 05161 05162 05166 05169 05200 05203 05223 05340
K11219	04217 04380 04621 04630 04658 04659 05145 05160 05161 05162 05164 05165 05167 05168 05169 05171
K11220	04062 04217 04380 04620 04621 04625 04630 04658 04659 04917 04919 04933 04935 05140 05145 05152 05160 05161 05162 05164 05165 05167 05168 05169 05171 05200 05212 05235 05321
K11221	04062 04217 04380 04621 04625 04630 05160 05161 05162 05164 05165 05167 05168 05169 05171 05200
K11222	04217 04630 04658 05161 05200 05321
K11223	04012 04217 04630 04658 04659 04917 04933 04935 05161 05162 05166 05200 05203 05207 05220 05221 05223
K11224	04012 04062 04217 04630 04658 04659 04917 04933 04935 05161 05162 05166 05200 05203 05207 05220 05221 05223
K11225	04217 04630 04658 04659 05161 05200 05321
K11226	04011
K11227	04011 04139
K11228	04011
K11229	04011 04139
K11230	02020 04011
K11231	02020 04011 04139
K11232	02020 04011
K11233	02020 04011 04139
K11234	04011
K11235	04011
K11236	04011
K11237	04011
K11238	04011
K11239	04011
K11240	04011
K11241	04011
K11242	04011
K11243	04011
K11244	04011 04139
K11245	04011
K11246	04011
K11247	04144
K11248	04140 04144
K11251	04217 04613 05034 05322
K11252	04613 05034 05203 05322
K11253	04613 05034 05131 05202 05322
K11254	04613 05034 05203 05322
K11255	04915 04919
K11256	01522 04915 04919 05200 05224
K11258	00290 00650 00660 00770 01100 01110 01210 01230
K11260	00680 01100 01120 01200
K11261	00680 01100 01120 01200
K11262	00061 00254 00620 00640 01100 01110 01120 01212 04152 04910 04922 04936
K11263	00061 00280 00620 00630 00640 01100 01110 01120 01200 01212
K11264	00640 01100
K11265	00230 01100 04024 04371 04713 04714 04935
K11272	04111
K11294	05130
K11303	04613 05034
K11304	05017 05166
K11305	04550
K11311	00627 01100 01120
K11313	05202
K11315	05165
K11326	02020
K11327	02020
K11328	02020
K11329	02020
K11330	02020
K11331	02020
K11332	02020
K11333	00860 01110
K11334	00860 01110
K11335	00860 01110
K11336	00860 01110
K11337	00860 01110
K11340	04714 05225
K11351	00190 01100 04714 04723 04932 05010 05012 05014 05016 05020 05022 05208 05415
K11352	00190 01100 04714 04723 04932 05010 05012 05014 05016 05020 05022 05208 05415
K11353	00190 01100 04714 04723 04932 05010 05012 05014 05016 05020 05022 05208 05415
K11354	02020
K11355	02020
K11356	02020
K11357	02020 04112
K11358	00220 00250 00270 00330 00350 00360 00400 00401 00950 00960 01100 01110 01210 01230
K11381	00280 00640 01100 01110
K11382	02020
K11383	02020
K11384	02020
K11385	00572
K11386	00572
K11387	00571
K11389	00010 01100 01120 01200 01230
K11394	00330 01100
K11395	00030 00052 01100 01120 01200
K11404	04613 04919 05034 05203
K11405	04613 05034 05203
K11406	04371 04613 05034 05203 05206
K11407	04613 05014 05034 05203
K11408	04613 05034 05203
K11409	04613 05034 05203
K11410	00280 01100 01110
K11411	00760 01100 04068 04152 04211 04212 04213 04218 04922 04936 05031 05206
K11412	00760 01100
K11413	00760 01100 05230
K11414	00760 01100
K11415	00760 01100
K11416	00760 01100 04714 05230
K11417	00760 01100
K11418	04613 05034 05203
K11419	00310 01100
K11420	00310 01100 04211
K11421	00310 01100 04550
K11422	00310 01100
K11423	00310 01100
K11424	00310 01100 05202
K11425	00310 01100
K11426	00310 01100
K11427	00310 01100 05202
K11428	00310 01100
K11429	00310 01100
K11430	00310 01100 05206
K11431	00310 01100 04068
K11432	00310 01100
K11433	00310 01100
K11434	04068 04922
K11440	00260 01100
K11441	00030 01100 01120
K11443	02020 04112
K11444	02020 02025
K11447	05202
K11449	05202
K11450	04714
K11459	04550 05202 05206
K11460	04550
K11470	04550
K11472	00630 01100 01110 01120
K11473	00630 01100 01110 01120
K11478	04550
K11481	04114 04914
K11487	04550
K11488	04550
K11489	04550
K11511	03460
K11517	00630 01100 01110 01120 01200 04146
K11518	05014 05022
K11519	04141 05014 05022
K11520	02020
K11521	02020
K11522	02020
K11523	02020
K11524	02020
K11525	02020
K11526	02020
K11528	00520 01100
K11529	00030 00260 00561 00630 00680 01100 01110 01120 01200
K11530	02024
K11531	02024 02026
K11532	00010 00030 00051 00680 00710 01100 01110 01120 01200
K11533	00061 01100 01212 04931
K11538	00280 01100
K11539	00061 01100 01212
K11540	00240 00250 01100 01240
K11541	00240 00250 01100 01240
K11580	04114
K11582	04113
K11583	03015 04071 04151 04152 04261 04728 05165
K11584	03015 04071 04113 04114 04151 04152 04261 04728 05165
K11586	05131
K11592	05206
K11593	04361
K11594	04622 05161 05203
K11598	03050
K11599	03050
K11600	03018
K11601	02010 02020
K11602	02010 02020
K11603	02010 02020
K11604	02010
K11605	02010
K11606	02010
K11607	02010
K11614	02020
K11615	02020
K11616	02020
K11617	02020
K11618	02020
K11619	02020
K11620	02020
K11621	02020
K11622	02020
K11623	02020
K11624	02020
K11625	02020
K11626	02020
K11627	00970
K11629	02020
K11630	02020
K11631	02010 02020
K11632	02010 02020
K11633	02020
K11634	02020
K11635	02020
K11636	02020
K11637	02020
K11638	02020
K11639	02020
K11640	02020
K11641	02020
K11643	05165 05203
K11644	04139 04919 05016 05169 05202
K11645	00010 00030 00051 00680 00710 01100 01110 01120 01200 01230
K11646	00400 01100 01110
K11647	04714 05225
K11648	03250 04714 05225
K11649	04714 05225
K11650	04714 05225
K11651	04714 05225
K11652	04714 05225
K11653	04714 05225
K11688	02020
K11689	02020
K11690	02020
K11691	02020
K11692	02020
K11693	00550 01100
K11694	00550 01100
K11695	00550 01100
K11703	00310 00514 01100
K11704	02010
K11705	02010
K11706	02010
K11707	02010
K11708	02010
K11709	02010
K11710	02010
K11711	02020
K11712	02020
K11716	05010 05022 05030
K11717	00450 01100
K11718	04141
K11720	02010
K11723	05225
K11725	00190
K11726	00190
K11731	00281 01110
K11749	04112
K11751	00230 00240 00760 01100 01110 01232
K11752	00740 01100 01110 01240 02024
K11753	00740 01100 01110 01240
K11754	00790 01100 01240
K11755	00340 01100 01110 01230
K11757	05225
K11765	05225
K11778	00900 01110
K11779	00680 01100 01120
K11780	00680 01100 01120 01240
K11781	00680 01100 01120 01240
K11782	00130 01100 01110 01240
K11783	00130 01100 01110 01240
K11784	00130 01100 01110 01240
K11785	00130 01100 01110 01240
K11787	00230 00670 01100 01110 01523
K11788	00230 01100 01110
K11789	05170
K11808	00230 01100 01110
K11809	00500 01100
K11812	00380 00966 01100 01110 01210
K11813	00380 00966 01100 01110 01210
K11816	00380 01100
K11817	00380 01100
K11818	00380 00966 01100 01110 01210
K11819	00380 00966 01100 01110 01210
K11820	00380 00966 01100 01110 01210
K11821	00380 00966 01100 01110 01210
K11822	00980 04976 05204
K11824	04144 04721 04961 05016
K11825	04144 04721 04961 05016
K11826	04144 04721 04961 05016
K11827	04144 04721 04961 05016
K11828	04390 04724 05016 05022 05030
K11829	05016
K11830	04371 05016
K11831	04371 05016
K11832	03460
K11838	04068 05169 05203
K11839	04137 04144 04934
K11841	04139
K11849	04657
K11851	04137
K11859	04064 04217 04621 04657 04668 05162 05169
K11863	04141 05017 05022
K11864	03440 04621
K11866	04144
K11868	00380 01100
K11883	03008
K11890	02025
K11891	02025 03070
K11892	03070
K11893	02025
K11895	02025
K11900	02025
K11901	02025
K11902	02025
K11903	02025 03070
K11904	03070
K11906	03070
K11907	02025 03070
K11912	02025 03070
K11913	02025 03070
K11915	02025 03070
K11927	03018
K11931	02026
K11935	02026
K11936	02026
K11937	02026
K11943	00624 01100 01120 01220
K11944	00624 01100 01120 01220
K11945	00624 01100 01120 01220
K11946	00624 01100 01120 01220
K11947	00624 01100 01120 01220
K11948	00624 01120
K11949	00624 01120
K11950	02010
K11951	02010
K11952	02010
K11953	02010
K11954	02010
K11955	02010
K11956	02010
K11957	02010
K11958	02010
K11959	02010
K11960	02010
K11961	02010
K11962	02010
K11963	02010
K11974	04217 04621 05131
K11981	04144
K11984	03040
K11987	00590 01100 04064 04370 04625 04657 04668 04723 04726 04913 04921 04923 05010 05022 05140 05163 05165 05167 05200 05204 05206 05222
K11988	04340 04360 05200 05205 05217 05226
K11989	04340 05205
K11990	04340
K11992	00120 01100 04146
K11996	04122
K12035	04361 05206
K12040	04964 04974 04976 04978
K12041	04260
K12042	04020
K12044	04024 04260 04261 05410 05414 05415
K12045	04260 04261 05410 05414
K12047	00052 00500 01100 01110 04973
K12073	00130 01100 01110 01240
K12074	04711
K12075	04390 04530 05165
K12076	04390 04391 04530 04660 05165 05166 05203
K12077	04066 05230
K12086	05120
K12087	05120
K12088	05120
K12089	05120
K12090	05120
K12091	05120
K12092	05120
K12093	05120
K12094	05120
K12095	05120
K12096	05120
K12097	05120
K12098	05120
K12099	05120
K12100	05120
K12101	05120
K12102	05120
K12103	05120
K12104	05120
K12105	05120
K12106	05120
K12107	05120
K12108	05120
K12109	05120
K12110	05120
K12111	00052 00511 01100
K12112	00052 00511 01100
K12114	04711
K12115	04712
K12116	04712
K12118	04712
K12119	04712
K12120	04712
K12121	04712
K12124	04712
K12125	04712
K12126	04075 04712
K12127	04712
K12128	04712
K12129	04712
K12130	04712
K12131	04712
K12133	04712
K12134	04712
K12135	04712
K12152	00740
K12153	00460 00966 01100 01110 01210
K12154	00966 01110 01210
K12155	00966 01210
K12156	00966 01110 01210
K12159	04622 05165 05169 05171
K12160	03013 05418
K12161	04122
K12170	04622
K12172	03013 03250 05014
K12173	03440
K12182	03250 04144 04145
K12183	03250 04144
K12184	04144
K12185	04144
K12186	04144
K12187	04144
K12188	04144
K12189	04144
K12190	04144
K12191	04144 04217
K12192	04144 04217 05014 05022
K12193	04144 04217
K12194	03250 04144 04217
K12195	03250 04144 04217
K12196	03250 04144 04217
K12197	04144 04217
K12198	04144 04217
K12199	04144
K12200	03250 04144
K12229	04662
K12230	04151 04662
K12234	00680 01100 01120 01240
K12235	00260 00470 01100
K12236	05165
K12237	01053
K12238	01053
K12239	01053
K12240	01053
K12241	01053
K12249	00909
K12250	00909 00998 01100 01110
K12251	00330 01100
K12252	00330 01100
K12253	00330 01100
K12254	00330 01100
K12255	00330 01100
K12256	00330 01100
K12257	02024 03060 03070
K12259	00330 00410 01100
K12261	04146
K12272	03060
K12275	03060 04141
K12276	05111
K12292	02010 02020 02024
K12293	02020 02024
K12294	02020 02024
K12295	02020 02024
K12296	02020 02024
K12298	00100 00561 01100 04972 04975
K12301	04142
K12302	04721 04723 04724 05033
K12304	00230 00240 01100 01232
K12305	00230 00240 01100 01232 04142
K12307	04142
K12308	00052
K12309	00052 00511 00531 00600 00604 01100 04142
K12311	00511 04142
K12312	00511
K12313	04270 04371 04926
K12314	04260 04261 05410 05414
K12315	04270
K12316	00052 00500 01100 01110 04142
K12317	00052 00500 01100 01110
K12318	00230 01100 04022 04270 04540 04611 04713 04730 04921 04924 04970
K12319	00230 01100 04022 04270 04540 04611 04713 04730 04921 04924 04970
K12320	00230 01100
K12321	00230 01100 04740 04744
K12322	00230 01100 04744
K12323	00230 01100 04022 04024 04270 04714 04921 04923 04924 04925
K12324	00230 01100 04022 04270 04921
K12326	04010 04014
K12327	04270
K12328	04270
K12329	04270 04510 04810 04921 05205
K12330	04270 04611 04810 04928 05130 05135 05163 05200 05205 05417
K12331	04270 04928 05130 05163 05200
K12332	04080 04270
K12333	04080 04270
K12334	04022 04024 04066 04270 04714 04921 04923 04924 04925 05143
K12335	04022 04270 04714
K12336	04022 04270 05418
K12337	04022 04270
K12338	00942 01110
K12339	00270 01100 01230
K12340	01501 01503 02020 03070 04626 05133
K12341	03070 05135
K12342	03070
K12343	00140 01100
K12344	00140 01100 05215
K12345	00140 00510 01100
K12347	04142
K12348	00600 01100 04071 04142
K12349	00600 01100 04071
K12350	00600 01100 04071 04142 04217
K12351	00600 01100 04071
K12352	00600 01100
K12353	00600 01100
K12354	00600 01100
K12355	00940 01110
K12356	00940 01110
K12357	00511 00600 01100
K12358	04014 04068 05131
K12361	04010 04014 04015 04062 04611 05200
K12362	04010 04014 04015 04662 05200
K12363	04010 04014 05200
K12365	04062 05167
K12366	04062 05100 05131 05132 05135
K12367	04062
K12368	02010 02030
K12369	02010
K12370	02010
K12371	02010
K12372	02010
K12373	00511 00513 00520 00531 00600 00603 00604 01100 04142
K12377	04013
K12378	04013
K12379	04013
K12380	04013 04014
K12381	04142
K12382	00600 04142
K12383	04142
K12384	04142
K12385	04142 04979
K12386	04142
K12387	04142
K12388	04142 04722 04979
K12389	04142
K12390	04142
K12391	04142 05170
K12392	04142 05170
K12393	04142 05170
K12394	04142 05170
K12395	04142 05170
K12396	04142
K12397	04142
K12398	04142
K12399	04142
K12400	04142
K12401	04142
K12402	04142
K12403	04142
K12404	04142
K12405	00120 01040 01100 01212 04146
K12406	00010 00620 01100 01110 01200 01230 04910 04930 04932 04950
K12407	00010 00052 00500 00520 00521 00524 01100 01110 01120 01200 01250 04910 04911 04917 04922 04930 04950 05230
K12408	00120 01100
K12409	00520 01100 01250
K12410	00760 01100
K12411	04111
K12412	04011 04111
K12413	04111
K12414	04111 04113
K12415	02020 02024
K12416	04111 04113 04120
K12420	00253 01056 01100 01110
K12446	00520 01100 01250
K12447	00040 00052 00053 00520 01100 01110 01250
K12448	00520 01100 01250
K12449	00520 01100 01250
K12450	00520 01100 01250
K12451	00520 00523 01100 01110 01250
K12452	00520 00541 01100 01250
K12453	00520 00541 01100 01250
K12454	00520 00541 01100 01250
K12455	00520 00541 01100 01250
K12456	04110 04114 04120 04914 05166
K12457	04010 04014 04151 04722
K12458	04722
K12459	04722
K12460	04722
K12461	04714 04722 05205
K12462	04722 04962
K12463	04722
K12464	04722
K12465	04722
K12466	00903 01110
K12467	00902 01110
K12469	04144
K12470	04144
K12471	04144
K12472	04144
K12473	04144 04913 04925 04927 04934 04976 04979 05145 05160 05417
K12474	04144 04979
K12475	04144
K12476	04144
K12477	04144
K12478	04144 04145 05152
K12479	04138 04144
K12480	04144
K12481	04144
K12482	04144
K12483	04144
K12484	04144
K12485	04144
K12486	04144
K12487	04144 05135
K12488	04144 04666
K12489	04144
K12490	04015 04024 04144
K12491	04144
K12492	04144
K12493	04144
K12494	04144 04361
K12495	04144
K12496	04625 05161 05166 05203
K12497	04625 05161 05203
K12499	04060 04061 04062 04620 04621 04623 04668 05020 05120 05131 05142 05163 05164 05168 05323 05417
K12501	00130 01100 01110 01240
K12502	00130 01100 01110 01240
K12503	00900 01110
K12504	00900 01110
K12505	00900 01110
K12506	00900 01100 01110
K12524	00260 00261 00270 00300 01100 01110 01120 01230
K12525	00260 00261 00270 00300 01100 01110 01120 01230
K12526	00260 00261 00270 00300 00470 01100 01110 01120 01230
K12527	00450
K12528	00450
K12529	00450
K12530	02020
K12531	02020
K12532	02020
K12536	02010
K12541	02010
K12550	04970 05208
K12551	00550 01100
K12552	00550 01100 01501
K12553	00550 01100 01501
K12554	00550 01100
K12555	00550 01100 01501
K12556	00550 01100 01501
K12559	04666 05130
K12560	04145 04380 04662 04666 05150 05152 05162
K12561	04666 05206
K12562	04144 04666
K12563	05410 05412 05414 05416
K12564	05410 05412 05414 05416
K12565	05410 05412 05414 05416
K12566	05410 05412 05414 05416
K12567	05410 05414
K12568	05410 05414
K12569	05410 05412 05414
K12570	00521 01100 01110
K12571	03018
K12572	03018
K12573	03018
K12574	03018
K12575	04111 04113
K12576	04111 04113
K12577	04111
K12578	04111
K12580	03018
K12581	03018
K12584	03018
K12585	03018
K12586	03018
K12587	03018
K12589	03018
K12590	03018
K12591	03018
K12592	03018
K12593	03018
K12594	03018
K12595	03015 03018
K12596	03018
K12597	03018
K12598	03018
K12599	03018
K12600	03018
K12601	03018
K12602	03018
K12603	03018
K12604	03018
K12605	03018
K12606	03018
K12607	03018
K12608	03018
K12609	03018
K12610	03018
K12611	03018
K12612	03018
K12613	03018
K12614	03018
K12615	03018
K12616	03018
K12617	03018
K12618	03008 03018
K12619	03008 03018
K12620	03018
K12621	03018 03040
K12622	03018 03040
K12623	03018 03040
K12624	03018 03040
K12625	03018 03040
K12626	03018 03040
K12627	03018 03040
K12628	00998 01100 01110
K12629	00998 01100 01110
K12630	00998 01100 01110
K12631	00998 01100 01110
K12632	00998 01100 01110
K12633	00998 01100 01110
K12634	00998 01100 01110
K12635	00998 01100 01110
K12636	00998 01100 01110
K12637	00905 01100 01110
K12638	00905 01100 01110
K12639	00905 01100 01110
K12640	00905 01100 01110
K12641	04210 05410 05412 05414
K12642	05412
K12643	00996 01110
K12644	00996 01110
K12645	00909 01110
K12646	04064 04622 04623 05160 05161 05162 05164 05168 05169 05171
K12647	04622 05161 05162 05164 05168 05171
K12648	04621 04622 04623 05160 05161 05162 05164 05168 05169 05171
K12649	04622
K12650	04140 04621 04622 05014 05022 05417
K12651	04622
K12652	04622
K12653	04621 04622 05164
K12654	04621 04622 04623 05131 05163 05168 05170 05171
K12655	04622
K12656	04622
K12657	00330 01100 01110 01230
K12658	00470 01100
K12659	00220 01100 01110 01210 01230
K12660	00051 01100 01120
K12661	00051 01100 01120
K12662	03040
K12663	04146
K12664	00830 01100
K12665	00830 01100
K12666	00510 00513 01100 04141
K12667	00510 00513 01100 04141
K12668	00510 00513 01100 04141
K12669	00510 00513 01100 04141
K12670	00510 00513 01100 04141
K12671	04060 04061 04062 04620 04622 04623 04657 04668 05160 05164 05169 05171
K12672	04060 04061 04062 04620
K12673	00331 01100 01110
K12674	00331 01100 01110
K12675	00331 01100 01110
K12676	00331 01100 01110
K12677	00331 01100 01110
K12679	05131
K12681	05133
K12683	05133
K12687	02026
K12688	05133
K12691	00510 00513 01100 04141
K12692	00960 01100 01110
K12693	00901 01100 01110
K12694	00901 01110
K12695	00901 01110
K12696	00901 01110
K12697	00901 01110
K12698	00901 01110
K12699	00901 01110
K12700	00240 01100 01232
K12701	00401 01100 01110
K12702	00401 01100 01110
K12703	00401 01100 01110
K12704	00401 01100 01110
K12705	00401 01100 01110
K12707	00401 01110
K12708	00401 01110
K12709	00401 01100 01110
K12710	00523 01100 01110 01250
K12711	00401 01100 01110
K12712	00401 01100 01110
K12713	00401 01100 01110
K12714	00401 01110
K12719	00401 01110
K12720	00401 01110
K12721	00401 01110
K12722	00401 01110
K12723	00401 01110
K12724	00401 01110
K12729	00232 01100 01110
K12730	00232 01100 01110 01120
K12731	00232 01100 01110 01120
K12732	00360 01100
K12733	03040
K12741	03040 05014
K12742	00900 01110
K12743	00311 01100 01110
K12744	00311 01100 01110
K12745	00311 01100 01110
K12747	00311 01100 01110
K12748	00311 01110
K12749	04260 04261 04371 05410 05414
K12750	04260 04261 04371
K12751	04270 04530 04921
K12753	04360 04510 04670 04810 05131 05132
K12754	04510 04670 04810 05131 05132
K12755	04022 04024 04270 04360 04510 04530 04670 04810 04921 05131 05132
K12756	04510 04670 04810 05131 05132
K12757	04360 04510 04530 04611 04670 04810 05131 05132
K12758	04510 04670 04810 05131 05132
K12760	04011 04111
K12761	04113 04138
K12762	04113 04213
K12763	04113
K12764	04113
K12765	04113
K12766	04113
K12767	04113 04138 04213
K12768	04113
K12769	04113
K12770	04113
K12771	04113
K12772	04113
K12773	04113
K12774	04113
K12775	04113
K12776	04113
K12777	04113
K12778	04113
K12779	04113
K12780	04113
K12781	04113
K12782	04113
K12783	04113
K12784	05130
K12785	05100 05130 05131
K12786	05130
K12787	05130
K12788	05130
K12789	02024 05130
K12790	05130
K12791	04530 05130 05131 05418
K12792	04621
K12793	04064 04621 04657 04668 04936 05130 05131 05132
K12794	04621 04625 05152 05168
K12795	04621 04626
K12796	04621
K12797	04621
K12798	04621
K12799	04217 04621 04623 04625 05130 05131 05132 05133 05134 05135 05164 05417
K12800	04217 04621 04625 05130 05131 05132 05133 05135 05164 05171 05417
K12801	04621
K12802	04621
K12803	04621 05135
K12804	04621
K12805	04621 05131 05132 05134 05135
K12806	04621
K12807	04621 05130 05131 05132 05134
K12809	05130
K12810	05130
K12811	03040
K12812	03013 03015 03040
K12813	03040
K12814	03040
K12815	03040
K12816	03040
K12817	03040
K12818	03040
K12819	03040
K12820	03040
K12821	03040
K12822	03040
K12823	03040 05202 05205
K12824	03040 04212
K12825	03040
K12826	03040
K12827	03040
K12828	03040
K12829	03040
K12830	03040
K12831	03040
K12832	03040
K12833	03040
K12834	03040
K12835	03040
K12836	03040 05131
K12837	03040
K12838	03040
K12839	03040
K12840	03040
K12841	03040
K12842	03040
K12843	03040
K12844	03040
K12845	03008 03040
K12846	03040
K12847	03040
K12848	03040
K12849	03040
K12850	03040
K12851	03040
K12852	03040
K12853	03040
K12854	03040
K12855	03040
K12856	03040
K12857	03040
K12858	03040
K12859	03040
K12860	03040
K12861	03040
K12862	03040
K12863	03040
K12864	03040
K12865	03040
K12866	03040
K12867	03040
K12868	03040
K12869	03040
K12870	03040
K12871	03040
K12872	03040
K12873	03040
K12874	03040
K12875	03013 03015 03040
K12876	03013 03015 03040
K12877	03013 03015 03040
K12878	03013 03040
K12879	03013 03040
K12880	03013 03040
K12881	03013 03015 03040 05014 05168
K12882	03013 03015 03040 05014
K12883	03013 03015 03040
K12884	03040
K12885	03040
K12886	03040 05203 05206
K12887	03040
K12888	03040
K12889	03040 04216
K12890	03040 04657 05168
K12891	03040 05168
K12892	03040 05014 05168
K12893	03040 05168
K12896	03040 05014 05168
K12897	03040 04936
K12900	03040
K12901	00440 00998 01100 01110
K12902	00998 01100 01110
K12903	00998 01100 01110
K12904	00440 00998 01100 01110
K12905	00440 01110
K12906	00440 01110
K12907	00440 01110
K12908	00440 01110
K12909	00440 01110
K12910	00440 01110
K12911	00440 01110
K12912	00440 01110
K12913	00440 01110
K12914	00440 01110
K12915	00440 01110
K12917	00904 01100 01110
K12918	00904 01100 01110
K12919	00904 01100 01110
K12920	00904 01110
K12921	00904 01100 01110
K12922	00904 01100 01110
K12923	00904 01110
K12924	00904 01110
K12925	00904 01100 01110
K12926	00904 01100 01110
K12927	00904 01100 01110
K12928	00904 01110
K12929	00904 01100 01110
K12930	00942 01100 01110
K12931	00942
K12932	00942
K12933	00942
K12934	00942 01110
K12935	00942 01110
K12936	00942 01110
K12937	00942
K12938	00942
K12939	00942 01110
K12946	03060
K12947	03060
K12948	03060
K12957	00010 00281 00620 01100 01110 01120
K12958	04144 04510 05020 05100 05205 05418
K12959	04144 04510 05020 05100 05205 05418
K12960	00270 01100
K12962	01503
K12963	01503
K12964	04060 04061 04062 04064 04620 04623 05163
K12965	04217 04623
K12966	04621 04623
K12967	04060 04217 04623 05164
K12968	04623 05162 05164 05171
K12969	04623
K12970	04623
K12971	04623
K12972	00260 00620 00630 01100 01110 01120
K12973	00540 01503 05133
K12974	00540
K12975	00540 01503
K12976	00540
K12977	00540 01100
K12979	00540
K12981	00540
K12983	00540
K12985	00540
K12986	00540
K12990	02024 02025
K12993	00542
K13010	00520 00541 01100 01250
K13014	00520 01100 01503
K13015	00520 00541 01100
K13016	00520 00541 01100 01250
K13017	00520 00541 01100 01250
K13018	00520 00541 01100 01250
K13019	00520 00541 01100 01250
K13020	00520 00541 01100 01250
K13024	04070
K13025	03013 03015 03040
K13027	00460 00966 01100 01110 01210
K13029	00460 01100 01110
K13030	00460 01100 01110
K13031	00460 01100 01110
K13032	00460 01100 01110
K13033	00460 01100 01110
K13034	00270 00460 00920 01100 01110 01120 01200 01230
K13035	00460 01100 01110
K13037	00998 01100 01110
K13038	00770 01100 01240
K13039	00680 01100 01120 01240
K13040	02020
K13041	02020
K13042	00260 01100
K13050	04979
K13051	00250 00460 01100 01110
K13054	04114
K13055	04114
K13056	04114
K13057	00500 01100
K13060	00270 01100 02024 02025
K13061	00270 01100 02020 02024 02025
K13062	00270 01100 02024
K13063	00405 01100 01110 02024
K13064	00360 00940 01100 01110
K13065	00940 00941 00945 01100 01110
K13066	00380 00940 01100 01110
K13067	00940 01110
K13068	00940 01110
K13070	00904 01110
K13071	00860 01110
K13072	04060 04061 04062 04672
K13073	04672
K13075	02024
K13077	00941 00943 01100 01110
K13078	00941
K13079	00941 01110
K13080	00941 00944
K13081	00941 01110
K13082	00941 01100 01110
K13083	00941 00944 01110
K13084	04070
K13085	05100 05131 05132
K13088	04152 04657
K13098	03015 03040 05014 05022 05202
K13105	05202 05211
K13113	04212
K13114	03013 03015
K13126	03015 03018
K13151	03013
K13158	05014
K13162	04216
K13171	03013 03015
K13174	03013
K13175	03013
K13176	03013
K13209	05202
K13213	05014
K13222	00402 01100
K13223	00402 01110
K13224	00402 01110
K13225	00402 01110
K13226	00402 01110
K13227	00402 01110
K13229	00402 01110
K13230	00402 01110
K13231	00945 01110
K13232	00945 01110
K13233	00945 01110
K13234	00945 01110
K13235	00945 01110
K13237	04146
K13238	00071
K13239	00071 04146
K13240	00220 00330 01100 01110 04020 04145 04371 04713 04730 04926 04970 05010 05014 05022
K13241	00220 00330 01100 01110 04020 04066 04146 04371 04926 05010 05014 05022 05133 05140 05142 05145 05146 05152 05200 05222
K13242	00220 00330 01100 01110 04020 04022 04066 04071 04151 04370 04371 04611 04915 04921 04926 04931 04933 05415 05417 05418
K13245	04112
K13246	05111
K13247	00040 01100
K13248	00750 01100 01240
K13249	04141
K13250	04141
K13251	04141
K13257	00943 01100 01110
K13258	00943 01100 01110
K13259	00943 01100 01110
K13260	00943 01100 01110
K13261	00943 01110
K13262	00943 01110
K13263	00943 01110
K13264	00943 00944
K13265	00943 01100 01110
K13266	00943 01110
K13267	00943 01110
K13269	00944 01110
K13270	00944
K13271	00944
K13272	00944 01110
K13273	00900 01100 01110 04146
K13279	04146 05146
K13280	03060
K13284	05100 05131 05132
K13285	05100 05131 05132
K13286	05100 05131 05132
K13287	05100 05131
K13288	03008
K13289	04142 04614
K13290	00260 01100
K13293	00230 01100 04024 04928 05032
K13294	00230 01100
K13296	00230 01100 04022 04024 04371 04910 04914 04922 04923 04924 05032
K13298	00230 01100 04934 05032
K13299	00480 00980 00982 01100 04146 05204
K13301	03060 03070
K13302	04068 04150 04151 04960
K13303	04068 04151
K13304	04068 04151
K13305	04120 04144 04530 04960
K13306	00523 00541 01100 01110 01250
K13307	00523 01100 01110 01250
K13308	00523 01100 01110 01250
K13309	00523 01100 01110 01250
K13310	00523 01100 01110 01250
K13311	00523 01100 01110 01250
K13312	00523 01100 01110 01250
K13313	00523 01100 01110 01250
K13315	00523 01100 01110 01250
K13316	00523 01100 01110 01250
K13317	00523 01100 01110 01250
K13318	00523 01100 01110 01250
K13319	00523 01100 01110 01250
K13320	00522 01100 01110
K13322	00523 01100 01110 01250
K13326	00523 01100 01110 01250
K13327	00523 01100 01110 01250
K13328	00523 01100 01110 01250
K13329	00523 01100 01110 01250
K13330	00523 01100 01110 01250
K13332	00523 01100 01110 01250
K13333	00564
K13335	04146
K13336	04146
K13337	04146
K13338	04146
K13339	04146
K13340	04146
K13341	04146
K13342	04146
K13343	04146
K13344	04146
K13345	04146
K13346	04146
K13347	04146
K13348	04146
K13349	04146
K13350	04146
K13351	04146
K13352	04146
K13353	04146
K13354	04146
K13355	04146
K13356	00073 04146 04212
K13358	04960
K13359	04960
K13360	04024
K13365	04530 04928 05130 05165
K13366	00330 00410 01100
K13367	00330 00410 00770 01100 01240
K13368	00140 01100 04913
K13369	00140 00830 01100 01240
K13370	00061 00140 01100 01212
K13371	00350 00360 00950 01100 01110
K13372	00350 00360 00950 01100 01110
K13373	00100 00140 01100 01110 04913
K13375	04010 04060 04068 04110 04218 04350 04380 04390 04659 04672 04926 04932 04933 05140 05142 05144 05145 05146 05152 05161 05166 05200 05205 05210 05211 05212 05220 05225 05226 05321 05323 05410 05414 05415
K13376	04010 04060 04068 04110 04218 04350 04380 04390 04933 05140 05142 05144 05145 05146 05152 05161 05166 05200 05205 05206 05210 05211 05212 05220 05225 05226 05321 05323 05410 05414 05415
K13377	04010 04060 04068 04110 04218 04350 04390 04933 05140 05142 05144 05145 05146 05152 05161 05166 05200 05210 05211 05212 05220 05225 05226 05321 05323 05410 05414 05415
K13378	00190 01100
K13379	00520 01100 01250
K13380	00190 01100
K13381	00520 01100
K13382	00950 01100 01110
K13383	00950 01100 01110
K13384	00950 01100 01110
K13385	00950 01100 01110
K13386	00950 01100 01110
K13387	00950 01110
K13389	00950 01110
K13390	00950 01110
K13391	00950 01100 01110
K13392	00950 01100 01110
K13393	00950 01100 01110
K13394	00950 01100 01110
K13395	00950 01100 01110
K13396	00950 01100 01110
K13397	00950 01100 01110
K13398	00950 01110
K13400	00902 01100 01110
K13401	00460 00966 01100 01110 01210
K13402	00670 01100 01240
K13403	00670 01100 01240
K13407	00073
K13408	04626
K13409	02010 04626
K13411	04013 04624 04918
K13412	04626 05145
K13413	04016 04075 04626
K13414	04016 04626
K13415	04075
K13416	04016 04075 04626
K13417	04626
K13420	04016 04626
K13421	00240 00983 01100 01240
K13422	04016 04075
K13423	04016 04626
K13424	04016 04626
K13425	04016 04626
K13426	04016 04626
K13427	00220 00330 01100 01110 04626
K13428	04626
K13429	04626
K13430	04626
K13431	03060
K13432	04626
K13433	04626
K13434	04626
K13435	04626
K13436	04626
K13437	04626
K13439	04626
K13440	04626
K13441	04626
K13443	04142 04979
K13444	04142
K13445	04626
K13446	04626
K13447	04016 04626
K13448	04626
K13449	04016 04075 04626
K13450	04626 05131 05132
K13451	04626
K13452	04626
K13453	04626
K13454	04626
K13455	04626
K13456	04626
K13457	04626
K13458	04626
K13459	04626
K13460	04626
K13463	04075
K13464	04075
K13465	04626
K13466	04626
K13467	04626
K13468	04626
K13469	04626
K13470	04626
K13471	04626
K13472	04626
K13473	04626
K13474	04626
K13475	04626
K13476	04626
K13477	04626
K13478	04626
K13479	00230 01100 01120 01232
K13480	00230 01100 01120 01232
K13481	00230 01100 01120 01232
K13482	00230 01100 01120 01232
K13483	00230 01100 01120 01232
K13484	00230 01100
K13485	00230 01100
K13486	02020
K13487	02020 02025
K13488	02020 02025
K13489	02020 02025
K13490	02020 02025
K13491	02020 02025
K13492	00908 01110
K13493	00908 01110
K13494	00908 01110
K13495	00908 01110
K13496	00908 01110
K13497	00400 01100 01110 01230
K13498	00400 01100 01110 01230
K13499	00532 01100
K13500	00532 01100
K13501	00400 01100 01110 01230
K13502	04130 04962
K13503	00400 01100 01110 01230
K13504	04130 04721 04911 04962 04970
K13505	04130 04145
K13506	00561 00564 01100 01110
K13507	00561 00564 01100 01110
K13508	00561 00564 01100 01110
K13509	00561 00564 01100 01110 04072 04975
K13510	00564 00565 01100
K13511	00564
K13512	00564 00565 01100
K13513	00561 00564 01100 01110
K13514	00564
K13515	00564 04216
K13516	00564
K13517	00561 00564 01100 01110
K13519	00561 00564 00565 01100 01110
K13520	05131
K13522	00760 01100
K13523	00561 00564 01100 01110 04072
K13524	00250 00280 00410 00640 00650 01100 01120 04727
K13525	04141 05014 05022 05134
K13527	03050
K13529	03410
K13532	02020
K13533	02020
K13534	00561 01100
K13535	00564
K13536	04666 05140
K13537	05140 05143
K13540	00860 01100 01240
K13541	00860 01100 01240
K13542	00860 01100 01110 01120 01240
K13543	00860 01100 01110 01120 01240
K13544	00860 01110
K13545	00860 01110
K13546	00524 01110
K13547	00524 01110
K13548	00524 01110
K13549	00524 01110
K13550	00524 01110
K13551	00524 01110
K13552	00524 01110
K13553	00524 01110
K13554	00524 01110
K13555	00524 01110
K13556	00524 01110
K13557	00524 01110
K13559	00524 01110
K13560	00524 01110
K13561	00524 01110
K13562	00524 01110
K13563	00524 01110
K13564	00524 01110
K13565	00130 01110
K13566	00250 01100
K13567	04060 04350 04550
K13568	04060 04350 04550
K13574	00350 00360 01100 01110
K13575	04964 04972 04976
K13576	04724 04727 04964
K13577	04964
K13578	04013 04060 04350 04360 04390 04550 05418
K13581	04112
K13582	04112
K13583	04112
K13584	02020 04112
K13585	04112
K13586	04112
K13587	02020 04112
K13588	02020 04112
K13589	02020 04112
K13590	04112
K13591	04112
K13592	04112
K13593	04112
K13594	04060
K13596	04060 04350 04550 05418
K13598	02020
K13599	02020
K13600	00860 01100 01110
K13601	00860 01110
K13602	00860 01110
K13603	00860 01110
K13604	00860 01110
K13605	00860 01110
K13606	00860 01100 01110
K13607	00960 01110
K13608	00960 01110
K13609	00310 00960 01100
K13610	00960
K13618	00564 04014
K13621	00564
K13622	00564
K13623	00564
K13624	00860 04216
K13625	04216 04217 04978
K13627	04966
K13632	01503
K13644	00440 00564 00565 01100 01110
K13645	00310 01100
K13646	00310 00514 01100
K13647	00310 01100
K13648	00520 01100
K13649	01523 04144
K13667	00514
K13668	00571 01100
K13669	00571 01100
K13671	00571
K13675	00514
K13676	00514
K13677	00561 01100
K13678	00552
K13679	00500 01100 01110
K13686	00572 01100
K13687	00571 00572
K13699	04923
K13700	04723
K13708	04510 04666 04810 05100 05131 05135
K13709	04510 04670
K13710	04810 05135
K13711	00562 01100 04070
K13712	00562 01100 04144
K13713	00230 01100 01110
K13714	00511
K13719	04141
K13728	04110 04114 04914 05100
K13729	05142
K13730	05100
K13731	05100
K13732	05100
K13733	05100
K13734	05100
K13735	05100 05135
K13736	05100
K13737	05100
K13738	05100
K13739	05100
K13740	05100 05132
K13741	05100 05132
K13742	05100 05131
K13743	05100 05131
K13744	05100 05132
K13745	00260 01100 01120
K13746	00330 01100
K13747	00330 01100
K13748	00510 00513 01100
K13749	04744
K13752	04740
K13755	00230 01100 04020 04740 04742 04924 05032
K13756	00230 01100 04744
K13757	00230 01100
K13758	00230 01100
K13759	00230 01100 04744
K13760	00230 01100
K13761	00230 01100
K13762	00230 01100 04022
K13763	00230 01100
K13764	04744
K13765	04744 05030
K13766	00280 01100
K13767	00071 00362 01100 01120 01212
K13768	04971
K13769	04010 04014 04151 05200 05205 05225
K13773	04115 04210
K13774	00281 01110
K13775	00281 01110
K13776	00281 01110
K13777	00281 01110
K13778	00281 01110
K13779	00281 01110
K13780	04150 05230
K13781	04974
K13786	00860 01100
K13787	00900 01100 01110
K13788	00430 00620 00640 00680 00720 01100 01120 01200
K13789	00900 01100 01110
K13790	05131
K13791	05131
K13792	05131
K13793	05131
K13797	03020
K13798	03020
K13799	00240 00410 00770 01100 01110 01232 01240
K13800	00240 00983 01100 01232 01240
K13802	04745
K13803	04745
K13804	04745
K13805	04745
K13806	04723 04745 04925
K13807	04745
K13809	00240 01100 01232 01240
K13810	00010 00030 00500 00520 01100 01110 01120 01200 01230 01250
K13811	00230 00261 00450 00920 01100 01110 01120
K13812	00030 00680 01100 01120 01200 01230
K13813	04145
K13815	02020 02024
K13816	02020 02024
K13818	00790 01100
K13820	02040
K13821	00250 00330 01100 01110
K13822	05143 05144
K13823	05143 05144
K13829	00400 01100 01110 01230
K13830	00400 00999 01100 01110 01230
K13831	00030 00680 01100 01120 01200 01230
K13832	00400 00999 01100 01110 01230
K13833	05144
K13834	05144
K13835	05144
K13836	05144
K13837	05144
K13838	05144
K13839	05144
K13840	05144
K13841	05144
K13842	05144
K13843	05144
K13844	05144
K13845	05144 05145
K13846	05144
K13847	05144
K13848	05144
K13849	05144
K13850	05144
K13851	05144
K13852	05144
K13853	00400 01100 01110 01230
K13855	04970 04971 04972 04976
K13857	04976
K13863	05206
K13867	04974
K13868	04974
K13869	04216
K13873	00053 01100
K13874	00053 01100
K13875	00053 01100
K13876	00053 01100
K13877	00040 00053 00470 01100
K13879	04970
K13882	04145 05152
K13883	04145 05132
K13884	04145
K13885	04145 04913 04925 04927 04934 04975 04976 04977 04979 05160
K13889	02010
K13890	02010
K13891	02010
K13892	02010
K13893	02010
K13894	02010
K13895	02010
K13896	02010
K13897	04970
K13898	04970
K13899	04970
K13900	04970
K13901	04970
K13908	04657 04970
K13909	04970
K13910	04970
K13911	04970
K13912	04970
K13913	04970
K13914	04970
K13915	04970
K13916	04613 04621 04970 05150 05152
K13917	03015
K13919	00640 01100
K13920	00640 01100
K13921	00640 01100
K13922	00640 01100
K13923	00640 01100
K13924	02020 02030
K13925	05100
K13927	02020
K13937	00030 01100 01110 01200
K13938	00670 00790 01100
K13939	00790 01100 01240
K13940	00790 01100 01240
K13941	00790 01100 01240
K13942	00680 01100 01120 01200
K13946	04075
K13950	00790 01240
K13951	00010 00071 00350 00620 00830 00980 00982 01100 01110 04936
K13952	00010 00071 00350 00620 00830 00980 00982 01100 01110 04936
K13953	00010 00071 00350 00620 00625 00626 00830 00980 00982 01100 01110 01120 01220
K13954	00010 00071 00350 00620 00625 00626 01100 01110 01120 01220
K13960	03460
K13961	04971
K13962	04971
K13963	05146
K13967	00520 01100
K13968	05146
K13969	05146
K13970	05146
K13971	05146
K13972	05146
K13973	05146
K13974	05146
K13975	05146
K13976	05146
K13977	05146
K13978	05146
K13979	00010 00561 00620 01100 01110 01120
K13980	00010 00071 00350 00620 00830 00980 00982 01100 04936
K13984	04141
K13985	04723
K13987	00230 01100
K13988	00230 01100
K13989	04141
K13990	00340 00670 01100
K13991	02020
K13993	04141
K13994	02020
K13995	00760 01100 01120
K13996	04141
K13997	01100 01110 01120
K13998	00240 00670 00790 01100 01232 01240
K13999	04141
K14000	04141
K14001	04141
K14002	04141
K14003	04141
K14004	03013 04141 04150 05014
K14005	04141
K14006	04141
K14007	04141 05130
K14008	04141
K14009	04141 05165
K14010	04141
K14011	04141
K14012	04141
K14013	04141
K14014	04141
K14015	04141
K14016	04141
K14017	04141
K14018	04141
K14019	04141
K14020	04141
K14021	01524 04141 04210 04215 05022 05130 05132 05160 05162 05163 05164 05165 05167 05168 05169 05170 05200 05202 05203 05206 05210 05212 05213 05214 05216 05217 05218 05220 05222 05223 05224 05225 05226
K14022	04141
K14023	04141
K14024	04141
K14025	04141
K14026	04141
K14027	04141
K14028	00010 00620 00625 00680 01100 01110 01120 01200
K14029	00010 00620 00625 00680 01100 01110 01120 01200
K14030	04214
K14034	04214
K14035	04212
K14036	00904 01110
K14037	00904 01110
K14038	00904 01110
K14039	00904 01100 01110
K14040	00904 01100 01110
K14041	00904 01100 01110
K14042	00904 01100 01110
K14043	00904 01110
K14044	00904 01110
K14045	00904 01110
K14046	00904 01110
K14047	00904 01110
K14048	00220 00230 00791 01100 01120 05120
K14051	02024 02026
K14066	00900 01100 01110
K14067	00630 00680 01100 01120 01200
K14073	00561 01100 04972 04975 04977
K14074	00561 01100 04972 04975
K14075	00561 01100 04972 04975
K14076	00561 01100
K14077	04020 04972
K14078	04972 04978
K14080	00680 01100 01120 01200
K14081	00680 01100 01120 01200
K14082	00680 01100 01120 01200
K14083	00680 01100 01120 01200
K14084	00680 01100 01120 01200
K14085	00010 00053 00071 00260 00280 00310 00330 00340 00380 00410 00561 00620 01100 01110 01120 04936
K14126	00680 01100 01120 01200
K14127	00680 01100 01120 01200
K14128	00680 01100 01120 01200
K14130	00901 01110
K14132	00404 01100 01110
K14134	00404 01100 01110
K14135	00901 01110
K14138	00720 01100 01120 01200
K14139	05145
K14140	05145
K14141	05145
K14142	05145
K14143	05145
K14144	05145
K14145	05145
K14146	05145
K14147	05145
K14148	05145
K14149	05145
K14150	05145
K14151	05145
K14152	00340 01100 01110 01230
K14153	00730 01100 01240
K14154	00730 01100 01240
K14155	00270 00450 01100 01110 01230
K14156	00564 01100 05231
K14157	00310 01100 01110
K14158	04973 04976 04978
K14159	03030 03430 03440
K14163	00860 00970 01100 01110 01120 01240
K14164	00970
K14168	04122
K14169	04122
K14170	00400 01100 01110 01230
K14171	04122
K14172	00196 01100
K14173	00909 01110
K14174	00909 01110
K14175	00909 01100
K14176	00909 01110
K14177	00909 01100 01110
K14178	00909 01110
K14179	00909 01110
K14180	00909 01100 01110
K14181	00909
K14182	00909 01110
K14183	00909 01100 01110
K14184	00909 01100 01110
K14185	00909 01100
K14186	00909 01100 01110
K14187	00400 00401 01100 01110 01230
K14188	00470 00552 01100 01503 02020 05150
K14190	00053 01100 01110 01240
K14192	05150
K14193	05150
K14194	05150
K14195	05150
K14196	05150
K14197	05150
K14198	01503 05150
K14199	05150
K14200	05150
K14201	05150
K14202	05150
K14203	05150
K14204	05150
K14205	01503 02020 05150
K14206	04974
K14207	04724 04727 04974
K14208	04974
K14209	04138 04974
K14210	04974
K14211	04974
K14215	00900 01110
K14216	04621 05160 05162 05164 05168 05169 05171
K14217	05160
K14218	00970
K14219	00970
K14220	00970
K14221	00970
K14222	00970
K14223	00970
K14224	00970
K14225	00970
K14226	00970
K14227	00970
K14228	00970
K14229	00970
K14230	00970
K14231	00970
K14232	00970
K14233	00970
K14234	00970
K14235	00970
K14236	00970
K14237	00970
K14238	00970
K14239	00970
K14242	05202
K14244	00253 01110
K14245	00998 01100 01110
K14246	00998 01100 01110
K14249	00253 01056 01100 01110
K14250	00253 01057 01100 01110
K14251	00253 01057 01100 01110
K14252	00253 01057 01100 01110
K14253	00253 01057 01100 01110
K14254	00253 01057 01100 01110
K14255	00253 01057 01100 01110
K14256	00253 01057 01100 01110
K14257	00253 00404 01057 01100 01110
K14259	00040 00053 01100
K14260	00220 00250 00290 01100 01110 01210 01230
K14263	00380 00630 01100 01240
K14264	00380 01100
K14265	00380 01100
K14266	00404 01100 01110
K14267	00300 01100 01120 01230
K14268	00250 00310 00650 01100 01120
K14271	00999 01100 01110
K14272	00220 00250 00260 00630 00710 01100 01110 01120 01200 01210 01230
K14273	00040 01100
K14274	00040 01100
K14275	00040 01100
K14276	03040
K14277	03040
K14278	03040
K14279	03040
K14280	03040
K14284	03008 03013 03015 05014 05164 05168
K14285	03008 03013 03015 05014 05164
K14286	00564 01100
K14288	03013
K14289	03013
K14290	03008 03013 03250 04013 05164 05166
K14291	03013
K14293	03013 05207
K14294	03013 03015
K14295	03013 05014
K14296	03013 03250 05014
K14297	03013 05014 05164
K14298	03013 05014 05164
K14299	03013 04150 05014
K14300	03013 05014
K14301	03013 05014
K14302	03013 05014
K14303	03013 05014
K14304	03013 05014
K14305	03013 05014
K14306	03013 05014
K14307	03013 05014
K14308	03013 05014
K14309	03013 05014
K14310	03013 05014
K14311	03013 05014
K14312	03013 05014
K14313	03013 05014
K14314	03013 05014
K14315	03013 05014
K14316	03013 05014
K14317	03013 05014
K14318	03013 05014
K14319	03013
K14320	03013
K14321	03013
K14323	03013 03015
K14324	03013 03015
K14325	03013 03015
K14326	03013 03015
K14327	03013 03015
K14328	03013 03015
K14329	00330 01100
K14332	00195 01100
K14333	00362 00627 01120
K14334	00362 01120
K14335	00571 01100
K14337	00571
K14338	00071 00380 00627 01120
K14339	00571
K14340	00571 01100
K14341	04976 05161
K14342	04976
K14349	04927 04934 04976 04979
K14360	04976
K14361	04976
K14365	04630
K14366	00522 01052 01100 01110
K14367	00522 01052 01100 01110
K14368	00522 01052 01100 01110
K14369	00522 01100 01110
K14370	00522 01052 01100 01110
K14371	00522 01052 01100 01110
K14372	00522 01052 01100 01110
K14373	00522 01052 01100 01110
K14374	00522 01052 01100 01110
K14375	00522 01052 01100 01110
K14376	03015
K14377	04380
K14378	04380
K14379	00740 01100 04142 04380 05323
K14380	04380
K14381	04137 04140 04217 04218 04380 05014 05022 05131 05418
K14385	04918
K14386	04977
K14387	04725 05231
K14394	00730 00740 01100 04520 05208
K14396	03015 05164
K14397	03015
K14398	03015 03250
K14399	03015
K14400	03015
K14401	03015
K14402	03015
K14403	03015
K14404	03015 05164
K14405	03015
K14406	03015
K14407	03015
K14408	03015
K14409	03015
K14410	00740 01100 04142
K14411	03015
K14412	00513 01100
K14413	00513 01100
K14416	03015 05134
K14417	00364 01120
K14418	00364 01120
K14419	00625 01100 01120
K14420	00625 01100 01120
K14421	00625 01100 01120
K14422	00625 01120
K14423	00100 01100 01110
K14424	00100 01100 01110
K14431	04075
K14432	04075
K14434	00513 01100
K14439	04550
K14442	03018
K14443	03018
K14446	00630 01100 01120 01200
K14447	00630 01100 01120 01200
K14448	00630 01100 01120 01200
K14449	00630 00660 00720 01100 01120 01200
K14451	00630 01100 01120 01200
K14452	00561 01100 04975
K14454	00220 00250 00270 00330 00350 00360 00400 00710 00950 00960 01100 01110 01120 01200 01210 01230
K14455	00220 00250 00270 00330 00350 00360 00400 00710 00950 00960 01100 01110 01120 01200 01210 01230 04975
K14456	00561 01100 04975
K14457	00561 01100 04975
K14458	00561 01100
K14459	00511 00513 01100
K14460	04975
K14461	04975
K14462	04975 04977 04979 05417
K14463	04975
K14464	00513 01100
K14465	00720 01100 01120 01200
K14466	00720 01100 01120 01200
K14467	00720 01100 01120 01200
K14468	00640 00720 01100 01120 01200
K14469	00720 01100 01120 01200
K14470	00720 01100 01120 01200
K14471	00660 00720 01100 01120 01200
K14472	00660 00720 01100 01120 01200
K14473	05143
K14474	05143
K14475	05143
K14477	05143
K14478	05143
K14479	05143
K14481	00643 01100 01120
K14482	00643 01100 01120
K14483	03008
K14484	04075
K14485	04075
K14486	04075
K14487	04075
K14488	04075
K14489	04075
K14490	04075
K14491	04075
K14492	04075
K14493	04075
K14494	04075
K14495	04075
K14496	04016 04075
K14497	04016 04075 04931
K14498	04016 04075
K14499	04075
K14500	04075
K14501	04075
K14502	04075
K14503	04075
K14504	04075
K14505	04075
K14506	04075
K14507	04075
K14508	04075
K14509	04016 04075
K14510	04016 04075
K14512	04016 04075 04626
K14513	04016 04075
K14514	04016 04075
K14515	04016 04075
K14516	04016 04075
K14517	04075
K14519	00930 01100 01120 01220
K14520	00363 01100 01120
K14521	03008
K14522	03008
K14523	03008
K14524	03008
K14525	03008
K14526	03008
K14527	03008
K14528	03008
K14530	03008
K14531	03008
K14532	03008
K14534	00650 00720 01100 01120 01200
K14535	03022
K14536	03008
K14537	03008
K14538	03008
K14539	03008
K14541	00220 00791 01100 01120
K14543	03008 03013 03015
K14544	03008
K14545	03008
K14546	03008
K14547	03008
K14548	03008
K14549	03008
K14550	03008
K14551	03008
K14552	03008
K14553	03008
K14554	03008
K14555	03008
K14556	03008
K14557	03008
K14558	03008
K14559	03008
K14560	03008
K14561	03008
K14562	03008
K14563	03008
K14564	03008 05017
K14565	03008
K14566	03008
K14567	03008
K14568	03008
K14569	03008
K14570	03008
K14571	03008
K14572	03008
K14573	03008
K14574	03008
K14575	03008
K14576	03008
K14577	00460 01100 01110
K14578	00624 00626 00627 00633 00642 01100 01120 01220
K14579	00624 00626 00627 00633 00642 01100 01120 01220
K14580	00624 00626 00627 00633 00642 01100 01120 01220
K14581	00624 00626 00627 00633 00642 01100 01120 01220
K14582	00624 00626 01100 01120 01220
K14583	00626 01100 01120 01220
K14584	00626 01100 01120 01220
K14585	00626 01100 01120 01220
K14586	00626 01120
K14592	00250 01100 04977
K14593	00906 01110
K14594	00906 01100 01110
K14595	00906 01100 01110
K14596	00906 01110
K14597	00906 01110
K14598	00906 01110
K14599	00621 00624 01100 01120 01220
K14600	00621 00624 01100 01120 01220
K14601	00624 01100 01120
K14602	00624 01100 01120
K14603	00624 01100 01120
K14604	00624 01100 01120
K14605	00906 01100 01110
K14606	00906 01100 01110
K14608	05165
K14609	01523 04977
K14610	04977
K14611	04977
K14613	01523 04977 04978
K14615	04977
K14616	04977
K14617	04977
K14618	04977
K14619	04977
K14620	04977
K14621	00564 00565 00590 00591 00592 01100 01110 04977
K14622	04977
K14624	04060 04061 04062 04621 04657 04668 04933 05135 05142 05144 05163 05164 05168 05171 05323 05417 05418
K14625	04060 04061 04062 04657 04668 05323
K14626	01057 01100 01110
K14627	01057 01100 01110
K14628	01057 01100 01110
K14629	01057 01100 01110
K14630	01057 01100 01110
K14631	01057 01100 01110
K14632	01057 01100 01110
K14633	01057 01110
K14634	00051 01100 05230
K14636	04721 04725
K14641	00230 00240 01100 01110 01232
K14642	00230 00240 01100 01110 01232
K14645	02024
K14649	03022
K14650	03022
K14651	03022 05202
K14652	00740 00790 01100 01110 01240
K14653	00740 01100
K14654	00740 01100 01240
K14655	00740 01100 01240
K14656	00740 01100 01110
K14674	00100 00561 00564 00565 00590 00591 00592 01100 01110
K14675	00561 01100
K14676	00564
K14677	00220 01100 01110 01210 01230
K14681	00220 00250 01100 01110 01210 01230
K14682	00220 01100 01110 01210 01230
K14683	04928 04978
K14685	04216 04978
K14686	01524 04978
K14688	04978
K14698	02010
K14699	02010
K14700	05208
K14701	05208
K14702	04918
K14704	04978 05208
K14706	04978 05208
K14709	05010 05012
K14710	04978 05010 05012
K14711	05010 05012
K14712	05010 05012
K14713	05010 05012
K14714	04216 05010 05012
K14715	05010 05012
K14716	05010 05012
K14717	05010 05012
K14718	05010 05012
K14719	05010 05012
K14720	04216 05010 05012
K14721	03020 04623
K14727	00362 01100 01120 01220
K14729	00410 00640 01100 01200
K14730	00903 01110
K14731	00903 00930 01110 01220
K14732	00903 01110
K14733	00903 01110
K14734	04978
K14735	00860 04978
K14736	04066 04216 04978
K14737	04978
K14738	04978
K14739	04212 04978
K14746	00642 01120 01220
K14747	00642 01120 01220
K14748	00642 01100 01120 01220
K14749	00642 01100 01120 01220
K14750	00642 01100 01220
K14751	00642 01100 01120 01220
K14753	05162
K14754	03250 05160 05162 05164 05165 05171
K14755	00330 00340 00410 01100
K14756	00040 00053 01100 04211 04928 04961
K14757	04961
K14758	03008
K14759	00130 01100 01110 01240
K14760	00130 01100 01110 01240
K14937	00981
K14938	00981 04212
K14939	00981
K14940	00680 01100 01120
K14941	00680 01100 01120 01240
K14949	05152
K14952	05152
K14953	05152
K14954	05152
K14955	05152
K14956	05152
K14957	04625 05152
K14958	04014 04625 05152
K14959	00310 01100
K14961	04934
K14962	03015
K14963	04934
K14964	04934
K14966	04212 05168
K14970	04934 05202
K14974	00760 01100 01120
K14975	00950 01100 01110
K14976	00950 01100 01110
K14977	00230 01100 01120
K14978	02020
K14979	02020
K14980	02020
K14981	02020
K14982	02020 02024
K14983	02020 02024
K14984	00460 00966 01100 01110 01210
K14985	00981
K14986	02020
K14987	02020
K14988	02020
K14989	02020
K14990	04724 04727
K14992	04727
K14995	04150
K15008	04724
K15009	04724
K15010	04068 04724
K15011	02020
K15012	02020
K15013	00061 00071 01100 01212 03320 04920
K15014	05034
K15015	04721 04723 04727 05032 05033
K15016	00720 01100 01120 01200
K15017	00720 01100 01120 01200
K15018	00720 01100 01120 01200
K15019	00720 01100 01120 01200
K15020	00720 01100 01120 01200
K15022	00680 00720 01100 01120 01200
K15023	00720 01100 01120 01200
K15024	00430 00620 00640 00720 01100 01120 01200
K15036	00280 00630 00640 00720 01100 01110 01120 01200
K15037	00280 00630 00640 00720 01100 01110 01120 01200
K15038	00720 01100 01120 01200
K15039	00720 01100 01120 01200
K15040	04020 04022 04216 04217 04218 04613 04621 04979 05010 05012 05016 05017 05020 05022 05166 05208 05415
K15041	04020 04022 04216 04217 04218 04613 04621 04979 05010 05012 05016 05017 05020 05022 05161 05166 05203 05208 05415
K15042	03013 05164 05207
K15043	03013 05164 05207
K15045	05160 05164
K15047	05164
K15052	00720 01100 01200
K15053	04144 04217
K15054	00627 01120
K15055	00627 01120
K15056	00627 01120
K15057	00627 01120
K15058	00627 01120
K15059	00627 01120
K15060	00627 01120
K15061	00627 01120
K15062	00627 01120
K15063	00627 01120
K15064	00627 01120
K15065	00627 01120
K15066	00627 01120
K15067	00380 01100
K15078	03460
K15079	03460
K15086	00902 01110
K15087	00902 01110
K15088	00902 01100 01110
K15089	00902 01110
K15090	00902 01110
K15091	00902 01110
K15092	00902 01110
K15093	00902 01110
K15094	00902 01110
K15095	00902 01110
K15096	00902 01100 01110
K15097	00902 01110
K15098	00902 01100 01110
K15099	00902 01100 01110
K15109	04714
K15125	05133
K15126	05133
K15133	04919
K15143	04919
K15144	01522 04919
K15146	04919
K15156	04919
K15159	04919
K15162	04919
K15164	04919
K15167	04919
K15170	04919
K15171	03250
K15172	03250
K15173	04918
K15174	04011
K15179	03250
K15180	03250
K15181	03250
K15182	03250
K15183	03250
K15184	05202
K15185	03250
K15187	03250 05202
K15188	03250 05202
K15225	04918
K15226	00400 01100 01110
K15227	00400 01100 01110 01230
K15228	00680 01100 01120
K15229	00680 01100 01120
K15230	00020 00720 01100 01110 01120 01200
K15231	00020 00720 01100 01110 01120 01200
K15232	00720 01100 01120 01200
K15233	00720 01100 01120 01200
K15234	00720 01100 01120 01200
K15236	00361 01100 01120
K15237	00361 01100 01120
K15238	00361 01100 01120
K15239	00361 01100 01120
K15240	00361 01120
K15241	00361 01100 01120
K15242	00361 01100 01120 01220
K15243	00361 01100 01120
K15244	00361 01100 01120
K15245	00361 00740 01100 01120
K15246	00361 01100 01120
K15253	00361 01100 01120
K15282	05231
K15290	04721
K15291	04721 04723
K15292	04721
K15293	04721
K15294	04721
K15295	04721
K15296	04138 04721
K15297	04911
K15303	00980
K15304	05166
K15305	05166 05203
K15306	05166 05203
K15307	05166
K15308	05166 05167
K15309	05166
K15314	01059 01100 01110
K15315	01059 01110
K15316	00254 01100 01110
K15320	01059 01100 01110
K15343	05132
K15347	05132
K15348	05132
K15349	05132
K15350	05132
K15351	05132
K15352	05132
K15353	05132
K15354	05132
K15357	00760 01100 01120
K15358	00760 01120
K15359	00760 01100 01120
K15360	03460
K15361	03460
K15362	03440 03460
K15363	03460
K15364	03460
K15365	03460
K15366	05132
K15371	00220 00250 00430 00910 01100 01120
K15372	00410 00430 01100
K15373	00430 01100
K15374	04727
K15375	04727
K15376	00790 01100 01240 04727
K15377	05231
K15379	05202 05206
K15397	00062 01100 01110 04626
K15398	00073 01100
K15400	00073
K15401	00071 00073
K15402	00073
K15403	00073
K15404	00073 01110
K15405	00073 01110
K15406	00073
K15408	00190 01100
K15409	05168
K15411	05168
K15412	05168
K15413	05168 05203
K15420	05200 05223 05235
K15422	00562 00920 01100 01120 04070
K15423	04922
K15428	00480 01100
K15436	03013 03250
K15464	04068 04137 04140 05131 05134
K15465	04137
K15466	01051 01052
K15467	01051 01052 01110
K15472	00909 01110
K15473	05134
K15474	05134
K15475	05134
K15476	05134
K15477	05134
K15478	05134
K15479	05134
K15480	05134
K15481	01120 05134
K15482	05134
K15483	05134
K15484	05134
K15485	04137 05134
K15486	05134
K15487	05134
K15488	05134
K15490	05134
K15491	05134
K15492	05134
K15493	04728
K15494	04024 04728 05030 05031 05034
K15495	02010
K15496	02010
K15497	02010
K15506	00940 01110
K15511	00362 01120
K15512	00362 01120
K15513	00362 01120
K15514	00362 01120
K15517	00360
K15518	00230 01100 01232
K15519	00230 00240 01100 01232
K15528	04361 04723
K15541	03015
K15542	03015
K15543	03015
K15544	03015
K15551	00920 02010
K15552	00920 02010
K15553	00920 02010
K15554	00920 02010
K15555	00920 02010
K15556	02010
K15557	02010
K15558	02010
K15567	00626 01120 01220
K15568	00626 01120 01220
K15569	00626 01120 01220
K15570	00626 01120 01220
K15571	00626 01120 01220
K15572	00626 01120 01220
K15573	00626 01220
K15574	00626 01120 01220
K15575	00626 01120 01220
K15576	00910 02010
K15577	00910 02010
K15578	00910 02010
K15579	00910 02010
K15580	01501 02010 02024
K15581	01501 02010 02024
K15582	01501 02010 02024
K15583	01501 02010 02024
K15584	02010
K15585	02010
K15586	02010
K15587	02010
K15588	00310 01100
K15589	05200 05202 05211
K15590	04137
K15592	05202
K15593	05202 05215
K15598	02010
K15599	02010
K15600	02010
K15601	04714
K15604	05202
K15605	05202
K15607	05202
K15610	05202
K15612	05202
K15613	04550 05202
K15614	05202
K15615	05202
K15616	05202
K15617	05202
K15618	04068 05202 05207
K15619	05202 05215
K15621	05202
K15622	05202
K15623	05202
K15624	05202
K15625	05202
K15626	05202
K15627	05202
K15628	02010 04146
K15631	00790 01100
K15633	00010 00260 00680 01100 01110 01120 01200 01230
K15634	00010 00260 00680 01100 01110 01120 01200 01230
K15635	00010 00260 00680 01100 01110 01120 01200 01230
K15637	04137 04217 04668
K15639	00905 01110
K15641	01052
K15642	01052
K15643	01052
K15652	01053 01100 01110
K15653	01053
K15654	01054 02024
K15655	01054 02024
K15656	01054 02024
K15657	02024
K15661	01054
K15662	01054
K15663	01054
K15664	01054
K15665	01054
K15666	01054
K15667	01054
K15668	01054
K15669	00540 01100 01250
K15670	01051 01052
K15671	01051 01052
K15672	01051 01052
K15673	01051 01052
K15680	00140 00980 01100 05204
K15681	01053
K15694	04310
K15705	04150
K15717	00590 01100
K15718	00591
K15719	04931
K15728	00561 00564 01100 01110 04150 04936
K15729	00590 01100
K15730	00590 01100 05207
K15734	00830 01100 01240
K15736	00310 01100 01120
K15737	00310 01100 01120
K15739	01502 02020
K15740	00790 01240
K15741	00966 01110 01210
K15742	00966 01110 01210
K15744	00906 01100 01110
K15745	00906 01100 01110
K15746	00906 01100 01110
K15747	00906 01100 01110
K15748	00906 01110
K15749	00621 01100 01120 01220
K15750	00621 01100 01120 01220
K15751	00621 01100 01120 01220
K15752	00621 01100 01120 01220
K15753	00621 01100 01120 01220
K15754	00621 01100 01120 01220
K15755	00621 01100 01120 01220
K15756	00621 01100 01120 01220
K15757	00622 00623 01100 01120 01220
K15758	00622 00623 01100 01120 01220
K15759	00920 01100 01110 01120 04070
K15760	00623 01100 01120 01220
K15761	00623 01100 01120 01220
K15762	00623 00920 01100 01120 01220
K15763	00623 01100 01120 01220
K15764	00623 01100 01120 01220
K15765	00623 00920 01100 01120 01220
K15766	00362 00623 01100 01120
K15767	00362 00623 01100 01120
K15768	00623 01120 01220
K15769	00623 01120 01220
K15770	02010
K15771	02010
K15772	02010
K15774	00965 01110
K15775	00965 01110
K15776	00965
K15777	00965 01110
K15778	00010 00030 00051 00052 00230 00500 00520 00521 01100 01110 01120 01250
K15779	00010 00030 00052 00230 00500 00520 01100 01110 01120 01250
K15780	00230 01100 01110 01232
K15783	00260 01100 01120
K15784	00260 01100 01120
K15785	00260 01100 01120
K15786	00260 01100 01120
K15787	00944
K15789	00260 01100
K15791	00310 00380 01100 01110
K15792	00300 00550 01100
K15793	00900 00909 01110
K15794	00909
K15795	00909
K15796	00909
K15797	00909
K15798	00909
K15799	00909
K15800	00909 01110
K15801	00909
K15802	00909
K15803	00909
K15804	00909
K15805	00909
K15806	00909
K15807	00909
K15808	00909 01110
K15809	00909
K15810	00909
K15811	00909
K15812	00909 00996 01110
K15813	00909 01110
K15814	00909 01110
K15815	00909 01110
K15816	00909 01110
K15817	00909 01110
K15818	00909
K15819	00909 01110
K15820	00909
K15821	00909 01110
K15822	00909
K15823	00909 01110
K15824	00981
K15825	00981
K15826	00981
K15839	05030
K15840	04080 05017 05022 05030 05031 05034
K15841	02020
K15842	05120
K15843	05120
K15844	05120
K15845	05120
K15846	05120
K15847	05120
K15848	05120
K15849	00350 00360 00400 00950 00960 01100 01110 01230
K15850	02020 02024
K15851	02020 02024 05111
K15852	02024
K15853	02020 02024
K15854	02020 02024
K15855	00520 01100
K15856	00051 00520 00541 01100 01250
K15857	00520 00541 01100 01250
K15858	00520 00541 01100 01250
K15859	02020
K15860	01100 01120 02020
K15861	02020
K15862	00190 01100 02020
K15863	00190 01100
K15864	00910 01100 01120
K15866	00360 01100 01120
K15867	05031
K15868	00121
K15869	00121
K15870	00121
K15871	00121
K15872	00121
K15873	00121
K15874	00121
K15876	00910 01100 01120
K15877	00910 01100 01120
K15884	01056 01100 01110
K15885	01056 01100 01110
K15886	01056 01057 01100 01110
K15887	00900 01110 01120
K15888	00900
K15889	00900 01100 01110 01120
K15890	00900 00981 01110
K15891	00900 00909 01110
K15892	00900 01110
K15893	00260 00630 01100 01110 01120 01200
K15894	00520 00541 01100 01250
K15895	00520 00541 01100 01250
K15896	00520 00541 01100 01250
K15897	00520 00541 01100 01250
K15898	00520 00541 01100 01250
K15899	00520 00541 01100 01250
K15907	00909 00998 01100 01110
K15909	00562 01100 04070 04662 04666 04910
K15910	00520 01250
K15912	00520 00541 01100 01250
K15913	00520 01100 01250
K15916	00010 00030 00051 00500 00520 01100 01110 01120 01200 01250
K15918	00260 00561 00630 01100 01110 01200
K15919	00260 00630 01100 01110 01120 01200
K15920	00520 01100
K15921	00520 01100
K15923	00511
K15926	01057 01110
K15927	01057 01110
K15928	01057 01110
K15929	01057 01110
K15930	01057 01110
K15931	01057 01110
K15932	01057 01110
K15933	01057 01110
K15934	01057 01110
K15935	01057 01110
K15936	01057 01110
K15937	01057 01110
K15938	01057 01110
K15939	01057 01110
K15941	01057 01100 01110
K15942	01057 01100 01110
K15943	01057 01100 01110
K15944	01057 01100 01110
K15945	01057 01110
K15946	01057 01110
K15947	01057 01110
K15948	01057 01110
K15949	01057 01110
K15950	01057 01110
K15951	01057 01110
K15952	01057 01110
K15953	01057 01110
K15954	01057 01110
K15955	01057 01110
K15956	01057 01110
K15957	01057 01110
K15958	01057 01110
K15959	01057 01100 01110
K15960	01057 01100 01110
K15961	01057 01100 01110
K15962	01057 01100 01110
K15963	01057 01100 01110
K15964	01057 01100 01110
K15965	01057 01100 01110
K15966	01057 01100 01110
K15967	01057 01100 01110
K15968	01057 01100 01110
K15969	01057 01100 01110
K15970	01057 01100 01110
K15971	01057 01100 01110
K15972	01057 01100 01110
K15979	05203
K15981	00984 01120
K15982	00984 01100 01120
K15983	00984 01100 01120
K15985	05034
K15986	00190
K15988	00522 01052 01100 01110
K15989	00522 01052 01100 01110
K15990	00522 01052 01100 01110
K15991	00522 01052 01100 01110
K15992	00522 01052 01100 01110
K15993	00522 01052 01100 01110
K15994	00522 01052 01100 01110
K15995	00522 01100 01110
K15996	00522 01100 01110
K15997	00522 01052 01100 01110
K15998	00522 01110
K15999	00522 01110
K16000	00522 01052 01100 01110
K16001	00522 01052 01100 01110
K16002	00522 01052 01100 01110
K16003	00522 01052 01100 01110
K16004	00522 01052 01100 01110
K16005	00522 01052 01100 01110
K16006	00522 01052 01100 01110
K16007	00522 01052 01100 01110
K16008	00522 01052 01100 01110
K16009	00522 01052 01100 01110
K16010	00522 01052 01100 01110
K16011	00051 00520 00541 01100 01110 01250 02025
K16012	02010
K16013	02010
K16014	02010
K16015	01051 01110
K16016	01051 01110
K16017	01051 01110
K16018	01051 01110
K16019	01051 01110
K16020	01051 01110
K16021	01051 01110
K16022	01051 01052
K16023	01051 01052 01110
K16024	01051 01052
K16025	01051 01052
K16026	01051 01052
K16027	01051 01052
K16028	01051 01052
K16029	01051 01052
K16030	01051 01052
K16031	01051 01052
K16032	01051 01052
K16033	01051 01052 01110
K16034	01051 01052 01110
K16035	01051 01052 01110
K16036	01051 01052 01110
K16037	01051 01052 01110
K16038	01051 01052 01110
K16039	01051 01110
K16040	00945 01110
K16041	05130
K16042	05130
K16043	00562 01100 01120
K16044	00562 01100 01120
K16045	00984 01120
K16046	00984 01120
K16047	00984 01100 01120
K16048	00984 01100
K16049	00984 01100 01120 01220
K16050	00984 01100 01120 01220
K16051	00984 01120
K16054	00270 01100
K16055	00500 01100 01110
K16056	04020 04024 04611 04924 04925 04927 04934 05340
K16057	04020
K16058	04020
K16059	04020 04611
K16060	01524 04064 04120 04210 04215 04217 04390 04510 04621 04624 04668 05132 05145 05168 05200 05202 05222
K16061	04120 04215 05145 05200 05222
K16062	04060 04061 04062 04064
K16063	04120 04630
K16064	04120 04630
K16065	04064 04120 04630 05418
K16066	00240 00260 01100
K16072	04064
K16082	00904 01110
K16083	00904 01110
K16084	00904 01110
K16085	00904 01110
K16086	00904 01110
K16093	01054
K16094	01054
K16095	01054
K16096	01054
K16097	01054
K16098	01054
K16099	01054
K16100	01054
K16101	01054
K16102	01054
K16103	01054
K16104	01054
K16105	01054
K16106	01054
K16107	01054
K16108	01054
K16109	01054
K16110	01054
K16111	01054
K16112	01054
K16113	01054
K16114	01054
K16115	01054
K16116	01054
K16117	01054
K16118	01054
K16122	01054
K16123	01054
K16124	01054
K16125	01054
K16126	01054
K16127	01054
K16128	01054
K16129	01054
K16130	01054
K16131	01054
K16132	01054
K16133	01054
K16134	01054
K16141	04918
K16144	04390
K16146	00500 01100
K16147	00500 01100
K16148	00500 01100
K16149	00500 01100 01110
K16150	00500 01100 01110
K16153	00500 01100 01110
K16157	00680 01100 01120 01200 01220
K16158	00680 01100 01120 01200 01220
K16159	00680 01100 01120 01200 01220
K16160	00680 01100 01120 01200 01220
K16161	00680 01100 01120 01200 01220
K16162	00680 01100 01120 01200 01220
K16163	00350 01100 01120
K16164	00350 01100 01120
K16165	00350 01100 01120
K16166	04712
K16171	00350 00643 01100 01120
K16172	04022 04068 04140 04150 04151 04152 04211 04212 04213 04722 04910 04920 04923 04930 04931 04932 04935 04960 05010 05206 05415
K16173	00362 01100 01120
K16174	05203
K16175	04390 04391 04530 05165 05203
K16176	00680 01100 01120 01200
K16177	00680 01100 01120 01200
K16178	00680 01100 01120 01200
K16179	00680 01100 01120 01200
K16180	00300 01100 01120
K16181	00300 01100 01120
K16182	00300 01100 01120
K16184	04140 04150 04152 04211 04213 04714 05131
K16185	04140 04150 05131
K16186	04140 04150 05131
K16189	04075
K16190	00040 00053 00520 01100 01250
K16194	04141 05160 05162 05168
K16195	04141 04217 05010 05160 05162 05164 05165 05167 05168 05169 05171 05203
K16196	04138 04140 04141 05160 05162 05168
K16197	04013 04110 04114 04151 04212 04390 04391 05160 05161 05203
K16198	04110 04114 04151 04390 05160 05203
K16199	02010
K16200	02010
K16201	02010
K16202	02010
K16204	00909
K16205	00909
K16206	00909
K16207	00909 01110
K16221	04712
K16222	04712
K16223	04712
K16224	04016 04626
K16225	04626
K16226	04626
K16239	00627 01120
K16240	04712
K16241	04712
K16242	00361 00362 00623 01100 01120 01220
K16243	00361 00362 00623 01100 01120 01220
K16244	00361 00362 00623 01100 01120 01220
K16245	00361 00362 00623 01100 01120 01220
K16246	00361 00362 00623 01100 01120 01220
K16249	00361 00362 00623 01100 01120 01220
K16250	03020
K16251	03020
K16252	03020
K16253	03020
K16254	00680 01100 01120
K16255	00680 01100 01120
K16256	00680 01100 01120
K16257	00680 01100 01120
K16258	00680 01100 01120
K16259	00680 01100 01120
K16260	00680 01100 01120
K16265	00460 01100 01110
K16266	00460 01100 01110
K16268	00361 00362 00623 00625 01100 01120 01220
K16269	00361 00362 00623 00624 00643 01100 01120 01220
K16270	00622 01220
K16273	04310
K16303	00622 01100 01120 01220
K16304	00622 01100 01120 01220
K16305	00010 00030 00051 00400 00680 01100 01110 01120 01200 01230
K16306	00010 00030 00051 00400 00680 01100 01110 01120 01200 01230
K16311	04922
K16314	04138
K16319	00627 01100 01120
K16320	00627 01100 01120
K16328	00240 01100
K16329	00240 01100
K16330	00240 01100
K16332	04068 04110 04151 04218 05165 05203
K16333	04151 04152 04922 04931 05166
K16334	05166
K16336	04361 04514 05144 05205 05418
K16337	04514
K16338	04512 04514 05205 05418
K16339	00062 01110 04151
K16340	04151
K16341	01521 04068 04151 04210 04215 04932 05169 05200 05206 05210
K16342	00564 00565 00590 00591 00592 01100 01110 04010 04014 04072 04217 04270 04370 04611 04664 04666 04724 04726 04730 04750 04912 04913 04921 05231
K16343	00564 00565 00590 00591 00592 01100 01110 04014 04270 04666 04750
K16344	04150
K16350	04514
K16351	04360 04514
K16359	04360 04514
K16360	04514
K16363	00061 00540 01100 01212
K16366	04024 04066 04080 04270 04668 04916 04924 04926 04933 05200 05410 05418
K16367	04024 04080 04270 04924
K16368	00564 01100 01110
K16369	00564 01100 01110
K16370	00010 00030 00051 00052 00680 01100 01110 01120 01200 01230
K16371	00052 01100
K16372	01052
K16373	01052
K16374	01052
K16375	01052
K16376	01052
K16377	01052
K16378	01052
K16379	01052
K16380	01052
K16381	01052
K16382	01052
K16383	01052
K16384	01052
K16385	01052
K16386	01052
K16387	01052
K16388	01052
K16389	01052
K16390	01052
K16391	01052
K16392	01052
K16393	01052
K16394	01052
K16395	01052
K16396	01052
K16397	01052
K16398	01052
K16399	01052
K16400	01052
K16401	01052
K16402	01052
K16403	01052
K16404	01052
K16405	01052
K16406	01052
K16407	01052
K16408	01052
K16409	01052
K16410	01052
K16411	01052
K16412	01052
K16413	01052
K16414	01052
K16415	01052
K16416	01052
K16417	01052
K16418	01052
K16419	01052
K16420	01052
K16421	00261 01055 01100 01110
K16422	00261 01055 01100 01110
K16423	00261 01055 01100 01110
K16424	01055 01110
K16425	01055 01110
K16426	01055 01110
K16427	01055 01110
K16428	01055
K16429	01055
K16430	01055
K16431	01055 01059 01100 01110
K16432	01055
K16433	01055
K16434	01055
K16435	00523 01055 01100 01110 01250
K16436	00523 01055 01100 01110 01250
K16437	01055 01100 01110 01250
K16438	00404 00523 01055 01100 01110 01250
K16439	01055 01100 01110 01250
K16440	01055
K16442	01055
K16443	01055
K16444	01055
K16445	01055
K16446	01055
K16447	01055
K16448	01055
K16450	01052
K16451	04066
K16507	04391 04392
K16510	04010 04668
K16513	04713
K16514	00362 01100 01120
K16515	00362 01100
K16529	04928 05163
K16554	05111
K16575	05014 05016 05022 05132
K16576	05014 05016 05022 05132
K16593	00780 01100 01240
K16595	04060 04061 04062 04064
K16596	04060 04061 04062
K16597	04060 04061 04062 04657 05310
K16598	04060 04061 04062
K16617	04974
K16618	03460
K16619	00562 00564 00565 01100 01110 02024
K16620	04060 04350 04390 04913
K16621	04060 04350 04360 04390
K16622	04060 04350 04390 04714
K16628	04974
K16629	04974
K16630	04974
K16631	05014
K16647	00571 00572
K16648	00571 00572
K16649	00572 01100
K16650	00572 01100
K16651	00860 01100
K16669	04391 04392
K16672	04391
K16673	04391
K16674	04391
K16675	04391
K16676	04391
K16677	04391
K16678	04013 04214 04391
K16679	04013 04214 04215 04391
K16680	04391
K16681	04390 04391
K16682	04390 04391 04392
K16683	04391 04392
K16684	04390 04391 04392 04530
K16685	04390 04391 04392
K16686	04214 04390 04391 04392
K16687	04390 04391 04392
K16688	04391
K16689	04391 04630
K16690	04013 04391
K16691	04013 04391
K16692	02020
K16704	00541 01100 01250
K16712	02020
K16713	02020
K16736	04214 04391
K16783	02010
K16784	02010
K16785	02010
K16786	02010
K16787	02010
K16790	04350 04550
K16791	04350 04550
K16792	00300 00680 01100 01110 01120 01210 01230 01240
K16793	00300 00680 01100 01110 01120 01210 01230 01240
K16794	00565 01100
K16795	00565 01100
K16796	04390 04550
K16797	04024 04340 05200 05217
K16798	04340 04390 05200 05217
K16799	04341
K16816	00561 01100 04714 04923
K16817	00564 00565 00590 00591 00592 01100 01110 04014 04923
K16818	00564 00592 01100 01110
K16819	04390 04530
K16820	04390 04392
K16821	04390 04392
K16822	04390 04392
K16823	04390
K16824	04145 04380 05140 05150 05152
K16834	04310 04928
K16835	04979
K16836	04151
K16837	04151
K16838	00230 00232 01100 01120
K16839	00230 01100 01120
K16840	00230 01100 01120
K16841	00230 01100 01120
K16842	00230 01100 01120
K16843	00270 01100
K16844	00270 01100 01120
K16845	00270 01100
K16846	00270 01100
K16848	04520 04810 05205
K16849	00040 01100
K16850	00040 01100
K16855	00230 01100 01232 03018
K16856	00230 01100
K16857	04015 04115 04145 04151 04350 04510 04512 05144 05165 05205 05206 05219
K16858	04010 04014 04015 04020 04151 04510 04926 04933 05200
K16859	04010 04014 04015 04151 04510 05200
K16860	00564 00565 01100 01110
K16863	05205 05206
K16864	05205 05206 05418
K16865	05205 05206
K16866	05205 05206
K16867	05205
K16869	00785 01100 01240
K16870	00572 01100
K16871	00250 00650 01100 01120
K16873	00365 01100 01120
K16874	00365 01120
K16875	00365 01120
K16876	00365 01100 01120
K16877	00365 01100 01120
K16878	00365 01100 01120
K16879	00365 01100 01120
K16880	00365 01100 01120
K16881	00051 00520 01100 01110
K16882	04911
K16896	04020
K16901	00350 00380 01100 01120 01220
K16902	00350 00380 00740 01100 01120
K16903	00380 01100
K16904	00240 01100 01232
K16905	02010
K16906	02010
K16907	02010
K16915	02010
K16916	02010
K16917	02010
K16918	02010
K16919	02010
K16920	02010
K16921	02010
K16931	04913 04925 04927 04934 04979
K16936	00920 01100 01120
K16937	00920 01100 01120
K16938	05100 05131
K16939	05100 05131
K16942	05100 05131
K16943	04210 04215
K16944	05131
K16950	00920 01100 01120
K16951	00920 01100 01120
K16952	00920 01100 01120
K16953	00920 01100
K16954	00920 01100
K16955	00920 01100
K16956	02010
K16957	02010
K16958	02010
K16959	02010
K16960	02010
K16961	02010
K16962	02010
K16963	02010
K16964	00920 01100
K16965	00920 01100
K16966	00920 01100
K16967	00920 01100
K16968	00920 01100
K16969	00920 01100
K16970	05206
K16971	05206
K16972	05206
K16973	05206
K16974	05206
K16975	05206
K16976	05206
K16977	05206
K16978	05206
K16980	04361 05206 05207
K16982	05206
K16983	05206
K16984	05206
K16985	05206
K16986	05206
K16987	05206
K16988	05206
K16989	05206
K16993	05206
K16994	05206
K16995	05206 05207
K16996	05206 05207
K16997	05206 05207
K17000	05206
K17001	05206
K17002	05206
K17003	05206
K17005	05206
K17006	05206
K17008	05206
K17009	05206
K17010	05206
K17011	05206
K17012	05206
K17015	05206
K17016	05206
K17017	05206
K17018	05206 05207
K17020	05206
K17023	05206
K17024	05206
K17025	05206
K17026	05206
K17027	05206
K17028	05206
K17029	05206
K17033	05206
K17035	05206
K17036	05206
K17038	05206
K17039	05206
K17040	05206
K17041	05206
K17042	05206
K17048	00642 01100 01120 01220
K17049	00642 01100 01120 01220
K17050	00450
K17051	00450
K17052	00450
K17054	00940 01110
K17055	00940 01110
K17056	00940 01110
K17057	00940
K17058	00940 01110
K17059	00940 01110
K17060	02020
K17061	02020
K17062	02010
K17063	02010
K17065	04139 04214 04217 04621 04668
K17066	00680 01100 01120 01200
K17067	00625 00680 01100 01120 01200
K17068	00625 00680 01100 01120
K17069	00270 00920 01100 01110 01120 01200 01230
K17070	00625 01120
K17072	04668
K17073	02010
K17074	02010
K17076	02010
K17077	02010
K17078	00524 01110
K17079	05017
K17084	04611
K17092	05132
K17095	05014
K17100	00680 01100 01120 01200
K17101	04917
K17103	00260 00564 01100 01110
K17104	00564 01110
K17105	00564 01110
K17106	04917
K17107	04917
K17108	00511 00600 01100
K17110	05206
K17111	05206
K17112	05206
K17113	05206
K17114	05206
K17116	05206
K17118	05206
K17119	05206
K17125	04936
K17126	05206
K17129	05206
K17130	05206
K17131	05206
K17132	05206
K17137	05206
K17144	05206
K17148	05206
K17150	05206
K17151	05206
K17152	05206
K17165	05206
K17167	05206
K17172	05206
K17175	05206
K17178	05206
K17183	05206
K17192	00942
K17193	00942
K17194	00942 01110
K17195	00051 01100 01120
K17202	02010
K17203	02010
K17204	02010
K17205	02010
K17206	02010
K17207	02010
K17208	02010
K17209	02010
K17210	02010
K17211	00945 01110
K17212	00945 01110
K17213	02010
K17214	02010
K17215	02010
K17216	00270 01100 01230
K17217	00260 00270 00920 01100 01110 01230
K17218	00920 01120
K17219	00920 01100 01120
K17220	00920 01100 01120
K17221	00920 01100 01120
K17222	00920 01100 01120
K17223	00920 01100 01120
K17224	00920 01100 01120
K17225	00920 01100 01120
K17226	00920 01100 01120
K17227	00920 01100 01120
K17228	00920 01100
K17229	00920 01100 01120
K17230	00920 01100 01120
K17231	04918
K17232	04918
K17234	02010
K17235	02010
K17236	02010
K17237	02010
K17238	02010
K17239	02010
K17240	02010
K17241	02010
K17242	02010
K17243	02010
K17244	02010
K17245	02010
K17246	02010
K17252	04610
K17256	04935
K17260	04138 04144 04530 04666 04810 05100 05130 05131 05132 05135
K17274	05132
K17284	03320
K17285	00920 01100
K17291	04530
K17305	04979
K17311	02010
K17312	02010
K17313	02010
K17314	02010
K17315	02010
K17316	02010
K17317	02010
K17318	02010
K17319	02010
K17320	02010
K17321	02010
K17322	02010
K17323	02010
K17324	02010
K17325	02010
K17326	02010
K17327	02010
K17328	02010
K17329	02010
K17330	02010
K17331	02010
K17332	04022 04218 04310 04360 04370 04380 04625 04650 04658 04659 04660 04662 04921 05135 05161 05163 05166 05167 05170 05235 05417
K17333	04010 04022 04218 04310 04360 04625 04658 04659 04660 04662 04921 05135 05161 05163 05166 05167 05170 05235 05417
K17334	04022 04218 04310 04360 04625 04921 05161 05163 05166 05167 05170
K17360	00062 01040 01110
K17363	00340
K17364	00790 01240
K17365	05206
K17366	05206
K17367	05206
K17368	05206
K17369	05206
K17370	05206
K17371	05206
K17372	05206
K17373	05206
K17374	05206
K17375	05206
K17376	05206
K17377	05206
K17378	05206
K17379	05206
K17380	05206
K17381	05206
K17383	04013 05206
K17386	01521 04010 04014 04015 04020 04072 04151 04510 04540 04630 04810 05167 05200 05206 05211 05214 05215 05218 05231 05418
K17387	05206
K17388	04022 04024 04062 04071 04270 04310 04360 04510 04530 04611 04670 04810 04921 05130 05131 05132 05135 05163 05200 05205 05417
K17389	05206
K17390	05206
K17391	05206
K17393	05205 05206
K17394	05206
K17395	05206
K17396	05206
K17397	05206
K17398	00270 01100 05206
K17399	00270 01100 05206
K17442	05206
K17443	05202
K17445	04022 04068 04140 04152 04211 04213 04910 04920 04923 04930 04935 05010
K17446	04022 04068 04140 04152 04211 04213 04910 04920 04923 04930 04935 05010
K17447	01521 01522 04012 04014 04062 04072 04370 04510 04650 04722 04910 04915 04917 04926 04935 05034 05100 05214 05220 05224 05225 05226
K17448	01521 01522 04012 04014 04062 04072 04510 04650 04722 04910 04915 04917 04926 04935 05034 05100 05214 05220 05224 05225 05226
K17449	01521 01522 04012 04014 04062 04072 04510 04650 04722 04910 04915 04917 04926 04935 05034 05100 05206 05214 05220 05224 05225 05226
K17450	00300 01100 01110 01120 01210 01230
K17451	00310 01100
K17453	04910
K17454	01522 04110 04137 04218 04934 05160 05161 05163 05165 05166 05167 05169 05200 05206 05207 05212 05214 05215 05218 05219 05220 05222 05223 05224 05225 05226
K17457	04270 04510 04810 04921 05205
K17460	05206
K17461	05206
K17462	00270 01100 01230
K17463	00030 01100 01120
K17464	00030 01120 02060
K17465	00030 01120 02060
K17466	00030 01120 02060
K17467	00030 01120 02060
K17468	00030 01120
K17475	00404 01100 01110
K17476	00998 01100 01110
K17486	00920 01100
K17487	00790 01100
K17488	00790 01100
K17489	00640 01100
K17490	00640 01100
K17491	04212 04922
K17497	00051 00520 01100 01110 01240 01250
K17512	04013
K17514	04625
K17532	04150 04152
K17536	04013
K17547	00515 01100
K17589	04140 04211 05010 05014 05016 05017 05022
K17595	04217
K17603	04140 05022
K17605	04931 05415
K17606	04136 04138 04140
K17607	04138
K17608	04013
K17614	04010
K17625	00523 01100 01110 01250
K17626	00401 01110
K17630	04014
K17631	04014
K17632	04014
K17633	04014
K17634	04014
K17635	04014
K17636	04014
K17637	04014 05132
K17638	04014
K17643	00254 01100 01110
K17644	00254 01100 01110
K17645	00254 01100 01110
K17646	00254 01100 01110
K17647	00254 01110
K17648	00254 01100 01110
K17649	00254 01100 01110
K17650	00254 01100 01110
K17651	00254 01100 01110
K17652	00254 01100 01110
K17680	05017
K17683	00232 00830 00980 00982 00983 01100 05204 05417
K17685	00980 05204
K17686	01524 04016 04978
K17689	00140 00591 00830 00980 00982 00983 01100 04976 05204 05207
K17690	00140 00830 00980 00982 01100 05204
K17691	00140 00830 01100 05204
K17692	05204
K17693	04350 04390 04550 05202
K17694	04350 04550
K17695	04350 04550
K17696	04350
K17697	04015
K17698	04015 05135
K17699	04015
K17700	04015
K17701	04015
K17702	04015
K17703	04015
K17704	04015 04611
K17705	04015 04212
K17706	04015
K17709	00590 00830 00980 00982 01100 05207 05417
K17712	00980 00982 01522 04726
K17716	00052 00520 00541 01100 01250
K17717	00564 00565 01100 01110
K17718	00590 00591 00830 00982 01100 04726 05204 05417
K17719	00590 00591 00830 00980 00982 01100 04726 05204 05417
K17720	00830 01100 04726 05204
K17721	00590 00591 00982 01100 04726 05204
K17722	00240 00410 00770 01100
K17723	00240 00410 00770 01100
K17724	00660 01100
K17725	00920 01100 01120
K17726	00590 01100
K17728	00590 01100
K17738	00040 01100
K17741	00620 00640 01100 04011
K17742	00051 01100
K17743	00040 01100
K17744	00053 01100 01110 01240
K17745	00790 01100 01240
K17746	00901 01110
K17747	00998 01100 01110
K17748	00400 01100
K17749	00400 01100
K17750	00400 01100
K17751	04022 04260 04261 04919 05410 05414 05416
K17753	00020 00300 01100 01110 01120 01210 01230
K17754	00930 01220
K17755	00260 01100
K17761	00250 00650 01100
K17764	04139
K17765	04139
K17767	04934 05207
K17771	04137
K17774	04139
K17775	04139
K17794	04212
K17797	04714
K17800	04139
K17818	00040 01100
K17819	00906 01100 01110
K17820	04621
K17825	00404 01100 01110
K17826	00404 01100 01110
K17827	00404 01100 01110
K17828	00240 01100 01240
K17829	00650 01100 01110 01120 01200
K17830	00564 01110
K17832	00281 01110
K17834	04623 05131 05163 05168 05170 05171
K17835	00997 01100 01110
K17836	00311 01110 01501
K17837	01501
K17838	01501
K17839	00330 00410 00770 01100
K17841	00906 01100 01110
K17842	00906 01100 01110
K17845	04068 04371 05418
K17846	04550 05207
K17847	04068 05131
K17848	04068 04144
K17850	01501
K17851	00330 00470 01100
K17862	00591
K17863	00591
K17864	00591
K17865	00630 00650 01100 01120 01200
K17872	00130 01100 01110 01240
K17876	00998 01110
K17877	00910 01100 01120
K17879	04146
K17888	04136 04138 04140
K17889	04140 05010 05014 05016 05017 05022 05131 05167
K17890	04136 04138 04140 04621 05131
K17895	04658 04659 04928 05321
K17898	00470 01100
K17899	00470 01100
K17900	00561 01100 04138
K17901	04919 04921 05167
K17902	04919 04931 05415
K17903	04919
K17904	04919
K17906	04136 04138 04140 05010 05014 05016 05017 05022
K17907	04136 04137 04138 04140
K17908	04136 04138 04140 05010 05014 05016 05017 05022 05131
K17909	04138
K17911	00906 01110
K17912	00906 01110
K17913	00906 01110
K17917	04144
K17918	04144
K17919	04144
K17920	04144
K17923	05132
K17939	00520 00541 01100 01250
K17940	00405 01110 02024 02025
K17942	00900 01100 01110
K17943	05017
K17947	00523 01110 01250
K17950	00270 01100
K17951	00830
K17961	00904 01110
K17962	04931
K17969	04137 04139
K17971	04011
K17982	00904 01110
K17984	04139
K17985	04137 04140 05010 05014 05016 05017 05022
K17986	04137
K17987	04137
K17988	05131
K17989	00260 00270 00290 01100 01110 01200 01230
K17991	00073
K17993	00920 01120
K17994	00920 01120
K17995	00920 01120
K17996	00920 01120
K18000	00405 01110 02024 02025
K18001	00405 01110 02024 02025
K18002	00405 01110 02024 02025
K18003	00405 01110 02024 02025
K18009	00650 01110
K18010	00860 01100 01110
K18011	00310 00470 01100
K18012	00310 01100
K18013	00310 01100
K18014	00310 01100
K18015	05132
K18018	04010
K18019	04010
K18020	00030 01100 01120 01200
K18021	00030 01100 01120 01200
K18022	00030 01100 01120 01200
K18026	04630
K18028	00760 01100 01120
K18029	00760 01100 01120
K18030	00760 01100 01120
K18049	00440 01100
K18050	04022 04071 04270 04371 04530 04666 04750 04925 04930 04931 04933 05131 05206
K18051	04270 04750
K18052	04064 04140 04270 04658 04659 04660 04750 04920 04931 05131 05235
K18054	00999 01100 01110
K18056	00998 01100 01110
K18057	00998 01100 01110
K18062	00311 01100 01110
K18067	00624 01100 01120 01220
K18068	00624 01100 01120 01220
K18069	00624 01100 01120 01220
K18071	00750 01120
K18072	01501 01503 02020
K18073	01501 01503 02020
K18074	00624 01100 01120 01220
K18075	00624 01100 01120 01220
K18076	00624 01100 01120 01220
K18077	00624 01100 01120 01220
K18081	00562 01100 04070
K18082	00562 01100 04070 04140
K18083	00562 01100 04070 04138
K18086	00562 01100 04070 04140
K18087	00621 01100 01120 01220
K18088	00621 01100 01120 01220
K18089	00361 00362 00623 00625 01100 01120 01220
K18090	00361 00362 00623 00625 01100 01120 01220
K18091	00998 01100 01110
K18092	00642 01100 01120 01220
K18093	01501 02020
K18094	01501 02020
K18095	01501 02020
K18096	02024
K18097	00561 01100
K18098	02024
K18099	02024 02025
K18100	02024 02025
K18101	02024 02025
K18102	00040 01100
K18103	00040 01100
K18104	01501 02010
K18106	00040 01100
K18107	00040 01100
K18108	00902 01100 01110
K18109	00909
K18110	00909
K18111	00909
K18112	00909
K18113	00904 01100 01110
K18118	00020 00620 00650 01100 01110 01120 01200
K18119	00650 01100 01200
K18120	00650 01100 01200
K18121	00630 00650 01100 01110 01120 01200
K18122	00650 01100 01200
K18123	00330 00630 01100
K18124	00030 00052 01100 01110 01200
K18125	00030 00052 01100 01110 01200
K18126	00030 00052 01100 01200
K18127	00030 00052 01100 01120 01200
K18128	00030 01100 01120 01200
K18129	01501
K18130	01501
K18131	01501
K18133	01501
K18134	00514
K18135	01501
K18136	01501
K18137	01501
K18138	01501 01503
K18139	01501 02024
K18143	01501
K18144	01501
K18145	01501
K18146	01501
K18147	01501
K18148	01501
K18149	00550 01100 01501
K18150	01501
K18151	00230 01100 01120
K18152	00760 01100 04970 04972
K18153	00760 01100
K18154	04022 04740 04921
K18159	04714
K18160	04714
K18161	04714
K18162	04714
K18163	04714
K18164	04714
K18173	04714
K18175	04714
K18177	04714
K18178	04714
K18179	04714
K18180	04714
K18181	04714
K18182	04714
K18183	04714
K18184	04714
K18191	04139
K18196	04020
K18199	00930 01120
K18201	00310 01100
K18202	00310 01100
K18207	00515 01100
K18209	00720 01100 01120 01200
K18210	00720 01100 01120 01200
K18211	04721 04911
K18216	02010
K18217	02010
K18221	00253 01110
K18223	00650 01100
K18224	00650 01100
K18225	00650 01100
K18226	00650 01100
K18227	00622 01100 01120 01220
K18230	02010
K18231	02010
K18232	02010
K18233	02010
K18239	00400
K18240	00130 00400 01100 01110 01240
K18242	00626 01100 01120
K18243	00626 01100 01120
K18245	00910 01100 04964 04966 04971 04972 04976
K18246	00910 01100 04964
K18248	00627 01100 01120
K18249	00627 01100 01120
K18251	00624 01100 01120 01220
K18252	00624 01100 01120 01220
K18253	00624 01100 01120 01220
K18254	00624 01100 01120 01220
K18255	00624 01100 01120 01220
K18256	00624 01100 01120
K18257	00624 01100 01220
K18275	00624 01120
K18276	00760 01100 01120
K18277	00680 01100 01120
K18278	00730 01100 01240
K18279	00404 01100 01110
K18280	00404 01100 01110
K18281	00404 01100 01110
K18282	00460 01100
K18283	00230 01100 04022 04740 04925 05032
K18284	00130 00270 01100 01110 01240
K18285	00130 01100 01110 01240
K18286	00130 01100 01110 01240
K18287	00997 01100 01110
K18288	00660 01100
K18289	00660 01100
K18290	00660 01100
K18291	00660 01100
K18292	00660 01100
K18293	00622 01100 01120 01220
K18304	02024 02025
K18306	02024
K18307	02024
K18309	00250 01100
K18310	00250 01100
K18311	00250 01100
K18312	00643 01100 01120
K18315	00332 01100 01110 02024
K18316	00332 01100 01110 02024
K18317	00332 01100 01110 02024
K18318	00332 01100 01110 02024
K18319	00332 01100 01110 02024
K18321	02020
K18322	02020
K18323	02020
K18324	02020
K18326	02020
K18333	00051 01100 01120
K18334	00051 01100 01120
K18335	00051 01100 01120
K18336	00051 01100 01120
K18337	00051 01100 01120
K18338	00051 01100 01120
K18339	00051 01100 01120
K18341	04152
K18344	01502 02020
K18345	01502 02020
K18346	01502 02020
K18347	01502 02020
K18348	01502 02020
K18349	01502 02020
K18350	01502 02020
K18351	01502 02020
K18352	01502 02020
K18353	01502 02020
K18354	01502 02020
K18355	00360 01100
K18356	00360 01100
K18357	00360 01100
K18358	00360 01100
K18359	00360 01100
K18360	00360 01100
K18361	00360 01100
K18362	00360 01100
K18363	00360 01100
K18364	00362 00621 00622 01100 01120 01220
K18365	00362 00621 00622 01100 01120 01220
K18366	00362 00620 00621 00622 00650 01100 01120 01220
K18368	00940 01100 01110
K18369	00650 01100
K18370	00650 01100
K18371	00650 01100
K18372	00650 01100
K18382	00650 01100
K18383	00996 01100 01110
K18384	00330 01100
K18385	00403 01100 01110
K18386	00403 01100 01110
K18387	00403 01100 01110
K18388	00403 01110
K18389	00403 01110
K18390	00403 01110
K18391	00403 01110
K18392	00403 01110
K18393	00403 01110
K18394	00403 01110
K18395	00403 01110
K18396	00403 01110
K18397	00403 01110
K18423	03013 05132
K18424	00230 01100
K18426	00640 01100
K18429	00520 01100 01250
K18430	00520 01100 01250
K18431	00520 01100 01250
K18435	04024
K18436	00230 01100 05032
K18437	00230 01100 04927 04934 05032
K18438	00230 01100 04024 05032
K18439	04144
K18440	04144
K18441	04072 04144 05130 05131 05132
K18442	04144
K18443	04144
K18444	02020
K18445	00230 01100
K18447	00051 00230 00500 01100 01110
K18452	01522
K18453	00230 00740 01100
K18460	03013
K18461	04144 04212
K18462	04144
K18463	04144 04212
K18464	04144
K18465	04144
K18466	04144
K18467	04144
K18468	04144
K18471	00640 01100
K18472	00061 00280 00620 00630 00640 01100 01110 01120 01200 01212
K18473	00061 01100 01212
K18474	00061
K18482	00790 01240
K18484	04550
K18487	04550
K18489	04550
K18491	04550
K18493	04550
K18494	00310 01100
K18495	04216
K18496	04010 04014 04015 04020 04151 04390 04810 05200 05218 05224 05226
K18497	01521 04010 04014 04015 04020 04151 04550 04810 05167 05200 05205 05207 05218 05224 05226
K18498	04010 04550
K18499	04550
K18502	02026
K18504	02026
K18509	02026
K18514	01503
K18515	02026 05111
K18516	02026
K18518	02026
K18521	02026
K18522	02026
K18523	02026
K18528	02026
K18529	04013 04014
K18532	00230 01100 01110 01232 01240 03008
K18533	00230 00240 01100 01110 01232 01240
K18534	00130 01100 01110 01240
K18541	00627 01120
K18550	00230 00760 01100 01232
K18551	00760 01100
K18556	00720 01100 01120 01200
K18557	00720 01100 01200
K18558	00720 01100 01120 01200
K18559	00720 01200
K18560	00720 01200
K18562	00332 01100 01110
K18563	00332 01110
K18564	00332 01110
K18565	00332 01110
K18566	00332 01110
K18568	00332 01110
K18569	00332 01110
K18570	00332 01110
K18571	00332 01110
K18572	00332 01110
K18575	00565 01100
K18582	00332 01100 01110
K18583	00332 01100 01110
K18584	04138 04144 04530 04666 04810 05100 05130 05131 05132 05135
K18589	00670 00790 01100
K18590	00670 00790 01100
K18591	00670 00790 01100
K18592	00430 00460 00480 00590 01100
K18593	00720 01100 01120
K18594	00720 01100 01120
K18602	00720 01100 01120
K18603	00720 01100
K18604	00720 01100
K18605	00720 01100
K18606	00130 00350 00360 00960 01100 01110
K18607	00750 01100 01120
K18608	00750 01120
K18609	00750 01120
K18610	00750 01120
K18611	00750 01120
K18612	00750 01120
K18613	00750 01120
K18614	00750 01120
K18639	04111
K18644	04213
K18649	00053 00340 00562 01100 01110 01230 04070
K18652	00998 01100 01110
K18653	00998 01100 01110
K18654	00998 01100 01110
K18655	03013 03015
K18660	00061 00280 01100 01212
K18661	00280 01100
K18662	00280 01100
K18669	04111
K18671	04613 05034 05203
K18674	00520 01100 01250
K18675	00520 01100
K18676	00520 01100
K18677	00520 01100 01250
K18679	04111
K18680	04111
K18681	03018
K18682	03018
K18686	00997 01100 01110
K18687	00984 01100 01120
K18689	00900 01100 01110
K18690	00900 01100 01110
K18693	00561 00564 01110
K18694	00564
K18695	00564 05231
K18696	00564
K18697	00564
K18698	01501
K18699	01501
K18704	00552
K18717	03013
K18718	03013
K18720	03013
K18721	03013
K18722	03013
K18723	03013 03015 05014
K18724	03013
K18725	03013
K18727	03013
K18739	03250
K18750	03250 05170
K18752	03013
K18753	04218
K18755	03013
K18766	01501
K18767	01501
K18768	01501
K18770	00550 01100
K18775	00500
K18780	01501
K18781	01501
K18782	01501
K18788	00542
K18790	01501
K18791	01501
K18792	01501
K18793	01501
K18794	01501
K18795	01501
K18796	01501
K18797	01501
K18800	00130 01100 01110 01240
K18804	00310 01100
K18806	04340 05200 05217
K18809	04624
K18818	00051 01100
K18819	00052 01100
K18821	00785 01100
K18824	00790 01100
K18825	00790 01100
K18826	00310 01100
K18832	04080
K18834	04626
K18835	04626
K18836	01055 01100 01110 01250
K18851	00561 00572 01100
K18852	00470 01100
K18853	00790 01240
K18854	00310 01100
K18856	01502 02020
K18857	00010 00071 00350 00592 00620 01100 01110 01120
K18858	00592 01110
K18859	00020 00190 00650 00720 01100 01110 01120 01200
K18860	00020 00190 00650 00720 01100 01110 01120 01200
K18861	00720 01100 01120 01200
K18866	00550 01100 01502 02020
K18873	04626
K18874	04626
K18875	04626
K18876	04626
K18877	04626
K18878	04626
K18879	04626
K18880	00071 04626
K18881	00620 01100 01120
K18882	03030
K18884	00901 01110
K18887	02010
K18888	02010
K18889	02010
K18890	02010
K18891	02010
K18892	02010
K18893	02010
K18894	02010
K18895	02010
K18896	00260 01100
K18897	00260 01100
K18911	00340 01100
K18912	00340 01100
K18913	00340 01100
K18930	00620 01100
K18933	00350 00410 00680 00770 01100 01110 01240
K18940	02020
K18941	02020
K18942	03240
K18943	03240
K18944	03240
K18945	03240
K18946	03240
K18947	03240
K18948	03240
K18949	03240
K18952	04015 04062 04071 04144 04360 04390 04530 04611 04910 04926 04930 04931 04933 05165 05415 05418
K18953	04071
K18964	03240
K18966	00410 00430 00770 01100 01110
K18968	02026
K18970	01501
K18971	01501
K18972	01501
K18973	01501
K18974	00790 01100
K18976	01501
K18978	00010 00030 01100 01120 01200
K18981	00053 01100
K18982	00053 01100
K18983	00053 01100
K18985	05100 05131 05132 05135
K18986	02020
K18987	02020
K19002	00552 00561 01100
K19003	00561 01100
K19004	00561 01100
K19005	00552 00561 01100
K19006	00562 01100
K19007	00561 00564 01100 01110 04072
K19008	04922
K19010	00909
K19011	00909
K19021	00230 01100 04022 04024 04924 05032
K19026	05014 05022
K19028	00051 01100 04152 04922
K19029	00051 01100 04152 04919
K19030	00051 04152
K19054	00860
K19064	00960 01100 01110
K19065	00362 00624 01220
K19066	00362 01120
K19067	00362 01100 01120
K19068	00541 01100 01250
K19073	00860 01100 01110
K19077	01503 02020
K19078	01503 02020
K19079	01503 02010 02020 05150
K19080	01503 02010 02020 05150
K19081	02020
K19082	02020
K19083	02010 02020
K19084	02010 02020
K19095	01501
K19096	01501
K19097	01501
K19098	01501
K19099	01501
K19100	01501
K19101	01501
K19102	00261 01100 01110
K19103	00261 01100 01110
K19104	00261 01100 01110
K19105	00261 01100 01110
K19106	00261 01100 01110
K19107	00261 01110
K19108	00261 01110
K19109	00261 01110
K19110	00261 01110
K19111	00261 01110
K19112	00261 01110
K19113	00261 01110
K19177	00900 01110
K19180	00523 00541 01100 01110 01250
K19182	00901 01110
K19183	00901 01110
K19184	00901 01110
K19185	00760 01100 01120
K19186	00760 01100 01120
K19187	00760 01100 01120
K19188	00760 01100 01120
K19189	00760 01120
K19190	00760 01120
K19191	00760 01120
K19200	00311 01100 01110
K19202	05169
K19203	01052
K19204	01052
K19205	01052
K19206	01052
K19207	01052
K19208	01052
K19209	01501
K19210	01501
K19211	01501
K19212	01501
K19213	01501
K19214	01501
K19215	01501
K19216	01501
K19217	01501
K19218	01501
K19221	00860 01100 01240
K19222	00130 01100 01110 01240
K19226	01503 02010
K19227	01503 02010
K19228	01503 02010
K19229	01503 02010
K19230	01503 02010
K19236	01503
K19238	01503
K19239	01503
K19240	01503
K19241	05100
K19243	00030 01100 01110 01120 01200
K19244	00250 00430 01100
K19246	00590 01100
K19251	03230 04650 05164
K19255	05168
K19256	05168
K19258	03230 03250 05170
K19259	03230 05166
K19260	05165
K19264	04061 05168
K19266	00620 01100 01120
K19267	00130 01100 01110 01240
K19268	00630 00660 01100 01120 01200
K19269	00630 01100 01110 01200
K19270	00051 01100
K19280	00630 01100 01120 01200
K19281	00630 00660 01100 01120 01200
K19282	00630 01100 01120 01200
K19285	00740 01100
K19286	00740 01100
K19287	03230 03250
K19288	03230
K19290	00051 01100
K19291	00051 01100 02025
K19298	05132
K19302	00550 00552
K19309	02010
K19310	02010
K19312	00280 00630 00640 01100 01110 01120 01200
K19316	01501
K19317	01501
K19318	01501
K19319	01501
K19320	01501
K19321	01501
K19322	01501
K19323	05017
K19324	05017
K19330	04140
K19340	02010
K19341	02010
K19349	02010
K19350	02010
K19353	00540
K19354	00540
K19355	00051 01100
K19357	00500 01100
K19358	03230
K19363	04142
K19366	04144
K19367	04144
K19368	04144
K19376	03230 03240 05162
K19377	03230 03240 05162
K19378	03230 05162
K19379	03230 05162
K19380	03230 03240 05162
K19381	03230 05162
K19383	04350
K19388	03230 03240 05164
K19389	03230 03240 05164
K19390	03230 03240 05164
K19391	03230 03240 05164
K19392	03230 05164
K19393	03230 05164
K19394	03230 05164
K19395	03230 05164
K19396	03230 05164
K19397	03230 05164
K19412	00220 01100 01210 01230
K19434	05168
K19435	05168
K19436	05168
K19437	05168
K19438	05168
K19439	05168
K19440	05168
K19441	05168
K19442	03240
K19443	05168
K19444	05168
K19445	05168
K19446	05168
K19447	05168
K19448	05168
K19450	05169
K19451	05169
K19452	05169
K19453	05169
K19455	05169
K19456	05169 05203
K19457	05169 05203
K19458	05169 05203
K19459	05169 05203
K19460	05169 05203
K19461	05169 05203
K19462	05169
K19463	05169
K19464	05200
K19471	04310
K19475	04144 05130 05135
K19476	04144
K19477	04022 04540 04611 04713 04714 04730 04740 04923 04924 04970
K19479	04974
K19497	04740
K19506	02060
K19507	02060
K19508	02060
K19509	02060
K19514	04614
K19515	00362 01100 01120 01220
K19516	00362 01100 01120 01220
K19517	00562 01100 01110
K19518	04931
K19520	05219
K19521	04950
K19523	00071 01212 03320 04152 04714 04920 04922 04931 04936 05415
K19524	00071 01212 03320 04152 04714 04920 04922 04936
K19528	03440
K19532	00100 01100 01110
K19546	00998 01100 01110
K19547	00998 01100 01110
K19548	00998 01100 01110
K19549	00998 01100 01110
K19550	00998 01100 01110
K19551	00040 01100
K19553	04350
K19557	05132
K19558	04350
K19559	04350
K19560	00780 01100 01240
K19561	00780 01100 01240
K19562	00780 01100 01240
K19563	00780 01100 01240
K19566	01057 01100 01110
K19567	01057 01100 01110
K19568	01057 01100 01110
K19569	01057 01100 01110
K19570	01057 01100 01110
K19571	00904 01110
K19572	00230 01100 01232
K19588	00040 00053 00470 01100
K19590	00053 01100
K19598	04060 04630 04659
K19599	04630
K19603	04657
K19604	03040
K19605	04340
K19608	04340
K19609	02020
K19610	02020
K19611	02020
K19613	04014
K19614	04310
K19615	02020
K19616	02020
K19617	02020
K19618	02020
K19620	02020
K19621	02020
K19622	02020
K19624	02020
K19626	04310
K19627	04744
K19629	00623 01120
K19630	00623 01120
K19631	04350 04390
K19632	00520 00541 01100 01250
K19633	00051 01100
K19634	00040 01100
K19641	02020
K19642	00053 01240
K19643	00670 00790 01100
K19644	00670 00790 01100
K19645	00670 00790 01100
K19647	00760 01120
K19650	00999 01100 01110
K19652	00523 00541 01100 01110 01250
K19653	00281 01110
K19660	00053 01100
K19661	02020
K19662	01521 04010 04012 04014 04015 04020 04062 04064 04066 04070 04071 04150 04270 04310 04370 04510 04540 04613 04650 04662 04666 04670 04713 04720 04723 04724 04725 04726 04727 04728 04730 04750 04911 04912 04916 04918 04919 04921 04925 04928 04929 04931 04933 04935 04960 04961 04970 04971 04972 04973 05017 05022 05031 05032 05140 05143 05146 05161 05163 05164 05170 05171 05200 05205 05206 05207 05214 05223 05225 05231 05415
K19663	01521 04010 04012 04014 04015 04020 04066 04070 04071 04150 04270 04310 04370 04510 04540 04613 04650 04666 04670 04713 04720 04723 04724 04725 04726 04727 04728 04730 04750 04911 04916 04918 04919 04921 04925 04928 04929 04935 04960 04961 04970 04971 04972 05017 05022 05031 05032 05143 05146 05161 05163 05170 05171 05200 05205 05206 05207 05214 05223 05225 05231 05415
K19664	00564 01110
K19665	00564 01110
K19666	02020 02024
K19667	02020
K19668	00500 01100 02020
K19669	00440 01100
K19670	00440 01100 01120
K19690	02020
K19691	02020
K19692	02020
K19695	04740
K19696	00270 01100
K19697	00640 01100
K19698	00522 01110
K19699	00430
K19700	00760 01100 01120
K19704	04011
K19708	04139
K19709	00627 00650 01100 01120
K19710	00230 01100
K19712	00860 01100
K19717	04139
K19718	04139
K19719	04151 04510 04512 04974 05165
K19720	04611 04926 04933 04974 05146 05415
K19721	04974
K19722	04613 04933 05010 05022 05415 05417
K19723	00998 01100 01110
K19724	00998 01100 01110
K19725	00998 01100 01110
K19726	00998 01100 01110
K19727	00998 01100 01110
K19729	04742 04973
K19730	04136 04140 04211 05010 05014 05016 05017 05022
K19731	02024
K19732	02024
K19733	02024
K19734	02024
K19735	02024 02025
K19738	04742
K19741	00998 01100 01110
K19742	00330 01100
K19743	00310 00330 00960 01100
K19744	00470 01100
K19745	00640 01100
K19746	00470 01100
K19748	04115
K19762	04212
K19763	04212
K19764	04212 04213
K19765	04212
K19766	04212 04213
K19767	04212 04213
K19768	04212 04213
K19769	04212 04213
K19770	04212
K19771	04212
K19772	04212
K19773	04212
K19774	04212
K19785	00760 01100
K19786	00562 01100 04070
K19787	00340 01100
K19793	00680 01100 01240
K19794	00240 01100
K19795	00240 01100
K19796	00240
K19797	00240
K19798	04213
K19800	04138 04213
K19801	00562 01100 04070
K19803	00540
K19805	04213
K19806	04011
K19807	04011
K19812	04011
K19813	00030 01100 01110
K19815	04011
K19816	04011
K19818	00760 01100 01120
K19819	00760 01100 01120
K19820	00760 01100 01120
K19821	04610
K19822	04610
K19823	00910 01100
K19826	00760 01100 01120
K19831	04662
K19833	04011
K19834	00998 01100 01110
K19835	00998 01100 01110
K19836	00230 01100 01110 01232
K19837	00791 01100 01120
K19838	04011
K19839	04011
K19840	04011
K19841	04011
K19842	04011
K19843	04011
K19844	04011
K19845	04011
K19846	04011
K19847	04011
K19848	04011
K19849	04011
K19850	04011
K19851	04011
K19853	00523 01100 01110 01250
K19854	00523 01100 01110 01250
K19855	00523 01100 01110 01250
K19856	00523 01100 01110 01250
K19857	00523 01100 01110 01250
K19858	00523 01100 01110 01250
K19859	00523 01100 01110 01250
K19860	04011
K19862	04012 04360 04361 04660 05130
K19863	04940
K19872	00515 01100
K19873	00515 01100
K19882	04310
K19884	00404 01100 01110
K19885	00404 01100 01110
K19886	00404 01100 01110
K19887	00404 01100 01110
K19888	00404 01100 01110
K19889	00404 01100 01110
K19890	00760 01100 01120
K19891	00500 01100
K19892	00500 01100
K19893	00500 01100
K19901	04210 04668
K19945	04137
K19946	04137 05014 05022
K19956	00051 01100
K19958	00626 01120 01220
K19960	00930 01220
K19961	00930 01220
K19962	00930 01100
K19963	00930 01120
K19964	00230 01100 01120
K19965	00790 01100 01240
K19967	00470 01100
K19969	00525 01100 01110
K19970	00230 00240 00760 01100 01110 01232
K19971	02010
K19972	02010
K19973	02010
K19974	00525 01100 01110
K19975	02010
K19976	02010
K19978	00525 01110
K19979	00525 01100 01110
K19980	00760 01100
K19981	00404 01100 01110
K19982	00404 01100 01110
K19984	05132
K20008	04214 04215
K20009	04214 04215
K20010	04214
K20012	04060 04350 04390
K20013	04060 04350 04360 04390
K20014	04214 04215
K20015	04214
K20016	04013 04214 04215
K20017	04214 04215
K20018	04214 04215
K20019	04214
K20020	04340 04360
K20021	00270 01100
K20023	00053 01100
K20024	00561 01100
K20033	04340
K20034	00920 01100
K20035	00920 01100
K20036	00920 01100
K20039	00940 01110
K20053	05017 05417
K20054	05017
K20064	04150
K20075	00404 01100 01110
K20076	00404 01100 01110
K20077	00404 01100 01110
K20078	00404 01100 01110
K20079	00404 01100 01110
K20080	00404 01100 01110
K20081	00404 01100 01110
K20082	00404 01100 01110
K20085	00404 01110 01250
K20086	00404 01100 01110 02024
K20087	00404 01100 01110 02024
K20088	00404 01100 01110 02024
K20089	00404 01100 01110 02024
K20090	00404 01100 01110 02024
K20094	04215
K20104	04215
K20105	04215 04361
K20106	04215 04361
K20108	00500 02060
K20112	02060
K20113	02060
K20114	02060
K20118	00010 00520 01100 02060
K20121	05131
K20127	05130
K20142	00902 01110
K20143	00640 01100
K20144	00902 01100 01110
K20146	00740 01100
K20152	00524 01110
K20155	00760 01100 01120
K20156	01059 01100 01110
K20158	00760 01100 01120
K20159	01059 01100 01110
K20168	04137
K20169	00760 01100 01120
K20170	00760 01100 01120
K20171	00760 01100 01120
K20172	00760 01100 01120
K20177	04138
K20178	04138
K20179	04138 05132
K20180	04138 05132
K20181	04138 05132
K20182	04138 05132
K20183	04138 05132
K20184	04138 05132
K20195	04138
K20199	00623 01120
K20200	00623 01120
K20204	00380 00997 01100 01110
K20210	04013
K20211	04013
K20214	04013
K20216	04010 04013 04214
K20217	04120
K20218	00623 01120
K20219	00380 01100
K20220	04013
K20221	03013
K20222	03013
K20223	03013 04013
K20224	03013
K20225	04013 05017
K20226	04013
K20227	04013
K20228	04013
K20229	04013
K20230	04013
K20231	04013
K20232	04013
K20233	04013
K20234	04013
K20235	04013
K20236	04392
K20237	04392
K20244	04341
K20245	04341
K20246	00340 01100
K20247	00340 01100
K20248	00270 01100 02024
K20249	00270 01100 02024
K20250	00270 01100 02024
K20252	02024
K20253	02024
K20254	03320
K20255	03320
K20256	02024
K20257	00405 01110 02024 02025
K20258	02024 02025
K20259	02024 02025
K20260	00405 01100 01110 02024
K20261	00405 01100 01110 02024
K20262	00405 01100 01110 02024
K20263	02020 02024
K20264	02020 02024
K20265	02024
K20266	02024
K20267	02024
K20268	02024
K20269	02024
K20270	02024
K20271	02024
K20272	02024
K20273	02024
K20274	02024
K20275	02024
K20276	02024
K20277	02024
K20278	00562 01100 04070
K20279	00562 01100 04070
K20282	05132
K20319	01501
K20320	01501
K20321	02024
K20322	02024
K20323	02024
K20324	02024
K20325	02024
K20326	02024
K20327	02024
K20328	02024
K20329	02024
K20330	02024
K20331	02024
K20332	02024
K20333	02024
K20334	02024
K20335	02024
K20336	02024
K20337	02024
K20338	02024
K20339	02020 02024
K20340	02020 02024
K20341	02024
K20342	02024
K20343	02024
K20344	02010 02024
K20345	02024
K20352	05130
K20370	00620 01100
K20373	02024
K20374	02024
K20375	02024
K20376	02024
K20377	02024
K20378	02024
K20379	02024
K20380	02024
K20381	02024
K20382	02024
K20383	02024
K20384	02024
K20385	02024
K20386	02010 02024
K20387	02024
K20388	02024
K20389	02024
K20390	02024
K20391	02024
K20394	04115 04150 04211
K20396	04150
K20397	04150
K20398	04150
K20399	04150
K20400	04150
K20401	04150
K20402	04140 04150
K20403	04150
K20404	04150
K20405	04150
K20406	04150
K20407	04150
K20408	04150
K20409	04150
K20410	04150
K20411	04150
K20420	01059 01100 01110
K20421	01059 01100 01110
K20422	01059 01100 01110
K20423	01059 01100 01110
K20424	00525 01100 01110
K20425	00525 01100 01110
K20426	00525 01100 01110
K20427	00525 01100 01110
K20428	00525 01100 01110
K20429	00541 01100 01250
K20430	00525 01100 01110
K20431	00525 01100 01110
K20432	00525 01100 01110
K20433	00525 01100 01110
K20434	00525 01100 01110
K20435	00525 01100 01110
K20436	00525 01100 01110
K20437	00525 01100 01110
K20438	00525 01100 01110
K20439	00525 01110
K20440	00525 01110
K20441	00525 01110
K20442	00525 01110
K20443	00525 01110
K20445	00760 01100 01120
K20446	00760 01100 01120
K20447	00760 01100 01120
K20448	00760 01100 01120
K20449	00760 01120
K20450	00760 01120
K20451	00760 01120
K20452	00760 01120
K20453	00760 01120
K20454	00760 01120
K20455	00640 01100
K20457	00790 01100 01240
K20458	00362 00627 01100 01120
K20459	02010
K20460	02010
K20461	02010
K20464	04979
K20479	04530
K20480	02024
K20481	02024
K20482	02020 02024
K20483	02020 02024
K20484	02020 02024
K20485	02020 02024
K20486	02020 02024
K20487	02020 02024
K20488	02020 02024
K20489	02020 02024
K20490	02010 02020 02024
K20491	02010 02020 02024
K20492	02010 02020 02024
K20494	02010 02020 02024
K20495	00071 00073 01100
K20498	00260 00470 01100
K20501	00999 01100 01110
K20502	00999 01100 01110
K20503	00999 01100 01110
K20508	00999 01100 01110
K20509	00362 00620 00650 01100 01120
K20512	00904 01110
K20513	00904 01110
K20514	00904 01110
K20515	00904 01110
K20516	00904 01110
K20517	00904 01110
K20518	00904 01110
K20519	00904 01110
K20527	02024
K20528	02024
K20529	02024
K20530	02024
K20531	02024
K20532	02024
K20533	02024
K20535	04016
K20536	04016 04626
K20537	04016
K20538	04016
K20539	02024
K20540	02024
K20547	00520 01100 04016
K20551	04016
K20552	02020 02024
K20553	04016
K20554	02024
K20555	02024
K20557	04016
K20558	04016
K20559	04016
K20561	00909 01110
K20565	00524 01110
K20566	00524 01110
K20567	00524 01110
K20568	00524 01110
K20569	00524 01110
K20570	00524 01110
K20571	00524 01110 01250
K20572	00524 01110 01250
K20573	00524 01110
K20574	00524 01110
K20575	00524 01110
K20576	00524 01110
K20577	00524 01110
K20578	00524 01110
K20579	00524 01110
K20580	00524 01110
K20581	00524 01110
K20582	00524 01110
K20583	00524 01110
K20584	00524 01110
K20585	00524 01110
K20586	00524 01110
K20587	00524 01110
K20588	00524 01110
K20589	00524 01110
K20590	00524 01110
K20591	00524 01110
K20592	00524 01110
K20593	00524 01110
K20594	00524 01110
K20595	00524 01110
K20596	00524 01110
K20597	00524 01110
K20598	00524 01110
K20599	04016
K20600	04016 04626
K20602	04016
K20603	04016
K20604	04016
K20605	04016
K20606	04016
K20607	04016 05418
K20611	00906 01100 01110
K20616	00906 01100 01110
K20618	00902 01100 01110
K20621	00950 01100 01110
K20623	00905 01100 01110
K20625	00625 01120
K20626	00640 00643 01100 01120
K20627	00640 00643 01100 01120
K20638	04530
K20656	00565 01100
K20657	00904 01100 01110
K20658	00909 01110
K20659	00909 01110
K20666	00904 01100 01110
K20668	04624
K20669	04624
K20670	04624
K20671	04624
K20672	04624
K20673	04624
K20674	04624
K20675	04624
K20676	04624
K20678	00523 00541 01100 01110 01250
K20679	00523 00541 01100 01110 01250
K20680	00523 00541 01100 01110 01250
K20681	00523 00541 01100 01110 01250
K20682	00523 01110 01250
K20692	04624
K20693	04624
K20694	04624
K20695	04624
K20696	04624
K20697	04624
K20698	04624
K20699	04624
K20700	04624
K20701	04624
K20702	04624
K20703	04217 04624
K20712	00627 01120
K20713	00196 01100
K20714	04016
K20716	04016
K20717	04016
K20718	04016
K20719	05014 05022
K20720	05010
K20723	05010
K20724	03013
K20725	04016
K20726	04016
K20727	04016
K20728	04016
K20729	04016
K20730	00511 00513 01100
K20731	04918
K20734	04918
K20735	04664
K20736	00603 01100
K20758	00350 01100
K20769	00073
K20772	00270 01100 01110 04016
K20773	03440
K20774	03440
K20775	03440
K20776	03440
K20781	00514
K20782	00514
K20783	00514
K20784	00514
K20786	01052
K20787	01052
K20788	01052
K20789	01052
K20795	00310 01100
K20796	00310 01100
K20801	00260 01100
K20802	00460 01100 01110
K20806	00364 01120
K20807	00364 00380 00627 00643 01100 01120
K20808	00364 01120 01220
K20809	00364 01120 01220
K20810	00130 01100 01110 01240
K20811	00500 01100
K20812	00500 01100 01110
K20813	03410
K20838	00480 01100
K20844	00520 01100
K20858	04020 04218 04621 05010 05012 05014 05017 05020 05022
K20859	00440
K20860	00740 01100 01110 01240
K20861	00740 01100 01110 01240
K20862	00740 01100 01110 01240
K20863	04621
K20864	04621
K20865	04621
K20866	00010 01120
K20868	04140
K20876	04621
K20881	00230 01100 01232
K20883	00542
K20884	00740 01100 01110 01240
K20894	04217 04621 05131
K20895	00730 01100
K20896	00730 01100
K20897	04621
K20898	04621
K20899	04621
K20909	04621
K20910	04621
K20911	04621
K20912	04064
K20913	04064
K20914	04621
K20915	04621
K20916	04621
K20917	04613 04621 05132
K20918	05111
K20919	05111
K20920	05111
K20921	05111
K20922	05111
K20925	05144
K20930	00440 01110
K20932	00910 01100 01120
K20933	00910 01100 01120
K20934	00910 01100 01120
K20935	00910 01100 01120
K20940	00405 01100 01110
K20941	00362 01120
K20942	00362 01120
K20943	00362 01120
K20944	00362 01120
K20945	05111
K20946	05111
K20947	05111
K20948	05111
K20949	05111
K20950	05111
K20951	05111
K20952	05111
K20953	05111
K20954	05111
K20955	05111
K20956	05111
K20957	05111
K20958	05111
K20959	05111
K20960	05111
K20961	05111
K20962	05111
K20963	05111
K20964	05111
K20965	05111
K20966	05111
K20967	00790 01100 01240
K20968	02025
K20969	02025
K20970	02025
K20971	02025
K20972	02025
K20973	02020 02025
K20974	02020 02025
K20975	02020 02025
K20976	02020 02025
K20977	02020 02025
K20978	02020 02025
K20979	00902 01100 01110
K20980	00997 01100 01110
K20981	00997 01100 01110
K20982	00997 01100 01110
K20983	00997 01100 01110
K20984	00997 01100 01110
K20985	00997 01100 01110
K20986	00902 01110
K20987	02025
K20988	05111
K20990	00627 01120
K20994	01522 04320 04330 04658 04919 05165 05200 05206 05207 05224
K20995	01522 04320 04330 04371 04658 04919 05165 05200 05206 05224
K20996	01522 04320 04330 04919 05165 05200 05206 05224
K20997	02025
K20998	02025
K20999	02025
K21000	02025
K21001	02025
K21002	02025
K21003	02025
K21004	02025
K21005	02025
K21006	02025
K21007	02025
K21008	02025
K21009	02025
K21010	02025
K21011	02025
K21012	02025
K21013	00981
K21019	02025
K21020	02025
K21021	02025
K21022	02025
K21023	02025
K21024	02025
K21025	02025
K21026	00901 01110
K21028	04122
K21029	04122
K21030	00040 01100
K21031	00040 00515 01100
K21032	00515 01100
K21036	00525 01110
K21037	03230 03240 05161
K21040	04061
K21046	04061 05163
K21049	04061
K21050	05163
K21051	05163
K21052	00515 01100
K21053	00230 01100 01232
K21055	00520 01100 01250
K21057	00240 01100 01232
K21058	00860 01110
K21060	00470 01100
K21061	00470 01100
K21062	00470 01100
K21063	00740 01100 01110 01240
K21064	00740 01100 01110 01240
K21066	04530
K21068	04530
K21069	00902 01110
K21070	00950 01100 01110
K21071	00010 00030 00051 00052 00680 01100 01110 01120 01200 01230
K21072	05135
K21073	05412
K21075	05168
K21080	03240
K21081	03020 03240
K21082	03240
K21083	04060 04061 04062 04625 04657
K21084	02026
K21085	02026
K21086	02026
K21087	02026
K21088	02026
K21089	02026
K21090	02026
K21091	02026
K21092	04060 04061 04062
K21093	04060 04061 04062
K21094	04060 04061 04062
K21095	04060 04061 04062 04625
K21096	04060 04061 04062
K21097	04060 04061 04062
K21098	04390 04530 05165
K21099	04530
K21100	04621 04657 05150
K21103	00405 01100 01110
K21104	00624 01100 01120
K21105	00624 01100 01120
K21108	04530
K21109	04530
K21110	04530
K21111	04530
K21112	04530
K21120	00902 01110
K21123	03040 05168
K21124	04218 04657
K21125	04657
K21126	04657
K21127	04657
K21128	04657
K21129	04657
K21130	00541 01100 01250
K21131	00541 01100 01250
K21138	00230 01100
K21140	04122
K21141	04138
K21142	00790 01100 01240 04122
K21143	04138
K21144	04138
K21145	04138
K21146	00100 01100 01110
K21147	04122
K21148	04122
K21155	04130 04138
K21156	04138
K21157	04138
K21158	04138
K21159	01059
K21160	01059 01100 01110
K21161	01059 01100 01110
K21162	01059 01100 01110
K21163	01059 01100 01110
K21164	01059 01100 01110
K21165	01059 01100 01110
K21166	01059 01100 01110
K21167	01059 01100 01110
K21168	01059 01100 01110
K21169	01059 01100 01110
K21170	01059 01100 01110
K21171	01059 01100 01110
K21172	01059 01100 01110
K21173	01059 01100 01110
K21174	01059 01100 01110
K21175	01059 01100 01110
K21176	01059 01100 01110
K21177	01059 01100 01110
K21178	01059 01100 01110
K21179	01059 01100 01110
K21180	01059
K21181	01059 01100 01110
K21182	01059 01100 01110
K21184	01059 01100 01110
K21185	01059 01100 01110
K21186	01059
K21187	01059
K21188	01059 01100 01110
K21189	01059
K21190	01059
K21191	01059 01100 01110
K21192	01059 01100 01110
K21193	01059
K21194	01059
K21195	00440 01100
K21196	00440 01100
K21197	04138
K21202	00999 01100 01110
K21203	00999 01100 01110
K21204	00999 01100 01110
K21205	00999 01100 01110
K21207	00999 01100 01110
K21208	00950 01110
K21209	01059
K21210	01059 01110
K21211	01059 01110
K21212	01059 01110
K21213	01059 01110
K21214	01059 01110
K21215	01059 01110
K21216	01059
K21217	02040
K21218	02040
K21219	00730 01100 01240
K21220	00730 01100 01240
K21221	01059 01100
K21222	01059 01100 01110
K21223	01059 01100 01110
K21224	01059 01100 01110
K21225	01059 01100 01110
K21226	01059
K21227	01059 01100 01110
K21228	01059 01100 01110
K21229	01059
K21230	01059
K21231	00860 01100
K21232	04122
K21238	03240
K21245	04140
K21246	04140 05010 05014 05016 05017 05022
K21247	04140
K21248	04140
K21249	04140
K21250	04140
K21254	01059 01100 01110
K21255	01059 01100 01110
K21256	01059 01100 01110
K21257	01059 01100 01110
K21258	01059 01100 01110
K21259	01059 01100 01110
K21260	01059 01100 01110
K21261	01059 01100 01110
K21262	01059 01100 01110
K21263	01059 01100 01110
K21266	01501
K21268	00900 01110
K21269	04144
K21271	00998 01100 01110
K21272	00998 01100 01110
K21273	00900 01110
K21274	00900 01110
K21275	00900 01110
K21276	01501
K21277	01501
K21278	04010 04726 05012 05418
K21279	00520 01100 01250
K21283	04060 04350 04390 05200 05217
K21285	00552
K21289	00562 01100 04022 04062 04072 04151 04261 04371 04611 04725 04921 05132 05145 05167
K21290	04022 04062 04072 04151 04261 04371 04611 04725 04921 05145 05167
K21291	00904 01110
K21292	00904 01100 01110
K21294	00404 01110
K21297	00253 01057 01100 01110
K21301	00253 01057 01100 01110
K21302	00562 01100 05152
K21307	00920 01100 01120
K21308	00920 01100 01120
K21309	00920 01100 01120
K21310	00920 01100
K21311	00950 01110
K21312	00860 01110
K21313	03240
K21316	03240
K21317	00650 01100 01120 01220
K21318	00650 01100 01120 01220
K21319	00650 01100 01120 01220
K21320	00650 01100 01120 01220
K21321	00650 01100 01120 01220
K21322	00650 01100 01120 01220
K21325	00523 01110
K21326	00523 01110
K21327	00523 01110
K21328	00523 01100 01110
K21329	00523 01110
K21330	00523 01110
K21331	00523 01110
K21332	00523 01110
K21333	00523 01110
K21335	00523 01110
K21336	00523 01110
K21337	00523 01110
K21338	00405 01110
K21343	04137
K21344	00540 01100 01250
K21345	00540 01100 01250
K21346	00966 01110 01210
K21347	04137
K21348	04137 05131 05164
K21354	00999 01100 01110
K21356	04137 04621 05012 05022
K21357	04137 04140 04150 04152 04211 05010 05014 05016 05017 05022
K21359	00290 00966 01100 01110 01210
K21360	00290 00966 01100 01110 01210
K21361	04137
K21362	00561 01100
K21365	00542
K21366	00542
K21367	00542
K21368	00542
K21371	00999 01100 01110
K21372	00941 01110
K21373	00902 01110
K21374	00902 01100 01110
K21379	00541 01100 01250
K21383	00942 01110
K21398	04142 04216 04978 05010 05012
K21418	00860 01100 01110 04978
K21421	04066 04145 04216 04217 04613 04621 04670 04933 05010 05020 05022 05140 05171 05415 05417
K21423	04933 04936 05010 05022 05208
K21425	00350 01100
K21428	00333 01100 01110
K21456	00270 00480 01100 01240 04216
K21464	00550 01100
K21465	00550 01100
K21466	00550 01100
K21469	00550 01100
K21477	00997 01100 01110
K21479	00860 01100 01240
K21480	00860 01100 01110
K21502	03240
K21513	00943 01110
K21519	03240
K21533	04061 05163
K21538	04061
K21539	00522 01100 01110
K21540	00522 01100 01110
K21550	00999 01110
K21568	00999 01100 01110
K21574	00500 01100
K21580	00950 01110
K21581	00941
K21582	00941
K21586	00542
K21588	00999 01110
K21591	00552
K21592	00552
K21593	00791 01120
K21598	04928
K21607	00361 01100 01120
K21610	00860 01100 01110 01120 01240
K21611	00860 01100 01110 01120 01240
K21612	00860 01100 01110 01120 01240
K21618	00620 01100
K21619	00040 01100
K21620	00052 01100
K21621	00052 01100
K21622	00052 01100
K21623	00270 01100
K21624	00330
K21634	04217
K21635	01522 04330 04658 05200 05224
K21636	00230 00240 01100 01232
K21639	00330 01100
K21647	00625 01100 01120
K21648	00625 01100 01120
K21649	05167 05203
K21650	05167 05203
K21651	05167 05203
K21652	05167 05203
K21653	05167 05203
K21654	05167 05203
K21655	05167
K21656	05167 05203
K21657	04061 05167 05203
K21658	04061 05167 05203
K21659	04061 05167 05203
K21660	05167 05203
K21661	05167 05203
K21662	05167 05203
K21663	05167 05203
K21664	05167 05203
K21665	05167 05203
K21666	05167 05203
K21667	04061 05167 05203
K21668	05167
K21669	05167 05203
K21670	04061 05167 05203
K21672	00310 00330 00470 01100
K21673	00232 01120
K21674	00232 01120
K21675	00232 01120
K21680	00040 01100
K21681	00040 01100
K21683	00633 01120
K21692	00950 01100 01110
K21693	00950 01100 01110
K21712	05110
K21714	00999 01110
K21715	00999 01110
K21718	00904 01110
K21719	00904 01110
K21721	00997 00998 01100 01110
K21722	00232 01100 01110 01120
K21723	00232 01100 01110 01120
K21724	00232 01100 01110 01120
K21725	00627 01120
K21726	00627 01120
K21727	00627 01120
K21738	00071
K21749	00520 01100 01250
K21750	00520 01100 01250
K21759	00627 01120 01220
K21769	04218
K21770	04068 04110 04114 04115 04218 04914 05166 05170
K21771	04068 04110 04218 04914 05170
K21773	04218
K21774	04218
K21775	04218
K21776	04218
K21778	00333 01100 01110
K21779	00333 01100 01110
K21780	00333 01100 01110
K21781	00333 01100 01110
K21782	00333 01100
K21783	00333 01100 01110
K21784	00333 01100 01110
K21785	00333 01100 01110
K21786	00333 01100 01110
K21787	00333 01100 01110
K21788	00333 01110
K21789	00333 01110
K21790	00333 01110
K21791	00333 01100 01110
K21792	00333 01100 01110
K21793	00333 01100 01110
K21794	00591
K21795	00360 01100
K21796	00860 01110
K21797	00562 01100 04070
K21798	00562 01100 04070
K21801	00380 01100
K21802	00627 01120
K21807	04061 05165 05203
K21808	05165
K21809	05165 05203
K21810	05165
K21811	05165
K21812	05165 05203
K21819	00901 01110
K21836	00620 01100
K21840	00030 01100 01120
K21854	03230 05161 05203
K21855	05169 05203
K21856	05169 05203
K21857	03230 05166 05203
K21858	05203
K21859	05167 05203
K21860	05167 05203
K21861	05203
K21883	00051 01100 01120
K21888	00053 00480 01100
K21889	05130
K21895	00901 01110
K21896	00901 01110
K21898	00470 00997 01100 01110
K21923	03240
K21925	00902 01100 01110
K21926	00902 01100 01110
K21927	00909 01110
K21928	00909 01110
K21929	03410
K21932	04014 05166
K21934	00440
K21938	00902 01100 01110
K21944	04710 04713
K21945	04710 04713
K21946	04010 05202 05221
K21949	00997 00998 01100 01110
K21950	05202
K21951	05202
K21954	05132
K21977	00770 01240
K21984	00909
K21987	03020
K21995	00073
K21998	04080 04926
K21999	04080 04926
K22000	04080 04926
K22001	04080 04926
K22002	00660 01100
K22003	00660 01100
K22004	00660 01100
K22005	00660 01100
K22011	00860 01100 01110 01120 01240
K22012	00860 01100 01110 01120 01240
K22013	00860 01110
K22015	00680 00720 01100 01120 01200
K22026	00230 00240 01100 01232
K22046	05202
K22049	00902 01110
K22050	00902 01110
K22064	00909 01110
K22065	00909 01100 01110
K22081	00680 01100 01120
K22082	00680 01100 01120
K22083	00680 01100 01120
K22084	00680 01100 01120
K22085	00680 01100 01120
K22086	00680 01100 01120
K22087	00680 01100 01120
K22088	00950 01110
K22089	00950 01100 01110
K22090	00950 01110
K22091	00950 01110
K22092	00950 01110
K22093	00950 01100 01110
K22094	00950 01100 01110
K22095	00950 01100 01110
K22096	00950 01100 01110
K22097	00950 01100 01110
K22098	00950 01100 01110
K22099	00790 01100 01240
K22100	00790 01100 01240
K22101	00790 01100 01240
K22102	00790 01100
K22113	00998 01100 01110
K22114	00998 01100 01110
K22133	00630 01100
K22138	05415
K22139	05415
K22182	00450 05200 05225
K22183	05200 05225 05226
K22185	00040 01100
K22186	00040 01100
K22187	00040 01100
K22197	05225
K22198	04714 05225
K22199	00030 00230 01100
K22202	03230 03240 03250 05170
K22203	00350 01100
K22207	00270 01100
K22208	00902 01100
K22210	00470 01100
K22211	00620 01100 01120
K22212	00620 01100 01120
K22214	00640 01100
K22215	00052 01100
K22223	00630 01100 01110
K22224	00010 00620 00640 01100 01120
K22225	00860 01100 01110 01240
K22226	00860 01100 01110 01240
K22227	00860 01100 01110 01240
K22229	00030 01100 01120
K22230	00562 01100 01120
K22231	00562 01100
K22232	00562 01100
K22233	00562 01100
K22234	05226
K22244	05226
K22251	00561 01100
K22252	00051 00520 00541 01100 01250
K22265	05130
K22268	00520 01100
K22269	00998 01100 01110
K22270	00362 01120
K22271	03230 05160 05203
K22272	03230 05160
K22273	03230 03240 05160 05203
K22274	03230 03240 05160
K22275	03230 03240 05160 05203
K22280	05162
K22281	05162
K22283	00561 01100 04979
K22284	00561 01100 04979
K22286	04979
K22287	04979
K22288	04979
K22289	04979
K22290	04979
K22291	04979
K22292	00520 01100 01250
K22305	00260 00680 01100 01110 01120 01200 01230
K22311	00571 01100
K22316	00860 01100 01240 03030
K22321	00966 01110
K22323	00901 01110
K22326	00901 01110
K22327	00350 00950 01100 01110
K22328	00360 01100
K22329	00350 01100
K22330	00350 01100
K22331	01501
K22332	01501
K22333	01501
K22334	01501
K22335	01501
K22336	00860
K22337	00500 01100 01110
K22345	00030 01100
K22346	01501
K22351	01501
K22352	01501
K22353	00625 01100 01120
K22354	00625 01100 01120
K22355	00625 01100 01120
K22356	00625 01100 01120
K22357	00625 01100 01120
K22358	00625 01100 01120
K22359	00625 01100 01120
K22360	00625 01100 01120
K22361	00625 01100 01120
K22362	00625 01100 01120
K22363	00625 01120
K22365	00901 01110
K22368	05207 05208
K22369	05207 05208
K22373	00620 01100
K22374	00999 01100 01110
K22387	00565 01100
K22389	00564 00592 01100 01110
K22391	00790 01100 01240
K22392	00998 01100 01110
K22393	00740 01100
K22394	00740 01100
K22395	00940 01100 01110
K22396	00040 01100
K22397	00040 01100
K22398	04927 04934
K22404	04714
K22410	00310 01100 04714
K22411	04714
K22417	00380 01100
K22427	00360 01100
K22428	04010 04014 04015 04020 04151 04810 04928 05200 05218 05224 05226
K22429	04010 04014 04015 04020 04151 04714 04810 05200 05218 05224 05226
K22433	00380 00901 01100 01110
K22434	00901 01110
K22435	00901 01110
K22436	00901 01110
K22437	00340 01100
K22440	00941 01110
K22445	00906 01110
K22450	00380 01100 01110
K22451	00500 01100 01110
K22455	04915
K22456	04915
K22457	00250 01100
K22458	00999 01100 01110
K22465	00860 01100
K22466	00860
K22468	00190 03018
K22470	00920 01100 01120
K22471	04310
K22472	03230 03240 05160
K22473	00010 00620 01100 01110 01120
K22474	00010 00620 01100 01110 01120
K22476	00220 01100 01110 01210 01230
K22477	00220 01100 01110 01210 01230
K22478	00220 01100 01110 01210 01230
K22480	00680 01100 01120 01200
K22481	00680 01100 01120 01200
K22482	00680 01100 01120 01200
K22487	05130 05131 05132
K22492	00906 01100 01110
K22497	03230 03240 05160
K22498	03230 03240 05160
K22499	04934
K22501	00190 02020
K22502	00906 01100 01110
K22503	00970
K22515	00630 00680 01100 01120 01200
K22516	00680 01100 01120 01200
K22517	04012 04120 04144 04625 04660 04910 05162
K22518	04120 04144
K22539	00040 01100
K22540	00061 01100 01212
K22541	00061 01100 01212
K22544	03250 05170
K22548	00330 01100
K22549	00470 01100
K22550	00470 01100
K22552	00860
K22553	00362 01120
K22554	00062 01110
K22567	00071
K22568	00280 00630 00640 01100 01110 01120 01200
K22587	04146
K22588	00380 01100 01110
K22596	00480 01100
K22598	00998 01100 01110
K22599	03230 03250
K22600	00230 01100
K22601	00230 01100 01120
K22602	00230 01100 01120
K22603	04010 04014 04015 04020 04151 04810 05200 05218 05224 05226
K22604	00121
K22605	00121
K22606	00121
K22607	00121
K22608	04928
K22609	04928
K22622	00920 01100 01120
K22624	04061
K22627	04060
K22628	04060
K22629	04060 04659
K22630	04060
K22631	04060
K22632	04060
K22633	04060 04061
K22634	00904 01110
K22635	00904 01110
K22636	00904 01110
K22637	00904 01110
K22638	00904 01110
K22639	00904 01110
K22640	00904
K22667	04060 04061 04630
K22668	04060 04061 04630
K22669	04060 04630
K22670	04060
K22671	04060 04061 04062
K22672	04060
K22673	04060
K22674	04060
K22675	04060 04061 04062
K22676	00621 01100 01120 01220
K22677	00621 01100 01120 01220
K22678	00621 01120
K22679	04060
K22687	04060 04350 04550
K22688	04060 04350 04550
K22689	04060 04350 04550
K22699	00730 01100 01240
K22701	04060 04061
K22702	04060 04061
K22706	00460 01100 01110
K22708	00552
K22709	00552
K22710	00552
K22715	00621 01100 01120 01220
K22716	00621 01100 01120 01220
K22717	00621 01100 01120 01220
K22744	04115
K22745	04115
K22748	00310 01100
K22759	05014
K22769	01040 01100 01212
K22770	01040 01100 01212
K22771	00944
K22772	00944 01110
K22773	05163
K22774	05163
K22775	05163
K22776	05163
K22777	05163
K22778	05163
K22779	05163
K22780	05163
K22781	04061 05163
K22782	05163
K22783	05163
K22784	04061 05163
K22785	05163
K22786	05163
K22787	05163
K22788	05163
K22789	05163
K22794	00944 01110
K22798	00998 01100 01110
K22799	00998 01100 01110
K22800	00998 01100 01110
K22801	00998 01100 01110
K22802	00998 01100 01110
K22813	00900 01100 01110
K22831	00561 00564 01100 01110
K22842	00330 01100 01110
K22845	00941 01110
K22846	00270 01100 01230
K22847	00270 01100
K22848	00561 01100
K22849	00561 01100
K22874	00997
K22878	04212
K22879	00230 01100 01120
K22881	00650 01100
K22887	00071
K22890	03230 03250 05170
K22891	03230 03250 05170
K22892	03230 03250 05170
K22896	00910 01100
K22897	00910 01100
K22898	00910 01100
K22899	00910 01100
K22902	00572
K22911	00730 01100 01240
K22912	00740 01100 01110 01240
K22913	00562 01100 05014 05022
K22920	00561 01100
K22921	02010
K22922	02010
K22923	02010
K22925	00520 00541 01100 01250
K22926	00520 00541 01100 01250
K22932	00943 01110
K22933	00040 01100
K22934	00500 01100 01110
K22935	00040 01100
K22944	00230 05133
K22945	00904 01110
K22946	00904 01110
K22947	00904 01110
K22948	00904 01110
K22949	00740 01100 01110 01240
K22951	03230 03250
K22952	00997
K22954	00270 01100 02024
K22955	00270 01100 02024
K22956	00270 01100 02024
K22957	00270 01100 02024
K22958	00627 01120
K22959	00627 01120
K22960	00627 01120
K22966	00920 01100 01120
K22968	00270 01100 02024
K22969	00030 01100 01120
K22970	00140
K22972	05169
K22973	04061 05169
K22974	05169
K22975	05169
K22982	00260 00630 01100 01110
K22993	01040 01100 01212
K22994	00040 01100
K22997	00997 01100 01110
K22998	00997 01100 01110
K23003	00053 01100
K23004	00053 01100
K23005	00053 01100
K23006	01040 01100 01212
K23007	00053 01100
K23010	05017
K23017	03230
K23018	03230 05166
K23037	00906 01100 01110
K23053	00941 01110
K23055	02010
K23056	02010
K23057	02010
K23058	02010
K23059	02010
K23060	02010
K23061	02010
K23062	02010
K23063	02010
K23064	02010
K23067	00540
K23068	03230 05166
K23069	03230 04061 05166
K23070	03230 05166
K23071	03230 05166
K23072	00542
K23073	00542
K23074	05169
K23080	04150
K23081	04150
K23082	00540 01100
K23083	00540 01100
K23094	00130 01100 01110 01240
K23095	00130 01100 01110 01240
K23096	04350 04360
K23097	04310
K23098	04310
K23099	04310
K23100	04350
K23101	00542
K23102	00542
K23103	00542
K23104	00542
K23105	00542
K23106	04350
K23109	00350 00360 00380 01100 01110
K23120	00470 01100
K23121	00330 01100
K23122	00470 01100
K23123	00480 01100
K23124	00480 01100
K23125	02010 05150
K23126	04621 05150
K23127	02025
K23128	03230 05161
K23129	03230 05161
K23130	00542
K23131	00542
K23132	00542
K23133	02024
K23136	00999 01110
K23137	00999 01110
K23140	04080 04929
K23141	04080
K23142	04080
K23143	04080
K23144	00520 00521 00523 00525 01100 01110 01250
K23145	00999 01110
K23146	00280 00410 00640 01100 01200
K23157	00950 01100 01110
K23158	00950 01100 01110
K23159	00540 01100
K23160	00540
K23163	00920 02010
K23169	00550 01100
K23170	00550 01100
K23176	00571
K23179	00941 00943 01100 01110
K23180	00941 00943 01100 01110
K23181	02010
K23182	02010
K23183	02010
K23184	02010
K23185	02010
K23186	02010
K23187	02010
K23188	02010
K23189	00542
K23190	00542
K23191	00542
K23197	00542
K23198	00542
K23199	00542
K23201	00542
K23202	00542
K23212	05168
K23227	02010
K23228	02010
K23229	00542
K23230	00542
K23231	00121
K23232	00902 01100 01110
K23233	00330 01100
K23234	00380 01100
K23236	02020
K23249	00542
K23250	00542
K23251	00542
K23257	00620 00640 01100
K23259	00650 01100
K23260	00999 01110
K23261	00942
K23264	00230 01100 01110
K23265	00220 00230 00250 00470 01100 01110
K23268	04514
K23269	00230 01100 01110
K23270	00230 01100 01110
K23276	00902 01100 01110
K23279	00999
K23282	05132
K23304	00270 00920 01100 01110 01120 01200 01230
K23318	04350
K23324	04064
K23328	04512
K23345	05131
K23351	00362 00650 01120
K23352	00362 00650 01120
K23358	03022
K23359	00791 01100 01120
K23362	00563 01100
K23370	00270 01100
K23371	00997 01100 01110
K23372	00997 01100 01110
K23373	00997 01100 01110
K23374	00997 01100 01110
K23375	00997 01100 01110
K23377	04350
K23378	00999 01110
K23379	04512
K23380	04512
K23381	04061
K23382	04061
K23384	00380
K23385	00310 00470 01100
K23391	04061
K23392	04061
K23393	00550 01100
K23402	04310
K23426	04061
K23427	04061
K23428	04061
K23431	04061
K23432	04061
K23433	04061
K23434	04061
K23439	04361
K23441	04020
K23445	04020 04260
K23446	00997 01100 01110
K23447	00997 01100 01110
K23449	04020 04260
K23450	04020 04260
K23451	00600 01100
K23452	00908 01110
K23453	04540
K23454	03230
K23455	04974
K23458	00730 00740 01100 04111
K23459	04650 05144
K23461	04320
K23462	00740 01100
K23468	04020
K23469	04011 04111
K23470	00350 00740 01100
K23471	05135
K23472	05135
K23473	05135
K23474	05135
K23475	05135
K23476	05135
K23477	05135
K23478	05135
K23479	04361
K23480	04361
K23484	04072 04144 04666 04721 04961 05100 05132
K23485	00100 01100 01110
K23486	00590 01100
K23487	04015 04361
K23488	04361
K23489	04361
K23491	04310
K23492	00350 01100 01120
K23493	00901 01110
K23494	00901 01110
K23508	02010
K23509	02010
K23510	02010
K23511	02010
K23512	02010
K23513	02010
K23514	02020
K23526	00627 01120
K23527	00627 01120
K23528	00627 01120
K23529	00361 00627 01100 01120
K23534	05145
K23535	02010
K23536	02010
K23537	02010
K23545	02010
K23546	02010
K23547	02010
K23548	00633 01120 02020
K23549	00633 01120 02020
K23550	00511 00600 01100 05110
K23551	05206
K23558	00100 01100 01110
K23559	05206
K23560	05206
K23561	05134
K23572	05206
K23573	04512
K23581	05206
K23582	05206
K23583	03013 05132 05207
K23584	05143
K23585	05143
K23586	05150
K23587	05150
K23590	05142
K23591	05142
K23600	03015 05014 05022
K23601	05146
K23602	05146
K23605	04068 04110 04144 04218 04310 04350 04371 04390 04520 04550 04659 04933 05161 05166 05200 05210 05212 05220 05225 05226 05321 05415
K23609	04140 05014 05022
K23610	04140 05014 05022
K23611	04140 05014 05022
K23612	04144 04520 04810 05100 05130 05131 05132 05135
K23616	04330 05017 05022
K23619	04974
K23625	04711 05014 05017 05022
K23643	04711
K23644	04711
K23646	00997 01100 01110
K23647	00997 01100 01110
K23648	05130
K23649	05130 05132
K23650	05130
K23651	05130
K23652	05130
K23653	05130
K23654	05130 05131
K23655	05130
K23656	05130
K23657	05130
K23658	05130
K23659	05130
K23660	05130
K23661	05130
K23662	00940 01110
K23663	04340
K23664	04340
K23665	00997 01100 01110
K23666	00997 01100 01110
K23667	00997 01100 01110
K23668	00997 01100 01110
K23669	00997 01100 01110
K23670	00997 01100 01110
K23671	00997 01100 01110
K23672	00997 01100 01110
K23673	00997 01100 01110
K23681	04080
K23682	04080
K23691	04151 04621 05135
K23692	04151
K23700	00310 01100
K23727	00600 01100 04071
K23734	00785 01100 01240
K23735	00785 01100 01240
K23736	00561 01100
K23737	00561 01100
K23741	00510 00513 01100 04141
K23750	00785 01100 01240
K23755	05230
K23756	00650 00785 01100
K23763	00785 01100 01240
K23790	00480 00980 00982 00983 01100 01524 05200 05204 05215 05225 05418
K23800	00514
K23810	00902 01110
K23815	04610
K23816	04610
K23817	04610
K23825	00860 01100 01110
K23826	05131
K23827	05131
K23828	05131
K23829	05131
K23830	05131
K23831	05131
K23832	05131
K23833	05131
K23834	05131
K23840	00514
K23852	04340
K23862	00902 01100 01110
K23865	04626
K23866	04626
K23888	00404 01110
K23889	00404 01110
K23890	00404 01110
K23891	00404 01110
K23892	00404 01110
K23920	05017
K23932	05017 05022
K23933	05017
K23934	05132
K23935	05132
K23936	05132
K23937	05132
K23938	05132
K23940	03013 05132 05164 05207
K23941	05132
K23942	05132
K23943	05132
K23944	05132
K23945	05132
K23946	05132
K23947	00380
K23967	04727
K23975	00270 01100
K23976	00270 01100
K23977	00270 01100
K23987	00521 00523 00541 01100 01110 01250
K23989	00511 01110
K23990	00902 01100
K23992	00562 01100
K23993	02060
K23995	00680 01100 01120
K23996	00440
K23998	00750 01120
K23999	00440 00998 01100 01110
K24000	00998 01100 01110
K24007	00190 01100
K24008	00190 01100
K24009	00190 01100
K24010	00190 01100
K24011	00190 01100
K24012	00010 00620 00640 01100 01120
K24017	00340 00400 01100 01110 01230
K24018	00400 00401 01100 01110 01230
K24034	00270 00300 00310 00330 00480 01100 01230
K24041	00311 01110
K24042	00270 00450 00670 01100 01110 01120 01230
K24050	04390 04391
K24070	03410 04064 04210 04212 04214 04217 05415
K24071	00260 01100
K24074	04624
K24075	04624
K24076	04624
K24077	04624
K24092	04624
K24093	04624
K24096	04624
K24097	04624
K24102	00790 01100
K24106	03230 05171
K24108	01053
K24109	01053
K24110	01053
K24112	01053
K24115	03013
K24136	00480 01100
K24137	00480 01100
K24138	00480 01100
K24147	01053
K24149	03230 05171
K24150	03230 05171
K24151	03230 05171
K24152	03230 05171
K24155	04142
K24182	00010 00030 00051 00680 01100 01120
K24189	00561 01100
K24204	00051 01100
K24207	04650
K24208	04650
K24221	00562 01100
K24222	00562 01100
K24231	04218 04612
K24232	04612 04650 05332
K24233	04612 04650
K24234	04612
K24238	04650
K24239	04650
K24240	04650
K24242	00240 01100 01232
K24244	00627 01120
K24245	00627 01120
K24249	00541 01100 01250
K24250	00541 01100 01250
K24251	00541 01100 01250
K24252	00541 01100 01250
K24256	00541 01100 01250
K24257	00541 01100 01250
K24258	00541 01100 01250
K24259	00541 01100 01250
K24263	00770 01100 01110
K24264	00770 01100 01110
K24266	03230 03250 04061 05170
K24267	04080
K24276	00996 01100 01110
K24277	00996 01100 01110
K24278	00970
K24280	00541 01100 01250
K24281	00541 01100 01250
K24282	00541 01100 01250
K24283	00541 01100 01250
K24284	00541 01100 01250
K24285	00541 01100 01250
K24287	00350 01100 01110
K24292	00522 01100 01110
K24293	00361 01120
K24300	00541 00552 01100 01250
K24301	00541 01100 01250
K24302	00541 01100 01250
K24303	00541 01100 01250
K24304	00541 01100 01250
K24305	00541 01100 01250
K24306	00541 01100 01250
K24307	00541 01100 01250
K24310	00541 01100 01250
K24311	00541 01100 01250
K24312	00541 01100 01250
K24320	03230
K24324	03230
K24326	00541 01100 01250
K24327	00541 01100 01250
K24336	00541 01100 01250
K24339	04974
K24340	04974
K24343	02040
K24344	02040
K24346	02040
K24348	04141
K24349	04141
K24351	04141
K24355	04974
K24356	04974
K24357	04974
K24358	04974
K24382	04060 04630
K24390	00522 01100 01110
K24393	00680 01100 01120
K24405	00310 01100
K24406	00310 01100
K24407	00310 01100
K24438	00254 01100 01110
K24439	00254 01100 01110
K24440	00254 01100 01110
K24441	00130 01110
K24442	00040 01100
K24443	00040 00053 01100
K24460	00904 01100 01110
K24476	04060 04659
K24528	00522 01100 01110
K24529	00522 01100 01110
K24530	00522 01100 01110
K24531	00522 01100 01110
K24534	03230
K24541	00380 01100 01110
K24555	00522 01052 01100
K24556	00522 01052 01100
K24557	00522 01052 01100
K24558	00522 01052 01100
K24559	00522 01100
K24560	00522 01100
K24561	00522 01100
K24562	00522 01100
K24563	00522 01052 01100
K24564	00522 01052 01100
K24565	00522 01052 01100
K24566	00522 01052 01100
K24567	00522 01052 01100
K24568	00522 01052 01100
K24569	00522 01052 01100
K24579	03230 05171
K24580	03230 05171
K24581	03230 05171
K24582	03230 05171
K24583	03230 05171
K24584	03230 05171
K24598	03240
K24609	04360
K24621	00600 01100 04071
K24622	00600 01100 04071
K24623	00540
K24649	00542
K24658	00542
K24665	04613
K24669	04613
K24670	00230 00240 01100
K24677	04340
K24678	04340 04341
K24679	04340
K24680	04340 04341
K24689	00785 01100
K24706	04340
K24707	00040 01100
K24726	04714
K24738	04142
K24782	04144 04217
K24801	03230 03250
K24802	03230 03240 03250
K24803	03230 03240 03250
K24821	02010
K24855	00254 01100 01110
K24856	00254 01100 01110
K24857	00254 01100 01110
K24858	00254 01100 01110
K24861	03230 05160
K24862	03230 05166
K24863	03230 05166
K24866	00860 01100 01110 01240
K24867	00860 01110
K24871	00230 01100
K24872	00564 01110
K24873	00900 01110
K24906	00542
K24952	00330 01100
K24953	00330 01100
K24954	00330 01100
K24955	00330 01100
K24972	00230
K24998	00680 01100 01120
K25001	03230
K25002	03230
K25004	00670 01100 01120 01523
K25007	00670 00720 01100 01120 01200
K25008	00670 00720 01100 01120 01200
K25009	00670 01100 01120
K25011	03230 05171
K25012	03230 05171
K25013	03230 03240 05171
K25014	03230 03240 05171
K25015	03230 05171
K25016	03230 03240 05171
K25017	03230 03240 05171
K25018	03230 03240 05171
K25019	03230 03240 05171
K25020	03230 03240 05171
K25021	03230 03240 05171
K25022	03230 03240 05171
K25023	03230 03240 05171
K25024	03230 05171
K25025	03230 03240 05171
K25026	00010 00052 00500 00520 00521 00524 01100 01110 01120 01200 01250
K25031	00030 01100 01110 01120 01200
K25032	00220 00300 01100
K25033	00860 01100 01110 01240
K25035	00270 01100
K25039	05207
K25040	05207
K25041	05207
K25051	03230 05166
K25052	03230 05166
K25053	03230 05166
K25054	03230 05166
K25055	03230 03240 05166
K25056	03230 03240 05166
K25057	03250
K25060	00996 01110
K25072	00906 01110
K25073	00906 01110
K25074	00906 01110
K25075	00943 01100 01110
K25123	00680 00720 01100 01120 01200
K25124	00680 00720 01100 01200
K25125	03230
K25126	03230
K25127	03230
K25129	03013
K25145	01052
K25146	03230
K25160	03230
K25161	03230
K25193	00564
K25201	03013
K25202	03013
K25203	03013
K25204	03013
K25205	02025
K25210	00480 01100
K25211	02020
K25212	02020
K25213	02020
K25220	00260 01100
K25221	00670 01100
K25228	04110 04114 04120 04914 05166
K25229	04110 04114 04120 04914 05166
K25235	03240
K25236	03240
K25237	03240
K25238	03240
K25239	03240
K25240	03240
K25241	03240
K25242	03240
K25243	03240
K25244	03240
K25245	03240
K25246	03240
K25247	03240
K25248	03240
K25249	03240
K25250	03240
K25251	03240
K25252	03240
K25253	03240
K25256	03240
K25257	03240
K25258	03240
K25259	03240
K25260	00053 01100
K25261	00430 01100
K25262	00430 01100
K25266	03240
K25267	03240
K25268	03240
K25269	03240
K25270	03240
K25271	00350 01100
K25272	00350 01100
K25273	03020 03240
K25274	03020 03240
K25275	03020 03240
K25276	03020 03240
K25277	03020 03240
K25278	03020 03240
K25279	03020 03240
K25280	03240
K25281	03230
K25286	02010
K25287	02010
K25293	03230 03240
K25294	03230 03240
K25295	03230 03240
K25296	03230 03240
K25297	03230 03240
K25298	03230 03240
K25299	03230 03240
K25300	03230
K25301	03230 03240
K25302	03230
K25303	03230 03240
K25304	03020
K25305	00630 01100
K25306	03230 03250
K25307	02020
K25309	03240
K25310	03240
K25311	03240
K25312	03240
K25313	03240
K25314	00520 01100 01250
K25315	00520 01100 01250
K25316	00260 00270 00310 00470 01100
K25317	00260 00270 00310 00470 01100
K25319	03230
K25320	03240
K25321	03240
K25322	03240
K25323	03240
K25324	03240
K25325	03240
K25326	03240
K25327	03240
K25328	03240
K25329	03240
K25330	03240
K25331	03240
K25332	03240
K25333	03230 03240
K25334	03230 03240
K25335	03230 03240
K25336	03240
K25337	03240
K25338	03240
K25339	03240
K25340	03240
K25341	03240
K25342	03240
K25343	04080 04270
K25345	03240
K25346	03240
K25347	03240
K25348	03240
K25355	04080 04371
K25364	00470 01100
K25365	00330 00470 01100
K25367	04080
K25368	04080
K25369	04080
K25370	04080
K25434	00240 01100 01232
K25435	00240 01100 01232
K25436	03020
K25442	04142
K25463	00901 01110
K25481	04310
K25482	04080
K25483	04024 04080
K25484	04024 04080
K25486	00996 01110
K25487	00996 01110
K25488	00996 01110
K25489	00996
K25490	00996
K25491	00996 01110
K25492	00996
K25496	00860 01100
K25497	00860 01100
K25498	00860 01100
K25499	00860 01100
K25500	00230 01100
K25517	00900 01100 01110
K25518	00900 01100 01110
K25520	00740
K25521	03240
K25522	00999 01110
K25523	00999 01110
K25524	00997
K25525	00997
K25528	00260 00680 01100 01110 01200 01230
K25562	00998 01100 01110
K25563	00998 01100 01110
K25570	00780 01100 01240
K25571	00410 00640 01100
K25574	00440 01100
K25575	00790
K25578	00790
K25580	00960 01110
K25581	00960 01100 01110
K25582	00960 01110
K25583	00960 01100 01110
K25584	00960 01100 01110
K25589	00230 00240 01100 01232
K25594	00998 01100 01110
K25597	00998 01100 01110
K25598	00998 01100 01110
K25599	00552
K25617	00552
K25618	00552
K25619	00552
K25620	00552
K25626	00552
K25627	00552
K25641	00230 01100 01232
K25650	00552
K25651	00552
K25652	00552
K25653	00552
K25654	00552
K25655	03250
K25657	00552
K25658	00552
K25659	00552
K25660	00552
K25661	03250
K25663	03250
K25664	03250
K25665	03250
K25666	03250
K25667	03250
K25669	00552
K25690	04080
K25691	04080
K25692	04080
K25693	04080
K25694	04080
K25695	04080
K25696	04080
K86952	01100
